<?xml version="1.0" encoding="UTF-8"?>
<TrainingCenterDatabase
    xmlns="http://www.garmin.com/xmlschemas/TrainingCenterDatabase/v2"
    xmlns:ns2="http://www.garmin.com/xmlschemas/UserProfile/v2"
    xmlns:ns3="http://www.garmin.com/xmlschemas/ActivityExtension/v2"
    xmlns:ns4="http://www.garmin.com/xmlschemas/ProfileExtension/v1"
    xmlns:ns5="http://www.garmin.com/xmlschemas/ActivityGoals/v1"
    xmlns:xsi="http://www.w3.org/2001/XMLSchema-instance" xsi:schemaLocation="http://www.garmin.com/xmlschemas/TrainingCenterDatabase/v2 http://www.garmin.com/xmlschemas/TrainingCenterDatabasev2.xsd">
    <Activities>
        <Activity Sport="Biking">
            <Id>2021-09-12T11:35:31.074Z</Id>
            <Lap StartTime="2021-09-12T11:35:31.074Z">
                <Track>
                    <Trackpoint>
                        <DistanceMeters>0.0</DistanceMeters>
                        <Time>2021-09-12T11:35:31.074Z</Time>
                    </Trackpoint>
                    <Trackpoint>
                        <DistanceMeters>53.305198669433594</DistanceMeters>
                        <Time>2021-09-12T11:35:32.039Z</Time>
                        <Position>
                            <LatitudeDegrees>30.532995223999023</LatitudeDegrees>
                            <LongitudeDegrees>104.06107330322266</LongitudeDegrees>
                        </Position>
                        <AltitudeMeters>431.5054626464844</AltitudeMeters>
                    </Trackpoint>
                    <Trackpoint>
                        <DistanceMeters>53.305198669433594</DistanceMeters>
                        <Time>2021-09-12T11:35:34.201Z</Time>
                        <Position>
                            <LatitudeDegrees>30.53299331665039</LatitudeDegrees>
                            <LongitudeDegrees>104.06111145019531</LongitudeDegrees>
                        </Position>
                        <AltitudeMeters>430.8860168457031</AltitudeMeters>
                    </Trackpoint>
                    <Trackpoint>
                        <DistanceMeters>53.305198669433594</DistanceMeters>
                        <Time>2021-09-12T11:35:36.042Z</Time>
                        <Position>
                            <LatitudeDegrees>30.532978057861328</LatitudeDegrees>
                            <LongitudeDegrees>104.06119537353516</LongitudeDegrees>
                        </Position>
                        <AltitudeMeters>430.90478515625</AltitudeMeters>
                    </Trackpoint>
                    <Trackpoint>
                        <DistanceMeters>53.305198669433594</DistanceMeters>
                        <Time>2021-09-12T11:35:36.181Z</Time>
                        <Position>
                            <LatitudeDegrees>30.53296661376953</LatitudeDegrees>
                            <LongitudeDegrees>104.06122589111328</LongitudeDegrees>
                        </Position>
                        <AltitudeMeters>431.2605895996094</AltitudeMeters>
                    </Trackpoint>
                    <Trackpoint>
                        <DistanceMeters>53.305198669433594</DistanceMeters>
                        <Time>2021-09-12T11:35:38.043Z</Time>
                        <Position>
                            <LatitudeDegrees>30.532960891723633</LatitudeDegrees>
                            <LongitudeDegrees>104.06124877929688</LongitudeDegrees>
                        </Position>
                        <AltitudeMeters>431.2969970703125</AltitudeMeters>
                    </Trackpoint>
                    <Trackpoint>
                        <DistanceMeters>53.305198669433594</DistanceMeters>
                        <Time>2021-09-12T11:35:39.809Z</Time>
                        <Position>
                            <LatitudeDegrees>30.53297233581543</LatitudeDegrees>
                            <LongitudeDegrees>104.06126403808594</LongitudeDegrees>
                        </Position>
                        <AltitudeMeters>431.28741455078125</AltitudeMeters>
                    </Trackpoint>
                    <Trackpoint>
                        <DistanceMeters>53.305198669433594</DistanceMeters>
                        <Time>2021-09-12T11:35:40.516Z</Time>
                        <Position>
                            <LatitudeDegrees>30.532958984375</LatitudeDegrees>
                            <LongitudeDegrees>104.06127166748047</LongitudeDegrees>
                        </Position>
                        <AltitudeMeters>431.2958984375</AltitudeMeters>
                    </Trackpoint>
                    <Trackpoint>
                        <DistanceMeters>53.305198669433594</DistanceMeters>
                        <Time>2021-09-12T11:35:41.269Z</Time>
                        <Position>
                            <LatitudeDegrees>30.532936096191406</LatitudeDegrees>
                            <LongitudeDegrees>104.06127166748047</LongitudeDegrees>
                        </Position>
                        <AltitudeMeters>431.2958984375</AltitudeMeters>
                    </Trackpoint>
                    <Trackpoint>
                        <DistanceMeters>53.305198669433594</DistanceMeters>
                        <Time>2021-09-12T11:35:41.740Z</Time>
                        <Position>
                            <LatitudeDegrees>30.532917022705078</LatitudeDegrees>
                            <LongitudeDegrees>104.06126403808594</LongitudeDegrees>
                        </Position>
                        <AltitudeMeters>431.2958984375</AltitudeMeters>
                    </Trackpoint>
                    <Trackpoint>
                        <DistanceMeters>53.305198669433594</DistanceMeters>
                        <Time>2021-09-12T11:35:42.045Z</Time>
                        <Position>
                            <LatitudeDegrees>30.53290367126465</LatitudeDegrees>
                            <LongitudeDegrees>104.06126403808594</LongitudeDegrees>
                        </Position>
                        <AltitudeMeters>431.2002868652344</AltitudeMeters>
                    </Trackpoint>
                    <Trackpoint>
                        <DistanceMeters>53.305198669433594</DistanceMeters>
                        <Time>2021-09-12T11:35:42.553Z</Time>
                        <Position>
                            <LatitudeDegrees>30.532886505126953</LatitudeDegrees>
                            <LongitudeDegrees>104.0612564086914</LongitudeDegrees>
                        </Position>
                        <AltitudeMeters>431.2002868652344</AltitudeMeters>
                    </Trackpoint>
                    <Trackpoint>
                        <DistanceMeters>53.305198669433594</DistanceMeters>
                        <Time>2021-09-12T11:35:43.250Z</Time>
                        <Position>
                            <LatitudeDegrees>30.532865524291992</LatitudeDegrees>
                            <LongitudeDegrees>104.06124877929688</LongitudeDegrees>
                        </Position>
                        <AltitudeMeters>431.2002868652344</AltitudeMeters>
                    </Trackpoint>
                    <Trackpoint>
                        <DistanceMeters>53.305198669433594</DistanceMeters>
                        <Time>2021-09-12T11:35:43.970Z</Time>
                        <Position>
                            <LatitudeDegrees>30.532846450805664</LatitudeDegrees>
                            <LongitudeDegrees>104.06124114990234</LongitudeDegrees>
                        </Position>
                        <AltitudeMeters>431.2002868652344</AltitudeMeters>
                    </Trackpoint>
                    <Trackpoint>
                        <DistanceMeters>53.305198669433594</DistanceMeters>
                        <Time>2021-09-12T11:35:44.850Z</Time>
                        <Position>
                            <LatitudeDegrees>30.532821655273438</LatitudeDegrees>
                            <LongitudeDegrees>104.06122589111328</LongitudeDegrees>
                        </Position>
                        <AltitudeMeters>431.2133483886719</AltitudeMeters>
                    </Trackpoint>
                    <Trackpoint>
                        <DistanceMeters>53.305198669433594</DistanceMeters>
                        <Time>2021-09-12T11:35:45.890Z</Time>
                        <Position>
                            <LatitudeDegrees>30.53280258178711</LatitudeDegrees>
                            <LongitudeDegrees>104.06121826171875</LongitudeDegrees>
                        </Position>
                        <AltitudeMeters>431.2133483886719</AltitudeMeters>
                    </Trackpoint>
                    <Trackpoint>
                        <DistanceMeters>53.305198669433594</DistanceMeters>
                        <Time>2021-09-12T11:35:47.011Z</Time>
                        <Position>
                            <LatitudeDegrees>30.532779693603516</LatitudeDegrees>
                            <LongitudeDegrees>104.06120300292969</LongitudeDegrees>
                        </Position>
                        <AltitudeMeters>431.2273864746094</AltitudeMeters>
                    </Trackpoint>
                    <Trackpoint>
                        <DistanceMeters>53.305198669433594</DistanceMeters>
                        <Time>2021-09-12T11:35:47.555Z</Time>
                        <Position>
                            <LatitudeDegrees>30.532766342163086</LatitudeDegrees>
                            <LongitudeDegrees>104.06119537353516</LongitudeDegrees>
                        </Position>
                        <AltitudeMeters>431.2273864746094</AltitudeMeters>
                    </Trackpoint>
                    <Trackpoint>
                        <DistanceMeters>53.305198669433594</DistanceMeters>
                        <Time>2021-09-12T11:35:49.005Z</Time>
                        <Position>
                            <LatitudeDegrees>30.532730102539062</LatitudeDegrees>
                            <LongitudeDegrees>104.06117248535156</LongitudeDegrees>
                        </Position>
                        <AltitudeMeters>431.2533874511719</AltitudeMeters>
                    </Trackpoint>
                    <Trackpoint>
                        <DistanceMeters>53.305198669433594</DistanceMeters>
                        <Time>2021-09-12T11:35:49.896Z</Time>
                        <Position>
                            <LatitudeDegrees>30.5327091217041</LatitudeDegrees>
                            <LongitudeDegrees>104.0611572265625</LongitudeDegrees>
                        </Position>
                        <AltitudeMeters>431.2533874511719</AltitudeMeters>
                    </Trackpoint>
                    <Trackpoint>
                        <DistanceMeters>53.305198669433594</DistanceMeters>
                        <Time>2021-09-12T11:35:50.908Z</Time>
                        <Position>
                            <LatitudeDegrees>30.532684326171875</LatitudeDegrees>
                            <LongitudeDegrees>104.0611343383789</LongitudeDegrees>
                        </Position>
                        <AltitudeMeters>431.26849365234375</AltitudeMeters>
                    </Trackpoint>
                    <Trackpoint>
                        <DistanceMeters>53.305198669433594</DistanceMeters>
                        <Time>2021-09-12T11:35:51.699Z</Time>
                        <Position>
                            <LatitudeDegrees>30.532663345336914</LatitudeDegrees>
                            <LongitudeDegrees>104.06111907958984</LongitudeDegrees>
                        </Position>
                        <AltitudeMeters>431.26849365234375</AltitudeMeters>
                    </Trackpoint>
                    <Trackpoint>
                        <DistanceMeters>53.305198669433594</DistanceMeters>
                        <Time>2021-09-12T11:35:52.374Z</Time>
                        <Position>
                            <LatitudeDegrees>30.532642364501953</LatitudeDegrees>
                            <LongitudeDegrees>104.06110382080078</LongitudeDegrees>
                        </Position>
                        <AltitudeMeters>431.2685546875</AltitudeMeters>
                    </Trackpoint>
                    <Trackpoint>
                        <DistanceMeters>53.305198669433594</DistanceMeters>
                        <Time>2021-09-12T11:35:52.973Z</Time>
                        <Position>
                            <LatitudeDegrees>30.532625198364258</LatitudeDegrees>
                            <LongitudeDegrees>104.06109619140625</LongitudeDegrees>
                        </Position>
                        <AltitudeMeters>431.2685546875</AltitudeMeters>
                    </Trackpoint>
                    <Trackpoint>
                        <DistanceMeters>53.305198669433594</DistanceMeters>
                        <Time>2021-09-12T11:35:53.538Z</Time>
                        <Position>
                            <LatitudeDegrees>30.532608032226562</LatitudeDegrees>
                            <LongitudeDegrees>104.06108093261719</LongitudeDegrees>
                        </Position>
                        <AltitudeMeters>431.2685546875</AltitudeMeters>
                    </Trackpoint>
                    <Trackpoint>
                        <DistanceMeters>53.305198669433594</DistanceMeters>
                        <Time>2021-09-12T11:35:54.069Z</Time>
                        <Position>
                            <LatitudeDegrees>30.5325927734375</LatitudeDegrees>
                            <LongitudeDegrees>104.06107330322266</LongitudeDegrees>
                        </Position>
                        <AltitudeMeters>431.2685546875</AltitudeMeters>
                    </Trackpoint>
                    <Trackpoint>
                        <DistanceMeters>53.305198669433594</DistanceMeters>
                        <Time>2021-09-12T11:35:54.820Z</Time>
                        <Position>
                            <LatitudeDegrees>30.532573699951172</LatitudeDegrees>
                            <LongitudeDegrees>104.0610580444336</LongitudeDegrees>
                        </Position>
                        <AltitudeMeters>431.2674560546875</AltitudeMeters>
                    </Trackpoint>
                    <Trackpoint>
                        <DistanceMeters>53.305198669433594</DistanceMeters>
                        <Time>2021-09-12T11:35:55.362Z</Time>
                        <Position>
                            <LatitudeDegrees>30.532560348510742</LatitudeDegrees>
                            <LongitudeDegrees>104.06104278564453</LongitudeDegrees>
                        </Position>
                        <AltitudeMeters>431.2674560546875</AltitudeMeters>
                    </Trackpoint>
                    <Trackpoint>
                        <DistanceMeters>53.305198669433594</DistanceMeters>
                        <Time>2021-09-12T11:35:56.010Z</Time>
                        <Position>
                            <LatitudeDegrees>30.53254508972168</LatitudeDegrees>
                            <LongitudeDegrees>104.06102752685547</LongitudeDegrees>
                        </Position>
                        <AltitudeMeters>431.2674560546875</AltitudeMeters>
                    </Trackpoint>
                    <Trackpoint>
                        <DistanceMeters>53.305198669433594</DistanceMeters>
                        <Time>2021-09-12T11:35:56.950Z</Time>
                        <Position>
                            <LatitudeDegrees>30.532522201538086</LatitudeDegrees>
                            <LongitudeDegrees>104.0610122680664</LongitudeDegrees>
                        </Position>
                        <AltitudeMeters>431.2344665527344</AltitudeMeters>
                    </Trackpoint>
                    <Trackpoint>
                        <DistanceMeters>53.305198669433594</DistanceMeters>
                        <Time>2021-09-12T11:35:57.598Z</Time>
                        <Position>
                            <LatitudeDegrees>30.53250503540039</LatitudeDegrees>
                            <LongitudeDegrees>104.06100463867188</LongitudeDegrees>
                        </Position>
                        <AltitudeMeters>431.2344665527344</AltitudeMeters>
                    </Trackpoint>
                    <Trackpoint>
                        <DistanceMeters>53.305198669433594</DistanceMeters>
                        <Time>2021-09-12T11:35:58.608Z</Time>
                        <Position>
                            <LatitudeDegrees>30.532482147216797</LatitudeDegrees>
                            <LongitudeDegrees>104.06098937988281</LongitudeDegrees>
                        </Position>
                        <AltitudeMeters>431.2250671386719</AltitudeMeters>
                    </Trackpoint>
                    <Trackpoint>
                        <DistanceMeters>53.305198669433594</DistanceMeters>
                        <Time>2021-09-12T11:35:59.637Z</Time>
                        <Position>
                            <LatitudeDegrees>30.532459259033203</LatitudeDegrees>
                            <LongitudeDegrees>104.06097412109375</LongitudeDegrees>
                        </Position>
                        <AltitudeMeters>431.2250671386719</AltitudeMeters>
                    </Trackpoint>
                    <Trackpoint>
                        <DistanceMeters>156.5496826171875</DistanceMeters>
                        <Time>2021-09-12T11:36:00.041Z</Time>
                        <Position>
                            <LatitudeDegrees>30.53244972229004</LatitudeDegrees>
                            <LongitudeDegrees>104.06096649169922</LongitudeDegrees>
                        </Position>
                        <AltitudeMeters>431.2379455566406</AltitudeMeters>
                    </Trackpoint>
                    <Trackpoint>
                        <DistanceMeters>156.5496826171875</DistanceMeters>
                        <Time>2021-09-12T11:36:00.734Z</Time>
                        <Position>
                            <LatitudeDegrees>30.53243637084961</LatitudeDegrees>
                            <LongitudeDegrees>104.06095123291016</LongitudeDegrees>
                        </Position>
                        <AltitudeMeters>431.2379455566406</AltitudeMeters>
                    </Trackpoint>
                    <Trackpoint>
                        <DistanceMeters>156.5496826171875</DistanceMeters>
                        <Time>2021-09-12T11:36:01.255Z</Time>
                        <Position>
                            <LatitudeDegrees>30.532424926757812</LatitudeDegrees>
                            <LongitudeDegrees>104.06094360351562</LongitudeDegrees>
                        </Position>
                        <AltitudeMeters>430.60833740234375</AltitudeMeters>
                    </Trackpoint>
                    <Trackpoint>
                        <DistanceMeters>156.5496826171875</DistanceMeters>
                        <Time>2021-09-12T11:36:01.815Z</Time>
                        <Position>
                            <LatitudeDegrees>30.532411575317383</LatitudeDegrees>
                            <LongitudeDegrees>104.06092834472656</LongitudeDegrees>
                        </Position>
                        <AltitudeMeters>430.5709228515625</AltitudeMeters>
                    </Trackpoint>
                    <Trackpoint>
                        <DistanceMeters>156.5496826171875</DistanceMeters>
                        <Time>2021-09-12T11:36:02.911Z</Time>
                        <Position>
                            <LatitudeDegrees>30.532365798950195</LatitudeDegrees>
                            <LongitudeDegrees>104.0608901977539</LongitudeDegrees>
                        </Position>
                        <AltitudeMeters>431.4078674316406</AltitudeMeters>
                    </Trackpoint>
                    <Trackpoint>
                        <DistanceMeters>156.5496826171875</DistanceMeters>
                        <Time>2021-09-12T11:36:03.394Z</Time>
                        <Position>
                            <LatitudeDegrees>30.5323543548584</LatitudeDegrees>
                            <LongitudeDegrees>104.06088256835938</LongitudeDegrees>
                        </Position>
                        <AltitudeMeters>431.42071533203125</AltitudeMeters>
                    </Trackpoint>
                    <Trackpoint>
                        <DistanceMeters>156.5496826171875</DistanceMeters>
                        <Time>2021-09-12T11:36:04.044Z</Time>
                        <Position>
                            <LatitudeDegrees>30.532337188720703</LatitudeDegrees>
                            <LongitudeDegrees>104.06087493896484</LongitudeDegrees>
                        </Position>
                        <AltitudeMeters>431.42071533203125</AltitudeMeters>
                    </Trackpoint>
                    <Trackpoint>
                        <DistanceMeters>156.5496826171875</DistanceMeters>
                        <Time>2021-09-12T11:36:05.011Z</Time>
                        <Position>
                            <LatitudeDegrees>30.532312393188477</LatitudeDegrees>
                            <LongitudeDegrees>104.06085968017578</LongitudeDegrees>
                        </Position>
                        <AltitudeMeters>431.4291687011719</AltitudeMeters>
                    </Trackpoint>
                    <Trackpoint>
                        <DistanceMeters>156.5496826171875</DistanceMeters>
                        <Time>2021-09-12T11:36:06.012Z</Time>
                        <Position>
                            <LatitudeDegrees>30.53228187561035</LatitudeDegrees>
                            <LongitudeDegrees>104.06084442138672</LongitudeDegrees>
                        </Position>
                        <AltitudeMeters>431.4291687011719</AltitudeMeters>
                    </Trackpoint>
                    <Trackpoint>
                        <DistanceMeters>156.5496826171875</DistanceMeters>
                        <Time>2021-09-12T11:36:06.516Z</Time>
                        <Position>
                            <LatitudeDegrees>30.53226661682129</LatitudeDegrees>
                            <LongitudeDegrees>104.06083679199219</LongitudeDegrees>
                        </Position>
                        <AltitudeMeters>431.4936828613281</AltitudeMeters>
                    </Trackpoint>
                    <Trackpoint>
                        <DistanceMeters>156.5496826171875</DistanceMeters>
                        <Time>2021-09-12T11:36:07.638Z</Time>
                        <Position>
                            <LatitudeDegrees>30.53223419189453</LatitudeDegrees>
                            <LongitudeDegrees>104.06082153320312</LongitudeDegrees>
                        </Position>
                        <AltitudeMeters>431.4936828613281</AltitudeMeters>
                    </Trackpoint>
                    <Trackpoint>
                        <DistanceMeters>156.5496826171875</DistanceMeters>
                        <Time>2021-09-12T11:36:08.157Z</Time>
                        <Position>
                            <LatitudeDegrees>30.5322208404541</LatitudeDegrees>
                            <LongitudeDegrees>104.0608139038086</LongitudeDegrees>
                        </Position>
                        <AltitudeMeters>431.4426574707031</AltitudeMeters>
                    </Trackpoint>
                    <Trackpoint>
                        <DistanceMeters>156.5496826171875</DistanceMeters>
                        <Time>2021-09-12T11:36:09.009Z</Time>
                        <Position>
                            <LatitudeDegrees>30.532196044921875</LatitudeDegrees>
                            <LongitudeDegrees>104.06079864501953</LongitudeDegrees>
                        </Position>
                        <AltitudeMeters>431.4426574707031</AltitudeMeters>
                    </Trackpoint>
                    <Trackpoint>
                        <DistanceMeters>156.5496826171875</DistanceMeters>
                        <Time>2021-09-12T11:36:09.569Z</Time>
                        <Position>
                            <LatitudeDegrees>30.532180786132812</LatitudeDegrees>
                            <LongitudeDegrees>104.060791015625</LongitudeDegrees>
                        </Position>
                        <AltitudeMeters>431.4426574707031</AltitudeMeters>
                    </Trackpoint>
                    <Trackpoint>
                        <DistanceMeters>156.5496826171875</DistanceMeters>
                        <Time>2021-09-12T11:36:10.379Z</Time>
                        <Position>
                            <LatitudeDegrees>30.532161712646484</LatitudeDegrees>
                            <LongitudeDegrees>104.06077575683594</LongitudeDegrees>
                        </Position>
                        <AltitudeMeters>431.4943542480469</AltitudeMeters>
                    </Trackpoint>
                    <Trackpoint>
                        <DistanceMeters>156.5496826171875</DistanceMeters>
                        <Time>2021-09-12T11:36:10.995Z</Time>
                        <Position>
                            <LatitudeDegrees>30.532146453857422</LatitudeDegrees>
                            <LongitudeDegrees>104.0607681274414</LongitudeDegrees>
                        </Position>
                        <AltitudeMeters>431.4943542480469</AltitudeMeters>
                    </Trackpoint>
                    <Trackpoint>
                        <DistanceMeters>156.5496826171875</DistanceMeters>
                        <Time>2021-09-12T11:36:12.007Z</Time>
                        <Position>
                            <LatitudeDegrees>30.532119750976562</LatitudeDegrees>
                            <LongitudeDegrees>104.06074523925781</LongitudeDegrees>
                        </Position>
                        <AltitudeMeters>431.4943542480469</AltitudeMeters>
                    </Trackpoint>
                    <Trackpoint>
                        <DistanceMeters>156.5496826171875</DistanceMeters>
                        <Time>2021-09-12T11:36:13.021Z</Time>
                        <Position>
                            <LatitudeDegrees>30.532094955444336</LatitudeDegrees>
                            <LongitudeDegrees>104.06072998046875</LongitudeDegrees>
                        </Position>
                        <AltitudeMeters>431.4585266113281</AltitudeMeters>
                    </Trackpoint>
                    <Trackpoint>
                        <DistanceMeters>156.5496826171875</DistanceMeters>
                        <Time>2021-09-12T11:36:14.015Z</Time>
                        <Position>
                            <LatitudeDegrees>30.532068252563477</LatitudeDegrees>
                            <LongitudeDegrees>104.06072235107422</LongitudeDegrees>
                        </Position>
                        <AltitudeMeters>431.4585266113281</AltitudeMeters>
                    </Trackpoint>
                    <Trackpoint>
                        <DistanceMeters>156.5496826171875</DistanceMeters>
                        <Time>2021-09-12T11:36:14.700Z</Time>
                        <Position>
                            <LatitudeDegrees>30.53205108642578</LatitudeDegrees>
                            <LongitudeDegrees>104.06071472167969</LongitudeDegrees>
                        </Position>
                        <AltitudeMeters>431.4532470703125</AltitudeMeters>
                    </Trackpoint>
                    <Trackpoint>
                        <DistanceMeters>156.5496826171875</DistanceMeters>
                        <Time>2021-09-12T11:36:15.713Z</Time>
                        <Position>
                            <LatitudeDegrees>30.53202247619629</LatitudeDegrees>
                            <LongitudeDegrees>104.06069946289062</LongitudeDegrees>
                        </Position>
                        <AltitudeMeters>431.4532470703125</AltitudeMeters>
                    </Trackpoint>
                    <Trackpoint>
                        <DistanceMeters>156.5496826171875</DistanceMeters>
                        <Time>2021-09-12T11:36:17.019Z</Time>
                        <Position>
                            <LatitudeDegrees>30.53199005126953</LatitudeDegrees>
                            <LongitudeDegrees>104.06068420410156</LongitudeDegrees>
                        </Position>
                        <AltitudeMeters>431.4564208984375</AltitudeMeters>
                    </Trackpoint>
                    <Trackpoint>
                        <DistanceMeters>156.5496826171875</DistanceMeters>
                        <Time>2021-09-12T11:36:17.996Z</Time>
                        <Position>
                            <LatitudeDegrees>30.531963348388672</LatitudeDegrees>
                            <LongitudeDegrees>104.06066131591797</LongitudeDegrees>
                        </Position>
                        <AltitudeMeters>431.4564208984375</AltitudeMeters>
                    </Trackpoint>
                    <Trackpoint>
                        <DistanceMeters>156.5496826171875</DistanceMeters>
                        <Time>2021-09-12T11:36:18.998Z</Time>
                        <Position>
                            <LatitudeDegrees>30.531936645507812</LatitudeDegrees>
                            <LongitudeDegrees>104.0606460571289</LongitudeDegrees>
                        </Position>
                        <AltitudeMeters>431.4524841308594</AltitudeMeters>
                    </Trackpoint>
                    <Trackpoint>
                        <DistanceMeters>156.5496826171875</DistanceMeters>
                        <Time>2021-09-12T11:36:20.006Z</Time>
                        <Position>
                            <LatitudeDegrees>30.53190803527832</LatitudeDegrees>
                            <LongitudeDegrees>104.06062316894531</LongitudeDegrees>
                        </Position>
                        <AltitudeMeters>431.4524841308594</AltitudeMeters>
                    </Trackpoint>
                    <Trackpoint>
                        <DistanceMeters>156.5496826171875</DistanceMeters>
                        <Time>2021-09-12T11:36:21.010Z</Time>
                        <Position>
                            <LatitudeDegrees>30.531879425048828</LatitudeDegrees>
                            <LongitudeDegrees>104.06060791015625</LongitudeDegrees>
                        </Position>
                        <AltitudeMeters>431.4130859375</AltitudeMeters>
                    </Trackpoint>
                    <Trackpoint>
                        <DistanceMeters>156.5496826171875</DistanceMeters>
                        <Time>2021-09-12T11:36:21.882Z</Time>
                        <Position>
                            <LatitudeDegrees>30.53185272216797</LatitudeDegrees>
                            <LongitudeDegrees>104.06058502197266</LongitudeDegrees>
                        </Position>
                        <AltitudeMeters>431.4130859375</AltitudeMeters>
                    </Trackpoint>
                    <Trackpoint>
                        <DistanceMeters>156.5496826171875</DistanceMeters>
                        <Time>2021-09-12T11:36:22.856Z</Time>
                        <Position>
                            <LatitudeDegrees>30.531822204589844</LatitudeDegrees>
                            <LongitudeDegrees>104.06056213378906</LongitudeDegrees>
                        </Position>
                        <AltitudeMeters>431.436767578125</AltitudeMeters>
                    </Trackpoint>
                    <Trackpoint>
                        <DistanceMeters>156.5496826171875</DistanceMeters>
                        <Time>2021-09-12T11:36:23.656Z</Time>
                        <Position>
                            <LatitudeDegrees>30.531795501708984</LatitudeDegrees>
                            <LongitudeDegrees>104.06055450439453</LongitudeDegrees>
                        </Position>
                        <AltitudeMeters>431.436767578125</AltitudeMeters>
                    </Trackpoint>
                    <Trackpoint>
                        <DistanceMeters>156.5496826171875</DistanceMeters>
                        <Time>2021-09-12T11:36:24.288Z</Time>
                        <Position>
                            <LatitudeDegrees>30.531774520874023</LatitudeDegrees>
                            <LongitudeDegrees>104.060546875</LongitudeDegrees>
                        </Position>
                        <AltitudeMeters>431.4267578125</AltitudeMeters>
                    </Trackpoint>
                    <Trackpoint>
                        <DistanceMeters>156.5496826171875</DistanceMeters>
                        <Time>2021-09-12T11:36:25.234Z</Time>
                        <Position>
                            <LatitudeDegrees>30.531749725341797</LatitudeDegrees>
                            <LongitudeDegrees>104.06053161621094</LongitudeDegrees>
                        </Position>
                        <AltitudeMeters>431.4267578125</AltitudeMeters>
                    </Trackpoint>
                    <Trackpoint>
                        <DistanceMeters>156.5496826171875</DistanceMeters>
                        <Time>2021-09-12T11:36:25.893Z</Time>
                        <Position>
                            <LatitudeDegrees>30.531726837158203</LatitudeDegrees>
                            <LongitudeDegrees>104.0605239868164</LongitudeDegrees>
                        </Position>
                        <AltitudeMeters>431.4267578125</AltitudeMeters>
                    </Trackpoint>
                    <Trackpoint>
                        <DistanceMeters>156.5496826171875</DistanceMeters>
                        <Time>2021-09-12T11:36:27.021Z</Time>
                        <Position>
                            <LatitudeDegrees>30.531692504882812</LatitudeDegrees>
                            <LongitudeDegrees>104.06050872802734</LongitudeDegrees>
                        </Position>
                        <AltitudeMeters>431.4580993652344</AltitudeMeters>
                    </Trackpoint>
                    <Trackpoint>
                        <DistanceMeters>156.5496826171875</DistanceMeters>
                        <Time>2021-09-12T11:36:27.872Z</Time>
                        <Position>
                            <LatitudeDegrees>30.53167152404785</LatitudeDegrees>
                            <LongitudeDegrees>104.06049346923828</LongitudeDegrees>
                        </Position>
                        <AltitudeMeters>431.4580993652344</AltitudeMeters>
                    </Trackpoint>
                    <Trackpoint>
                        <DistanceMeters>156.5496826171875</DistanceMeters>
                        <Time>2021-09-12T11:36:29.018Z</Time>
                        <Position>
                            <LatitudeDegrees>30.53164291381836</LatitudeDegrees>
                            <LongitudeDegrees>104.06047821044922</LongitudeDegrees>
                        </Position>
                        <AltitudeMeters>431.46405029296875</AltitudeMeters>
                    </Trackpoint>
                    <Trackpoint>
                        <DistanceMeters>223.37755584716797</DistanceMeters>
                        <Time>2021-09-12T11:36:30.040Z</Time>
                        <Position>
                            <LatitudeDegrees>30.531620025634766</LatitudeDegrees>
                            <LongitudeDegrees>104.06046295166016</LongitudeDegrees>
                        </Position>
                        <AltitudeMeters>431.4858703613281</AltitudeMeters>
                    </Trackpoint>
                    <Trackpoint>
                        <DistanceMeters>223.37755584716797</DistanceMeters>
                        <Time>2021-09-12T11:36:32.080Z</Time>
                        <Position>
                            <LatitudeDegrees>30.53157615661621</LatitudeDegrees>
                            <LongitudeDegrees>104.06044006347656</LongitudeDegrees>
                        </Position>
                        <AltitudeMeters>431.45245361328125</AltitudeMeters>
                    </Trackpoint>
                    <Trackpoint>
                        <DistanceMeters>223.37755584716797</DistanceMeters>
                        <Time>2021-09-12T11:36:34.042Z</Time>
                        <Position>
                            <LatitudeDegrees>30.53154754638672</LatitudeDegrees>
                            <LongitudeDegrees>104.0604248046875</LongitudeDegrees>
                        </Position>
                        <AltitudeMeters>431.43743896484375</AltitudeMeters>
                    </Trackpoint>
                    <Trackpoint>
                        <DistanceMeters>223.37755584716797</DistanceMeters>
                        <Time>2021-09-12T11:36:36.011Z</Time>
                        <Position>
                            <LatitudeDegrees>30.53153419494629</LatitudeDegrees>
                            <LongitudeDegrees>104.06041717529297</LongitudeDegrees>
                        </Position>
                        <AltitudeMeters>431.43743896484375</AltitudeMeters>
                    </Trackpoint>
                    <Trackpoint>
                        <DistanceMeters>223.37755584716797</DistanceMeters>
                        <Time>2021-09-12T11:36:40.041Z</Time>
                        <Position>
                            <LatitudeDegrees>30.531517028808594</LatitudeDegrees>
                            <LongitudeDegrees>104.0604248046875</LongitudeDegrees>
                        </Position>
                        <AltitudeMeters>431.4088134765625</AltitudeMeters>
                    </Trackpoint>
                    <Trackpoint>
                        <DistanceMeters>223.37755584716797</DistanceMeters>
                        <Time>2021-09-12T11:36:40.598Z</Time>
                        <Position>
                            <LatitudeDegrees>30.531503677368164</LatitudeDegrees>
                            <LongitudeDegrees>104.0604248046875</LongitudeDegrees>
                        </Position>
                        <AltitudeMeters>431.4088134765625</AltitudeMeters>
                    </Trackpoint>
                    <Trackpoint>
                        <DistanceMeters>223.37755584716797</DistanceMeters>
                        <Time>2021-09-12T11:36:41.636Z</Time>
                        <Position>
                            <LatitudeDegrees>30.531484603881836</LatitudeDegrees>
                            <LongitudeDegrees>104.0604248046875</LongitudeDegrees>
                        </Position>
                        <AltitudeMeters>431.4088134765625</AltitudeMeters>
                    </Trackpoint>
                    <Trackpoint>
                        <DistanceMeters>223.37755584716797</DistanceMeters>
                        <Time>2021-09-12T11:36:42.371Z</Time>
                        <Position>
                            <LatitudeDegrees>30.531469345092773</LatitudeDegrees>
                            <LongitudeDegrees>104.0604248046875</LongitudeDegrees>
                        </Position>
                        <AltitudeMeters>431.4106750488281</AltitudeMeters>
                    </Trackpoint>
                    <Trackpoint>
                        <DistanceMeters>223.37755584716797</DistanceMeters>
                        <Time>2021-09-12T11:36:43.050Z</Time>
                        <Position>
                            <LatitudeDegrees>30.531455993652344</LatitudeDegrees>
                            <LongitudeDegrees>104.06041717529297</LongitudeDegrees>
                        </Position>
                        <AltitudeMeters>431.4106750488281</AltitudeMeters>
                    </Trackpoint>
                    <Trackpoint>
                        <DistanceMeters>223.37755584716797</DistanceMeters>
                        <Time>2021-09-12T11:36:44.006Z</Time>
                        <Position>
                            <LatitudeDegrees>30.531435012817383</LatitudeDegrees>
                            <LongitudeDegrees>104.06040954589844</LongitudeDegrees>
                        </Position>
                        <AltitudeMeters>431.4106750488281</AltitudeMeters>
                    </Trackpoint>
                    <Trackpoint>
                        <DistanceMeters>223.37755584716797</DistanceMeters>
                        <Time>2021-09-12T11:36:45.581Z</Time>
                        <Position>
                            <LatitudeDegrees>30.53140640258789</LatitudeDegrees>
                            <LongitudeDegrees>104.0604019165039</LongitudeDegrees>
                        </Position>
                        <AltitudeMeters>431.41314697265625</AltitudeMeters>
                    </Trackpoint>
                    <Trackpoint>
                        <DistanceMeters>223.37755584716797</DistanceMeters>
                        <Time>2021-09-12T11:36:46.340Z</Time>
                        <Position>
                            <LatitudeDegrees>30.531394958496094</LatitudeDegrees>
                            <LongitudeDegrees>104.06038665771484</LongitudeDegrees>
                        </Position>
                        <AltitudeMeters>431.4101257324219</AltitudeMeters>
                    </Trackpoint>
                    <Trackpoint>
                        <DistanceMeters>223.37755584716797</DistanceMeters>
                        <Time>2021-09-12T11:36:47.077Z</Time>
                        <Position>
                            <LatitudeDegrees>30.531383514404297</LatitudeDegrees>
                            <LongitudeDegrees>104.06037139892578</LongitudeDegrees>
                        </Position>
                        <AltitudeMeters>431.4101257324219</AltitudeMeters>
                    </Trackpoint>
                    <Trackpoint>
                        <DistanceMeters>223.37755584716797</DistanceMeters>
                        <Time>2021-09-12T11:36:47.964Z</Time>
                        <Position>
                            <LatitudeDegrees>30.5313663482666</LatitudeDegrees>
                            <LongitudeDegrees>104.06035614013672</LongitudeDegrees>
                        </Position>
                        <AltitudeMeters>431.4101257324219</AltitudeMeters>
                    </Trackpoint>
                    <Trackpoint>
                        <DistanceMeters>223.37755584716797</DistanceMeters>
                        <Time>2021-09-12T11:36:48.881Z</Time>
                        <Position>
                            <LatitudeDegrees>30.53134536743164</LatitudeDegrees>
                            <LongitudeDegrees>104.06035614013672</LongitudeDegrees>
                        </Position>
                        <AltitudeMeters>431.4125671386719</AltitudeMeters>
                    </Trackpoint>
                    <Trackpoint>
                        <DistanceMeters>223.37755584716797</DistanceMeters>
                        <Time>2021-09-12T11:36:49.634Z</Time>
                        <Position>
                            <LatitudeDegrees>30.531328201293945</LatitudeDegrees>
                            <LongitudeDegrees>104.06035614013672</LongitudeDegrees>
                        </Position>
                        <AltitudeMeters>431.4125671386719</AltitudeMeters>
                    </Trackpoint>
                    <Trackpoint>
                        <DistanceMeters>223.37755584716797</DistanceMeters>
                        <Time>2021-09-12T11:36:50.332Z</Time>
                        <Position>
                            <LatitudeDegrees>30.531312942504883</LatitudeDegrees>
                            <LongitudeDegrees>104.06036376953125</LongitudeDegrees>
                        </Position>
                        <AltitudeMeters>431.357666015625</AltitudeMeters>
                    </Trackpoint>
                    <Trackpoint>
                        <DistanceMeters>223.37755584716797</DistanceMeters>
                        <Time>2021-09-12T11:36:50.769Z</Time>
                        <Position>
                            <LatitudeDegrees>30.531301498413086</LatitudeDegrees>
                            <LongitudeDegrees>104.06036376953125</LongitudeDegrees>
                        </Position>
                        <AltitudeMeters>431.357666015625</AltitudeMeters>
                    </Trackpoint>
                    <Trackpoint>
                        <DistanceMeters>223.37755584716797</DistanceMeters>
                        <Time>2021-09-12T11:36:51.834Z</Time>
                        <Position>
                            <LatitudeDegrees>30.531272888183594</LatitudeDegrees>
                            <LongitudeDegrees>104.06036376953125</LongitudeDegrees>
                        </Position>
                        <AltitudeMeters>431.357666015625</AltitudeMeters>
                    </Trackpoint>
                    <Trackpoint>
                        <DistanceMeters>223.37755584716797</DistanceMeters>
                        <Time>2021-09-12T11:36:53.177Z</Time>
                        <Position>
                            <LatitudeDegrees>30.53124237060547</LatitudeDegrees>
                            <LongitudeDegrees>104.06036376953125</LongitudeDegrees>
                        </Position>
                        <AltitudeMeters>431.3323059082031</AltitudeMeters>
                    </Trackpoint>
                    <Trackpoint>
                        <DistanceMeters>223.37755584716797</DistanceMeters>
                        <Time>2021-09-12T11:36:53.614Z</Time>
                        <Position>
                            <LatitudeDegrees>30.531234741210938</LatitudeDegrees>
                            <LongitudeDegrees>104.06035614013672</LongitudeDegrees>
                        </Position>
                        <AltitudeMeters>431.3323059082031</AltitudeMeters>
                    </Trackpoint>
                    <Trackpoint>
                        <DistanceMeters>223.37755584716797</DistanceMeters>
                        <Time>2021-09-12T11:36:54.852Z</Time>
                        <Position>
                            <LatitudeDegrees>30.53121566772461</LatitudeDegrees>
                            <LongitudeDegrees>104.06034088134766</LongitudeDegrees>
                        </Position>
                        <AltitudeMeters>431.3688049316406</AltitudeMeters>
                    </Trackpoint>
                    <Trackpoint>
                        <DistanceMeters>223.37755584716797</DistanceMeters>
                        <Time>2021-09-12T11:36:55.938Z</Time>
                        <Position>
                            <LatitudeDegrees>30.531192779541016</LatitudeDegrees>
                            <LongitudeDegrees>104.06033325195312</LongitudeDegrees>
                        </Position>
                        <AltitudeMeters>431.3688049316406</AltitudeMeters>
                    </Trackpoint>
                    <Trackpoint>
                        <DistanceMeters>223.37755584716797</DistanceMeters>
                        <Time>2021-09-12T11:36:56.611Z</Time>
                        <Position>
                            <LatitudeDegrees>30.531177520751953</LatitudeDegrees>
                            <LongitudeDegrees>104.0603256225586</LongitudeDegrees>
                        </Position>
                        <AltitudeMeters>431.44207763671875</AltitudeMeters>
                    </Trackpoint>
                    <Trackpoint>
                        <DistanceMeters>223.37755584716797</DistanceMeters>
                        <Time>2021-09-12T11:36:57.612Z</Time>
                        <Position>
                            <LatitudeDegrees>30.531156539916992</LatitudeDegrees>
                            <LongitudeDegrees>104.0603256225586</LongitudeDegrees>
                        </Position>
                        <AltitudeMeters>431.44207763671875</AltitudeMeters>
                    </Trackpoint>
                    <Trackpoint>
                        <DistanceMeters>223.37755584716797</DistanceMeters>
                        <Time>2021-09-12T11:36:59.068Z</Time>
                        <Position>
                            <LatitudeDegrees>30.5311222076416</LatitudeDegrees>
                            <LongitudeDegrees>104.06031799316406</LongitudeDegrees>
                        </Position>
                        <AltitudeMeters>431.44207763671875</AltitudeMeters>
                    </Trackpoint>
                    <Trackpoint>
                        <DistanceMeters>223.37755584716797</DistanceMeters>
                        <Time>2021-09-12T11:36:59.892Z</Time>
                        <Position>
                            <LatitudeDegrees>30.531085968017578</LatitudeDegrees>
                            <LongitudeDegrees>104.06031036376953</LongitudeDegrees>
                        </Position>
                        <AltitudeMeters>429.716552734375</AltitudeMeters>
                    </Trackpoint>
                    <Trackpoint>
                        <DistanceMeters>313.2433319091797</DistanceMeters>
                        <Time>2021-09-12T11:37:00.617Z</Time>
                        <Position>
                            <LatitudeDegrees>30.53107261657715</LatitudeDegrees>
                            <LongitudeDegrees>104.060302734375</LongitudeDegrees>
                        </Position>
                        <AltitudeMeters>429.7081298828125</AltitudeMeters>
                    </Trackpoint>
                    <Trackpoint>
                        <DistanceMeters>313.2433319091797</DistanceMeters>
                        <Time>2021-09-12T11:37:01.435Z</Time>
                        <Position>
                            <LatitudeDegrees>30.531017303466797</LatitudeDegrees>
                            <LongitudeDegrees>104.06028747558594</LongitudeDegrees>
                        </Position>
                        <AltitudeMeters>431.9497375488281</AltitudeMeters>
                    </Trackpoint>
                    <Trackpoint>
                        <DistanceMeters>313.2433319091797</DistanceMeters>
                        <Time>2021-09-12T11:37:02.068Z</Time>
                        <Position>
                            <LatitudeDegrees>30.531002044677734</LatitudeDegrees>
                            <LongitudeDegrees>104.0602798461914</LongitudeDegrees>
                        </Position>
                        <AltitudeMeters>431.9497375488281</AltitudeMeters>
                    </Trackpoint>
                    <Trackpoint>
                        <DistanceMeters>313.2433319091797</DistanceMeters>
                        <Time>2021-09-12T11:37:03.073Z</Time>
                        <Position>
                            <LatitudeDegrees>30.530981063842773</LatitudeDegrees>
                            <LongitudeDegrees>104.06026458740234</LongitudeDegrees>
                        </Position>
                        <AltitudeMeters>431.9471740722656</AltitudeMeters>
                    </Trackpoint>
                    <Trackpoint>
                        <DistanceMeters>313.2433319091797</DistanceMeters>
                        <Time>2021-09-12T11:37:03.697Z</Time>
                        <Position>
                            <LatitudeDegrees>30.530967712402344</LatitudeDegrees>
                            <LongitudeDegrees>104.06025695800781</LongitudeDegrees>
                        </Position>
                        <AltitudeMeters>431.9471740722656</AltitudeMeters>
                    </Trackpoint>
                    <Trackpoint>
                        <DistanceMeters>313.2433319091797</DistanceMeters>
                        <Time>2021-09-12T11:37:04.898Z</Time>
                        <Position>
                            <LatitudeDegrees>30.530942916870117</LatitudeDegrees>
                            <LongitudeDegrees>104.06023406982422</LongitudeDegrees>
                        </Position>
                        <AltitudeMeters>431.89849853515625</AltitudeMeters>
                    </Trackpoint>
                    <Trackpoint>
                        <DistanceMeters>313.2433319091797</DistanceMeters>
                        <Time>2021-09-12T11:37:06.035Z</Time>
                        <Position>
                            <LatitudeDegrees>30.530921936035156</LatitudeDegrees>
                            <LongitudeDegrees>104.06023406982422</LongitudeDegrees>
                        </Position>
                        <AltitudeMeters>431.858642578125</AltitudeMeters>
                    </Trackpoint>
                    <Trackpoint>
                        <DistanceMeters>313.2433319091797</DistanceMeters>
                        <Time>2021-09-12T11:37:06.996Z</Time>
                        <Position>
                            <LatitudeDegrees>30.530906677246094</LatitudeDegrees>
                            <LongitudeDegrees>104.06022644042969</LongitudeDegrees>
                        </Position>
                        <AltitudeMeters>431.8730773925781</AltitudeMeters>
                    </Trackpoint>
                    <Trackpoint>
                        <DistanceMeters>313.2433319091797</DistanceMeters>
                        <Time>2021-09-12T11:37:08.087Z</Time>
                        <Position>
                            <LatitudeDegrees>30.5308837890625</LatitudeDegrees>
                            <LongitudeDegrees>104.06022644042969</LongitudeDegrees>
                        </Position>
                        <AltitudeMeters>431.87335205078125</AltitudeMeters>
                    </Trackpoint>
                    <Trackpoint>
                        <DistanceMeters>313.2433319091797</DistanceMeters>
                        <Time>2021-09-12T11:37:08.948Z</Time>
                        <Position>
                            <LatitudeDegrees>30.530868530273438</LatitudeDegrees>
                            <LongitudeDegrees>104.06021118164062</LongitudeDegrees>
                        </Position>
                        <AltitudeMeters>431.85516357421875</AltitudeMeters>
                    </Trackpoint>
                    <Trackpoint>
                        <DistanceMeters>313.2433319091797</DistanceMeters>
                        <Time>2021-09-12T11:37:09.832Z</Time>
                        <Position>
                            <LatitudeDegrees>30.53084945678711</LatitudeDegrees>
                            <LongitudeDegrees>104.0602035522461</LongitudeDegrees>
                        </Position>
                        <AltitudeMeters>431.85516357421875</AltitudeMeters>
                    </Trackpoint>
                    <Trackpoint>
                        <DistanceMeters>313.2433319091797</DistanceMeters>
                        <Time>2021-09-12T11:37:10.475Z</Time>
                        <Position>
                            <LatitudeDegrees>30.530838012695312</LatitudeDegrees>
                            <LongitudeDegrees>104.06019592285156</LongitudeDegrees>
                        </Position>
                        <AltitudeMeters>431.8751220703125</AltitudeMeters>
                    </Trackpoint>
                    <Trackpoint>
                        <DistanceMeters>313.2433319091797</DistanceMeters>
                        <Time>2021-09-12T11:37:11.173Z</Time>
                        <Position>
                            <LatitudeDegrees>30.530820846557617</LatitudeDegrees>
                            <LongitudeDegrees>104.06018829345703</LongitudeDegrees>
                        </Position>
                        <AltitudeMeters>431.8751220703125</AltitudeMeters>
                    </Trackpoint>
                    <Trackpoint>
                        <DistanceMeters>313.2433319091797</DistanceMeters>
                        <Time>2021-09-12T11:37:11.827Z</Time>
                        <Position>
                            <LatitudeDegrees>30.530805587768555</LatitudeDegrees>
                            <LongitudeDegrees>104.06018829345703</LongitudeDegrees>
                        </Position>
                        <AltitudeMeters>431.8751220703125</AltitudeMeters>
                    </Trackpoint>
                    <Trackpoint>
                        <DistanceMeters>313.2433319091797</DistanceMeters>
                        <Time>2021-09-12T11:37:12.585Z</Time>
                        <Position>
                            <LatitudeDegrees>30.530784606933594</LatitudeDegrees>
                            <LongitudeDegrees>104.0601806640625</LongitudeDegrees>
                        </Position>
                        <AltitudeMeters>431.88629150390625</AltitudeMeters>
                    </Trackpoint>
                    <Trackpoint>
                        <DistanceMeters>313.2433319091797</DistanceMeters>
                        <Time>2021-09-12T11:37:13.451Z</Time>
                        <Position>
                            <LatitudeDegrees>30.530759811401367</LatitudeDegrees>
                            <LongitudeDegrees>104.06017303466797</LongitudeDegrees>
                        </Position>
                        <AltitudeMeters>431.88629150390625</AltitudeMeters>
                    </Trackpoint>
                    <Trackpoint>
                        <DistanceMeters>313.2433319091797</DistanceMeters>
                        <Time>2021-09-12T11:37:14.068Z</Time>
                        <Position>
                            <LatitudeDegrees>30.530742645263672</LatitudeDegrees>
                            <LongitudeDegrees>104.06016540527344</LongitudeDegrees>
                        </Position>
                        <AltitudeMeters>431.88629150390625</AltitudeMeters>
                    </Trackpoint>
                    <Trackpoint>
                        <DistanceMeters>313.2433319091797</DistanceMeters>
                        <Time>2021-09-12T11:37:14.779Z</Time>
                        <Position>
                            <LatitudeDegrees>30.530723571777344</LatitudeDegrees>
                            <LongitudeDegrees>104.0601577758789</LongitudeDegrees>
                        </Position>
                        <AltitudeMeters>431.9693603515625</AltitudeMeters>
                    </Trackpoint>
                    <Trackpoint>
                        <DistanceMeters>313.2433319091797</DistanceMeters>
                        <Time>2021-09-12T11:37:15.972Z</Time>
                        <Position>
                            <LatitudeDegrees>30.53069305419922</LatitudeDegrees>
                            <LongitudeDegrees>104.06014251708984</LongitudeDegrees>
                        </Position>
                        <AltitudeMeters>431.9693603515625</AltitudeMeters>
                    </Trackpoint>
                    <Trackpoint>
                        <DistanceMeters>313.2433319091797</DistanceMeters>
                        <Time>2021-09-12T11:37:17.036Z</Time>
                        <Position>
                            <LatitudeDegrees>30.53066635131836</LatitudeDegrees>
                            <LongitudeDegrees>104.06012725830078</LongitudeDegrees>
                        </Position>
                        <AltitudeMeters>432.0259094238281</AltitudeMeters>
                    </Trackpoint>
                    <Trackpoint>
                        <DistanceMeters>313.2433319091797</DistanceMeters>
                        <Time>2021-09-12T11:37:18.026Z</Time>
                        <Position>
                            <LatitudeDegrees>30.5306396484375</LatitudeDegrees>
                            <LongitudeDegrees>104.06011962890625</LongitudeDegrees>
                        </Position>
                        <AltitudeMeters>432.0259094238281</AltitudeMeters>
                    </Trackpoint>
                    <Trackpoint>
                        <DistanceMeters>313.2433319091797</DistanceMeters>
                        <Time>2021-09-12T11:37:18.910Z</Time>
                        <Position>
                            <LatitudeDegrees>30.530622482299805</LatitudeDegrees>
                            <LongitudeDegrees>104.06011199951172</LongitudeDegrees>
                        </Position>
                        <AltitudeMeters>431.983154296875</AltitudeMeters>
                    </Trackpoint>
                    <Trackpoint>
                        <DistanceMeters>313.2433319091797</DistanceMeters>
                        <Time>2021-09-12T11:37:19.636Z</Time>
                        <Position>
                            <LatitudeDegrees>30.53060531616211</LatitudeDegrees>
                            <LongitudeDegrees>104.06011199951172</LongitudeDegrees>
                        </Position>
                        <AltitudeMeters>431.983154296875</AltitudeMeters>
                    </Trackpoint>
                    <Trackpoint>
                        <DistanceMeters>313.2433319091797</DistanceMeters>
                        <Time>2021-09-12T11:37:20.051Z</Time>
                        <Position>
                            <LatitudeDegrees>30.530595779418945</LatitudeDegrees>
                            <LongitudeDegrees>104.06010437011719</LongitudeDegrees>
                        </Position>
                        <AltitudeMeters>431.99664306640625</AltitudeMeters>
                    </Trackpoint>
                    <Trackpoint>
                        <DistanceMeters>313.2433319091797</DistanceMeters>
                        <Time>2021-09-12T11:37:21.030Z</Time>
                        <Position>
                            <LatitudeDegrees>30.53057098388672</LatitudeDegrees>
                            <LongitudeDegrees>104.06010437011719</LongitudeDegrees>
                        </Position>
                        <AltitudeMeters>431.99664306640625</AltitudeMeters>
                    </Trackpoint>
                    <Trackpoint>
                        <DistanceMeters>313.2433319091797</DistanceMeters>
                        <Time>2021-09-12T11:37:22.026Z</Time>
                        <Position>
                            <LatitudeDegrees>30.530542373657227</LatitudeDegrees>
                            <LongitudeDegrees>104.06009674072266</LongitudeDegrees>
                        </Position>
                        <AltitudeMeters>431.99664306640625</AltitudeMeters>
                    </Trackpoint>
                    <Trackpoint>
                        <DistanceMeters>313.2433319091797</DistanceMeters>
                        <Time>2021-09-12T11:37:23.009Z</Time>
                        <Position>
                            <LatitudeDegrees>30.530513763427734</LatitudeDegrees>
                            <LongitudeDegrees>104.06008911132812</LongitudeDegrees>
                        </Position>
                        <AltitudeMeters>431.9644775390625</AltitudeMeters>
                    </Trackpoint>
                    <Trackpoint>
                        <DistanceMeters>313.2433319091797</DistanceMeters>
                        <Time>2021-09-12T11:37:24.017Z</Time>
                        <Position>
                            <LatitudeDegrees>30.53048324584961</LatitudeDegrees>
                            <LongitudeDegrees>104.0600814819336</LongitudeDegrees>
                        </Position>
                        <AltitudeMeters>431.9644775390625</AltitudeMeters>
                    </Trackpoint>
                    <Trackpoint>
                        <DistanceMeters>313.2433319091797</DistanceMeters>
                        <Time>2021-09-12T11:37:25.029Z</Time>
                        <Position>
                            <LatitudeDegrees>30.530452728271484</LatitudeDegrees>
                            <LongitudeDegrees>104.0600814819336</LongitudeDegrees>
                        </Position>
                        <AltitudeMeters>431.9489440917969</AltitudeMeters>
                    </Trackpoint>
                    <Trackpoint>
                        <DistanceMeters>313.2433319091797</DistanceMeters>
                        <Time>2021-09-12T11:37:26.016Z</Time>
                        <Position>
                            <LatitudeDegrees>30.530427932739258</LatitudeDegrees>
                            <LongitudeDegrees>104.0600814819336</LongitudeDegrees>
                        </Position>
                        <AltitudeMeters>431.9489440917969</AltitudeMeters>
                    </Trackpoint>
                    <Trackpoint>
                        <DistanceMeters>313.2433319091797</DistanceMeters>
                        <Time>2021-09-12T11:37:27.017Z</Time>
                        <Position>
                            <LatitudeDegrees>30.5304012298584</LatitudeDegrees>
                            <LongitudeDegrees>104.06007385253906</LongitudeDegrees>
                        </Position>
                        <AltitudeMeters>431.9752197265625</AltitudeMeters>
                    </Trackpoint>
                    <Trackpoint>
                        <DistanceMeters>313.2433319091797</DistanceMeters>
                        <Time>2021-09-12T11:37:27.974Z</Time>
                        <Position>
                            <LatitudeDegrees>30.530372619628906</LatitudeDegrees>
                            <LongitudeDegrees>104.06006622314453</LongitudeDegrees>
                        </Position>
                        <AltitudeMeters>431.9752197265625</AltitudeMeters>
                    </Trackpoint>
                    <Trackpoint>
                        <DistanceMeters>313.2433319091797</DistanceMeters>
                        <Time>2021-09-12T11:37:29.022Z</Time>
                        <Position>
                            <LatitudeDegrees>30.53034210205078</LatitudeDegrees>
                            <LongitudeDegrees>104.06006622314453</LongitudeDegrees>
                        </Position>
                        <AltitudeMeters>431.9859619140625</AltitudeMeters>
                    </Trackpoint>
                    <Trackpoint>
                        <DistanceMeters>313.2433319091797</DistanceMeters>
                        <Time>2021-09-12T11:37:29.731Z</Time>
                        <Position>
                            <LatitudeDegrees>30.530323028564453</LatitudeDegrees>
                            <LongitudeDegrees>104.06005859375</LongitudeDegrees>
                        </Position>
                        <AltitudeMeters>431.9859619140625</AltitudeMeters>
                    </Trackpoint>
                    <Trackpoint>
                        <DistanceMeters>398.8695602416992</DistanceMeters>
                        <Time>2021-09-12T11:37:31.018Z</Time>
                        <Position>
                            <LatitudeDegrees>30.530290603637695</LatitudeDegrees>
                            <LongitudeDegrees>104.06004333496094</LongitudeDegrees>
                        </Position>
                        <AltitudeMeters>431.9775390625</AltitudeMeters>
                    </Trackpoint>
                    <Trackpoint>
                        <DistanceMeters>398.8695602416992</DistanceMeters>
                        <Time>2021-09-12T11:37:31.735Z</Time>
                        <Position>
                            <LatitudeDegrees>30.5302677154541</LatitudeDegrees>
                            <LongitudeDegrees>104.0600357055664</LongitudeDegrees>
                        </Position>
                        <AltitudeMeters>431.9775390625</AltitudeMeters>
                    </Trackpoint>
                    <Trackpoint>
                        <DistanceMeters>398.8695602416992</DistanceMeters>
                        <Time>2021-09-12T11:37:33.018Z</Time>
                        <Position>
                            <LatitudeDegrees>30.530229568481445</LatitudeDegrees>
                            <LongitudeDegrees>104.06002807617188</LongitudeDegrees>
                        </Position>
                        <AltitudeMeters>431.9795837402344</AltitudeMeters>
                    </Trackpoint>
                    <Trackpoint>
                        <DistanceMeters>398.8695602416992</DistanceMeters>
                        <Time>2021-09-12T11:37:34.042Z</Time>
                        <Position>
                            <LatitudeDegrees>30.530200958251953</LatitudeDegrees>
                            <LongitudeDegrees>104.06002044677734</LongitudeDegrees>
                        </Position>
                        <AltitudeMeters>431.9802551269531</AltitudeMeters>
                    </Trackpoint>
                    <Trackpoint>
                        <DistanceMeters>398.8695602416992</DistanceMeters>
                        <Time>2021-09-12T11:37:36.040Z</Time>
                        <Position>
                            <LatitudeDegrees>30.530147552490234</LatitudeDegrees>
                            <LongitudeDegrees>104.06000518798828</LongitudeDegrees>
                        </Position>
                        <AltitudeMeters>431.9754333496094</AltitudeMeters>
                    </Trackpoint>
                    <Trackpoint>
                        <DistanceMeters>398.8695602416992</DistanceMeters>
                        <Time>2021-09-12T11:37:36.707Z</Time>
                        <Position>
                            <LatitudeDegrees>30.530132293701172</LatitudeDegrees>
                            <LongitudeDegrees>104.05999755859375</LongitudeDegrees>
                        </Position>
                        <AltitudeMeters>431.9754333496094</AltitudeMeters>
                    </Trackpoint>
                    <Trackpoint>
                        <DistanceMeters>398.8695602416992</DistanceMeters>
                        <Time>2021-09-12T11:37:37.809Z</Time>
                        <Position>
                            <LatitudeDegrees>30.53011131286621</LatitudeDegrees>
                            <LongitudeDegrees>104.05998229980469</LongitudeDegrees>
                        </Position>
                        <AltitudeMeters>431.9754333496094</AltitudeMeters>
                    </Trackpoint>
                    <Trackpoint>
                        <DistanceMeters>398.8695602416992</DistanceMeters>
                        <Time>2021-09-12T11:37:38.468Z</Time>
                        <Position>
                            <LatitudeDegrees>30.53009605407715</LatitudeDegrees>
                            <LongitudeDegrees>104.05998229980469</LongitudeDegrees>
                        </Position>
                        <AltitudeMeters>431.9473876953125</AltitudeMeters>
                    </Trackpoint>
                    <Trackpoint>
                        <DistanceMeters>398.8695602416992</DistanceMeters>
                        <Time>2021-09-12T11:37:39.110Z</Time>
                        <Position>
                            <LatitudeDegrees>30.530078887939453</LatitudeDegrees>
                            <LongitudeDegrees>104.05998229980469</LongitudeDegrees>
                        </Position>
                        <AltitudeMeters>431.9473876953125</AltitudeMeters>
                    </Trackpoint>
                    <Trackpoint>
                        <DistanceMeters>398.8695602416992</DistanceMeters>
                        <Time>2021-09-12T11:37:39.650Z</Time>
                        <Position>
                            <LatitudeDegrees>30.530061721801758</LatitudeDegrees>
                            <LongitudeDegrees>104.05998992919922</LongitudeDegrees>
                        </Position>
                        <AltitudeMeters>431.9473876953125</AltitudeMeters>
                    </Trackpoint>
                    <Trackpoint>
                        <DistanceMeters>398.8695602416992</DistanceMeters>
                        <Time>2021-09-12T11:37:40.040Z</Time>
                        <Position>
                            <LatitudeDegrees>30.530052185058594</LatitudeDegrees>
                            <LongitudeDegrees>104.05998992919922</LongitudeDegrees>
                        </Position>
                        <AltitudeMeters>431.9554443359375</AltitudeMeters>
                    </Trackpoint>
                    <Trackpoint>
                        <DistanceMeters>398.8695602416992</DistanceMeters>
                        <Time>2021-09-12T11:37:40.570Z</Time>
                        <Position>
                            <LatitudeDegrees>30.53003692626953</LatitudeDegrees>
                            <LongitudeDegrees>104.05998992919922</LongitudeDegrees>
                        </Position>
                        <AltitudeMeters>431.9554443359375</AltitudeMeters>
                    </Trackpoint>
                    <Trackpoint>
                        <DistanceMeters>398.8695602416992</DistanceMeters>
                        <Time>2021-09-12T11:37:41.073Z</Time>
                        <Position>
                            <LatitudeDegrees>30.530025482177734</LatitudeDegrees>
                            <LongitudeDegrees>104.05998992919922</LongitudeDegrees>
                        </Position>
                        <AltitudeMeters>431.9554443359375</AltitudeMeters>
                    </Trackpoint>
                    <Trackpoint>
                        <DistanceMeters>398.8695602416992</DistanceMeters>
                        <Time>2021-09-12T11:37:42.045Z</Time>
                        <Position>
                            <LatitudeDegrees>30.530000686645508</LatitudeDegrees>
                            <LongitudeDegrees>104.05998992919922</LongitudeDegrees>
                        </Position>
                        <AltitudeMeters>431.97845458984375</AltitudeMeters>
                    </Trackpoint>
                    <Trackpoint>
                        <DistanceMeters>398.8695602416992</DistanceMeters>
                        <Time>2021-09-12T11:37:42.756Z</Time>
                        <Position>
                            <LatitudeDegrees>30.52998924255371</LatitudeDegrees>
                            <LongitudeDegrees>104.05997467041016</LongitudeDegrees>
                        </Position>
                        <AltitudeMeters>431.97845458984375</AltitudeMeters>
                    </Trackpoint>
                    <Trackpoint>
                        <DistanceMeters>398.8695602416992</DistanceMeters>
                        <Time>2021-09-12T11:37:44.034Z</Time>
                        <Position>
                            <LatitudeDegrees>30.52996253967285</LatitudeDegrees>
                            <LongitudeDegrees>104.05996704101562</LongitudeDegrees>
                        </Position>
                        <AltitudeMeters>431.97845458984375</AltitudeMeters>
                    </Trackpoint>
                    <Trackpoint>
                        <DistanceMeters>398.8695602416992</DistanceMeters>
                        <Time>2021-09-12T11:37:44.773Z</Time>
                        <Position>
                            <LatitudeDegrees>30.52994728088379</LatitudeDegrees>
                            <LongitudeDegrees>104.05996704101562</LongitudeDegrees>
                        </Position>
                        <AltitudeMeters>432.0107421875</AltitudeMeters>
                    </Trackpoint>
                    <Trackpoint>
                        <DistanceMeters>398.8695602416992</DistanceMeters>
                        <Time>2021-09-12T11:37:45.421Z</Time>
                        <Position>
                            <LatitudeDegrees>30.52993392944336</LatitudeDegrees>
                            <LongitudeDegrees>104.0599594116211</LongitudeDegrees>
                        </Position>
                        <AltitudeMeters>432.0107421875</AltitudeMeters>
                    </Trackpoint>
                    <Trackpoint>
                        <DistanceMeters>398.8695602416992</DistanceMeters>
                        <Time>2021-09-12T11:37:46.026Z</Time>
                        <Position>
                            <LatitudeDegrees>30.52992057800293</LatitudeDegrees>
                            <LongitudeDegrees>104.0599594116211</LongitudeDegrees>
                        </Position>
                        <AltitudeMeters>432.0107421875</AltitudeMeters>
                    </Trackpoint>
                    <Trackpoint>
                        <DistanceMeters>398.8695602416992</DistanceMeters>
                        <Time>2021-09-12T11:37:47.072Z</Time>
                        <Position>
                            <LatitudeDegrees>30.5299015045166</LatitudeDegrees>
                            <LongitudeDegrees>104.0599594116211</LongitudeDegrees>
                        </Position>
                        <AltitudeMeters>432.0194396972656</AltitudeMeters>
                    </Trackpoint>
                    <Trackpoint>
                        <DistanceMeters>398.8695602416992</DistanceMeters>
                        <Time>2021-09-12T11:37:48.018Z</Time>
                        <Position>
                            <LatitudeDegrees>30.529882431030273</LatitudeDegrees>
                            <LongitudeDegrees>104.05995178222656</LongitudeDegrees>
                        </Position>
                        <AltitudeMeters>432.0194396972656</AltitudeMeters>
                    </Trackpoint>
                    <Trackpoint>
                        <DistanceMeters>398.8695602416992</DistanceMeters>
                        <Time>2021-09-12T11:37:48.774Z</Time>
                        <Position>
                            <LatitudeDegrees>30.529863357543945</LatitudeDegrees>
                            <LongitudeDegrees>104.05994415283203</LongitudeDegrees>
                        </Position>
                        <AltitudeMeters>431.9945068359375</AltitudeMeters>
                    </Trackpoint>
                    <Trackpoint>
                        <DistanceMeters>398.8695602416992</DistanceMeters>
                        <Time>2021-09-12T11:37:50.030Z</Time>
                        <Position>
                            <LatitudeDegrees>30.529823303222656</LatitudeDegrees>
                            <LongitudeDegrees>104.0599594116211</LongitudeDegrees>
                        </Position>
                        <AltitudeMeters>431.9945068359375</AltitudeMeters>
                    </Trackpoint>
                    <Trackpoint>
                        <DistanceMeters>398.8695602416992</DistanceMeters>
                        <Time>2021-09-12T11:37:50.689Z</Time>
                        <Position>
                            <LatitudeDegrees>30.52980613708496</LatitudeDegrees>
                            <LongitudeDegrees>104.0599594116211</LongitudeDegrees>
                        </Position>
                        <AltitudeMeters>432.03875732421875</AltitudeMeters>
                    </Trackpoint>
                    <Trackpoint>
                        <DistanceMeters>398.8695602416992</DistanceMeters>
                        <Time>2021-09-12T11:37:51.293Z</Time>
                        <Position>
                            <LatitudeDegrees>30.529794692993164</LatitudeDegrees>
                            <LongitudeDegrees>104.0599594116211</LongitudeDegrees>
                        </Position>
                        <AltitudeMeters>432.03875732421875</AltitudeMeters>
                    </Trackpoint>
                    <Trackpoint>
                        <DistanceMeters>398.8695602416992</DistanceMeters>
                        <Time>2021-09-12T11:37:52.079Z</Time>
                        <Position>
                            <LatitudeDegrees>30.52977752685547</LatitudeDegrees>
                            <LongitudeDegrees>104.05995178222656</LongitudeDegrees>
                        </Position>
                        <AltitudeMeters>432.03875732421875</AltitudeMeters>
                    </Trackpoint>
                    <Trackpoint>
                        <DistanceMeters>398.8695602416992</DistanceMeters>
                        <Time>2021-09-12T11:37:53.070Z</Time>
                        <Position>
                            <LatitudeDegrees>30.529756546020508</LatitudeDegrees>
                            <LongitudeDegrees>104.05994415283203</LongitudeDegrees>
                        </Position>
                        <AltitudeMeters>432.0544738769531</AltitudeMeters>
                    </Trackpoint>
                    <Trackpoint>
                        <DistanceMeters>398.8695602416992</DistanceMeters>
                        <Time>2021-09-12T11:37:53.851Z</Time>
                        <Position>
                            <LatitudeDegrees>30.529733657836914</LatitudeDegrees>
                            <LongitudeDegrees>104.0599365234375</LongitudeDegrees>
                        </Position>
                        <AltitudeMeters>432.0544738769531</AltitudeMeters>
                    </Trackpoint>
                    <Trackpoint>
                        <DistanceMeters>398.8695602416992</DistanceMeters>
                        <Time>2021-09-12T11:37:54.420Z</Time>
                        <Position>
                            <LatitudeDegrees>30.529720306396484</LatitudeDegrees>
                            <LongitudeDegrees>104.05992889404297</LongitudeDegrees>
                        </Position>
                        <AltitudeMeters>432.03070068359375</AltitudeMeters>
                    </Trackpoint>
                    <Trackpoint>
                        <DistanceMeters>398.8695602416992</DistanceMeters>
                        <Time>2021-09-12T11:37:55.523Z</Time>
                        <Position>
                            <LatitudeDegrees>30.52968978881836</LatitudeDegrees>
                            <LongitudeDegrees>104.05992889404297</LongitudeDegrees>
                        </Position>
                        <AltitudeMeters>432.03070068359375</AltitudeMeters>
                    </Trackpoint>
                    <Trackpoint>
                        <DistanceMeters>398.8695602416992</DistanceMeters>
                        <Time>2021-09-12T11:37:56.066Z</Time>
                        <Position>
                            <LatitudeDegrees>30.52967643737793</LatitudeDegrees>
                            <LongitudeDegrees>104.05992126464844</LongitudeDegrees>
                        </Position>
                        <AltitudeMeters>431.99945068359375</AltitudeMeters>
                    </Trackpoint>
                    <Trackpoint>
                        <DistanceMeters>398.8695602416992</DistanceMeters>
                        <Time>2021-09-12T11:37:56.695Z</Time>
                        <Position>
                            <LatitudeDegrees>30.5296630859375</LatitudeDegrees>
                            <LongitudeDegrees>104.0599136352539</LongitudeDegrees>
                        </Position>
                        <AltitudeMeters>431.99945068359375</AltitudeMeters>
                    </Trackpoint>
                    <Trackpoint>
                        <DistanceMeters>398.8695602416992</DistanceMeters>
                        <Time>2021-09-12T11:37:57.348Z</Time>
                        <Position>
                            <LatitudeDegrees>30.529645919799805</LatitudeDegrees>
                            <LongitudeDegrees>104.05990600585938</LongitudeDegrees>
                        </Position>
                        <AltitudeMeters>431.99945068359375</AltitudeMeters>
                    </Trackpoint>
                    <Trackpoint>
                        <DistanceMeters>398.8695602416992</DistanceMeters>
                        <Time>2021-09-12T11:37:58.032Z</Time>
                        <Position>
                            <LatitudeDegrees>30.52962875366211</LatitudeDegrees>
                            <LongitudeDegrees>104.05989837646484</LongitudeDegrees>
                        </Position>
                        <AltitudeMeters>431.98846435546875</AltitudeMeters>
                    </Trackpoint>
                    <Trackpoint>
                        <DistanceMeters>398.8695602416992</DistanceMeters>
                        <Time>2021-09-12T11:37:58.436Z</Time>
                        <Position>
                            <LatitudeDegrees>30.529619216918945</LatitudeDegrees>
                            <LongitudeDegrees>104.05989837646484</LongitudeDegrees>
                        </Position>
                        <AltitudeMeters>431.98846435546875</AltitudeMeters>
                    </Trackpoint>
                    <Trackpoint>
                        <DistanceMeters>398.8695602416992</DistanceMeters>
                        <Time>2021-09-12T11:37:59.827Z</Time>
                        <Position>
                            <LatitudeDegrees>30.52958869934082</LatitudeDegrees>
                            <LongitudeDegrees>104.05989074707031</LongitudeDegrees>
                        </Position>
                        <AltitudeMeters>431.98846435546875</AltitudeMeters>
                    </Trackpoint>
                    <Trackpoint>
                        <DistanceMeters>482.1651840209961</DistanceMeters>
                        <Time>2021-09-12T11:38:02.061Z</Time>
                        <Position>
                            <LatitudeDegrees>30.529542922973633</LatitudeDegrees>
                            <LongitudeDegrees>104.05988311767578</LongitudeDegrees>
                        </Position>
                        <AltitudeMeters>438.1580810546875</AltitudeMeters>
                    </Trackpoint>
                    <Trackpoint>
                        <DistanceMeters>482.1651840209961</DistanceMeters>
                        <Time>2021-09-12T11:38:04.073Z</Time>
                        <Position>
                            <LatitudeDegrees>30.52950668334961</LatitudeDegrees>
                            <LongitudeDegrees>104.05988311767578</LongitudeDegrees>
                        </Position>
                        <AltitudeMeters>438.366943359375</AltitudeMeters>
                    </Trackpoint>
                    <Trackpoint>
                        <DistanceMeters>482.1651840209961</DistanceMeters>
                        <Time>2021-09-12T11:38:05.848Z</Time>
                        <Position>
                            <LatitudeDegrees>30.52947425842285</LatitudeDegrees>
                            <LongitudeDegrees>104.05988311767578</LongitudeDegrees>
                        </Position>
                        <AltitudeMeters>438.366943359375</AltitudeMeters>
                    </Trackpoint>
                    <Trackpoint>
                        <DistanceMeters>482.1651840209961</DistanceMeters>
                        <Time>2021-09-12T11:38:07.951Z</Time>
                        <Position>
                            <LatitudeDegrees>30.529460906982422</LatitudeDegrees>
                            <LongitudeDegrees>104.05989837646484</LongitudeDegrees>
                        </Position>
                        <AltitudeMeters>437.3816833496094</AltitudeMeters>
                    </Trackpoint>
                    <Trackpoint>
                        <DistanceMeters>482.1651840209961</DistanceMeters>
                        <Time>2021-09-12T11:38:09.131Z</Time>
                        <Position>
                            <LatitudeDegrees>30.52945327758789</LatitudeDegrees>
                            <LongitudeDegrees>104.05990600585938</LongitudeDegrees>
                        </Position>
                        <AltitudeMeters>436.62249755859375</AltitudeMeters>
                    </Trackpoint>
                    <Trackpoint>
                        <DistanceMeters>482.1651840209961</DistanceMeters>
                        <Time>2021-09-12T11:38:10.083Z</Time>
                        <Position>
                            <LatitudeDegrees>30.52943992614746</LatitudeDegrees>
                            <LongitudeDegrees>104.0599136352539</LongitudeDegrees>
                        </Position>
                        <AltitudeMeters>436.62249755859375</AltitudeMeters>
                    </Trackpoint>
                    <Trackpoint>
                        <DistanceMeters>482.1651840209961</DistanceMeters>
                        <Time>2021-09-12T11:38:11.807Z</Time>
                        <Position>
                            <LatitudeDegrees>30.529415130615234</LatitudeDegrees>
                            <LongitudeDegrees>104.0599136352539</LongitudeDegrees>
                        </Position>
                        <AltitudeMeters>433.8580322265625</AltitudeMeters>
                    </Trackpoint>
                    <Trackpoint>
                        <DistanceMeters>482.1651840209961</DistanceMeters>
                        <Time>2021-09-12T11:38:12.598Z</Time>
                        <Position>
                            <LatitudeDegrees>30.529403686523438</LatitudeDegrees>
                            <LongitudeDegrees>104.0599136352539</LongitudeDegrees>
                        </Position>
                        <AltitudeMeters>433.43023681640625</AltitudeMeters>
                    </Trackpoint>
                    <Trackpoint>
                        <DistanceMeters>482.1651840209961</DistanceMeters>
                        <Time>2021-09-12T11:38:13.552Z</Time>
                        <Position>
                            <LatitudeDegrees>30.529386520385742</LatitudeDegrees>
                            <LongitudeDegrees>104.0599136352539</LongitudeDegrees>
                        </Position>
                        <AltitudeMeters>433.43023681640625</AltitudeMeters>
                    </Trackpoint>
                    <Trackpoint>
                        <DistanceMeters>482.1651840209961</DistanceMeters>
                        <Time>2021-09-12T11:38:15.017Z</Time>
                        <Position>
                            <LatitudeDegrees>30.529361724853516</LatitudeDegrees>
                            <LongitudeDegrees>104.05992889404297</LongitudeDegrees>
                        </Position>
                        <AltitudeMeters>432.4091491699219</AltitudeMeters>
                    </Trackpoint>
                    <Trackpoint>
                        <DistanceMeters>482.1651840209961</DistanceMeters>
                        <Time>2021-09-12T11:38:15.645Z</Time>
                        <Position>
                            <LatitudeDegrees>30.529342651367188</LatitudeDegrees>
                            <LongitudeDegrees>104.05994415283203</LongitudeDegrees>
                        </Position>
                        <AltitudeMeters>432.4091491699219</AltitudeMeters>
                    </Trackpoint>
                    <Trackpoint>
                        <DistanceMeters>482.1651840209961</DistanceMeters>
                        <Time>2021-09-12T11:38:16.491Z</Time>
                        <Position>
                            <LatitudeDegrees>30.529319763183594</LatitudeDegrees>
                            <LongitudeDegrees>104.0599594116211</LongitudeDegrees>
                        </Position>
                        <AltitudeMeters>434.5950927734375</AltitudeMeters>
                    </Trackpoint>
                    <Trackpoint>
                        <DistanceMeters>482.1651840209961</DistanceMeters>
                        <Time>2021-09-12T11:38:17.010Z</Time>
                        <Position>
                            <LatitudeDegrees>30.529306411743164</LatitudeDegrees>
                            <LongitudeDegrees>104.05996704101562</LongitudeDegrees>
                        </Position>
                        <AltitudeMeters>434.5950927734375</AltitudeMeters>
                    </Trackpoint>
                    <Trackpoint>
                        <DistanceMeters>482.1651840209961</DistanceMeters>
                        <Time>2021-09-12T11:38:18.026Z</Time>
                        <Position>
                            <LatitudeDegrees>30.529281616210938</LatitudeDegrees>
                            <LongitudeDegrees>104.05998229980469</LongitudeDegrees>
                        </Position>
                        <AltitudeMeters>434.5950927734375</AltitudeMeters>
                    </Trackpoint>
                    <Trackpoint>
                        <DistanceMeters>482.1651840209961</DistanceMeters>
                        <Time>2021-09-12T11:38:18.872Z</Time>
                        <Position>
                            <LatitudeDegrees>30.529258728027344</LatitudeDegrees>
                            <LongitudeDegrees>104.05998992919922</LongitudeDegrees>
                        </Position>
                        <AltitudeMeters>435.5450439453125</AltitudeMeters>
                    </Trackpoint>
                    <Trackpoint>
                        <DistanceMeters>482.1651840209961</DistanceMeters>
                        <Time>2021-09-12T11:38:20.037Z</Time>
                        <Position>
                            <LatitudeDegrees>30.529232025146484</LatitudeDegrees>
                            <LongitudeDegrees>104.05998229980469</LongitudeDegrees>
                        </Position>
                        <AltitudeMeters>435.5450439453125</AltitudeMeters>
                    </Trackpoint>
                    <Trackpoint>
                        <DistanceMeters>482.1651840209961</DistanceMeters>
                        <Time>2021-09-12T11:38:20.901Z</Time>
                        <Position>
                            <LatitudeDegrees>30.529205322265625</LatitudeDegrees>
                            <LongitudeDegrees>104.05996704101562</LongitudeDegrees>
                        </Position>
                        <AltitudeMeters>435.8783264160156</AltitudeMeters>
                    </Trackpoint>
                    <Trackpoint>
                        <DistanceMeters>482.1651840209961</DistanceMeters>
                        <Time>2021-09-12T11:38:22.026Z</Time>
                        <Position>
                            <LatitudeDegrees>30.52916717529297</LatitudeDegrees>
                            <LongitudeDegrees>104.05996704101562</LongitudeDegrees>
                        </Position>
                        <AltitudeMeters>435.8783264160156</AltitudeMeters>
                    </Trackpoint>
                    <Trackpoint>
                        <DistanceMeters>482.1651840209961</DistanceMeters>
                        <Time>2021-09-12T11:38:23.012Z</Time>
                        <Position>
                            <LatitudeDegrees>30.529123306274414</LatitudeDegrees>
                            <LongitudeDegrees>104.0599594116211</LongitudeDegrees>
                        </Position>
                        <AltitudeMeters>437.6898193359375</AltitudeMeters>
                    </Trackpoint>
                    <Trackpoint>
                        <DistanceMeters>482.1651840209961</DistanceMeters>
                        <Time>2021-09-12T11:38:23.611Z</Time>
                        <Position>
                            <LatitudeDegrees>30.52910041809082</LatitudeDegrees>
                            <LongitudeDegrees>104.0599594116211</LongitudeDegrees>
                        </Position>
                        <AltitudeMeters>437.6898193359375</AltitudeMeters>
                    </Trackpoint>
                    <Trackpoint>
                        <DistanceMeters>482.1651840209961</DistanceMeters>
                        <Time>2021-09-12T11:38:24.470Z</Time>
                        <Position>
                            <LatitudeDegrees>30.529069900512695</LatitudeDegrees>
                            <LongitudeDegrees>104.0599594116211</LongitudeDegrees>
                        </Position>
                        <AltitudeMeters>437.6898193359375</AltitudeMeters>
                    </Trackpoint>
                    <Trackpoint>
                        <DistanceMeters>482.1651840209961</DistanceMeters>
                        <Time>2021-09-12T11:38:25.019Z</Time>
                        <Position>
                            <LatitudeDegrees>30.529035568237305</LatitudeDegrees>
                            <LongitudeDegrees>104.05996704101562</LongitudeDegrees>
                        </Position>
                        <AltitudeMeters>439.340576171875</AltitudeMeters>
                    </Trackpoint>
                    <Trackpoint>
                        <DistanceMeters>482.1651840209961</DistanceMeters>
                        <Time>2021-09-12T11:38:25.735Z</Time>
                        <Position>
                            <LatitudeDegrees>30.52901268005371</LatitudeDegrees>
                            <LongitudeDegrees>104.05996704101562</LongitudeDegrees>
                        </Position>
                        <AltitudeMeters>439.340576171875</AltitudeMeters>
                    </Trackpoint>
                    <Trackpoint>
                        <DistanceMeters>482.1651840209961</DistanceMeters>
                        <Time>2021-09-12T11:38:27.011Z</Time>
                        <Position>
                            <LatitudeDegrees>30.528968811035156</LatitudeDegrees>
                            <LongitudeDegrees>104.0599594116211</LongitudeDegrees>
                        </Position>
                        <AltitudeMeters>440.7432556152344</AltitudeMeters>
                    </Trackpoint>
                    <Trackpoint>
                        <DistanceMeters>482.1651840209961</DistanceMeters>
                        <Time>2021-09-12T11:38:27.679Z</Time>
                        <Position>
                            <LatitudeDegrees>30.528945922851562</LatitudeDegrees>
                            <LongitudeDegrees>104.0599594116211</LongitudeDegrees>
                        </Position>
                        <AltitudeMeters>440.7432556152344</AltitudeMeters>
                    </Trackpoint>
                    <Trackpoint>
                        <DistanceMeters>482.1651840209961</DistanceMeters>
                        <Time>2021-09-12T11:38:28.638Z</Time>
                        <Position>
                            <LatitudeDegrees>30.528911590576172</LatitudeDegrees>
                            <LongitudeDegrees>104.0599594116211</LongitudeDegrees>
                        </Position>
                        <AltitudeMeters>442.2270202636719</AltitudeMeters>
                    </Trackpoint>
                    <Trackpoint>
                        <DistanceMeters>482.1651840209961</DistanceMeters>
                        <Time>2021-09-12T11:38:29.994Z</Time>
                        <Position>
                            <LatitudeDegrees>30.528871536254883</LatitudeDegrees>
                            <LongitudeDegrees>104.05995178222656</LongitudeDegrees>
                        </Position>
                        <AltitudeMeters>442.2270202636719</AltitudeMeters>
                    </Trackpoint>
                    <Trackpoint>
                        <DistanceMeters>566.2366638183594</DistanceMeters>
                        <Time>2021-09-12T11:38:30.628Z</Time>
                        <Position>
                            <LatitudeDegrees>30.52884864807129</LatitudeDegrees>
                            <LongitudeDegrees>104.05995178222656</LongitudeDegrees>
                        </Position>
                        <AltitudeMeters>442.1420593261719</AltitudeMeters>
                    </Trackpoint>
                    <Trackpoint>
                        <DistanceMeters>566.2366638183594</DistanceMeters>
                        <Time>2021-09-12T11:38:31.647Z</Time>
                        <Position>
                            <LatitudeDegrees>30.528820037841797</LatitudeDegrees>
                            <LongitudeDegrees>104.05996704101562</LongitudeDegrees>
                        </Position>
                        <AltitudeMeters>442.1420593261719</AltitudeMeters>
                    </Trackpoint>
                    <Trackpoint>
                        <DistanceMeters>566.2366638183594</DistanceMeters>
                        <Time>2021-09-12T11:38:32.195Z</Time>
                        <Position>
                            <LatitudeDegrees>30.528804779052734</LatitudeDegrees>
                            <LongitudeDegrees>104.05996704101562</LongitudeDegrees>
                        </Position>
                        <AltitudeMeters>440.1682434082031</AltitudeMeters>
                    </Trackpoint>
                    <Trackpoint>
                        <DistanceMeters>566.2366638183594</DistanceMeters>
                        <Time>2021-09-12T11:38:33.035Z</Time>
                        <Position>
                            <LatitudeDegrees>30.52878189086914</LatitudeDegrees>
                            <LongitudeDegrees>104.05997467041016</LongitudeDegrees>
                        </Position>
                        <AltitudeMeters>440.1682434082031</AltitudeMeters>
                    </Trackpoint>
                    <Trackpoint>
                        <DistanceMeters>566.2366638183594</DistanceMeters>
                        <Time>2021-09-12T11:38:33.551Z</Time>
                        <Position>
                            <LatitudeDegrees>30.52876853942871</LatitudeDegrees>
                            <LongitudeDegrees>104.05997467041016</LongitudeDegrees>
                        </Position>
                        <AltitudeMeters>440.1682434082031</AltitudeMeters>
                    </Trackpoint>
                    <Trackpoint>
                        <DistanceMeters>566.2366638183594</DistanceMeters>
                        <Time>2021-09-12T11:38:34.088Z</Time>
                        <Position>
                            <LatitudeDegrees>30.528751373291016</LatitudeDegrees>
                            <LongitudeDegrees>104.05997467041016</LongitudeDegrees>
                        </Position>
                        <AltitudeMeters>440.8999938964844</AltitudeMeters>
                    </Trackpoint>
                    <Trackpoint>
                        <DistanceMeters>566.2366638183594</DistanceMeters>
                        <Time>2021-09-12T11:38:35.009Z</Time>
                        <Position>
                            <LatitudeDegrees>30.528728485107422</LatitudeDegrees>
                            <LongitudeDegrees>104.05997467041016</LongitudeDegrees>
                        </Position>
                        <AltitudeMeters>440.8999938964844</AltitudeMeters>
                    </Trackpoint>
                    <Trackpoint>
                        <DistanceMeters>566.2366638183594</DistanceMeters>
                        <Time>2021-09-12T11:38:36.027Z</Time>
                        <Position>
                            <LatitudeDegrees>30.52869987487793</LatitudeDegrees>
                            <LongitudeDegrees>104.05997467041016</LongitudeDegrees>
                        </Position>
                        <AltitudeMeters>440.8999938964844</AltitudeMeters>
                    </Trackpoint>
                    <Trackpoint>
                        <DistanceMeters>566.2366638183594</DistanceMeters>
                        <Time>2021-09-12T11:38:37.016Z</Time>
                        <Position>
                            <LatitudeDegrees>30.528669357299805</LatitudeDegrees>
                            <LongitudeDegrees>104.05997467041016</LongitudeDegrees>
                        </Position>
                        <AltitudeMeters>439.92376708984375</AltitudeMeters>
                    </Trackpoint>
                    <Trackpoint>
                        <DistanceMeters>566.2366638183594</DistanceMeters>
                        <Time>2021-09-12T11:38:38.040Z</Time>
                        <Position>
                            <LatitudeDegrees>30.528644561767578</LatitudeDegrees>
                            <LongitudeDegrees>104.05998229980469</LongitudeDegrees>
                        </Position>
                        <AltitudeMeters>439.1217041015625</AltitudeMeters>
                    </Trackpoint>
                    <Trackpoint>
                        <DistanceMeters>566.2366638183594</DistanceMeters>
                        <Time>2021-09-12T11:38:38.769Z</Time>
                        <Position>
                            <LatitudeDegrees>30.52862548828125</LatitudeDegrees>
                            <LongitudeDegrees>104.05998992919922</LongitudeDegrees>
                        </Position>
                        <AltitudeMeters>439.1217041015625</AltitudeMeters>
                    </Trackpoint>
                    <Trackpoint>
                        <DistanceMeters>566.2366638183594</DistanceMeters>
                        <Time>2021-09-12T11:38:39.430Z</Time>
                        <Position>
                            <LatitudeDegrees>30.528608322143555</LatitudeDegrees>
                            <LongitudeDegrees>104.05999755859375</LongitudeDegrees>
                        </Position>
                        <AltitudeMeters>437.59765625</AltitudeMeters>
                    </Trackpoint>
                    <Trackpoint>
                        <DistanceMeters>566.2366638183594</DistanceMeters>
                        <Time>2021-09-12T11:38:40.040Z</Time>
                        <Position>
                            <LatitudeDegrees>30.52859115600586</LatitudeDegrees>
                            <LongitudeDegrees>104.05999755859375</LongitudeDegrees>
                        </Position>
                        <AltitudeMeters>439.3977355957031</AltitudeMeters>
                    </Trackpoint>
                    <Trackpoint>
                        <DistanceMeters>566.2366638183594</DistanceMeters>
                        <Time>2021-09-12T11:38:41.373Z</Time>
                        <Position>
                            <LatitudeDegrees>30.528533935546875</LatitudeDegrees>
                            <LongitudeDegrees>104.06000518798828</LongitudeDegrees>
                        </Position>
                        <AltitudeMeters>439.40496826171875</AltitudeMeters>
                    </Trackpoint>
                    <Trackpoint>
                        <DistanceMeters>566.2366638183594</DistanceMeters>
                        <Time>2021-09-12T11:38:42.021Z</Time>
                        <Position>
                            <LatitudeDegrees>30.528522491455078</LatitudeDegrees>
                            <LongitudeDegrees>104.06001281738281</LongitudeDegrees>
                        </Position>
                        <AltitudeMeters>439.40496826171875</AltitudeMeters>
                    </Trackpoint>
                    <Trackpoint>
                        <DistanceMeters>566.2366638183594</DistanceMeters>
                        <Time>2021-09-12T11:38:43.004Z</Time>
                        <Position>
                            <LatitudeDegrees>30.528507232666016</LatitudeDegrees>
                            <LongitudeDegrees>104.06002044677734</LongitudeDegrees>
                        </Position>
                        <AltitudeMeters>439.1668701171875</AltitudeMeters>
                    </Trackpoint>
                    <Trackpoint>
                        <DistanceMeters>566.2366638183594</DistanceMeters>
                        <Time>2021-09-12T11:38:43.684Z</Time>
                        <Position>
                            <LatitudeDegrees>30.528493881225586</LatitudeDegrees>
                            <LongitudeDegrees>104.06002044677734</LongitudeDegrees>
                        </Position>
                        <AltitudeMeters>439.1668701171875</AltitudeMeters>
                    </Trackpoint>
                    <Trackpoint>
                        <DistanceMeters>566.2366638183594</DistanceMeters>
                        <Time>2021-09-12T11:38:45.016Z</Time>
                        <Position>
                            <LatitudeDegrees>30.528467178344727</LatitudeDegrees>
                            <LongitudeDegrees>104.06001281738281</LongitudeDegrees>
                        </Position>
                        <AltitudeMeters>439.4371337890625</AltitudeMeters>
                    </Trackpoint>
                    <Trackpoint>
                        <DistanceMeters>566.2366638183594</DistanceMeters>
                        <Time>2021-09-12T11:38:45.723Z</Time>
                        <Position>
                            <LatitudeDegrees>30.528451919555664</LatitudeDegrees>
                            <LongitudeDegrees>104.06000518798828</LongitudeDegrees>
                        </Position>
                        <AltitudeMeters>439.4371337890625</AltitudeMeters>
                    </Trackpoint>
                    <Trackpoint>
                        <DistanceMeters>566.2366638183594</DistanceMeters>
                        <Time>2021-09-12T11:38:46.359Z</Time>
                        <Position>
                            <LatitudeDegrees>30.528440475463867</LatitudeDegrees>
                            <LongitudeDegrees>104.06000518798828</LongitudeDegrees>
                        </Position>
                        <AltitudeMeters>437.5474548339844</AltitudeMeters>
                    </Trackpoint>
                    <Trackpoint>
                        <DistanceMeters>566.2366638183594</DistanceMeters>
                        <Time>2021-09-12T11:38:47.274Z</Time>
                        <Position>
                            <LatitudeDegrees>30.52842140197754</LatitudeDegrees>
                            <LongitudeDegrees>104.05999755859375</LongitudeDegrees>
                        </Position>
                        <AltitudeMeters>437.5474548339844</AltitudeMeters>
                    </Trackpoint>
                    <Trackpoint>
                        <DistanceMeters>566.2366638183594</DistanceMeters>
                        <Time>2021-09-12T11:38:48.041Z</Time>
                        <Position>
                            <LatitudeDegrees>30.528404235839844</LatitudeDegrees>
                            <LongitudeDegrees>104.05999755859375</LongitudeDegrees>
                        </Position>
                        <AltitudeMeters>435.9815979003906</AltitudeMeters>
                    </Trackpoint>
                    <Trackpoint>
                        <DistanceMeters>566.2366638183594</DistanceMeters>
                        <Time>2021-09-12T11:38:49.011Z</Time>
                        <Position>
                            <LatitudeDegrees>30.528383255004883</LatitudeDegrees>
                            <LongitudeDegrees>104.05999755859375</LongitudeDegrees>
                        </Position>
                        <AltitudeMeters>435.9815979003906</AltitudeMeters>
                    </Trackpoint>
                    <Trackpoint>
                        <DistanceMeters>566.2366638183594</DistanceMeters>
                        <Time>2021-09-12T11:38:49.536Z</Time>
                        <Position>
                            <LatitudeDegrees>30.52837371826172</LatitudeDegrees>
                            <LongitudeDegrees>104.06000518798828</LongitudeDegrees>
                        </Position>
                        <AltitudeMeters>435.9815979003906</AltitudeMeters>
                    </Trackpoint>
                    <Trackpoint>
                        <DistanceMeters>566.2366638183594</DistanceMeters>
                        <Time>2021-09-12T11:38:50.044Z</Time>
                        <Position>
                            <LatitudeDegrees>30.528366088867188</LatitudeDegrees>
                            <LongitudeDegrees>104.06001281738281</LongitudeDegrees>
                        </Position>
                        <AltitudeMeters>434.8524169921875</AltitudeMeters>
                    </Trackpoint>
                    <Trackpoint>
                        <DistanceMeters>566.2366638183594</DistanceMeters>
                        <Time>2021-09-12T11:38:51.111Z</Time>
                        <Position>
                            <LatitudeDegrees>30.528348922729492</LatitudeDegrees>
                            <LongitudeDegrees>104.06001281738281</LongitudeDegrees>
                        </Position>
                        <AltitudeMeters>434.8524169921875</AltitudeMeters>
                    </Trackpoint>
                    <Trackpoint>
                        <DistanceMeters>566.2366638183594</DistanceMeters>
                        <Time>2021-09-12T11:38:51.772Z</Time>
                        <Position>
                            <LatitudeDegrees>30.528335571289062</LatitudeDegrees>
                            <LongitudeDegrees>104.06002044677734</LongitudeDegrees>
                        </Position>
                        <AltitudeMeters>434.8524169921875</AltitudeMeters>
                    </Trackpoint>
                    <Trackpoint>
                        <DistanceMeters>566.2366638183594</DistanceMeters>
                        <Time>2021-09-12T11:38:52.470Z</Time>
                        <Position>
                            <LatitudeDegrees>30.528324127197266</LatitudeDegrees>
                            <LongitudeDegrees>104.06002807617188</LongitudeDegrees>
                        </Position>
                        <AltitudeMeters>436.6175231933594</AltitudeMeters>
                    </Trackpoint>
                    <Trackpoint>
                        <DistanceMeters>566.2366638183594</DistanceMeters>
                        <Time>2021-09-12T11:38:53.094Z</Time>
                        <Position>
                            <LatitudeDegrees>30.528310775756836</LatitudeDegrees>
                            <LongitudeDegrees>104.0600357055664</LongitudeDegrees>
                        </Position>
                        <AltitudeMeters>436.6175231933594</AltitudeMeters>
                    </Trackpoint>
                    <Trackpoint>
                        <DistanceMeters>566.2366638183594</DistanceMeters>
                        <Time>2021-09-12T11:38:53.930Z</Time>
                        <Position>
                            <LatitudeDegrees>30.528289794921875</LatitudeDegrees>
                            <LongitudeDegrees>104.06004333496094</LongitudeDegrees>
                        </Position>
                        <AltitudeMeters>436.6175231933594</AltitudeMeters>
                    </Trackpoint>
                    <Trackpoint>
                        <DistanceMeters>566.2366638183594</DistanceMeters>
                        <Time>2021-09-12T11:38:54.534Z</Time>
                        <Position>
                            <LatitudeDegrees>30.52827262878418</LatitudeDegrees>
                            <LongitudeDegrees>104.06005096435547</LongitudeDegrees>
                        </Position>
                        <AltitudeMeters>436.7567138671875</AltitudeMeters>
                    </Trackpoint>
                    <Trackpoint>
                        <DistanceMeters>566.2366638183594</DistanceMeters>
                        <Time>2021-09-12T11:38:55.212Z</Time>
                        <Position>
                            <LatitudeDegrees>30.528257369995117</LatitudeDegrees>
                            <LongitudeDegrees>104.06005859375</LongitudeDegrees>
                        </Position>
                        <AltitudeMeters>436.7567138671875</AltitudeMeters>
                    </Trackpoint>
                    <Trackpoint>
                        <DistanceMeters>566.2366638183594</DistanceMeters>
                        <Time>2021-09-12T11:38:55.854Z</Time>
                        <Position>
                            <LatitudeDegrees>30.528244018554688</LatitudeDegrees>
                            <LongitudeDegrees>104.06006622314453</LongitudeDegrees>
                        </Position>
                        <AltitudeMeters>436.7567138671875</AltitudeMeters>
                    </Trackpoint>
                    <Trackpoint>
                        <DistanceMeters>566.2366638183594</DistanceMeters>
                        <Time>2021-09-12T11:38:56.495Z</Time>
                        <Position>
                            <LatitudeDegrees>30.528230667114258</LatitudeDegrees>
                            <LongitudeDegrees>104.06008911132812</LongitudeDegrees>
                        </Position>
                        <AltitudeMeters>438.6257629394531</AltitudeMeters>
                    </Trackpoint>
                    <Trackpoint>
                        <DistanceMeters>566.2366638183594</DistanceMeters>
                        <Time>2021-09-12T11:38:58.021Z</Time>
                        <Position>
                            <LatitudeDegrees>30.5281925201416</LatitudeDegrees>
                            <LongitudeDegrees>104.06010437011719</LongitudeDegrees>
                        </Position>
                        <AltitudeMeters>438.6257629394531</AltitudeMeters>
                    </Trackpoint>
                    <Trackpoint>
                        <DistanceMeters>566.2366638183594</DistanceMeters>
                        <Time>2021-09-12T11:38:59.091Z</Time>
                        <Position>
                            <LatitudeDegrees>30.52815818786621</LatitudeDegrees>
                            <LongitudeDegrees>104.06011962890625</LongitudeDegrees>
                        </Position>
                        <AltitudeMeters>437.8204650878906</AltitudeMeters>
                    </Trackpoint>
                    <Trackpoint>
                        <DistanceMeters>661.246955871582</DistanceMeters>
                        <Time>2021-09-12T11:39:00.024Z</Time>
                        <Position>
                            <LatitudeDegrees>30.52812385559082</LatitudeDegrees>
                            <LongitudeDegrees>104.06011962890625</LongitudeDegrees>
                        </Position>
                        <AltitudeMeters>437.8204650878906</AltitudeMeters>
                    </Trackpoint>
                    <Trackpoint>
                        <DistanceMeters>661.246955871582</DistanceMeters>
                        <Time>2021-09-12T11:39:01.003Z</Time>
                        <Position>
                            <LatitudeDegrees>30.528095245361328</LatitudeDegrees>
                            <LongitudeDegrees>104.06012725830078</LongitudeDegrees>
                        </Position>
                        <AltitudeMeters>438.0231018066406</AltitudeMeters>
                    </Trackpoint>
                    <Trackpoint>
                        <DistanceMeters>661.246955871582</DistanceMeters>
                        <Time>2021-09-12T11:39:01.853Z</Time>
                        <Position>
                            <LatitudeDegrees>30.528078079223633</LatitudeDegrees>
                            <LongitudeDegrees>104.06013488769531</LongitudeDegrees>
                        </Position>
                        <AltitudeMeters>438.0231018066406</AltitudeMeters>
                    </Trackpoint>
                    <Trackpoint>
                        <DistanceMeters>661.246955871582</DistanceMeters>
                        <Time>2021-09-12T11:39:02.376Z</Time>
                        <Position>
                            <LatitudeDegrees>30.5280704498291</LatitudeDegrees>
                            <LongitudeDegrees>104.06014251708984</LongitudeDegrees>
                        </Position>
                        <AltitudeMeters>436.2109069824219</AltitudeMeters>
                    </Trackpoint>
                    <Trackpoint>
                        <DistanceMeters>661.246955871582</DistanceMeters>
                        <Time>2021-09-12T11:39:03.018Z</Time>
                        <Position>
                            <LatitudeDegrees>30.52805519104004</LatitudeDegrees>
                            <LongitudeDegrees>104.0601577758789</LongitudeDegrees>
                        </Position>
                        <AltitudeMeters>436.2109069824219</AltitudeMeters>
                    </Trackpoint>
                    <Trackpoint>
                        <DistanceMeters>661.246955871582</DistanceMeters>
                        <Time>2021-09-12T11:39:04.024Z</Time>
                        <Position>
                            <LatitudeDegrees>30.528030395507812</LatitudeDegrees>
                            <LongitudeDegrees>104.06017303466797</LongitudeDegrees>
                        </Position>
                        <AltitudeMeters>436.2109069824219</AltitudeMeters>
                    </Trackpoint>
                    <Trackpoint>
                        <DistanceMeters>661.246955871582</DistanceMeters>
                        <Time>2021-09-12T11:39:05.004Z</Time>
                        <Position>
                            <LatitudeDegrees>30.528003692626953</LatitudeDegrees>
                            <LongitudeDegrees>104.0601806640625</LongitudeDegrees>
                        </Position>
                        <AltitudeMeters>436.304443359375</AltitudeMeters>
                    </Trackpoint>
                    <Trackpoint>
                        <DistanceMeters>661.246955871582</DistanceMeters>
                        <Time>2021-09-12T11:39:06.012Z</Time>
                        <Position>
                            <LatitudeDegrees>30.527976989746094</LatitudeDegrees>
                            <LongitudeDegrees>104.06017303466797</LongitudeDegrees>
                        </Position>
                        <AltitudeMeters>436.304443359375</AltitudeMeters>
                    </Trackpoint>
                    <Trackpoint>
                        <DistanceMeters>661.246955871582</DistanceMeters>
                        <Time>2021-09-12T11:39:07.025Z</Time>
                        <Position>
                            <LatitudeDegrees>30.527950286865234</LatitudeDegrees>
                            <LongitudeDegrees>104.06016540527344</LongitudeDegrees>
                        </Position>
                        <AltitudeMeters>437.23291015625</AltitudeMeters>
                    </Trackpoint>
                    <Trackpoint>
                        <DistanceMeters>661.246955871582</DistanceMeters>
                        <Time>2021-09-12T11:39:07.712Z</Time>
                        <Position>
                            <LatitudeDegrees>30.527931213378906</LatitudeDegrees>
                            <LongitudeDegrees>104.06017303466797</LongitudeDegrees>
                        </Position>
                        <AltitudeMeters>437.23291015625</AltitudeMeters>
                    </Trackpoint>
                    <Trackpoint>
                        <DistanceMeters>661.246955871582</DistanceMeters>
                        <Time>2021-09-12T11:39:08.216Z</Time>
                        <Position>
                            <LatitudeDegrees>30.52791976928711</LatitudeDegrees>
                            <LongitudeDegrees>104.0601806640625</LongitudeDegrees>
                        </Position>
                        <AltitudeMeters>436.44464111328125</AltitudeMeters>
                    </Trackpoint>
                    <Trackpoint>
                        <DistanceMeters>661.246955871582</DistanceMeters>
                        <Time>2021-09-12T11:39:09.014Z</Time>
                        <Position>
                            <LatitudeDegrees>30.527902603149414</LatitudeDegrees>
                            <LongitudeDegrees>104.06019592285156</LongitudeDegrees>
                        </Position>
                        <AltitudeMeters>436.44464111328125</AltitudeMeters>
                    </Trackpoint>
                    <Trackpoint>
                        <DistanceMeters>661.246955871582</DistanceMeters>
                        <Time>2021-09-12T11:39:09.795Z</Time>
                        <Position>
                            <LatitudeDegrees>30.527883529663086</LatitudeDegrees>
                            <LongitudeDegrees>104.06021118164062</LongitudeDegrees>
                        </Position>
                        <AltitudeMeters>436.44464111328125</AltitudeMeters>
                    </Trackpoint>
                    <Trackpoint>
                        <DistanceMeters>661.246955871582</DistanceMeters>
                        <Time>2021-09-12T11:39:10.689Z</Time>
                        <Position>
                            <LatitudeDegrees>30.527864456176758</LatitudeDegrees>
                            <LongitudeDegrees>104.06023406982422</LongitudeDegrees>
                        </Position>
                        <AltitudeMeters>436.3933410644531</AltitudeMeters>
                    </Trackpoint>
                    <Trackpoint>
                        <DistanceMeters>661.246955871582</DistanceMeters>
                        <Time>2021-09-12T11:39:12.027Z</Time>
                        <Position>
                            <LatitudeDegrees>30.5278377532959</LatitudeDegrees>
                            <LongitudeDegrees>104.06024932861328</LongitudeDegrees>
                        </Position>
                        <AltitudeMeters>436.3933410644531</AltitudeMeters>
                    </Trackpoint>
                    <Trackpoint>
                        <DistanceMeters>661.246955871582</DistanceMeters>
                        <Time>2021-09-12T11:39:13.032Z</Time>
                        <Position>
                            <LatitudeDegrees>30.527816772460938</LatitudeDegrees>
                            <LongitudeDegrees>104.06026458740234</LongitudeDegrees>
                        </Position>
                        <AltitudeMeters>436.3148193359375</AltitudeMeters>
                    </Trackpoint>
                    <Trackpoint>
                        <DistanceMeters>661.246955871582</DistanceMeters>
                        <Time>2021-09-12T11:39:13.871Z</Time>
                        <Position>
                            <LatitudeDegrees>30.527799606323242</LatitudeDegrees>
                            <LongitudeDegrees>104.0602798461914</LongitudeDegrees>
                        </Position>
                        <AltitudeMeters>436.3148193359375</AltitudeMeters>
                    </Trackpoint>
                    <Trackpoint>
                        <DistanceMeters>661.246955871582</DistanceMeters>
                        <Time>2021-09-12T11:39:15.024Z</Time>
                        <Position>
                            <LatitudeDegrees>30.52778434753418</LatitudeDegrees>
                            <LongitudeDegrees>104.060302734375</LongitudeDegrees>
                        </Position>
                        <AltitudeMeters>434.90533447265625</AltitudeMeters>
                    </Trackpoint>
                    <Trackpoint>
                        <DistanceMeters>661.246955871582</DistanceMeters>
                        <Time>2021-09-12T11:39:15.930Z</Time>
                        <Position>
                            <LatitudeDegrees>30.527769088745117</LatitudeDegrees>
                            <LongitudeDegrees>104.0603256225586</LongitudeDegrees>
                        </Position>
                        <AltitudeMeters>434.90533447265625</AltitudeMeters>
                    </Trackpoint>
                    <Trackpoint>
                        <DistanceMeters>661.246955871582</DistanceMeters>
                        <Time>2021-09-12T11:39:16.955Z</Time>
                        <Position>
                            <LatitudeDegrees>30.527748107910156</LatitudeDegrees>
                            <LongitudeDegrees>104.06034851074219</LongitudeDegrees>
                        </Position>
                        <AltitudeMeters>435.1733093261719</AltitudeMeters>
                    </Trackpoint>
                    <Trackpoint>
                        <DistanceMeters>661.246955871582</DistanceMeters>
                        <Time>2021-09-12T11:39:17.494Z</Time>
                        <Position>
                            <LatitudeDegrees>30.527738571166992</LatitudeDegrees>
                            <LongitudeDegrees>104.06035614013672</LongitudeDegrees>
                        </Position>
                        <AltitudeMeters>435.1733093261719</AltitudeMeters>
                    </Trackpoint>
                    <Trackpoint>
                        <DistanceMeters>661.246955871582</DistanceMeters>
                        <Time>2021-09-12T11:39:18.012Z</Time>
                        <Position>
                            <LatitudeDegrees>30.527727127075195</LatitudeDegrees>
                            <LongitudeDegrees>104.06037139892578</LongitudeDegrees>
                        </Position>
                        <AltitudeMeters>435.1733093261719</AltitudeMeters>
                    </Trackpoint>
                    <Trackpoint>
                        <DistanceMeters>661.246955871582</DistanceMeters>
                        <Time>2021-09-12T11:39:18.653Z</Time>
                        <Position>
                            <LatitudeDegrees>30.527713775634766</LatitudeDegrees>
                            <LongitudeDegrees>104.06038665771484</LongitudeDegrees>
                        </Position>
                        <AltitudeMeters>433.9671325683594</AltitudeMeters>
                    </Trackpoint>
                    <Trackpoint>
                        <DistanceMeters>661.246955871582</DistanceMeters>
                        <Time>2021-09-12T11:39:19.653Z</Time>
                        <Position>
                            <LatitudeDegrees>30.527692794799805</LatitudeDegrees>
                            <LongitudeDegrees>104.0604019165039</LongitudeDegrees>
                        </Position>
                        <AltitudeMeters>433.9671325683594</AltitudeMeters>
                    </Trackpoint>
                    <Trackpoint>
                        <DistanceMeters>661.246955871582</DistanceMeters>
                        <Time>2021-09-12T11:39:20.041Z</Time>
                        <Position>
                            <LatitudeDegrees>30.527681350708008</LatitudeDegrees>
                            <LongitudeDegrees>104.06040954589844</LongitudeDegrees>
                        </Position>
                        <AltitudeMeters>434.0646667480469</AltitudeMeters>
                    </Trackpoint>
                    <Trackpoint>
                        <DistanceMeters>661.246955871582</DistanceMeters>
                        <Time>2021-09-12T11:39:21.026Z</Time>
                        <Position>
                            <LatitudeDegrees>30.52765464782715</LatitudeDegrees>
                            <LongitudeDegrees>104.0604248046875</LongitudeDegrees>
                        </Position>
                        <AltitudeMeters>434.0646667480469</AltitudeMeters>
                    </Trackpoint>
                    <Trackpoint>
                        <DistanceMeters>661.246955871582</DistanceMeters>
                        <Time>2021-09-12T11:39:22.017Z</Time>
                        <Position>
                            <LatitudeDegrees>30.52762794494629</LatitudeDegrees>
                            <LongitudeDegrees>104.06044006347656</LongitudeDegrees>
                        </Position>
                        <AltitudeMeters>434.0646667480469</AltitudeMeters>
                    </Trackpoint>
                    <Trackpoint>
                        <DistanceMeters>661.246955871582</DistanceMeters>
                        <Time>2021-09-12T11:39:23.015Z</Time>
                        <Position>
                            <LatitudeDegrees>30.527599334716797</LatitudeDegrees>
                            <LongitudeDegrees>104.06046295166016</LongitudeDegrees>
                        </Position>
                        <AltitudeMeters>434.6612854003906</AltitudeMeters>
                    </Trackpoint>
                    <Trackpoint>
                        <DistanceMeters>661.246955871582</DistanceMeters>
                        <Time>2021-09-12T11:39:24.046Z</Time>
                        <Position>
                            <LatitudeDegrees>30.527576446533203</LatitudeDegrees>
                            <LongitudeDegrees>104.06047821044922</LongitudeDegrees>
                        </Position>
                        <AltitudeMeters>434.58258056640625</AltitudeMeters>
                    </Trackpoint>
                    <Trackpoint>
                        <DistanceMeters>661.246955871582</DistanceMeters>
                        <Time>2021-09-12T11:39:25.013Z</Time>
                        <Position>
                            <LatitudeDegrees>30.527557373046875</LatitudeDegrees>
                            <LongitudeDegrees>104.06050109863281</LongitudeDegrees>
                        </Position>
                        <AltitudeMeters>434.58258056640625</AltitudeMeters>
                    </Trackpoint>
                    <Trackpoint>
                        <DistanceMeters>661.246955871582</DistanceMeters>
                        <Time>2021-09-12T11:39:25.512Z</Time>
                        <Position>
                            <LatitudeDegrees>30.527545928955078</LatitudeDegrees>
                            <LongitudeDegrees>104.06050872802734</LongitudeDegrees>
                        </Position>
                        <AltitudeMeters>434.58258056640625</AltitudeMeters>
                    </Trackpoint>
                    <Trackpoint>
                        <DistanceMeters>661.246955871582</DistanceMeters>
                        <Time>2021-09-12T11:39:26.045Z</Time>
                        <Position>
                            <LatitudeDegrees>30.52753257751465</LatitudeDegrees>
                            <LongitudeDegrees>104.0605239868164</LongitudeDegrees>
                        </Position>
                        <AltitudeMeters>433.4627990722656</AltitudeMeters>
                    </Trackpoint>
                    <Trackpoint>
                        <DistanceMeters>661.246955871582</DistanceMeters>
                        <Time>2021-09-12T11:39:26.638Z</Time>
                        <Position>
                            <LatitudeDegrees>30.52752113342285</LatitudeDegrees>
                            <LongitudeDegrees>104.06053924560547</LongitudeDegrees>
                        </Position>
                        <AltitudeMeters>433.4627990722656</AltitudeMeters>
                    </Trackpoint>
                    <Trackpoint>
                        <DistanceMeters>661.246955871582</DistanceMeters>
                        <Time>2021-09-12T11:39:27.214Z</Time>
                        <Position>
                            <LatitudeDegrees>30.527507781982422</LatitudeDegrees>
                            <LongitudeDegrees>104.060546875</LongitudeDegrees>
                        </Position>
                        <AltitudeMeters>433.4627990722656</AltitudeMeters>
                    </Trackpoint>
                    <Trackpoint>
                        <DistanceMeters>661.246955871582</DistanceMeters>
                        <Time>2021-09-12T11:39:27.842Z</Time>
                        <Position>
                            <LatitudeDegrees>30.52749252319336</LatitudeDegrees>
                            <LongitudeDegrees>104.06056213378906</LongitudeDegrees>
                        </Position>
                        <AltitudeMeters>433.4627990722656</AltitudeMeters>
                    </Trackpoint>
                    <Trackpoint>
                        <DistanceMeters>661.246955871582</DistanceMeters>
                        <Time>2021-09-12T11:39:28.452Z</Time>
                        <Position>
                            <LatitudeDegrees>30.52747917175293</LatitudeDegrees>
                            <LongitudeDegrees>104.06057739257812</LongitudeDegrees>
                        </Position>
                        <AltitudeMeters>434.0791015625</AltitudeMeters>
                    </Trackpoint>
                    <Trackpoint>
                        <DistanceMeters>661.246955871582</DistanceMeters>
                        <Time>2021-09-12T11:39:29.026Z</Time>
                        <Position>
                            <LatitudeDegrees>30.527467727661133</LatitudeDegrees>
                            <LongitudeDegrees>104.06059265136719</LongitudeDegrees>
                        </Position>
                        <AltitudeMeters>434.0791015625</AltitudeMeters>
                    </Trackpoint>
                    <Trackpoint>
                        <DistanceMeters>661.246955871582</DistanceMeters>
                        <Time>2021-09-12T11:39:29.548Z</Time>
                        <Position>
                            <LatitudeDegrees>30.527456283569336</LatitudeDegrees>
                            <LongitudeDegrees>104.06060791015625</LongitudeDegrees>
                        </Position>
                        <AltitudeMeters>434.0791015625</AltitudeMeters>
                    </Trackpoint>
                    <Trackpoint>
                        <DistanceMeters>746.5181045532227</DistanceMeters>
                        <Time>2021-09-12T11:39:31.016Z</Time>
                        <Position>
                            <LatitudeDegrees>30.527423858642578</LatitudeDegrees>
                            <LongitudeDegrees>104.06063842773438</LongitudeDegrees>
                        </Position>
                        <AltitudeMeters>434.75848388671875</AltitudeMeters>
                    </Trackpoint>
                    <Trackpoint>
                        <DistanceMeters>746.5181045532227</DistanceMeters>
                        <Time>2021-09-12T11:39:32.011Z</Time>
                        <Position>
                            <LatitudeDegrees>30.52740478515625</LatitudeDegrees>
                            <LongitudeDegrees>104.06066131591797</LongitudeDegrees>
                        </Position>
                        <AltitudeMeters>434.75848388671875</AltitudeMeters>
                    </Trackpoint>
                    <Trackpoint>
                        <DistanceMeters>746.5181045532227</DistanceMeters>
                        <Time>2021-09-12T11:39:32.654Z</Time>
                        <Position>
                            <LatitudeDegrees>30.527393341064453</LatitudeDegrees>
                            <LongitudeDegrees>104.0606689453125</LongitudeDegrees>
                        </Position>
                        <AltitudeMeters>434.7475891113281</AltitudeMeters>
                    </Trackpoint>
                    <Trackpoint>
                        <DistanceMeters>746.5181045532227</DistanceMeters>
                        <Time>2021-09-12T11:39:34.036Z</Time>
                        <Position>
                            <LatitudeDegrees>30.52737808227539</LatitudeDegrees>
                            <LongitudeDegrees>104.06069946289062</LongitudeDegrees>
                        </Position>
                        <AltitudeMeters>435.7358703613281</AltitudeMeters>
                    </Trackpoint>
                    <Trackpoint>
                        <DistanceMeters>746.5181045532227</DistanceMeters>
                        <Time>2021-09-12T11:39:36.039Z</Time>
                        <Position>
                            <LatitudeDegrees>30.527360916137695</LatitudeDegrees>
                            <LongitudeDegrees>104.06074523925781</LongitudeDegrees>
                        </Position>
                        <AltitudeMeters>435.0377197265625</AltitudeMeters>
                    </Trackpoint>
                    <Trackpoint>
                        <DistanceMeters>746.5181045532227</DistanceMeters>
                        <Time>2021-09-12T11:39:37.630Z</Time>
                        <Position>
                            <LatitudeDegrees>30.527347564697266</LatitudeDegrees>
                            <LongitudeDegrees>104.0607681274414</LongitudeDegrees>
                        </Position>
                        <AltitudeMeters>435.0377197265625</AltitudeMeters>
                    </Trackpoint>
                    <Trackpoint>
                        <DistanceMeters>746.5181045532227</DistanceMeters>
                        <Time>2021-09-12T11:39:40.736Z</Time>
                        <Position>
                            <LatitudeDegrees>30.5273380279541</LatitudeDegrees>
                            <LongitudeDegrees>104.0607681274414</LongitudeDegrees>
                        </Position>
                        <AltitudeMeters>435.06884765625</AltitudeMeters>
                    </Trackpoint>
                    <Trackpoint>
                        <DistanceMeters>746.5181045532227</DistanceMeters>
                        <Time>2021-09-12T11:39:42.025Z</Time>
                        <Position>
                            <LatitudeDegrees>30.527328491210938</LatitudeDegrees>
                            <LongitudeDegrees>104.06078338623047</LongitudeDegrees>
                        </Position>
                        <AltitudeMeters>435.06884765625</AltitudeMeters>
                    </Trackpoint>
                    <Trackpoint>
                        <DistanceMeters>746.5181045532227</DistanceMeters>
                        <Time>2021-09-12T11:39:43.017Z</Time>
                        <Position>
                            <LatitudeDegrees>30.527315139770508</LatitudeDegrees>
                            <LongitudeDegrees>104.06079864501953</LongitudeDegrees>
                        </Position>
                        <AltitudeMeters>435.6868896484375</AltitudeMeters>
                    </Trackpoint>
                    <Trackpoint>
                        <DistanceMeters>746.5181045532227</DistanceMeters>
                        <Time>2021-09-12T11:39:43.772Z</Time>
                        <Position>
                            <LatitudeDegrees>30.52729606628418</LatitudeDegrees>
                            <LongitudeDegrees>104.06082153320312</LongitudeDegrees>
                        </Position>
                        <AltitudeMeters>435.6868896484375</AltitudeMeters>
                    </Trackpoint>
                    <Trackpoint>
                        <DistanceMeters>746.5181045532227</DistanceMeters>
                        <Time>2021-09-12T11:39:44.336Z</Time>
                        <Position>
                            <LatitudeDegrees>30.527280807495117</LatitudeDegrees>
                            <LongitudeDegrees>104.06083679199219</LongitudeDegrees>
                        </Position>
                        <AltitudeMeters>435.16650390625</AltitudeMeters>
                    </Trackpoint>
                    <Trackpoint>
                        <DistanceMeters>746.5181045532227</DistanceMeters>
                        <Time>2021-09-12T11:39:44.875Z</Time>
                        <Position>
                            <LatitudeDegrees>30.52726936340332</LatitudeDegrees>
                            <LongitudeDegrees>104.06085205078125</LongitudeDegrees>
                        </Position>
                        <AltitudeMeters>435.16650390625</AltitudeMeters>
                    </Trackpoint>
                    <Trackpoint>
                        <DistanceMeters>746.5181045532227</DistanceMeters>
                        <Time>2021-09-12T11:39:45.434Z</Time>
                        <Position>
                            <LatitudeDegrees>30.527257919311523</LatitudeDegrees>
                            <LongitudeDegrees>104.06086730957031</LongitudeDegrees>
                        </Position>
                        <AltitudeMeters>435.16650390625</AltitudeMeters>
                    </Trackpoint>
                    <Trackpoint>
                        <DistanceMeters>746.5181045532227</DistanceMeters>
                        <Time>2021-09-12T11:39:46.111Z</Time>
                        <Position>
                            <LatitudeDegrees>30.527244567871094</LatitudeDegrees>
                            <LongitudeDegrees>104.0608901977539</LongitudeDegrees>
                        </Position>
                        <AltitudeMeters>434.87908935546875</AltitudeMeters>
                    </Trackpoint>
                    <Trackpoint>
                        <DistanceMeters>746.5181045532227</DistanceMeters>
                        <Time>2021-09-12T11:39:47.020Z</Time>
                        <Position>
                            <LatitudeDegrees>30.527225494384766</LatitudeDegrees>
                            <LongitudeDegrees>104.06090545654297</LongitudeDegrees>
                        </Position>
                        <AltitudeMeters>434.87908935546875</AltitudeMeters>
                    </Trackpoint>
                    <Trackpoint>
                        <DistanceMeters>746.5181045532227</DistanceMeters>
                        <Time>2021-09-12T11:39:48.017Z</Time>
                        <Position>
                            <LatitudeDegrees>30.527206420898438</LatitudeDegrees>
                            <LongitudeDegrees>104.06092834472656</LongitudeDegrees>
                        </Position>
                        <AltitudeMeters>434.87908935546875</AltitudeMeters>
                    </Trackpoint>
                    <Trackpoint>
                        <DistanceMeters>746.5181045532227</DistanceMeters>
                        <Time>2021-09-12T11:39:49.018Z</Time>
                        <Position>
                            <LatitudeDegrees>30.527191162109375</LatitudeDegrees>
                            <LongitudeDegrees>104.06095886230469</LongitudeDegrees>
                        </Position>
                        <AltitudeMeters>436.34320068359375</AltitudeMeters>
                    </Trackpoint>
                    <Trackpoint>
                        <DistanceMeters>746.5181045532227</DistanceMeters>
                        <Time>2021-09-12T11:39:50.017Z</Time>
                        <Position>
                            <LatitudeDegrees>30.527175903320312</LatitudeDegrees>
                            <LongitudeDegrees>104.06097412109375</LongitudeDegrees>
                        </Position>
                        <AltitudeMeters>436.34320068359375</AltitudeMeters>
                    </Trackpoint>
                    <Trackpoint>
                        <DistanceMeters>746.5181045532227</DistanceMeters>
                        <Time>2021-09-12T11:39:50.854Z</Time>
                        <Position>
                            <LatitudeDegrees>30.52716064453125</LatitudeDegrees>
                            <LongitudeDegrees>104.06099700927734</LongitudeDegrees>
                        </Position>
                        <AltitudeMeters>435.7438049316406</AltitudeMeters>
                    </Trackpoint>
                    <Trackpoint>
                        <DistanceMeters>746.5181045532227</DistanceMeters>
                        <Time>2021-09-12T11:39:52.035Z</Time>
                        <Position>
                            <LatitudeDegrees>30.527143478393555</LatitudeDegrees>
                            <LongitudeDegrees>104.06103515625</LongitudeDegrees>
                        </Position>
                        <AltitudeMeters>435.7438049316406</AltitudeMeters>
                    </Trackpoint>
                    <Trackpoint>
                        <DistanceMeters>746.5181045532227</DistanceMeters>
                        <Time>2021-09-12T11:39:53.133Z</Time>
                        <Position>
                            <LatitudeDegrees>30.527128219604492</LatitudeDegrees>
                            <LongitudeDegrees>104.06107330322266</LongitudeDegrees>
                        </Position>
                        <AltitudeMeters>435.1011657714844</AltitudeMeters>
                    </Trackpoint>
                    <Trackpoint>
                        <DistanceMeters>746.5181045532227</DistanceMeters>
                        <Time>2021-09-12T11:39:54.026Z</Time>
                        <Position>
                            <LatitudeDegrees>30.527109146118164</LatitudeDegrees>
                            <LongitudeDegrees>104.06111145019531</LongitudeDegrees>
                        </Position>
                        <AltitudeMeters>435.1011657714844</AltitudeMeters>
                    </Trackpoint>
                    <Trackpoint>
                        <DistanceMeters>746.5181045532227</DistanceMeters>
                        <Time>2021-09-12T11:39:55.017Z</Time>
                        <Position>
                            <LatitudeDegrees>30.527088165283203</LatitudeDegrees>
                            <LongitudeDegrees>104.06114959716797</LongitudeDegrees>
                        </Position>
                        <AltitudeMeters>435.1460876464844</AltitudeMeters>
                    </Trackpoint>
                    <Trackpoint>
                        <DistanceMeters>746.5181045532227</DistanceMeters>
                        <Time>2021-09-12T11:39:56.031Z</Time>
                        <Position>
                            <LatitudeDegrees>30.527069091796875</LatitudeDegrees>
                            <LongitudeDegrees>104.06118774414062</LongitudeDegrees>
                        </Position>
                        <AltitudeMeters>435.1460876464844</AltitudeMeters>
                    </Trackpoint>
                    <Trackpoint>
                        <DistanceMeters>746.5181045532227</DistanceMeters>
                        <Time>2021-09-12T11:39:57.013Z</Time>
                        <Position>
                            <LatitudeDegrees>30.52705192565918</LatitudeDegrees>
                            <LongitudeDegrees>104.06122589111328</LongitudeDegrees>
                        </Position>
                        <AltitudeMeters>433.9366760253906</AltitudeMeters>
                    </Trackpoint>
                    <Trackpoint>
                        <DistanceMeters>746.5181045532227</DistanceMeters>
                        <Time>2021-09-12T11:39:58.011Z</Time>
                        <Position>
                            <LatitudeDegrees>30.527034759521484</LatitudeDegrees>
                            <LongitudeDegrees>104.0612564086914</LongitudeDegrees>
                        </Position>
                        <AltitudeMeters>433.9366760253906</AltitudeMeters>
                    </Trackpoint>
                    <Trackpoint>
                        <DistanceMeters>746.5181045532227</DistanceMeters>
                        <Time>2021-09-12T11:39:59.015Z</Time>
                        <Position>
                            <LatitudeDegrees>30.527019500732422</LatitudeDegrees>
                            <LongitudeDegrees>104.06128692626953</LongitudeDegrees>
                        </Position>
                        <AltitudeMeters>434.0435485839844</AltitudeMeters>
                    </Trackpoint>
                    <Trackpoint>
                        <DistanceMeters>746.5181045532227</DistanceMeters>
                        <Time>2021-09-12T11:39:59.700Z</Time>
                        <Position>
                            <LatitudeDegrees>30.527006149291992</LatitudeDegrees>
                            <LongitudeDegrees>104.06130981445312</LongitudeDegrees>
                        </Position>
                        <AltitudeMeters>434.0435485839844</AltitudeMeters>
                    </Trackpoint>
                    <Trackpoint>
                        <DistanceMeters>841.1564331054688</DistanceMeters>
                        <Time>2021-09-12T11:40:00.537Z</Time>
                        <Position>
                            <LatitudeDegrees>30.52699089050293</LatitudeDegrees>
                            <LongitudeDegrees>104.06133270263672</LongitudeDegrees>
                        </Position>
                        <AltitudeMeters>433.6966247558594</AltitudeMeters>
                    </Trackpoint>
                    <Trackpoint>
                        <DistanceMeters>841.1564331054688</DistanceMeters>
                        <Time>2021-09-12T11:40:00.973Z</Time>
                        <Position>
                            <LatitudeDegrees>30.52698516845703</LatitudeDegrees>
                            <LongitudeDegrees>104.06134796142578</LongitudeDegrees>
                        </Position>
                        <AltitudeMeters>433.6966247558594</AltitudeMeters>
                    </Trackpoint>
                    <Trackpoint>
                        <DistanceMeters>841.1564331054688</DistanceMeters>
                        <Time>2021-09-12T11:40:01.550Z</Time>
                        <Position>
                            <LatitudeDegrees>30.526975631713867</LatitudeDegrees>
                            <LongitudeDegrees>104.06136322021484</LongitudeDegrees>
                        </Position>
                        <AltitudeMeters>433.6966247558594</AltitudeMeters>
                    </Trackpoint>
                    <Trackpoint>
                        <DistanceMeters>841.1564331054688</DistanceMeters>
                        <Time>2021-09-12T11:40:01.996Z</Time>
                        <Position>
                            <LatitudeDegrees>30.526968002319336</LatitudeDegrees>
                            <LongitudeDegrees>104.0613784790039</LongitudeDegrees>
                        </Position>
                        <AltitudeMeters>433.6966247558594</AltitudeMeters>
                    </Trackpoint>
                    <Trackpoint>
                        <DistanceMeters>841.1564331054688</DistanceMeters>
                        <Time>2021-09-12T11:40:03.023Z</Time>
                        <Position>
                            <LatitudeDegrees>30.52695083618164</LatitudeDegrees>
                            <LongitudeDegrees>104.06140899658203</LongitudeDegrees>
                        </Position>
                        <AltitudeMeters>433.5027160644531</AltitudeMeters>
                    </Trackpoint>
                    <Trackpoint>
                        <DistanceMeters>841.1564331054688</DistanceMeters>
                        <Time>2021-09-12T11:40:04.019Z</Time>
                        <Position>
                            <LatitudeDegrees>30.526931762695312</LatitudeDegrees>
                            <LongitudeDegrees>104.06143951416016</LongitudeDegrees>
                        </Position>
                        <AltitudeMeters>433.5027160644531</AltitudeMeters>
                    </Trackpoint>
                    <Trackpoint>
                        <DistanceMeters>841.1564331054688</DistanceMeters>
                        <Time>2021-09-12T11:40:05.012Z</Time>
                        <Position>
                            <LatitudeDegrees>30.526914596557617</LatitudeDegrees>
                            <LongitudeDegrees>104.06147003173828</LongitudeDegrees>
                        </Position>
                        <AltitudeMeters>433.22723388671875</AltitudeMeters>
                    </Trackpoint>
                    <Trackpoint>
                        <DistanceMeters>841.1564331054688</DistanceMeters>
                        <Time>2021-09-12T11:40:06.013Z</Time>
                        <Position>
                            <LatitudeDegrees>30.526897430419922</LatitudeDegrees>
                            <LongitudeDegrees>104.0615005493164</LongitudeDegrees>
                        </Position>
                        <AltitudeMeters>433.22723388671875</AltitudeMeters>
                    </Trackpoint>
                    <Trackpoint>
                        <DistanceMeters>841.1564331054688</DistanceMeters>
                        <Time>2021-09-12T11:40:07.005Z</Time>
                        <Position>
                            <LatitudeDegrees>30.52688217163086</LatitudeDegrees>
                            <LongitudeDegrees>104.06153106689453</LongitudeDegrees>
                        </Position>
                        <AltitudeMeters>433.1584167480469</AltitudeMeters>
                    </Trackpoint>
                    <Trackpoint>
                        <DistanceMeters>841.1564331054688</DistanceMeters>
                        <Time>2021-09-12T11:40:07.517Z</Time>
                        <Position>
                            <LatitudeDegrees>30.526872634887695</LatitudeDegrees>
                            <LongitudeDegrees>104.0615463256836</LongitudeDegrees>
                        </Position>
                        <AltitudeMeters>433.1584167480469</AltitudeMeters>
                    </Trackpoint>
                    <Trackpoint>
                        <DistanceMeters>841.1564331054688</DistanceMeters>
                        <Time>2021-09-12T11:40:08.045Z</Time>
                        <Position>
                            <LatitudeDegrees>30.526865005493164</LatitudeDegrees>
                            <LongitudeDegrees>104.06156158447266</LongitudeDegrees>
                        </Position>
                        <AltitudeMeters>433.23895263671875</AltitudeMeters>
                    </Trackpoint>
                    <Trackpoint>
                        <DistanceMeters>841.1564331054688</DistanceMeters>
                        <Time>2021-09-12T11:40:09.037Z</Time>
                        <Position>
                            <LatitudeDegrees>30.526851654052734</LatitudeDegrees>
                            <LongitudeDegrees>104.06159210205078</LongitudeDegrees>
                        </Position>
                        <AltitudeMeters>433.23895263671875</AltitudeMeters>
                    </Trackpoint>
                    <Trackpoint>
                        <DistanceMeters>841.1564331054688</DistanceMeters>
                        <Time>2021-09-12T11:40:09.575Z</Time>
                        <Position>
                            <LatitudeDegrees>30.526845932006836</LatitudeDegrees>
                            <LongitudeDegrees>104.06160736083984</LongitudeDegrees>
                        </Position>
                        <AltitudeMeters>433.23895263671875</AltitudeMeters>
                    </Trackpoint>
                    <Trackpoint>
                        <DistanceMeters>841.1564331054688</DistanceMeters>
                        <Time>2021-09-12T11:40:10.037Z</Time>
                        <Position>
                            <LatitudeDegrees>30.526840209960938</LatitudeDegrees>
                            <LongitudeDegrees>104.0616226196289</LongitudeDegrees>
                        </Position>
                        <AltitudeMeters>433.0486755371094</AltitudeMeters>
                    </Trackpoint>
                    <Trackpoint>
                        <DistanceMeters>841.1564331054688</DistanceMeters>
                        <Time>2021-09-12T11:40:11.026Z</Time>
                        <Position>
                            <LatitudeDegrees>30.526824951171875</LatitudeDegrees>
                            <LongitudeDegrees>104.06165313720703</LongitudeDegrees>
                        </Position>
                        <AltitudeMeters>433.0486755371094</AltitudeMeters>
                    </Trackpoint>
                    <Trackpoint>
                        <DistanceMeters>841.1564331054688</DistanceMeters>
                        <Time>2021-09-12T11:40:12.017Z</Time>
                        <Position>
                            <LatitudeDegrees>30.526803970336914</LatitudeDegrees>
                            <LongitudeDegrees>104.06168365478516</LongitudeDegrees>
                        </Position>
                        <AltitudeMeters>433.0486755371094</AltitudeMeters>
                    </Trackpoint>
                    <Trackpoint>
                        <DistanceMeters>841.1564331054688</DistanceMeters>
                        <Time>2021-09-12T11:40:13.013Z</Time>
                        <Position>
                            <LatitudeDegrees>30.526784896850586</LatitudeDegrees>
                            <LongitudeDegrees>104.06172180175781</LongitudeDegrees>
                        </Position>
                        <AltitudeMeters>434.4197692871094</AltitudeMeters>
                    </Trackpoint>
                    <Trackpoint>
                        <DistanceMeters>841.1564331054688</DistanceMeters>
                        <Time>2021-09-12T11:40:14.013Z</Time>
                        <Position>
                            <LatitudeDegrees>30.526769638061523</LatitudeDegrees>
                            <LongitudeDegrees>104.06175231933594</LongitudeDegrees>
                        </Position>
                        <AltitudeMeters>434.4197692871094</AltitudeMeters>
                    </Trackpoint>
                    <Trackpoint>
                        <DistanceMeters>841.1564331054688</DistanceMeters>
                        <Time>2021-09-12T11:40:14.884Z</Time>
                        <Position>
                            <LatitudeDegrees>30.526756286621094</LatitudeDegrees>
                            <LongitudeDegrees>104.06178283691406</LongitudeDegrees>
                        </Position>
                        <AltitudeMeters>433.0584411621094</AltitudeMeters>
                    </Trackpoint>
                    <Trackpoint>
                        <DistanceMeters>841.1564331054688</DistanceMeters>
                        <Time>2021-09-12T11:40:16.014Z</Time>
                        <Position>
                            <LatitudeDegrees>30.526735305786133</LatitudeDegrees>
                            <LongitudeDegrees>104.06181335449219</LongitudeDegrees>
                        </Position>
                        <AltitudeMeters>433.0584411621094</AltitudeMeters>
                    </Trackpoint>
                    <Trackpoint>
                        <DistanceMeters>841.1564331054688</DistanceMeters>
                        <Time>2021-09-12T11:40:17.297Z</Time>
                        <Position>
                            <LatitudeDegrees>30.526716232299805</LatitudeDegrees>
                            <LongitudeDegrees>104.06184387207031</LongitudeDegrees>
                        </Position>
                        <AltitudeMeters>432.79486083984375</AltitudeMeters>
                    </Trackpoint>
                    <Trackpoint>
                        <DistanceMeters>841.1564331054688</DistanceMeters>
                        <Time>2021-09-12T11:40:18.017Z</Time>
                        <Position>
                            <LatitudeDegrees>30.52670669555664</LatitudeDegrees>
                            <LongitudeDegrees>104.06185913085938</LongitudeDegrees>
                        </Position>
                        <AltitudeMeters>432.79486083984375</AltitudeMeters>
                    </Trackpoint>
                    <Trackpoint>
                        <DistanceMeters>841.1564331054688</DistanceMeters>
                        <Time>2021-09-12T11:40:19.017Z</Time>
                        <Position>
                            <LatitudeDegrees>30.526695251464844</LatitudeDegrees>
                            <LongitudeDegrees>104.06187438964844</LongitudeDegrees>
                        </Position>
                        <AltitudeMeters>432.8975830078125</AltitudeMeters>
                    </Trackpoint>
                    <Trackpoint>
                        <DistanceMeters>841.1564331054688</DistanceMeters>
                        <Time>2021-09-12T11:40:19.898Z</Time>
                        <Position>
                            <LatitudeDegrees>30.52668571472168</LatitudeDegrees>
                            <LongitudeDegrees>104.06189727783203</LongitudeDegrees>
                        </Position>
                        <AltitudeMeters>432.8975830078125</AltitudeMeters>
                    </Trackpoint>
                    <Trackpoint>
                        <DistanceMeters>841.1564331054688</DistanceMeters>
                        <Time>2021-09-12T11:40:21.010Z</Time>
                        <Position>
                            <LatitudeDegrees>30.526676177978516</LatitudeDegrees>
                            <LongitudeDegrees>104.0619125366211</LongitudeDegrees>
                        </Position>
                        <AltitudeMeters>434.4324645996094</AltitudeMeters>
                    </Trackpoint>
                    <Trackpoint>
                        <DistanceMeters>841.1564331054688</DistanceMeters>
                        <Time>2021-09-12T11:40:22.029Z</Time>
                        <Position>
                            <LatitudeDegrees>30.52666473388672</LatitudeDegrees>
                            <LongitudeDegrees>104.06193542480469</LongitudeDegrees>
                        </Position>
                        <AltitudeMeters>434.4324645996094</AltitudeMeters>
                    </Trackpoint>
                    <Trackpoint>
                        <DistanceMeters>841.1564331054688</DistanceMeters>
                        <Time>2021-09-12T11:40:22.601Z</Time>
                        <Position>
                            <LatitudeDegrees>30.526653289794922</LatitudeDegrees>
                            <LongitudeDegrees>104.06194305419922</LongitudeDegrees>
                        </Position>
                        <AltitudeMeters>434.72076416015625</AltitudeMeters>
                    </Trackpoint>
                    <Trackpoint>
                        <DistanceMeters>841.1564331054688</DistanceMeters>
                        <Time>2021-09-12T11:40:24.014Z</Time>
                        <Position>
                            <LatitudeDegrees>30.526630401611328</LatitudeDegrees>
                            <LongitudeDegrees>104.06198120117188</LongitudeDegrees>
                        </Position>
                        <AltitudeMeters>434.72076416015625</AltitudeMeters>
                    </Trackpoint>
                    <Trackpoint>
                        <DistanceMeters>841.1564331054688</DistanceMeters>
                        <Time>2021-09-12T11:40:24.558Z</Time>
                        <Position>
                            <LatitudeDegrees>30.526622772216797</LatitudeDegrees>
                            <LongitudeDegrees>104.06199645996094</LongitudeDegrees>
                        </Position>
                        <AltitudeMeters>433.74383544921875</AltitudeMeters>
                    </Trackpoint>
                    <Trackpoint>
                        <DistanceMeters>841.1564331054688</DistanceMeters>
                        <Time>2021-09-12T11:40:26.024Z</Time>
                        <Position>
                            <LatitudeDegrees>30.526609420776367</LatitudeDegrees>
                            <LongitudeDegrees>104.0620346069336</LongitudeDegrees>
                        </Position>
                        <AltitudeMeters>433.74383544921875</AltitudeMeters>
                    </Trackpoint>
                    <Trackpoint>
                        <DistanceMeters>841.1564331054688</DistanceMeters>
                        <Time>2021-09-12T11:40:27.019Z</Time>
                        <Position>
                            <LatitudeDegrees>30.52659797668457</LatitudeDegrees>
                            <LongitudeDegrees>104.06206512451172</LongitudeDegrees>
                        </Position>
                        <AltitudeMeters>433.1496887207031</AltitudeMeters>
                    </Trackpoint>
                    <Trackpoint>
                        <DistanceMeters>841.1564331054688</DistanceMeters>
                        <Time>2021-09-12T11:40:27.881Z</Time>
                        <Position>
                            <LatitudeDegrees>30.52658462524414</LatitudeDegrees>
                            <LongitudeDegrees>104.06208801269531</LongitudeDegrees>
                        </Position>
                        <AltitudeMeters>433.1496887207031</AltitudeMeters>
                    </Trackpoint>
                    <Trackpoint>
                        <DistanceMeters>841.1564331054688</DistanceMeters>
                        <Time>2021-09-12T11:40:29.021Z</Time>
                        <Position>
                            <LatitudeDegrees>30.526565551757812</LatitudeDegrees>
                            <LongitudeDegrees>104.06211853027344</LongitudeDegrees>
                        </Position>
                        <AltitudeMeters>433.2038269042969</AltitudeMeters>
                    </Trackpoint>
                    <Trackpoint>
                        <DistanceMeters>841.1564331054688</DistanceMeters>
                        <Time>2021-09-12T11:40:29.931Z</Time>
                        <Position>
                            <LatitudeDegrees>30.526554107666016</LatitudeDegrees>
                            <LongitudeDegrees>104.06214141845703</LongitudeDegrees>
                        </Position>
                        <AltitudeMeters>433.2038269042969</AltitudeMeters>
                    </Trackpoint>
                    <Trackpoint>
                        <DistanceMeters>919.6297836303711</DistanceMeters>
                        <Time>2021-09-12T11:40:31.017Z</Time>
                        <Position>
                            <LatitudeDegrees>30.526538848876953</LatitudeDegrees>
                            <LongitudeDegrees>104.06217193603516</LongitudeDegrees>
                        </Position>
                        <AltitudeMeters>433.0674743652344</AltitudeMeters>
                    </Trackpoint>
                    <Trackpoint>
                        <DistanceMeters>919.6297836303711</DistanceMeters>
                        <Time>2021-09-12T11:40:32.006Z</Time>
                        <Position>
                            <LatitudeDegrees>30.526527404785156</LatitudeDegrees>
                            <LongitudeDegrees>104.06220245361328</LongitudeDegrees>
                        </Position>
                        <AltitudeMeters>433.0674743652344</AltitudeMeters>
                    </Trackpoint>
                    <Trackpoint>
                        <DistanceMeters>919.6297836303711</DistanceMeters>
                        <Time>2021-09-12T11:40:33.009Z</Time>
                        <Position>
                            <LatitudeDegrees>30.52651596069336</LatitudeDegrees>
                            <LongitudeDegrees>104.0622329711914</LongitudeDegrees>
                        </Position>
                        <AltitudeMeters>432.6038818359375</AltitudeMeters>
                    </Trackpoint>
                    <Trackpoint>
                        <DistanceMeters>919.6297836303711</DistanceMeters>
                        <Time>2021-09-12T11:40:34.016Z</Time>
                        <Position>
                            <LatitudeDegrees>30.526506423950195</LatitudeDegrees>
                            <LongitudeDegrees>104.062255859375</LongitudeDegrees>
                        </Position>
                        <AltitudeMeters>432.6038818359375</AltitudeMeters>
                    </Trackpoint>
                    <Trackpoint>
                        <DistanceMeters>919.6297836303711</DistanceMeters>
                        <Time>2021-09-12T11:40:35.013Z</Time>
                        <Position>
                            <LatitudeDegrees>30.52649688720703</LatitudeDegrees>
                            <LongitudeDegrees>104.0622787475586</LongitudeDegrees>
                        </Position>
                        <AltitudeMeters>431.8188781738281</AltitudeMeters>
                    </Trackpoint>
                    <Trackpoint>
                        <DistanceMeters>919.6297836303711</DistanceMeters>
                        <Time>2021-09-12T11:40:35.913Z</Time>
                        <Position>
                            <LatitudeDegrees>30.5264892578125</LatitudeDegrees>
                            <LongitudeDegrees>104.06229400634766</LongitudeDegrees>
                        </Position>
                        <AltitudeMeters>431.8188781738281</AltitudeMeters>
                    </Trackpoint>
                    <Trackpoint>
                        <DistanceMeters>919.6297836303711</DistanceMeters>
                        <Time>2021-09-12T11:40:37.846Z</Time>
                        <Position>
                            <LatitudeDegrees>30.526470184326172</LatitudeDegrees>
                            <LongitudeDegrees>104.06232452392578</LongitudeDegrees>
                        </Position>
                        <AltitudeMeters>432.2027587890625</AltitudeMeters>
                    </Trackpoint>
                    <Trackpoint>
                        <DistanceMeters>919.6297836303711</DistanceMeters>
                        <Time>2021-09-12T11:40:39.030Z</Time>
                        <Position>
                            <LatitudeDegrees>30.52645492553711</LatitudeDegrees>
                            <LongitudeDegrees>104.06233978271484</LongitudeDegrees>
                        </Position>
                        <AltitudeMeters>432.31414794921875</AltitudeMeters>
                    </Trackpoint>
                    <Trackpoint>
                        <DistanceMeters>919.6297836303711</DistanceMeters>
                        <Time>2021-09-12T11:40:39.475Z</Time>
                        <Position>
                            <LatitudeDegrees>30.526447296142578</LatitudeDegrees>
                            <LongitudeDegrees>104.0623550415039</LongitudeDegrees>
                        </Position>
                        <AltitudeMeters>432.31414794921875</AltitudeMeters>
                    </Trackpoint>
                    <Trackpoint>
                        <DistanceMeters>919.6297836303711</DistanceMeters>
                        <Time>2021-09-12T11:40:40.036Z</Time>
                        <Position>
                            <LatitudeDegrees>30.526437759399414</LatitudeDegrees>
                            <LongitudeDegrees>104.06236267089844</LongitudeDegrees>
                        </Position>
                        <AltitudeMeters>431.3479919433594</AltitudeMeters>
                    </Trackpoint>
                    <Trackpoint>
                        <DistanceMeters>919.6297836303711</DistanceMeters>
                        <Time>2021-09-12T11:40:41.016Z</Time>
                        <Position>
                            <LatitudeDegrees>30.526426315307617</LatitudeDegrees>
                            <LongitudeDegrees>104.06238555908203</LongitudeDegrees>
                        </Position>
                        <AltitudeMeters>431.3479919433594</AltitudeMeters>
                    </Trackpoint>
                    <Trackpoint>
                        <DistanceMeters>919.6297836303711</DistanceMeters>
                        <Time>2021-09-12T11:40:41.652Z</Time>
                        <Position>
                            <LatitudeDegrees>30.526412963867188</LatitudeDegrees>
                            <LongitudeDegrees>104.06239318847656</LongitudeDegrees>
                        </Position>
                        <AltitudeMeters>431.3479919433594</AltitudeMeters>
                    </Trackpoint>
                    <Trackpoint>
                        <DistanceMeters>919.6297836303711</DistanceMeters>
                        <Time>2021-09-12T11:40:42.293Z</Time>
                        <Position>
                            <LatitudeDegrees>30.526405334472656</LatitudeDegrees>
                            <LongitudeDegrees>104.06240844726562</LongitudeDegrees>
                        </Position>
                        <AltitudeMeters>430.9072570800781</AltitudeMeters>
                    </Trackpoint>
                    <Trackpoint>
                        <DistanceMeters>919.6297836303711</DistanceMeters>
                        <Time>2021-09-12T11:40:43.022Z</Time>
                        <Position>
                            <LatitudeDegrees>30.526395797729492</LatitudeDegrees>
                            <LongitudeDegrees>104.06242370605469</LongitudeDegrees>
                        </Position>
                        <AltitudeMeters>430.9072570800781</AltitudeMeters>
                    </Trackpoint>
                    <Trackpoint>
                        <DistanceMeters>919.6297836303711</DistanceMeters>
                        <Time>2021-09-12T11:40:44.014Z</Time>
                        <Position>
                            <LatitudeDegrees>30.526384353637695</LatitudeDegrees>
                            <LongitudeDegrees>104.06245422363281</LongitudeDegrees>
                        </Position>
                        <AltitudeMeters>430.9072570800781</AltitudeMeters>
                    </Trackpoint>
                    <Trackpoint>
                        <DistanceMeters>919.6297836303711</DistanceMeters>
                        <Time>2021-09-12T11:40:45.002Z</Time>
                        <Position>
                            <LatitudeDegrees>30.5263729095459</LatitudeDegrees>
                            <LongitudeDegrees>104.06248474121094</LongitudeDegrees>
                        </Position>
                        <AltitudeMeters>430.8293151855469</AltitudeMeters>
                    </Trackpoint>
                    <Trackpoint>
                        <DistanceMeters>919.6297836303711</DistanceMeters>
                        <Time>2021-09-12T11:40:46.009Z</Time>
                        <Position>
                            <LatitudeDegrees>30.526363372802734</LatitudeDegrees>
                            <LongitudeDegrees>104.06250762939453</LongitudeDegrees>
                        </Position>
                        <AltitudeMeters>430.8293151855469</AltitudeMeters>
                    </Trackpoint>
                    <Trackpoint>
                        <DistanceMeters>919.6297836303711</DistanceMeters>
                        <Time>2021-09-12T11:40:47.011Z</Time>
                        <Position>
                            <LatitudeDegrees>30.526350021362305</LatitudeDegrees>
                            <LongitudeDegrees>104.06253051757812</LongitudeDegrees>
                        </Position>
                        <AltitudeMeters>430.6702880859375</AltitudeMeters>
                    </Trackpoint>
                    <Trackpoint>
                        <DistanceMeters>919.6297836303711</DistanceMeters>
                        <Time>2021-09-12T11:40:48.014Z</Time>
                        <Position>
                            <LatitudeDegrees>30.52633285522461</LatitudeDegrees>
                            <LongitudeDegrees>104.06256103515625</LongitudeDegrees>
                        </Position>
                        <AltitudeMeters>430.6702880859375</AltitudeMeters>
                    </Trackpoint>
                    <Trackpoint>
                        <DistanceMeters>919.6297836303711</DistanceMeters>
                        <Time>2021-09-12T11:40:48.896Z</Time>
                        <Position>
                            <LatitudeDegrees>30.52631950378418</LatitudeDegrees>
                            <LongitudeDegrees>104.06257629394531</LongitudeDegrees>
                        </Position>
                        <AltitudeMeters>430.9826354980469</AltitudeMeters>
                    </Trackpoint>
                    <Trackpoint>
                        <DistanceMeters>919.6297836303711</DistanceMeters>
                        <Time>2021-09-12T11:40:49.334Z</Time>
                        <Position>
                            <LatitudeDegrees>30.526315689086914</LatitudeDegrees>
                            <LongitudeDegrees>104.06259155273438</LongitudeDegrees>
                        </Position>
                        <AltitudeMeters>430.9826354980469</AltitudeMeters>
                    </Trackpoint>
                    <Trackpoint>
                        <DistanceMeters>919.6297836303711</DistanceMeters>
                        <Time>2021-09-12T11:40:49.835Z</Time>
                        <Position>
                            <LatitudeDegrees>30.526309967041016</LatitudeDegrees>
                            <LongitudeDegrees>104.0625991821289</LongitudeDegrees>
                        </Position>
                        <AltitudeMeters>430.9826354980469</AltitudeMeters>
                    </Trackpoint>
                    <Trackpoint>
                        <DistanceMeters>919.6297836303711</DistanceMeters>
                        <Time>2021-09-12T11:40:50.552Z</Time>
                        <Position>
                            <LatitudeDegrees>30.526302337646484</LatitudeDegrees>
                            <LongitudeDegrees>104.06260681152344</LongitudeDegrees>
                        </Position>
                        <AltitudeMeters>430.46710205078125</AltitudeMeters>
                    </Trackpoint>
                    <Trackpoint>
                        <DistanceMeters>919.6297836303711</DistanceMeters>
                        <Time>2021-09-12T11:40:52.083Z</Time>
                        <Position>
                            <LatitudeDegrees>30.526290893554688</LatitudeDegrees>
                            <LongitudeDegrees>104.06262969970703</LongitudeDegrees>
                        </Position>
                        <AltitudeMeters>430.46710205078125</AltitudeMeters>
                    </Trackpoint>
                    <Trackpoint>
                        <DistanceMeters>919.6297836303711</DistanceMeters>
                        <Time>2021-09-12T11:40:52.821Z</Time>
                        <Position>
                            <LatitudeDegrees>30.526287078857422</LatitudeDegrees>
                            <LongitudeDegrees>104.0626449584961</LongitudeDegrees>
                        </Position>
                        <AltitudeMeters>430.2751159667969</AltitudeMeters>
                    </Trackpoint>
                    <Trackpoint>
                        <DistanceMeters>919.6297836303711</DistanceMeters>
                        <Time>2021-09-12T11:40:54.086Z</Time>
                        <Position>
                            <LatitudeDegrees>30.526275634765625</LatitudeDegrees>
                            <LongitudeDegrees>104.06267547607422</LongitudeDegrees>
                        </Position>
                        <AltitudeMeters>430.2751159667969</AltitudeMeters>
                    </Trackpoint>
                    <Trackpoint>
                        <DistanceMeters>919.6297836303711</DistanceMeters>
                        <Time>2021-09-12T11:40:55.068Z</Time>
                        <Position>
                            <LatitudeDegrees>30.52626609802246</LatitudeDegrees>
                            <LongitudeDegrees>104.06270599365234</LongitudeDegrees>
                        </Position>
                        <AltitudeMeters>430.9112854003906</AltitudeMeters>
                    </Trackpoint>
                    <Trackpoint>
                        <DistanceMeters>919.6297836303711</DistanceMeters>
                        <Time>2021-09-12T11:40:55.837Z</Time>
                        <Position>
                            <LatitudeDegrees>30.526256561279297</LatitudeDegrees>
                            <LongitudeDegrees>104.06273651123047</LongitudeDegrees>
                        </Position>
                        <AltitudeMeters>430.9112854003906</AltitudeMeters>
                    </Trackpoint>
                    <Trackpoint>
                        <DistanceMeters>919.6297836303711</DistanceMeters>
                        <Time>2021-09-12T11:40:56.807Z</Time>
                        <Position>
                            <LatitudeDegrees>30.5262451171875</LatitudeDegrees>
                            <LongitudeDegrees>104.06277465820312</LongitudeDegrees>
                        </Position>
                        <AltitudeMeters>431.7308349609375</AltitudeMeters>
                    </Trackpoint>
                    <Trackpoint>
                        <DistanceMeters>919.6297836303711</DistanceMeters>
                        <Time>2021-09-12T11:40:58.082Z</Time>
                        <Position>
                            <LatitudeDegrees>30.526226043701172</LatitudeDegrees>
                            <LongitudeDegrees>104.06281280517578</LongitudeDegrees>
                        </Position>
                        <AltitudeMeters>431.7308349609375</AltitudeMeters>
                    </Trackpoint>
                    <Trackpoint>
                        <DistanceMeters>919.6297836303711</DistanceMeters>
                        <Time>2021-09-12T11:40:59.067Z</Time>
                        <Position>
                            <LatitudeDegrees>30.526208877563477</LatitudeDegrees>
                            <LongitudeDegrees>104.0628433227539</LongitudeDegrees>
                        </Position>
                        <AltitudeMeters>431.6865234375</AltitudeMeters>
                    </Trackpoint>
                    <Trackpoint>
                        <DistanceMeters>1016.8422393798828</DistanceMeters>
                        <Time>2021-09-12T11:41:00.067Z</Time>
                        <Position>
                            <LatitudeDegrees>30.52619171142578</LatitudeDegrees>
                            <LongitudeDegrees>104.06287384033203</LongitudeDegrees>
                        </Position>
                        <AltitudeMeters>431.6865234375</AltitudeMeters>
                    </Trackpoint>
                    <Trackpoint>
                        <DistanceMeters>1016.8422393798828</DistanceMeters>
                        <Time>2021-09-12T11:41:01.154Z</Time>
                        <Position>
                            <LatitudeDegrees>30.52617073059082</LatitudeDegrees>
                            <LongitudeDegrees>104.06291198730469</LongitudeDegrees>
                        </Position>
                        <AltitudeMeters>432.97418212890625</AltitudeMeters>
                    </Trackpoint>
                    <Trackpoint>
                        <DistanceMeters>1016.8422393798828</DistanceMeters>
                        <Time>2021-09-12T11:41:02.074Z</Time>
                        <Position>
                            <LatitudeDegrees>30.526153564453125</LatitudeDegrees>
                            <LongitudeDegrees>104.06293487548828</LongitudeDegrees>
                        </Position>
                        <AltitudeMeters>432.97418212890625</AltitudeMeters>
                    </Trackpoint>
                    <Trackpoint>
                        <DistanceMeters>1016.8422393798828</DistanceMeters>
                        <Time>2021-09-12T11:41:02.717Z</Time>
                        <Position>
                            <LatitudeDegrees>30.526138305664062</LatitudeDegrees>
                            <LongitudeDegrees>104.06294250488281</LongitudeDegrees>
                        </Position>
                        <AltitudeMeters>433.22918701171875</AltitudeMeters>
                    </Trackpoint>
                    <Trackpoint>
                        <DistanceMeters>1016.8422393798828</DistanceMeters>
                        <Time>2021-09-12T11:41:03.398Z</Time>
                        <Position>
                            <LatitudeDegrees>30.526126861572266</LatitudeDegrees>
                            <LongitudeDegrees>104.06295776367188</LongitudeDegrees>
                        </Position>
                        <AltitudeMeters>433.22918701171875</AltitudeMeters>
                    </Trackpoint>
                    <Trackpoint>
                        <DistanceMeters>1016.8422393798828</DistanceMeters>
                        <Time>2021-09-12T11:41:04.041Z</Time>
                        <Position>
                            <LatitudeDegrees>30.52611541748047</LatitudeDegrees>
                            <LongitudeDegrees>104.06297302246094</LongitudeDegrees>
                        </Position>
                        <AltitudeMeters>432.6629333496094</AltitudeMeters>
                    </Trackpoint>
                    <Trackpoint>
                        <DistanceMeters>1016.8422393798828</DistanceMeters>
                        <Time>2021-09-12T11:41:05.097Z</Time>
                        <Position>
                            <LatitudeDegrees>30.52609634399414</LatitudeDegrees>
                            <LongitudeDegrees>104.06300354003906</LongitudeDegrees>
                        </Position>
                        <AltitudeMeters>432.6629333496094</AltitudeMeters>
                    </Trackpoint>
                    <Trackpoint>
                        <DistanceMeters>1016.8422393798828</DistanceMeters>
                        <Time>2021-09-12T11:41:06.008Z</Time>
                        <Position>
                            <LatitudeDegrees>30.526086807250977</LatitudeDegrees>
                            <LongitudeDegrees>104.06302642822266</LongitudeDegrees>
                        </Position>
                        <AltitudeMeters>432.6629333496094</AltitudeMeters>
                    </Trackpoint>
                    <Trackpoint>
                        <DistanceMeters>1016.8422393798828</DistanceMeters>
                        <Time>2021-09-12T11:41:06.696Z</Time>
                        <Position>
                            <LatitudeDegrees>30.52607536315918</LatitudeDegrees>
                            <LongitudeDegrees>104.06304168701172</LongitudeDegrees>
                        </Position>
                        <AltitudeMeters>433.4091491699219</AltitudeMeters>
                    </Trackpoint>
                    <Trackpoint>
                        <DistanceMeters>1016.8422393798828</DistanceMeters>
                        <Time>2021-09-12T11:41:07.775Z</Time>
                        <Position>
                            <LatitudeDegrees>30.52605628967285</LatitudeDegrees>
                            <LongitudeDegrees>104.06307220458984</LongitudeDegrees>
                        </Position>
                        <AltitudeMeters>433.4091491699219</AltitudeMeters>
                    </Trackpoint>
                    <Trackpoint>
                        <DistanceMeters>1016.8422393798828</DistanceMeters>
                        <Time>2021-09-12T11:41:08.791Z</Time>
                        <Position>
                            <LatitudeDegrees>30.526033401489258</LatitudeDegrees>
                            <LongitudeDegrees>104.0630874633789</LongitudeDegrees>
                        </Position>
                        <AltitudeMeters>431.7595520019531</AltitudeMeters>
                    </Trackpoint>
                    <Trackpoint>
                        <DistanceMeters>1016.8422393798828</DistanceMeters>
                        <Time>2021-09-12T11:41:09.412Z</Time>
                        <Position>
                            <LatitudeDegrees>30.52602195739746</LatitudeDegrees>
                            <LongitudeDegrees>104.0631103515625</LongitudeDegrees>
                        </Position>
                        <AltitudeMeters>431.7417907714844</AltitudeMeters>
                    </Trackpoint>
                    <Trackpoint>
                        <DistanceMeters>1016.8422393798828</DistanceMeters>
                        <Time>2021-09-12T11:41:09.899Z</Time>
                        <Position>
                            <LatitudeDegrees>30.52599334716797</LatitudeDegrees>
                            <LongitudeDegrees>104.06314849853516</LongitudeDegrees>
                        </Position>
                        <AltitudeMeters>430.97332763671875</AltitudeMeters>
                    </Trackpoint>
                    <Trackpoint>
                        <DistanceMeters>1016.8422393798828</DistanceMeters>
                        <Time>2021-09-12T11:41:11.015Z</Time>
                        <Position>
                            <LatitudeDegrees>30.525978088378906</LatitudeDegrees>
                            <LongitudeDegrees>104.06317138671875</LongitudeDegrees>
                        </Position>
                        <AltitudeMeters>430.9697265625</AltitudeMeters>
                    </Trackpoint>
                    <Trackpoint>
                        <DistanceMeters>1016.8422393798828</DistanceMeters>
                        <Time>2021-09-12T11:41:12.003Z</Time>
                        <Position>
                            <LatitudeDegrees>30.52596664428711</LatitudeDegrees>
                            <LongitudeDegrees>104.06319427490234</LongitudeDegrees>
                        </Position>
                        <AltitudeMeters>430.9697265625</AltitudeMeters>
                    </Trackpoint>
                    <Trackpoint>
                        <DistanceMeters>1016.8422393798828</DistanceMeters>
                        <Time>2021-09-12T11:41:13.003Z</Time>
                        <Position>
                            <LatitudeDegrees>30.52595329284668</LatitudeDegrees>
                            <LongitudeDegrees>104.06322479248047</LongitudeDegrees>
                        </Position>
                        <AltitudeMeters>430.9583740234375</AltitudeMeters>
                    </Trackpoint>
                    <Trackpoint>
                        <DistanceMeters>1016.8422393798828</DistanceMeters>
                        <Time>2021-09-12T11:41:14.008Z</Time>
                        <Position>
                            <LatitudeDegrees>30.525936126708984</LatitudeDegrees>
                            <LongitudeDegrees>104.0632553100586</LongitudeDegrees>
                        </Position>
                        <AltitudeMeters>430.9583740234375</AltitudeMeters>
                    </Trackpoint>
                    <Trackpoint>
                        <DistanceMeters>1016.8422393798828</DistanceMeters>
                        <Time>2021-09-12T11:41:15.002Z</Time>
                        <Position>
                            <LatitudeDegrees>30.525920867919922</LatitudeDegrees>
                            <LongitudeDegrees>104.06328582763672</LongitudeDegrees>
                        </Position>
                        <AltitudeMeters>431.0121154785156</AltitudeMeters>
                    </Trackpoint>
                    <Trackpoint>
                        <DistanceMeters>1016.8422393798828</DistanceMeters>
                        <Time>2021-09-12T11:41:16.004Z</Time>
                        <Position>
                            <LatitudeDegrees>30.525903701782227</LatitudeDegrees>
                            <LongitudeDegrees>104.06331634521484</LongitudeDegrees>
                        </Position>
                        <AltitudeMeters>431.0121154785156</AltitudeMeters>
                    </Trackpoint>
                    <Trackpoint>
                        <DistanceMeters>1016.8422393798828</DistanceMeters>
                        <Time>2021-09-12T11:41:17.003Z</Time>
                        <Position>
                            <LatitudeDegrees>30.525890350341797</LatitudeDegrees>
                            <LongitudeDegrees>104.06334686279297</LongitudeDegrees>
                        </Position>
                        <AltitudeMeters>430.9588928222656</AltitudeMeters>
                    </Trackpoint>
                    <Trackpoint>
                        <DistanceMeters>1016.8422393798828</DistanceMeters>
                        <Time>2021-09-12T11:41:18.002Z</Time>
                        <Position>
                            <LatitudeDegrees>30.525876998901367</LatitudeDegrees>
                            <LongitudeDegrees>104.0633773803711</LongitudeDegrees>
                        </Position>
                        <AltitudeMeters>430.9588928222656</AltitudeMeters>
                    </Trackpoint>
                    <Trackpoint>
                        <DistanceMeters>1016.8422393798828</DistanceMeters>
                        <Time>2021-09-12T11:41:19.004Z</Time>
                        <Position>
                            <LatitudeDegrees>30.52586555480957</LatitudeDegrees>
                            <LongitudeDegrees>104.06340789794922</LongitudeDegrees>
                        </Position>
                        <AltitudeMeters>430.9764404296875</AltitudeMeters>
                    </Trackpoint>
                    <Trackpoint>
                        <DistanceMeters>1016.8422393798828</DistanceMeters>
                        <Time>2021-09-12T11:41:20.008Z</Time>
                        <Position>
                            <LatitudeDegrees>30.525848388671875</LatitudeDegrees>
                            <LongitudeDegrees>104.06343841552734</LongitudeDegrees>
                        </Position>
                        <AltitudeMeters>430.9764404296875</AltitudeMeters>
                    </Trackpoint>
                    <Trackpoint>
                        <DistanceMeters>1016.8422393798828</DistanceMeters>
                        <Time>2021-09-12T11:41:21.003Z</Time>
                        <Position>
                            <LatitudeDegrees>30.525833129882812</LatitudeDegrees>
                            <LongitudeDegrees>104.06346893310547</LongitudeDegrees>
                        </Position>
                        <AltitudeMeters>431.035400390625</AltitudeMeters>
                    </Trackpoint>
                    <Trackpoint>
                        <DistanceMeters>1016.8422393798828</DistanceMeters>
                        <Time>2021-09-12T11:41:22.011Z</Time>
                        <Position>
                            <LatitudeDegrees>30.52581787109375</LatitudeDegrees>
                            <LongitudeDegrees>104.06349182128906</LongitudeDegrees>
                        </Position>
                        <AltitudeMeters>431.035400390625</AltitudeMeters>
                    </Trackpoint>
                    <Trackpoint>
                        <DistanceMeters>1016.8422393798828</DistanceMeters>
                        <Time>2021-09-12T11:41:23.009Z</Time>
                        <Position>
                            <LatitudeDegrees>30.525798797607422</LatitudeDegrees>
                            <LongitudeDegrees>104.06351470947266</LongitudeDegrees>
                        </Position>
                        <AltitudeMeters>431.06280517578125</AltitudeMeters>
                    </Trackpoint>
                    <Trackpoint>
                        <DistanceMeters>1016.8422393798828</DistanceMeters>
                        <Time>2021-09-12T11:41:24.018Z</Time>
                        <Position>
                            <LatitudeDegrees>30.525779724121094</LatitudeDegrees>
                            <LongitudeDegrees>104.06354522705078</LongitudeDegrees>
                        </Position>
                        <AltitudeMeters>431.06280517578125</AltitudeMeters>
                    </Trackpoint>
                    <Trackpoint>
                        <DistanceMeters>1016.8422393798828</DistanceMeters>
                        <Time>2021-09-12T11:41:24.949Z</Time>
                        <Position>
                            <LatitudeDegrees>30.5257625579834</LatitudeDegrees>
                            <LongitudeDegrees>104.06356811523438</LongitudeDegrees>
                        </Position>
                        <AltitudeMeters>431.0270690917969</AltitudeMeters>
                    </Trackpoint>
                    <Trackpoint>
                        <DistanceMeters>1016.8422393798828</DistanceMeters>
                        <Time>2021-09-12T11:41:26.011Z</Time>
                        <Position>
                            <LatitudeDegrees>30.52574920654297</LatitudeDegrees>
                            <LongitudeDegrees>104.06359100341797</LongitudeDegrees>
                        </Position>
                        <AltitudeMeters>431.0270690917969</AltitudeMeters>
                    </Trackpoint>
                    <Trackpoint>
                        <DistanceMeters>1016.8422393798828</DistanceMeters>
                        <Time>2021-09-12T11:41:27.009Z</Time>
                        <Position>
                            <LatitudeDegrees>30.525733947753906</LatitudeDegrees>
                            <LongitudeDegrees>104.06361389160156</LongitudeDegrees>
                        </Position>
                        <AltitudeMeters>431.03704833984375</AltitudeMeters>
                    </Trackpoint>
                    <Trackpoint>
                        <DistanceMeters>1016.8422393798828</DistanceMeters>
                        <Time>2021-09-12T11:41:28.015Z</Time>
                        <Position>
                            <LatitudeDegrees>30.525711059570312</LatitudeDegrees>
                            <LongitudeDegrees>104.06362915039062</LongitudeDegrees>
                        </Position>
                        <AltitudeMeters>431.03704833984375</AltitudeMeters>
                    </Trackpoint>
                    <Trackpoint>
                        <DistanceMeters>1016.8422393798828</DistanceMeters>
                        <Time>2021-09-12T11:41:29.010Z</Time>
                        <Position>
                            <LatitudeDegrees>30.52568817138672</LatitudeDegrees>
                            <LongitudeDegrees>104.06363677978516</LongitudeDegrees>
                        </Position>
                        <AltitudeMeters>431.1041259765625</AltitudeMeters>
                    </Trackpoint>
                    <Trackpoint>
                        <DistanceMeters>1116.427749633789</DistanceMeters>
                        <Time>2021-09-12T11:41:30.014Z</Time>
                        <Position>
                            <LatitudeDegrees>30.525667190551758</LatitudeDegrees>
                            <LongitudeDegrees>104.06365203857422</LongitudeDegrees>
                        </Position>
                        <AltitudeMeters>431.1041259765625</AltitudeMeters>
                    </Trackpoint>
                    <Trackpoint>
                        <DistanceMeters>1116.427749633789</DistanceMeters>
                        <Time>2021-09-12T11:41:31.008Z</Time>
                        <Position>
                            <LatitudeDegrees>30.52564811706543</LatitudeDegrees>
                            <LongitudeDegrees>104.06366729736328</LongitudeDegrees>
                        </Position>
                        <AltitudeMeters>431.0894470214844</AltitudeMeters>
                    </Trackpoint>
                    <Trackpoint>
                        <DistanceMeters>1116.427749633789</DistanceMeters>
                        <Time>2021-09-12T11:41:32.004Z</Time>
                        <Position>
                            <LatitudeDegrees>30.525636672973633</LatitudeDegrees>
                            <LongitudeDegrees>104.06369018554688</LongitudeDegrees>
                        </Position>
                        <AltitudeMeters>431.0894470214844</AltitudeMeters>
                    </Trackpoint>
                    <Trackpoint>
                        <DistanceMeters>1116.427749633789</DistanceMeters>
                        <Time>2021-09-12T11:41:33.006Z</Time>
                        <Position>
                            <LatitudeDegrees>30.52562141418457</LatitudeDegrees>
                            <LongitudeDegrees>104.06371307373047</LongitudeDegrees>
                        </Position>
                        <AltitudeMeters>431.0702819824219</AltitudeMeters>
                    </Trackpoint>
                    <Trackpoint>
                        <DistanceMeters>1116.427749633789</DistanceMeters>
                        <Time>2021-09-12T11:41:34.016Z</Time>
                        <Position>
                            <LatitudeDegrees>30.525602340698242</LatitudeDegrees>
                            <LongitudeDegrees>104.06372833251953</LongitudeDegrees>
                        </Position>
                        <AltitudeMeters>431.0702819824219</AltitudeMeters>
                    </Trackpoint>
                    <Trackpoint>
                        <DistanceMeters>1116.427749633789</DistanceMeters>
                        <Time>2021-09-12T11:41:35.007Z</Time>
                        <Position>
                            <LatitudeDegrees>30.525577545166016</LatitudeDegrees>
                            <LongitudeDegrees>104.06375122070312</LongitudeDegrees>
                        </Position>
                        <AltitudeMeters>431.0782165527344</AltitudeMeters>
                    </Trackpoint>
                    <Trackpoint>
                        <DistanceMeters>1116.427749633789</DistanceMeters>
                        <Time>2021-09-12T11:41:36.009Z</Time>
                        <Position>
                            <LatitudeDegrees>30.52555274963379</LatitudeDegrees>
                            <LongitudeDegrees>104.06378173828125</LongitudeDegrees>
                        </Position>
                        <AltitudeMeters>431.0782165527344</AltitudeMeters>
                    </Trackpoint>
                    <Trackpoint>
                        <DistanceMeters>1116.427749633789</DistanceMeters>
                        <Time>2021-09-12T11:41:37.009Z</Time>
                        <Position>
                            <LatitudeDegrees>30.525527954101562</LatitudeDegrees>
                            <LongitudeDegrees>104.06381225585938</LongitudeDegrees>
                        </Position>
                        <AltitudeMeters>431.0751953125</AltitudeMeters>
                    </Trackpoint>
                    <Trackpoint>
                        <DistanceMeters>1116.427749633789</DistanceMeters>
                        <Time>2021-09-12T11:41:37.657Z</Time>
                        <Position>
                            <LatitudeDegrees>30.525510787963867</LatitudeDegrees>
                            <LongitudeDegrees>104.06382751464844</LongitudeDegrees>
                        </Position>
                        <AltitudeMeters>431.0751953125</AltitudeMeters>
                    </Trackpoint>
                    <Trackpoint>
                        <DistanceMeters>1116.427749633789</DistanceMeters>
                        <Time>2021-09-12T11:41:38.041Z</Time>
                        <Position>
                            <LatitudeDegrees>30.525501251220703</LatitudeDegrees>
                            <LongitudeDegrees>104.06383514404297</LongitudeDegrees>
                        </Position>
                        <AltitudeMeters>431.0899658203125</AltitudeMeters>
                    </Trackpoint>
                    <Trackpoint>
                        <DistanceMeters>1116.427749633789</DistanceMeters>
                        <Time>2021-09-12T11:41:38.810Z</Time>
                        <Position>
                            <LatitudeDegrees>30.525480270385742</LatitudeDegrees>
                            <LongitudeDegrees>104.06385040283203</LongitudeDegrees>
                        </Position>
                        <AltitudeMeters>431.0899658203125</AltitudeMeters>
                    </Trackpoint>
                    <Trackpoint>
                        <DistanceMeters>1116.427749633789</DistanceMeters>
                        <Time>2021-09-12T11:41:39.331Z</Time>
                        <Position>
                            <LatitudeDegrees>30.525466918945312</LatitudeDegrees>
                            <LongitudeDegrees>104.0638656616211</LongitudeDegrees>
                        </Position>
                        <AltitudeMeters>431.0899658203125</AltitudeMeters>
                    </Trackpoint>
                    <Trackpoint>
                        <DistanceMeters>1116.427749633789</DistanceMeters>
                        <Time>2021-09-12T11:41:39.870Z</Time>
                        <Position>
                            <LatitudeDegrees>30.52545166015625</LatitudeDegrees>
                            <LongitudeDegrees>104.06388092041016</LongitudeDegrees>
                        </Position>
                        <AltitudeMeters>431.0899658203125</AltitudeMeters>
                    </Trackpoint>
                    <Trackpoint>
                        <DistanceMeters>1116.427749633789</DistanceMeters>
                        <Time>2021-09-12T11:41:40.420Z</Time>
                        <Position>
                            <LatitudeDegrees>30.52543830871582</LatitudeDegrees>
                            <LongitudeDegrees>104.06389617919922</LongitudeDegrees>
                        </Position>
                        <AltitudeMeters>430.9993591308594</AltitudeMeters>
                    </Trackpoint>
                    <Trackpoint>
                        <DistanceMeters>1116.427749633789</DistanceMeters>
                        <Time>2021-09-12T11:41:42.012Z</Time>
                        <Position>
                            <LatitudeDegrees>30.525402069091797</LatitudeDegrees>
                            <LongitudeDegrees>104.06393432617188</LongitudeDegrees>
                        </Position>
                        <AltitudeMeters>430.9993591308594</AltitudeMeters>
                    </Trackpoint>
                    <Trackpoint>
                        <DistanceMeters>1116.427749633789</DistanceMeters>
                        <Time>2021-09-12T11:41:43.013Z</Time>
                        <Position>
                            <LatitudeDegrees>30.525375366210938</LatitudeDegrees>
                            <LongitudeDegrees>104.06395721435547</LongitudeDegrees>
                        </Position>
                        <AltitudeMeters>430.9648132324219</AltitudeMeters>
                    </Trackpoint>
                    <Trackpoint>
                        <DistanceMeters>1116.427749633789</DistanceMeters>
                        <Time>2021-09-12T11:41:44.017Z</Time>
                        <Position>
                            <LatitudeDegrees>30.525348663330078</LatitudeDegrees>
                            <LongitudeDegrees>104.06398010253906</LongitudeDegrees>
                        </Position>
                        <AltitudeMeters>430.9648132324219</AltitudeMeters>
                    </Trackpoint>
                    <Trackpoint>
                        <DistanceMeters>1116.427749633789</DistanceMeters>
                        <Time>2021-09-12T11:41:45.005Z</Time>
                        <Position>
                            <LatitudeDegrees>30.52532386779785</LatitudeDegrees>
                            <LongitudeDegrees>104.06400299072266</LongitudeDegrees>
                        </Position>
                        <AltitudeMeters>430.9591979980469</AltitudeMeters>
                    </Trackpoint>
                    <Trackpoint>
                        <DistanceMeters>1116.427749633789</DistanceMeters>
                        <Time>2021-09-12T11:41:46.013Z</Time>
                        <Position>
                            <LatitudeDegrees>30.525300979614258</LatitudeDegrees>
                            <LongitudeDegrees>104.06402587890625</LongitudeDegrees>
                        </Position>
                        <AltitudeMeters>430.9591979980469</AltitudeMeters>
                    </Trackpoint>
                    <Trackpoint>
                        <DistanceMeters>1116.427749633789</DistanceMeters>
                        <Time>2021-09-12T11:41:47.017Z</Time>
                        <Position>
                            <LatitudeDegrees>30.5252742767334</LatitudeDegrees>
                            <LongitudeDegrees>104.06404113769531</LongitudeDegrees>
                        </Position>
                        <AltitudeMeters>430.9750671386719</AltitudeMeters>
                    </Trackpoint>
                    <Trackpoint>
                        <DistanceMeters>1116.427749633789</DistanceMeters>
                        <Time>2021-09-12T11:41:47.852Z</Time>
                        <Position>
                            <LatitudeDegrees>30.525249481201172</LatitudeDegrees>
                            <LongitudeDegrees>104.06405639648438</LongitudeDegrees>
                        </Position>
                        <AltitudeMeters>430.9750671386719</AltitudeMeters>
                    </Trackpoint>
                    <Trackpoint>
                        <DistanceMeters>1116.427749633789</DistanceMeters>
                        <Time>2021-09-12T11:41:48.453Z</Time>
                        <Position>
                            <LatitudeDegrees>30.52523422241211</LatitudeDegrees>
                            <LongitudeDegrees>104.06407165527344</LongitudeDegrees>
                        </Position>
                        <AltitudeMeters>430.9811096191406</AltitudeMeters>
                    </Trackpoint>
                    <Trackpoint>
                        <DistanceMeters>1116.427749633789</DistanceMeters>
                        <Time>2021-09-12T11:41:48.994Z</Time>
                        <Position>
                            <LatitudeDegrees>30.52522087097168</LatitudeDegrees>
                            <LongitudeDegrees>104.0640869140625</LongitudeDegrees>
                        </Position>
                        <AltitudeMeters>430.9811096191406</AltitudeMeters>
                    </Trackpoint>
                    <Trackpoint>
                        <DistanceMeters>1116.427749633789</DistanceMeters>
                        <Time>2021-09-12T11:41:49.616Z</Time>
                        <Position>
                            <LatitudeDegrees>30.52520751953125</LatitudeDegrees>
                            <LongitudeDegrees>104.06410217285156</LongitudeDegrees>
                        </Position>
                        <AltitudeMeters>430.9811096191406</AltitudeMeters>
                    </Trackpoint>
                    <Trackpoint>
                        <DistanceMeters>1116.427749633789</DistanceMeters>
                        <Time>2021-09-12T11:41:50.040Z</Time>
                        <Position>
                            <LatitudeDegrees>30.525196075439453</LatitudeDegrees>
                            <LongitudeDegrees>104.06411743164062</LongitudeDegrees>
                        </Position>
                        <AltitudeMeters>431.0202331542969</AltitudeMeters>
                    </Trackpoint>
                    <Trackpoint>
                        <DistanceMeters>1116.427749633789</DistanceMeters>
                        <Time>2021-09-12T11:41:50.732Z</Time>
                        <Position>
                            <LatitudeDegrees>30.52518081665039</LatitudeDegrees>
                            <LongitudeDegrees>104.06413269042969</LongitudeDegrees>
                        </Position>
                        <AltitudeMeters>431.0202331542969</AltitudeMeters>
                    </Trackpoint>
                    <Trackpoint>
                        <DistanceMeters>1116.427749633789</DistanceMeters>
                        <Time>2021-09-12T11:41:51.253Z</Time>
                        <Position>
                            <LatitudeDegrees>30.52516746520996</LatitudeDegrees>
                            <LongitudeDegrees>104.06414031982422</LongitudeDegrees>
                        </Position>
                        <AltitudeMeters>431.0202331542969</AltitudeMeters>
                    </Trackpoint>
                    <Trackpoint>
                        <DistanceMeters>1116.427749633789</DistanceMeters>
                        <Time>2021-09-12T11:41:52.014Z</Time>
                        <Position>
                            <LatitudeDegrees>30.525148391723633</LatitudeDegrees>
                            <LongitudeDegrees>104.06415557861328</LongitudeDegrees>
                        </Position>
                        <AltitudeMeters>431.0202331542969</AltitudeMeters>
                    </Trackpoint>
                    <Trackpoint>
                        <DistanceMeters>1116.427749633789</DistanceMeters>
                        <Time>2021-09-12T11:41:53.006Z</Time>
                        <Position>
                            <LatitudeDegrees>30.52512550354004</LatitudeDegrees>
                            <LongitudeDegrees>104.06417083740234</LongitudeDegrees>
                        </Position>
                        <AltitudeMeters>431.0607604980469</AltitudeMeters>
                    </Trackpoint>
                    <Trackpoint>
                        <DistanceMeters>1116.427749633789</DistanceMeters>
                        <Time>2021-09-12T11:41:54.019Z</Time>
                        <Position>
                            <LatitudeDegrees>30.525104522705078</LatitudeDegrees>
                            <LongitudeDegrees>104.06419372558594</LongitudeDegrees>
                        </Position>
                        <AltitudeMeters>431.0607604980469</AltitudeMeters>
                    </Trackpoint>
                    <Trackpoint>
                        <DistanceMeters>1116.427749633789</DistanceMeters>
                        <Time>2021-09-12T11:41:54.611Z</Time>
                        <Position>
                            <LatitudeDegrees>30.525089263916016</LatitudeDegrees>
                            <LongitudeDegrees>104.06420135498047</LongitudeDegrees>
                        </Position>
                        <AltitudeMeters>431.06439208984375</AltitudeMeters>
                    </Trackpoint>
                    <Trackpoint>
                        <DistanceMeters>1116.427749633789</DistanceMeters>
                        <Time>2021-09-12T11:41:55.289Z</Time>
                        <Position>
                            <LatitudeDegrees>30.525075912475586</LatitudeDegrees>
                            <LongitudeDegrees>104.064208984375</LongitudeDegrees>
                        </Position>
                        <AltitudeMeters>431.06439208984375</AltitudeMeters>
                    </Trackpoint>
                    <Trackpoint>
                        <DistanceMeters>1116.427749633789</DistanceMeters>
                        <Time>2021-09-12T11:41:56.047Z</Time>
                        <Position>
                            <LatitudeDegrees>30.525060653686523</LatitudeDegrees>
                            <LongitudeDegrees>104.06422424316406</LongitudeDegrees>
                        </Position>
                        <AltitudeMeters>431.0417175292969</AltitudeMeters>
                    </Trackpoint>
                    <Trackpoint>
                        <DistanceMeters>1116.427749633789</DistanceMeters>
                        <Time>2021-09-12T11:41:57.003Z</Time>
                        <Position>
                            <LatitudeDegrees>30.52504539489746</LatitudeDegrees>
                            <LongitudeDegrees>104.06424713134766</LongitudeDegrees>
                        </Position>
                        <AltitudeMeters>431.0417175292969</AltitudeMeters>
                    </Trackpoint>
                    <Trackpoint>
                        <DistanceMeters>1116.427749633789</DistanceMeters>
                        <Time>2021-09-12T11:41:58.013Z</Time>
                        <Position>
                            <LatitudeDegrees>30.5250301361084</LatitudeDegrees>
                            <LongitudeDegrees>104.06427764892578</LongitudeDegrees>
                        </Position>
                        <AltitudeMeters>431.0417175292969</AltitudeMeters>
                    </Trackpoint>
                    <Trackpoint>
                        <DistanceMeters>1116.427749633789</DistanceMeters>
                        <Time>2021-09-12T11:41:59.010Z</Time>
                        <Position>
                            <LatitudeDegrees>30.52501106262207</LatitudeDegrees>
                            <LongitudeDegrees>104.06430053710938</LongitudeDegrees>
                        </Position>
                        <AltitudeMeters>431.0150451660156</AltitudeMeters>
                    </Trackpoint>
                    <Trackpoint>
                        <DistanceMeters>1193.533676147461</DistanceMeters>
                        <Time>2021-09-12T11:42:00.049Z</Time>
                        <Position>
                            <LatitudeDegrees>30.524993896484375</LatitudeDegrees>
                            <LongitudeDegrees>104.06431579589844</LongitudeDegrees>
                        </Position>
                        <AltitudeMeters>431.0150451660156</AltitudeMeters>
                    </Trackpoint>
                    <Trackpoint>
                        <DistanceMeters>1193.533676147461</DistanceMeters>
                        <Time>2021-09-12T11:42:00.553Z</Time>
                        <Position>
                            <LatitudeDegrees>30.524980545043945</LatitudeDegrees>
                            <LongitudeDegrees>104.06432342529297</LongitudeDegrees>
                        </Position>
                        <AltitudeMeters>431.05853271484375</AltitudeMeters>
                    </Trackpoint>
                    <Trackpoint>
                        <DistanceMeters>1193.533676147461</DistanceMeters>
                        <Time>2021-09-12T11:42:01.074Z</Time>
                        <Position>
                            <LatitudeDegrees>30.52496910095215</LatitudeDegrees>
                            <LongitudeDegrees>104.0643310546875</LongitudeDegrees>
                        </Position>
                        <AltitudeMeters>431.05853271484375</AltitudeMeters>
                    </Trackpoint>
                    <Trackpoint>
                        <DistanceMeters>1193.533676147461</DistanceMeters>
                        <Time>2021-09-12T11:42:01.999Z</Time>
                        <Position>
                            <LatitudeDegrees>30.524946212768555</LatitudeDegrees>
                            <LongitudeDegrees>104.06434631347656</LongitudeDegrees>
                        </Position>
                        <AltitudeMeters>431.05853271484375</AltitudeMeters>
                    </Trackpoint>
                    <Trackpoint>
                        <DistanceMeters>1193.533676147461</DistanceMeters>
                        <Time>2021-09-12T11:42:03.009Z</Time>
                        <Position>
                            <LatitudeDegrees>30.524921417236328</LatitudeDegrees>
                            <LongitudeDegrees>104.06436920166016</LongitudeDegrees>
                        </Position>
                        <AltitudeMeters>430.9889221191406</AltitudeMeters>
                    </Trackpoint>
                    <Trackpoint>
                        <DistanceMeters>1193.533676147461</DistanceMeters>
                        <Time>2021-09-12T11:42:04.009Z</Time>
                        <Position>
                            <LatitudeDegrees>30.52489471435547</LatitudeDegrees>
                            <LongitudeDegrees>104.06438446044922</LongitudeDegrees>
                        </Position>
                        <AltitudeMeters>430.9889221191406</AltitudeMeters>
                    </Trackpoint>
                    <Trackpoint>
                        <DistanceMeters>1193.533676147461</DistanceMeters>
                        <Time>2021-09-12T11:42:05.006Z</Time>
                        <Position>
                            <LatitudeDegrees>30.524869918823242</LatitudeDegrees>
                            <LongitudeDegrees>104.06440734863281</LongitudeDegrees>
                        </Position>
                        <AltitudeMeters>431.01544189453125</AltitudeMeters>
                    </Trackpoint>
                    <Trackpoint>
                        <DistanceMeters>1193.533676147461</DistanceMeters>
                        <Time>2021-09-12T11:42:06.015Z</Time>
                        <Position>
                            <LatitudeDegrees>30.524845123291016</LatitudeDegrees>
                            <LongitudeDegrees>104.06442260742188</LongitudeDegrees>
                        </Position>
                        <AltitudeMeters>431.01544189453125</AltitudeMeters>
                    </Trackpoint>
                    <Trackpoint>
                        <DistanceMeters>1193.533676147461</DistanceMeters>
                        <Time>2021-09-12T11:42:07.012Z</Time>
                        <Position>
                            <LatitudeDegrees>30.52482032775879</LatitudeDegrees>
                            <LongitudeDegrees>104.06443786621094</LongitudeDegrees>
                        </Position>
                        <AltitudeMeters>431.0157165527344</AltitudeMeters>
                    </Trackpoint>
                    <Trackpoint>
                        <DistanceMeters>1193.533676147461</DistanceMeters>
                        <Time>2021-09-12T11:42:07.910Z</Time>
                        <Position>
                            <LatitudeDegrees>30.524799346923828</LatitudeDegrees>
                            <LongitudeDegrees>104.064453125</LongitudeDegrees>
                        </Position>
                        <AltitudeMeters>431.0157165527344</AltitudeMeters>
                    </Trackpoint>
                    <Trackpoint>
                        <DistanceMeters>1193.533676147461</DistanceMeters>
                        <Time>2021-09-12T11:42:10.005Z</Time>
                        <Position>
                            <LatitudeDegrees>30.524751663208008</LatitudeDegrees>
                            <LongitudeDegrees>104.06448364257812</LongitudeDegrees>
                        </Position>
                        <AltitudeMeters>431.00482177734375</AltitudeMeters>
                    </Trackpoint>
                    <Trackpoint>
                        <DistanceMeters>1193.533676147461</DistanceMeters>
                        <Time>2021-09-12T11:42:11.042Z</Time>
                        <Position>
                            <LatitudeDegrees>30.524728775024414</LatitudeDegrees>
                            <LongitudeDegrees>104.06449890136719</LongitudeDegrees>
                        </Position>
                        <AltitudeMeters>433.509521484375</AltitudeMeters>
                    </Trackpoint>
                    <Trackpoint>
                        <DistanceMeters>1193.533676147461</DistanceMeters>
                        <Time>2021-09-12T11:42:12.018Z</Time>
                        <Position>
                            <LatitudeDegrees>30.52471160888672</LatitudeDegrees>
                            <LongitudeDegrees>104.06451416015625</LongitudeDegrees>
                        </Position>
                        <AltitudeMeters>433.509521484375</AltitudeMeters>
                    </Trackpoint>
                    <Trackpoint>
                        <DistanceMeters>1193.533676147461</DistanceMeters>
                        <Time>2021-09-12T11:42:13.018Z</Time>
                        <Position>
                            <LatitudeDegrees>30.524700164794922</LatitudeDegrees>
                            <LongitudeDegrees>104.06452941894531</LongitudeDegrees>
                        </Position>
                        <AltitudeMeters>433.40478515625</AltitudeMeters>
                    </Trackpoint>
                    <Trackpoint>
                        <DistanceMeters>1193.533676147461</DistanceMeters>
                        <Time>2021-09-12T11:42:14.004Z</Time>
                        <Position>
                            <LatitudeDegrees>30.524688720703125</LatitudeDegrees>
                            <LongitudeDegrees>104.06454467773438</LongitudeDegrees>
                        </Position>
                        <AltitudeMeters>433.40478515625</AltitudeMeters>
                    </Trackpoint>
                    <Trackpoint>
                        <DistanceMeters>1193.533676147461</DistanceMeters>
                        <Time>2021-09-12T11:42:15.010Z</Time>
                        <Position>
                            <LatitudeDegrees>30.524681091308594</LatitudeDegrees>
                            <LongitudeDegrees>104.06456756591797</LongitudeDegrees>
                        </Position>
                        <AltitudeMeters>433.7945556640625</AltitudeMeters>
                    </Trackpoint>
                    <Trackpoint>
                        <DistanceMeters>1193.533676147461</DistanceMeters>
                        <Time>2021-09-12T11:42:16.036Z</Time>
                        <Position>
                            <LatitudeDegrees>30.524667739868164</LatitudeDegrees>
                            <LongitudeDegrees>104.06458282470703</LongitudeDegrees>
                        </Position>
                        <AltitudeMeters>433.7137145996094</AltitudeMeters>
                    </Trackpoint>
                    <Trackpoint>
                        <DistanceMeters>1193.533676147461</DistanceMeters>
                        <Time>2021-09-12T11:42:17.652Z</Time>
                        <Position>
                            <LatitudeDegrees>30.52464485168457</LatitudeDegrees>
                            <LongitudeDegrees>104.06461334228516</LongitudeDegrees>
                        </Position>
                        <AltitudeMeters>433.7137145996094</AltitudeMeters>
                    </Trackpoint>
                    <Trackpoint>
                        <DistanceMeters>1193.533676147461</DistanceMeters>
                        <Time>2021-09-12T11:42:19.011Z</Time>
                        <Position>
                            <LatitudeDegrees>30.524629592895508</LatitudeDegrees>
                            <LongitudeDegrees>104.06462097167969</LongitudeDegrees>
                        </Position>
                        <AltitudeMeters>433.9720153808594</AltitudeMeters>
                    </Trackpoint>
                    <Trackpoint>
                        <DistanceMeters>1193.533676147461</DistanceMeters>
                        <Time>2021-09-12T11:42:20.025Z</Time>
                        <Position>
                            <LatitudeDegrees>30.524620056152344</LatitudeDegrees>
                            <LongitudeDegrees>104.06462097167969</LongitudeDegrees>
                        </Position>
                        <AltitudeMeters>433.9720153808594</AltitudeMeters>
                    </Trackpoint>
                    <Trackpoint>
                        <DistanceMeters>1193.533676147461</DistanceMeters>
                        <Time>2021-09-12T11:42:21.007Z</Time>
                        <Position>
                            <LatitudeDegrees>30.52461051940918</LatitudeDegrees>
                            <LongitudeDegrees>104.06463623046875</LongitudeDegrees>
                        </Position>
                        <AltitudeMeters>434.1805114746094</AltitudeMeters>
                    </Trackpoint>
                    <Trackpoint>
                        <DistanceMeters>1193.533676147461</DistanceMeters>
                        <Time>2021-09-12T11:42:22.009Z</Time>
                        <Position>
                            <LatitudeDegrees>30.524593353271484</LatitudeDegrees>
                            <LongitudeDegrees>104.06465148925781</LongitudeDegrees>
                        </Position>
                        <AltitudeMeters>434.1805114746094</AltitudeMeters>
                    </Trackpoint>
                    <Trackpoint>
                        <DistanceMeters>1193.533676147461</DistanceMeters>
                        <Time>2021-09-12T11:42:23.009Z</Time>
                        <Position>
                            <LatitudeDegrees>30.524574279785156</LatitudeDegrees>
                            <LongitudeDegrees>104.0646743774414</LongitudeDegrees>
                        </Position>
                        <AltitudeMeters>434.1600341796875</AltitudeMeters>
                    </Trackpoint>
                    <Trackpoint>
                        <DistanceMeters>1193.533676147461</DistanceMeters>
                        <Time>2021-09-12T11:42:23.598Z</Time>
                        <Position>
                            <LatitudeDegrees>30.524559020996094</LatitudeDegrees>
                            <LongitudeDegrees>104.06468200683594</LongitudeDegrees>
                        </Position>
                        <AltitudeMeters>434.1600341796875</AltitudeMeters>
                    </Trackpoint>
                    <Trackpoint>
                        <DistanceMeters>1193.533676147461</DistanceMeters>
                        <Time>2021-09-12T11:42:24.044Z</Time>
                        <Position>
                            <LatitudeDegrees>30.524545669555664</LatitudeDegrees>
                            <LongitudeDegrees>104.06468963623047</LongitudeDegrees>
                        </Position>
                        <AltitudeMeters>434.27032470703125</AltitudeMeters>
                    </Trackpoint>
                    <Trackpoint>
                        <DistanceMeters>1193.533676147461</DistanceMeters>
                        <Time>2021-09-12T11:42:24.998Z</Time>
                        <Position>
                            <LatitudeDegrees>30.52452278137207</LatitudeDegrees>
                            <LongitudeDegrees>104.06470489501953</LongitudeDegrees>
                        </Position>
                        <AltitudeMeters>434.27032470703125</AltitudeMeters>
                    </Trackpoint>
                    <Trackpoint>
                        <DistanceMeters>1193.533676147461</DistanceMeters>
                        <Time>2021-09-12T11:42:26.035Z</Time>
                        <Position>
                            <LatitudeDegrees>30.524499893188477</LatitudeDegrees>
                            <LongitudeDegrees>104.06472778320312</LongitudeDegrees>
                        </Position>
                        <AltitudeMeters>432.9294128417969</AltitudeMeters>
                    </Trackpoint>
                    <Trackpoint>
                        <DistanceMeters>1193.533676147461</DistanceMeters>
                        <Time>2021-09-12T11:42:27.052Z</Time>
                        <Position>
                            <LatitudeDegrees>30.52448081970215</LatitudeDegrees>
                            <LongitudeDegrees>104.06474304199219</LongitudeDegrees>
                        </Position>
                        <AltitudeMeters>432.9294128417969</AltitudeMeters>
                    </Trackpoint>
                    <Trackpoint>
                        <DistanceMeters>1193.533676147461</DistanceMeters>
                        <Time>2021-09-12T11:42:28.008Z</Time>
                        <Position>
                            <LatitudeDegrees>30.52446937561035</LatitudeDegrees>
                            <LongitudeDegrees>104.06475830078125</LongitudeDegrees>
                        </Position>
                        <AltitudeMeters>432.9294128417969</AltitudeMeters>
                    </Trackpoint>
                    <Trackpoint>
                        <DistanceMeters>1193.533676147461</DistanceMeters>
                        <Time>2021-09-12T11:42:29.006Z</Time>
                        <Position>
                            <LatitudeDegrees>30.524459838867188</LatitudeDegrees>
                            <LongitudeDegrees>104.06476593017578</LongitudeDegrees>
                        </Position>
                        <AltitudeMeters>432.51763916015625</AltitudeMeters>
                    </Trackpoint>
                    <Trackpoint>
                        <DistanceMeters>1239.432933807373</DistanceMeters>
                        <Time>2021-09-12T11:42:30.006Z</Time>
                        <Position>
                            <LatitudeDegrees>30.524442672729492</LatitudeDegrees>
                            <LongitudeDegrees>104.06476593017578</LongitudeDegrees>
                        </Position>
                        <AltitudeMeters>432.51763916015625</AltitudeMeters>
                    </Trackpoint>
                    <Trackpoint>
                        <DistanceMeters>1239.432933807373</DistanceMeters>
                        <Time>2021-09-12T11:42:32.057Z</Time>
                        <Position>
                            <LatitudeDegrees>30.524404525756836</LatitudeDegrees>
                            <LongitudeDegrees>104.06477355957031</LongitudeDegrees>
                        </Position>
                        <AltitudeMeters>432.3753967285156</AltitudeMeters>
                    </Trackpoint>
                    <Trackpoint>
                        <DistanceMeters>1239.432933807373</DistanceMeters>
                        <Time>2021-09-12T11:42:33.004Z</Time>
                        <Position>
                            <LatitudeDegrees>30.524381637573242</LatitudeDegrees>
                            <LongitudeDegrees>104.06477355957031</LongitudeDegrees>
                        </Position>
                        <AltitudeMeters>432.64422607421875</AltitudeMeters>
                    </Trackpoint>
                    <Trackpoint>
                        <DistanceMeters>1239.432933807373</DistanceMeters>
                        <Time>2021-09-12T11:42:34.042Z</Time>
                        <Position>
                            <LatitudeDegrees>30.524368286132812</LatitudeDegrees>
                            <LongitudeDegrees>104.06478118896484</LongitudeDegrees>
                        </Position>
                        <AltitudeMeters>431.24127197265625</AltitudeMeters>
                    </Trackpoint>
                    <Trackpoint>
                        <DistanceMeters>1239.432933807373</DistanceMeters>
                        <Time>2021-09-12T11:42:36.046Z</Time>
                        <Position>
                            <LatitudeDegrees>30.52434539794922</LatitudeDegrees>
                            <LongitudeDegrees>104.06481170654297</LongitudeDegrees>
                        </Position>
                        <AltitudeMeters>431.4093322753906</AltitudeMeters>
                    </Trackpoint>
                    <Trackpoint>
                        <DistanceMeters>1239.432933807373</DistanceMeters>
                        <Time>2021-09-12T11:42:38.037Z</Time>
                        <Position>
                            <LatitudeDegrees>30.524322509765625</LatitudeDegrees>
                            <LongitudeDegrees>104.06483459472656</LongitudeDegrees>
                        </Position>
                        <AltitudeMeters>431.8898620605469</AltitudeMeters>
                    </Trackpoint>
                    <Trackpoint>
                        <DistanceMeters>1239.432933807373</DistanceMeters>
                        <Time>2021-09-12T11:42:39.196Z</Time>
                        <Position>
                            <LatitudeDegrees>30.524314880371094</LatitudeDegrees>
                            <LongitudeDegrees>104.06484985351562</LongitudeDegrees>
                        </Position>
                        <AltitudeMeters>431.8898620605469</AltitudeMeters>
                    </Trackpoint>
                    <Trackpoint>
                        <DistanceMeters>1239.432933807373</DistanceMeters>
                        <Time>2021-09-12T11:42:40.831Z</Time>
                        <Position>
                            <LatitudeDegrees>30.524307250976562</LatitudeDegrees>
                            <LongitudeDegrees>104.06485748291016</LongitudeDegrees>
                        </Position>
                        <AltitudeMeters>431.7095947265625</AltitudeMeters>
                    </Trackpoint>
                    <Trackpoint>
                        <DistanceMeters>1239.432933807373</DistanceMeters>
                        <Time>2021-09-12T11:42:42.077Z</Time>
                        <Position>
                            <LatitudeDegrees>30.524295806884766</LatitudeDegrees>
                            <LongitudeDegrees>104.06486511230469</LongitudeDegrees>
                        </Position>
                        <AltitudeMeters>431.7095947265625</AltitudeMeters>
                    </Trackpoint>
                    <Trackpoint>
                        <DistanceMeters>1239.432933807373</DistanceMeters>
                        <Time>2021-09-12T11:42:43.064Z</Time>
                        <Position>
                            <LatitudeDegrees>30.5242862701416</LatitudeDegrees>
                            <LongitudeDegrees>104.06488037109375</LongitudeDegrees>
                        </Position>
                        <AltitudeMeters>432.7112121582031</AltitudeMeters>
                    </Trackpoint>
                    <Trackpoint>
                        <DistanceMeters>1239.432933807373</DistanceMeters>
                        <Time>2021-09-12T11:42:45.910Z</Time>
                        <Position>
                            <LatitudeDegrees>30.52426528930664</LatitudeDegrees>
                            <LongitudeDegrees>104.06490325927734</LongitudeDegrees>
                        </Position>
                        <AltitudeMeters>432.53521728515625</AltitudeMeters>
                    </Trackpoint>
                    <Trackpoint>
                        <DistanceMeters>1239.432933807373</DistanceMeters>
                        <Time>2021-09-12T11:42:46.813Z</Time>
                        <Position>
                            <LatitudeDegrees>30.52425193786621</LatitudeDegrees>
                            <LongitudeDegrees>104.0649185180664</LongitudeDegrees>
                        </Position>
                        <AltitudeMeters>432.4182434082031</AltitudeMeters>
                    </Trackpoint>
                    <Trackpoint>
                        <DistanceMeters>1239.432933807373</DistanceMeters>
                        <Time>2021-09-12T11:42:48.058Z</Time>
                        <Position>
                            <LatitudeDegrees>30.524234771728516</LatitudeDegrees>
                            <LongitudeDegrees>104.06493377685547</LongitudeDegrees>
                        </Position>
                        <AltitudeMeters>433.5015869140625</AltitudeMeters>
                    </Trackpoint>
                    <Trackpoint>
                        <DistanceMeters>1239.432933807373</DistanceMeters>
                        <Time>2021-09-12T11:42:50.091Z</Time>
                        <Position>
                            <LatitudeDegrees>30.524208068847656</LatitudeDegrees>
                            <LongitudeDegrees>104.06494903564453</LongitudeDegrees>
                        </Position>
                        <AltitudeMeters>432.807373046875</AltitudeMeters>
                    </Trackpoint>
                    <Trackpoint>
                        <DistanceMeters>1239.432933807373</DistanceMeters>
                        <Time>2021-09-12T11:42:52.063Z</Time>
                        <Position>
                            <LatitudeDegrees>30.524187088012695</LatitudeDegrees>
                            <LongitudeDegrees>104.06497192382812</LongitudeDegrees>
                        </Position>
                        <AltitudeMeters>432.8911437988281</AltitudeMeters>
                    </Trackpoint>
                    <Trackpoint>
                        <DistanceMeters>1239.432933807373</DistanceMeters>
                        <Time>2021-09-12T11:42:53.787Z</Time>
                        <Position>
                            <LatitudeDegrees>30.524168014526367</LatitudeDegrees>
                            <LongitudeDegrees>104.06498718261719</LongitudeDegrees>
                        </Position>
                        <AltitudeMeters>432.8911437988281</AltitudeMeters>
                    </Trackpoint>
                    <Trackpoint>
                        <DistanceMeters>1239.432933807373</DistanceMeters>
                        <Time>2021-09-12T11:42:55.085Z</Time>
                        <Position>
                            <LatitudeDegrees>30.524154663085938</LatitudeDegrees>
                            <LongitudeDegrees>104.06499481201172</LongitudeDegrees>
                        </Position>
                        <AltitudeMeters>433.96337890625</AltitudeMeters>
                    </Trackpoint>
                    <Trackpoint>
                        <DistanceMeters>1239.432933807373</DistanceMeters>
                        <Time>2021-09-12T11:42:56.084Z</Time>
                        <Position>
                            <LatitudeDegrees>30.524147033691406</LatitudeDegrees>
                            <LongitudeDegrees>104.06500244140625</LongitudeDegrees>
                        </Position>
                        <AltitudeMeters>432.6616516113281</AltitudeMeters>
                    </Trackpoint>
                    <Trackpoint>
                        <DistanceMeters>1239.432933807373</DistanceMeters>
                        <Time>2021-09-12T11:42:58.073Z</Time>
                        <Position>
                            <LatitudeDegrees>30.524133682250977</LatitudeDegrees>
                            <LongitudeDegrees>104.06502532958984</LongitudeDegrees>
                        </Position>
                        <AltitudeMeters>432.6616516113281</AltitudeMeters>
                    </Trackpoint>
                    <Trackpoint>
                        <DistanceMeters>1296.5263862609863</DistanceMeters>
                        <Time>2021-09-12T11:43:00.031Z</Time>
                        <Position>
                            <LatitudeDegrees>30.52411651611328</LatitudeDegrees>
                            <LongitudeDegrees>104.06503295898438</LongitudeDegrees>
                        </Position>
                        <AltitudeMeters>429.72528076171875</AltitudeMeters>
                    </Trackpoint>
                    <Trackpoint>
                        <DistanceMeters>1296.5263862609863</DistanceMeters>
                        <Time>2021-09-12T11:43:02.041Z</Time>
                        <Position>
                            <LatitudeDegrees>30.524105072021484</LatitudeDegrees>
                            <LongitudeDegrees>104.06504821777344</LongitudeDegrees>
                        </Position>
                        <AltitudeMeters>429.73590087890625</AltitudeMeters>
                    </Trackpoint>
                    <Trackpoint>
                        <DistanceMeters>1296.5263862609863</DistanceMeters>
                        <Time>2021-09-12T11:43:04.033Z</Time>
                        <Position>
                            <LatitudeDegrees>30.524093627929688</LatitudeDegrees>
                            <LongitudeDegrees>104.06505584716797</LongitudeDegrees>
                        </Position>
                        <AltitudeMeters>429.7459716796875</AltitudeMeters>
                    </Trackpoint>
                    <Trackpoint>
                        <DistanceMeters>1296.5263862609863</DistanceMeters>
                        <Time>2021-09-12T11:43:07.375Z</Time>
                        <Position>
                            <LatitudeDegrees>30.52408218383789</LatitudeDegrees>
                            <LongitudeDegrees>104.06505584716797</LongitudeDegrees>
                        </Position>
                        <AltitudeMeters>430.8669128417969</AltitudeMeters>
                    </Trackpoint>
                    <Trackpoint>
                        <DistanceMeters>1296.5263862609863</DistanceMeters>
                        <Time>2021-09-12T11:43:10.032Z</Time>
                        <Position>
                            <LatitudeDegrees>30.524065017700195</LatitudeDegrees>
                            <LongitudeDegrees>104.06507110595703</LongitudeDegrees>
                        </Position>
                        <AltitudeMeters>431.3670349121094</AltitudeMeters>
                    </Trackpoint>
                    <Trackpoint>
                        <DistanceMeters>1296.5263862609863</DistanceMeters>
                        <Time>2021-09-12T11:43:11.476Z</Time>
                        <Position>
                            <LatitudeDegrees>30.524051666259766</LatitudeDegrees>
                            <LongitudeDegrees>104.0650863647461</LongitudeDegrees>
                        </Position>
                        <AltitudeMeters>431.3602600097656</AltitudeMeters>
                    </Trackpoint>
                    <Trackpoint>
                        <DistanceMeters>1296.5263862609863</DistanceMeters>
                        <Time>2021-09-12T11:43:12.797Z</Time>
                        <Position>
                            <LatitudeDegrees>30.524030685424805</LatitudeDegrees>
                            <LongitudeDegrees>104.06510162353516</LongitudeDegrees>
                        </Position>
                        <AltitudeMeters>431.3576354980469</AltitudeMeters>
                    </Trackpoint>
                    <Trackpoint>
                        <DistanceMeters>1296.5263862609863</DistanceMeters>
                        <Time>2021-09-12T11:43:13.335Z</Time>
                        <Position>
                            <LatitudeDegrees>30.52401351928711</LatitudeDegrees>
                            <LongitudeDegrees>104.06510925292969</LongitudeDegrees>
                        </Position>
                        <AltitudeMeters>431.2285461425781</AltitudeMeters>
                    </Trackpoint>
                    <Trackpoint>
                        <DistanceMeters>1296.5263862609863</DistanceMeters>
                        <Time>2021-09-12T11:43:13.810Z</Time>
                        <Position>
                            <LatitudeDegrees>30.524002075195312</LatitudeDegrees>
                            <LongitudeDegrees>104.06511688232422</LongitudeDegrees>
                        </Position>
                        <AltitudeMeters>431.22540283203125</AltitudeMeters>
                    </Trackpoint>
                    <Trackpoint>
                        <DistanceMeters>1296.5263862609863</DistanceMeters>
                        <Time>2021-09-12T11:43:14.434Z</Time>
                        <Position>
                            <LatitudeDegrees>30.523971557617188</LatitudeDegrees>
                            <LongitudeDegrees>104.06512451171875</LongitudeDegrees>
                        </Position>
                        <AltitudeMeters>431.0133361816406</AltitudeMeters>
                    </Trackpoint>
                    <Trackpoint>
                        <DistanceMeters>1296.5263862609863</DistanceMeters>
                        <Time>2021-09-12T11:43:14.955Z</Time>
                        <Position>
                            <LatitudeDegrees>30.523958206176758</LatitudeDegrees>
                            <LongitudeDegrees>104.06513214111328</LongitudeDegrees>
                        </Position>
                        <AltitudeMeters>431.0480651855469</AltitudeMeters>
                    </Trackpoint>
                    <Trackpoint>
                        <DistanceMeters>1296.5263862609863</DistanceMeters>
                        <Time>2021-09-12T11:43:15.577Z</Time>
                        <Position>
                            <LatitudeDegrees>30.523942947387695</LatitudeDegrees>
                            <LongitudeDegrees>104.06513977050781</LongitudeDegrees>
                        </Position>
                        <AltitudeMeters>431.0565490722656</AltitudeMeters>
                    </Trackpoint>
                    <Trackpoint>
                        <DistanceMeters>1296.5263862609863</DistanceMeters>
                        <Time>2021-09-12T11:43:16.101Z</Time>
                        <Position>
                            <LatitudeDegrees>30.5239315032959</LatitudeDegrees>
                            <LongitudeDegrees>104.06515502929688</LongitudeDegrees>
                        </Position>
                        <AltitudeMeters>431.0565490722656</AltitudeMeters>
                    </Trackpoint>
                    <Trackpoint>
                        <DistanceMeters>1296.5263862609863</DistanceMeters>
                        <Time>2021-09-12T11:43:16.847Z</Time>
                        <Position>
                            <LatitudeDegrees>30.523914337158203</LatitudeDegrees>
                            <LongitudeDegrees>104.06517028808594</LongitudeDegrees>
                        </Position>
                        <AltitudeMeters>431.07275390625</AltitudeMeters>
                    </Trackpoint>
                    <Trackpoint>
                        <DistanceMeters>1296.5263862609863</DistanceMeters>
                        <Time>2021-09-12T11:43:18.085Z</Time>
                        <Position>
                            <LatitudeDegrees>30.52389144897461</LatitudeDegrees>
                            <LongitudeDegrees>104.065185546875</LongitudeDegrees>
                        </Position>
                        <AltitudeMeters>431.07275390625</AltitudeMeters>
                    </Trackpoint>
                    <Trackpoint>
                        <DistanceMeters>1296.5263862609863</DistanceMeters>
                        <Time>2021-09-12T11:43:20.086Z</Time>
                        <Position>
                            <LatitudeDegrees>30.523853302001953</LatitudeDegrees>
                            <LongitudeDegrees>104.0652084350586</LongitudeDegrees>
                        </Position>
                        <AltitudeMeters>431.1025390625</AltitudeMeters>
                    </Trackpoint>
                    <Trackpoint>
                        <DistanceMeters>1296.5263862609863</DistanceMeters>
                        <Time>2021-09-12T11:43:20.553Z</Time>
                        <Position>
                            <LatitudeDegrees>30.523841857910156</LatitudeDegrees>
                            <LongitudeDegrees>104.0652084350586</LongitudeDegrees>
                        </Position>
                        <AltitudeMeters>431.1025390625</AltitudeMeters>
                    </Trackpoint>
                    <Trackpoint>
                        <DistanceMeters>1296.5263862609863</DistanceMeters>
                        <Time>2021-09-12T11:43:21.101Z</Time>
                        <Position>
                            <LatitudeDegrees>30.523832321166992</LatitudeDegrees>
                            <LongitudeDegrees>104.0652084350586</LongitudeDegrees>
                        </Position>
                        <AltitudeMeters>431.1025390625</AltitudeMeters>
                    </Trackpoint>
                    <Trackpoint>
                        <DistanceMeters>1296.5263862609863</DistanceMeters>
                        <Time>2021-09-12T11:43:22.085Z</Time>
                        <Position>
                            <LatitudeDegrees>30.52381706237793</LatitudeDegrees>
                            <LongitudeDegrees>104.0652084350586</LongitudeDegrees>
                        </Position>
                        <AltitudeMeters>431.1025390625</AltitudeMeters>
                    </Trackpoint>
                    <Trackpoint>
                        <DistanceMeters>1296.5263862609863</DistanceMeters>
                        <Time>2021-09-12T11:43:24.072Z</Time>
                        <Position>
                            <LatitudeDegrees>30.523788452148438</LatitudeDegrees>
                            <LongitudeDegrees>104.0652084350586</LongitudeDegrees>
                        </Position>
                        <AltitudeMeters>431.0304870605469</AltitudeMeters>
                    </Trackpoint>
                    <Trackpoint>
                        <DistanceMeters>1296.5263862609863</DistanceMeters>
                        <Time>2021-09-12T11:43:25.090Z</Time>
                        <Position>
                            <LatitudeDegrees>30.523771286010742</LatitudeDegrees>
                            <LongitudeDegrees>104.06521606445312</LongitudeDegrees>
                        </Position>
                        <AltitudeMeters>431.0304870605469</AltitudeMeters>
                    </Trackpoint>
                    <Trackpoint>
                        <DistanceMeters>1296.5263862609863</DistanceMeters>
                        <Time>2021-09-12T11:43:26.038Z</Time>
                        <Position>
                            <LatitudeDegrees>30.523752212524414</LatitudeDegrees>
                            <LongitudeDegrees>104.06521606445312</LongitudeDegrees>
                        </Position>
                        <AltitudeMeters>431.0373840332031</AltitudeMeters>
                    </Trackpoint>
                    <Trackpoint>
                        <DistanceMeters>1296.5263862609863</DistanceMeters>
                        <Time>2021-09-12T11:43:27.134Z</Time>
                        <Position>
                            <LatitudeDegrees>30.523727416992188</LatitudeDegrees>
                            <LongitudeDegrees>104.06523132324219</LongitudeDegrees>
                        </Position>
                        <AltitudeMeters>431.0373840332031</AltitudeMeters>
                    </Trackpoint>
                    <Trackpoint>
                        <DistanceMeters>1296.5263862609863</DistanceMeters>
                        <Time>2021-09-12T11:43:28.063Z</Time>
                        <Position>
                            <LatitudeDegrees>30.52370834350586</LatitudeDegrees>
                            <LongitudeDegrees>104.06523895263672</LongitudeDegrees>
                        </Position>
                        <AltitudeMeters>431.05450439453125</AltitudeMeters>
                    </Trackpoint>
                    <Trackpoint>
                        <DistanceMeters>1296.5263862609863</DistanceMeters>
                        <Time>2021-09-12T11:43:28.624Z</Time>
                        <Position>
                            <LatitudeDegrees>30.523693084716797</LatitudeDegrees>
                            <LongitudeDegrees>104.06524658203125</LongitudeDegrees>
                        </Position>
                        <AltitudeMeters>431.05450439453125</AltitudeMeters>
                    </Trackpoint>
                    <Trackpoint>
                        <DistanceMeters>1296.5263862609863</DistanceMeters>
                        <Time>2021-09-12T11:43:29.509Z</Time>
                        <Position>
                            <LatitudeDegrees>30.5236759185791</LatitudeDegrees>
                            <LongitudeDegrees>104.06525421142578</LongitudeDegrees>
                        </Position>
                        <AltitudeMeters>431.05450439453125</AltitudeMeters>
                    </Trackpoint>
                    <Trackpoint>
                        <DistanceMeters>1363.5126457214355</DistanceMeters>
                        <Time>2021-09-12T11:43:30.032Z</Time>
                        <Position>
                            <LatitudeDegrees>30.523666381835938</LatitudeDegrees>
                            <LongitudeDegrees>104.06526184082031</LongitudeDegrees>
                        </Position>
                        <AltitudeMeters>431.0495300292969</AltitudeMeters>
                    </Trackpoint>
                    <Trackpoint>
                        <DistanceMeters>1363.5126457214355</DistanceMeters>
                        <Time>2021-09-12T11:43:31.174Z</Time>
                        <Position>
                            <LatitudeDegrees>30.523643493652344</LatitudeDegrees>
                            <LongitudeDegrees>104.06527709960938</LongitudeDegrees>
                        </Position>
                        <AltitudeMeters>431.0495300292969</AltitudeMeters>
                    </Trackpoint>
                    <Trackpoint>
                        <DistanceMeters>1363.5126457214355</DistanceMeters>
                        <Time>2021-09-12T11:43:31.592Z</Time>
                        <Position>
                            <LatitudeDegrees>30.52363395690918</LatitudeDegrees>
                            <LongitudeDegrees>104.0652847290039</LongitudeDegrees>
                        </Position>
                        <AltitudeMeters>431.0495300292969</AltitudeMeters>
                    </Trackpoint>
                    <Trackpoint>
                        <DistanceMeters>1363.5126457214355</DistanceMeters>
                        <Time>2021-09-12T11:43:32.029Z</Time>
                        <Position>
                            <LatitudeDegrees>30.52362632751465</LatitudeDegrees>
                            <LongitudeDegrees>104.06529235839844</LongitudeDegrees>
                        </Position>
                        <AltitudeMeters>431.0495300292969</AltitudeMeters>
                    </Trackpoint>
                    <Trackpoint>
                        <DistanceMeters>1363.5126457214355</DistanceMeters>
                        <Time>2021-09-12T11:43:33.368Z</Time>
                        <Position>
                            <LatitudeDegrees>30.523603439331055</LatitudeDegrees>
                            <LongitudeDegrees>104.06531524658203</LongitudeDegrees>
                        </Position>
                        <AltitudeMeters>431.03900146484375</AltitudeMeters>
                    </Trackpoint>
                    <Trackpoint>
                        <DistanceMeters>1363.5126457214355</DistanceMeters>
                        <Time>2021-09-12T11:43:34.043Z</Time>
                        <Position>
                            <LatitudeDegrees>30.523595809936523</LatitudeDegrees>
                            <LongitudeDegrees>104.06532287597656</LongitudeDegrees>
                        </Position>
                        <AltitudeMeters>431.0419006347656</AltitudeMeters>
                    </Trackpoint>
                    <Trackpoint>
                        <DistanceMeters>1363.5126457214355</DistanceMeters>
                        <Time>2021-09-12T11:43:34.787Z</Time>
                        <Position>
                            <LatitudeDegrees>30.52358055114746</LatitudeDegrees>
                            <LongitudeDegrees>104.06533813476562</LongitudeDegrees>
                        </Position>
                        <AltitudeMeters>431.0419006347656</AltitudeMeters>
                    </Trackpoint>
                    <Trackpoint>
                        <DistanceMeters>1363.5126457214355</DistanceMeters>
                        <Time>2021-09-12T11:43:35.852Z</Time>
                        <Position>
                            <LatitudeDegrees>30.523557662963867</LatitudeDegrees>
                            <LongitudeDegrees>104.06536102294922</LongitudeDegrees>
                        </Position>
                        <AltitudeMeters>431.0419006347656</AltitudeMeters>
                    </Trackpoint>
                    <Trackpoint>
                        <DistanceMeters>1363.5126457214355</DistanceMeters>
                        <Time>2021-09-12T11:43:36.042Z</Time>
                        <Position>
                            <LatitudeDegrees>30.523550033569336</LatitudeDegrees>
                            <LongitudeDegrees>104.06536865234375</LongitudeDegrees>
                        </Position>
                        <AltitudeMeters>431.09716796875</AltitudeMeters>
                    </Trackpoint>
                    <Trackpoint>
                        <DistanceMeters>1363.5126457214355</DistanceMeters>
                        <Time>2021-09-12T11:43:36.651Z</Time>
                        <Position>
                            <LatitudeDegrees>30.523534774780273</LatitudeDegrees>
                            <LongitudeDegrees>104.06538391113281</LongitudeDegrees>
                        </Position>
                        <AltitudeMeters>431.09716796875</AltitudeMeters>
                    </Trackpoint>
                    <Trackpoint>
                        <DistanceMeters>1363.5126457214355</DistanceMeters>
                        <Time>2021-09-12T11:43:37.173Z</Time>
                        <Position>
                            <LatitudeDegrees>30.523521423339844</LatitudeDegrees>
                            <LongitudeDegrees>104.06539916992188</LongitudeDegrees>
                        </Position>
                        <AltitudeMeters>431.09716796875</AltitudeMeters>
                    </Trackpoint>
                    <Trackpoint>
                        <DistanceMeters>1363.5126457214355</DistanceMeters>
                        <Time>2021-09-12T11:43:38.037Z</Time>
                        <Position>
                            <LatitudeDegrees>30.523502349853516</LatitudeDegrees>
                            <LongitudeDegrees>104.06541442871094</LongitudeDegrees>
                        </Position>
                        <AltitudeMeters>431.09716796875</AltitudeMeters>
                    </Trackpoint>
                    <Trackpoint>
                        <DistanceMeters>1363.5126457214355</DistanceMeters>
                        <Time>2021-09-12T11:43:38.858Z</Time>
                        <Position>
                            <LatitudeDegrees>30.523481369018555</LatitudeDegrees>
                            <LongitudeDegrees>104.0654296875</LongitudeDegrees>
                        </Position>
                        <AltitudeMeters>431.18450927734375</AltitudeMeters>
                    </Trackpoint>
                    <Trackpoint>
                        <DistanceMeters>1363.5126457214355</DistanceMeters>
                        <Time>2021-09-12T11:43:39.497Z</Time>
                        <Position>
                            <LatitudeDegrees>30.523466110229492</LatitudeDegrees>
                            <LongitudeDegrees>104.06544494628906</LongitudeDegrees>
                        </Position>
                        <AltitudeMeters>432.5888671875</AltitudeMeters>
                    </Trackpoint>
                    <Trackpoint>
                        <DistanceMeters>1363.5126457214355</DistanceMeters>
                        <Time>2021-09-12T11:43:40.039Z</Time>
                        <Position>
                            <LatitudeDegrees>30.523452758789062</LatitudeDegrees>
                            <LongitudeDegrees>104.06544494628906</LongitudeDegrees>
                        </Position>
                        <AltitudeMeters>432.58758544921875</AltitudeMeters>
                    </Trackpoint>
                    <Trackpoint>
                        <DistanceMeters>1363.5126457214355</DistanceMeters>
                        <Time>2021-09-12T11:43:42.040Z</Time>
                        <Position>
                            <LatitudeDegrees>30.52339744567871</LatitudeDegrees>
                            <LongitudeDegrees>104.06546783447266</LongitudeDegrees>
                        </Position>
                        <AltitudeMeters>430.6377258300781</AltitudeMeters>
                    </Trackpoint>
                    <Trackpoint>
                        <DistanceMeters>1363.5126457214355</DistanceMeters>
                        <Time>2021-09-12T11:43:43.114Z</Time>
                        <Position>
                            <LatitudeDegrees>30.523380279541016</LatitudeDegrees>
                            <LongitudeDegrees>104.06548309326172</LongitudeDegrees>
                        </Position>
                        <AltitudeMeters>430.6377258300781</AltitudeMeters>
                    </Trackpoint>
                    <Trackpoint>
                        <DistanceMeters>1363.5126457214355</DistanceMeters>
                        <Time>2021-09-12T11:43:43.775Z</Time>
                        <Position>
                            <LatitudeDegrees>30.523374557495117</LatitudeDegrees>
                            <LongitudeDegrees>104.06549072265625</LongitudeDegrees>
                        </Position>
                        <AltitudeMeters>430.6377258300781</AltitudeMeters>
                    </Trackpoint>
                    <Trackpoint>
                        <DistanceMeters>1363.5126457214355</DistanceMeters>
                        <Time>2021-09-12T11:43:45.495Z</Time>
                        <Position>
                            <LatitudeDegrees>30.523359298706055</LatitudeDegrees>
                            <LongitudeDegrees>104.06549835205078</LongitudeDegrees>
                        </Position>
                        <AltitudeMeters>430.6191711425781</AltitudeMeters>
                    </Trackpoint>
                    <Trackpoint>
                        <DistanceMeters>1363.5126457214355</DistanceMeters>
                        <Time>2021-09-12T11:43:47.133Z</Time>
                        <Position>
                            <LatitudeDegrees>30.523338317871094</LatitudeDegrees>
                            <LongitudeDegrees>104.06550598144531</LongitudeDegrees>
                        </Position>
                        <AltitudeMeters>430.63201904296875</AltitudeMeters>
                    </Trackpoint>
                    <Trackpoint>
                        <DistanceMeters>1363.5126457214355</DistanceMeters>
                        <Time>2021-09-12T11:43:48.003Z</Time>
                        <Position>
                            <LatitudeDegrees>30.5233211517334</LatitudeDegrees>
                            <LongitudeDegrees>104.06550598144531</LongitudeDegrees>
                        </Position>
                        <AltitudeMeters>430.63201904296875</AltitudeMeters>
                    </Trackpoint>
                    <Trackpoint>
                        <DistanceMeters>1363.5126457214355</DistanceMeters>
                        <Time>2021-09-12T11:43:49.001Z</Time>
                        <Position>
                            <LatitudeDegrees>30.523300170898438</LatitudeDegrees>
                            <LongitudeDegrees>104.06549835205078</LongitudeDegrees>
                        </Position>
                        <AltitudeMeters>430.72216796875</AltitudeMeters>
                    </Trackpoint>
                    <Trackpoint>
                        <DistanceMeters>1363.5126457214355</DistanceMeters>
                        <Time>2021-09-12T11:43:50.002Z</Time>
                        <Position>
                            <LatitudeDegrees>30.523279190063477</LatitudeDegrees>
                            <LongitudeDegrees>104.06549835205078</LongitudeDegrees>
                        </Position>
                        <AltitudeMeters>430.72216796875</AltitudeMeters>
                    </Trackpoint>
                    <Trackpoint>
                        <DistanceMeters>1363.5126457214355</DistanceMeters>
                        <Time>2021-09-12T11:43:51.001Z</Time>
                        <Position>
                            <LatitudeDegrees>30.523258209228516</LatitudeDegrees>
                            <LongitudeDegrees>104.06550598144531</LongitudeDegrees>
                        </Position>
                        <AltitudeMeters>430.7176208496094</AltitudeMeters>
                    </Trackpoint>
                    <Trackpoint>
                        <DistanceMeters>1363.5126457214355</DistanceMeters>
                        <Time>2021-09-12T11:43:52.006Z</Time>
                        <Position>
                            <LatitudeDegrees>30.523239135742188</LatitudeDegrees>
                            <LongitudeDegrees>104.06551361083984</LongitudeDegrees>
                        </Position>
                        <AltitudeMeters>430.7176208496094</AltitudeMeters>
                    </Trackpoint>
                    <Trackpoint>
                        <DistanceMeters>1363.5126457214355</DistanceMeters>
                        <Time>2021-09-12T11:43:53.002Z</Time>
                        <Position>
                            <LatitudeDegrees>30.523221969604492</LatitudeDegrees>
                            <LongitudeDegrees>104.06552124023438</LongitudeDegrees>
                        </Position>
                        <AltitudeMeters>430.68341064453125</AltitudeMeters>
                    </Trackpoint>
                    <Trackpoint>
                        <DistanceMeters>1363.5126457214355</DistanceMeters>
                        <Time>2021-09-12T11:43:54.001Z</Time>
                        <Position>
                            <LatitudeDegrees>30.52320671081543</LatitudeDegrees>
                            <LongitudeDegrees>104.06553649902344</LongitudeDegrees>
                        </Position>
                        <AltitudeMeters>430.68341064453125</AltitudeMeters>
                    </Trackpoint>
                    <Trackpoint>
                        <DistanceMeters>1363.5126457214355</DistanceMeters>
                        <Time>2021-09-12T11:43:56.034Z</Time>
                        <Position>
                            <LatitudeDegrees>30.523181915283203</LatitudeDegrees>
                            <LongitudeDegrees>104.0655517578125</LongitudeDegrees>
                        </Position>
                        <AltitudeMeters>430.7214660644531</AltitudeMeters>
                    </Trackpoint>
                    <Trackpoint>
                        <DistanceMeters>1363.5126457214355</DistanceMeters>
                        <Time>2021-09-12T11:43:58.004Z</Time>
                        <Position>
                            <LatitudeDegrees>30.523157119750977</LatitudeDegrees>
                            <LongitudeDegrees>104.06554412841797</LongitudeDegrees>
                        </Position>
                        <AltitudeMeters>430.7214660644531</AltitudeMeters>
                    </Trackpoint>
                    <Trackpoint>
                        <DistanceMeters>1425.9563522338867</DistanceMeters>
                        <Time>2021-09-12T11:44:00.016Z</Time>
                        <Position>
                            <LatitudeDegrees>30.52313995361328</LatitudeDegrees>
                            <LongitudeDegrees>104.0655517578125</LongitudeDegrees>
                        </Position>
                        <AltitudeMeters>430.7210693359375</AltitudeMeters>
                    </Trackpoint>
                    <Trackpoint>
                        <DistanceMeters>1425.9563522338867</DistanceMeters>
                        <Time>2021-09-12T11:44:01.009Z</Time>
                        <Position>
                            <LatitudeDegrees>30.523136138916016</LatitudeDegrees>
                            <LongitudeDegrees>104.06556701660156</LongitudeDegrees>
                        </Position>
                        <AltitudeMeters>430.7539978027344</AltitudeMeters>
                    </Trackpoint>
                    <Trackpoint>
                        <DistanceMeters>1425.9563522338867</DistanceMeters>
                        <Time>2021-09-12T11:44:03.012Z</Time>
                        <Position>
                            <LatitudeDegrees>30.52312469482422</LatitudeDegrees>
                            <LongitudeDegrees>104.0655746459961</LongitudeDegrees>
                        </Position>
                        <AltitudeMeters>430.77069091796875</AltitudeMeters>
                    </Trackpoint>
                    <Trackpoint>
                        <DistanceMeters>1425.9563522338867</DistanceMeters>
                        <Time>2021-09-12T11:44:04.009Z</Time>
                        <Position>
                            <LatitudeDegrees>30.523107528686523</LatitudeDegrees>
                            <LongitudeDegrees>104.06558227539062</LongitudeDegrees>
                        </Position>
                        <AltitudeMeters>430.77069091796875</AltitudeMeters>
                    </Trackpoint>
                    <Trackpoint>
                        <DistanceMeters>1425.9563522338867</DistanceMeters>
                        <Time>2021-09-12T11:44:05.003Z</Time>
                        <Position>
                            <LatitudeDegrees>30.523088455200195</LatitudeDegrees>
                            <LongitudeDegrees>104.06558227539062</LongitudeDegrees>
                        </Position>
                        <AltitudeMeters>430.7772216796875</AltitudeMeters>
                    </Trackpoint>
                    <Trackpoint>
                        <DistanceMeters>1425.9563522338867</DistanceMeters>
                        <Time>2021-09-12T11:44:06.009Z</Time>
                        <Position>
                            <LatitudeDegrees>30.523073196411133</LatitudeDegrees>
                            <LongitudeDegrees>104.06558990478516</LongitudeDegrees>
                        </Position>
                        <AltitudeMeters>430.7772216796875</AltitudeMeters>
                    </Trackpoint>
                    <Trackpoint>
                        <DistanceMeters>1425.9563522338867</DistanceMeters>
                        <Time>2021-09-12T11:44:07.007Z</Time>
                        <Position>
                            <LatitudeDegrees>30.523056030273438</LatitudeDegrees>
                            <LongitudeDegrees>104.06558990478516</LongitudeDegrees>
                        </Position>
                        <AltitudeMeters>430.7646789550781</AltitudeMeters>
                    </Trackpoint>
                    <Trackpoint>
                        <DistanceMeters>1425.9563522338867</DistanceMeters>
                        <Time>2021-09-12T11:44:07.835Z</Time>
                        <Position>
                            <LatitudeDegrees>30.52303695678711</LatitudeDegrees>
                            <LongitudeDegrees>104.06558990478516</LongitudeDegrees>
                        </Position>
                        <AltitudeMeters>430.7646789550781</AltitudeMeters>
                    </Trackpoint>
                    <Trackpoint>
                        <DistanceMeters>1425.9563522338867</DistanceMeters>
                        <Time>2021-09-12T11:44:08.392Z</Time>
                        <Position>
                            <LatitudeDegrees>30.52302360534668</LatitudeDegrees>
                            <LongitudeDegrees>104.06558990478516</LongitudeDegrees>
                        </Position>
                        <AltitudeMeters>430.80963134765625</AltitudeMeters>
                    </Trackpoint>
                    <Trackpoint>
                        <DistanceMeters>1425.9563522338867</DistanceMeters>
                        <Time>2021-09-12T11:44:09.136Z</Time>
                        <Position>
                            <LatitudeDegrees>30.523008346557617</LatitudeDegrees>
                            <LongitudeDegrees>104.06558990478516</LongitudeDegrees>
                        </Position>
                        <AltitudeMeters>430.80963134765625</AltitudeMeters>
                    </Trackpoint>
                    <Trackpoint>
                        <DistanceMeters>1425.9563522338867</DistanceMeters>
                        <Time>2021-09-12T11:44:10.014Z</Time>
                        <Position>
                            <LatitudeDegrees>30.522991180419922</LatitudeDegrees>
                            <LongitudeDegrees>104.06559753417969</LongitudeDegrees>
                        </Position>
                        <AltitudeMeters>430.80963134765625</AltitudeMeters>
                    </Trackpoint>
                    <Trackpoint>
                        <DistanceMeters>1425.9563522338867</DistanceMeters>
                        <Time>2021-09-12T11:44:11.024Z</Time>
                        <Position>
                            <LatitudeDegrees>30.52297019958496</LatitudeDegrees>
                            <LongitudeDegrees>104.06560516357422</LongitudeDegrees>
                        </Position>
                        <AltitudeMeters>430.8423767089844</AltitudeMeters>
                    </Trackpoint>
                    <Trackpoint>
                        <DistanceMeters>1425.9563522338867</DistanceMeters>
                        <Time>2021-09-12T11:44:11.694Z</Time>
                        <Position>
                            <LatitudeDegrees>30.522953033447266</LatitudeDegrees>
                            <LongitudeDegrees>104.06560516357422</LongitudeDegrees>
                        </Position>
                        <AltitudeMeters>430.8423767089844</AltitudeMeters>
                    </Trackpoint>
                    <Trackpoint>
                        <DistanceMeters>1425.9563522338867</DistanceMeters>
                        <Time>2021-09-12T11:44:12.719Z</Time>
                        <Position>
                            <LatitudeDegrees>30.522926330566406</LatitudeDegrees>
                            <LongitudeDegrees>104.06559753417969</LongitudeDegrees>
                        </Position>
                        <AltitudeMeters>430.7815246582031</AltitudeMeters>
                    </Trackpoint>
                    <Trackpoint>
                        <DistanceMeters>1425.9563522338867</DistanceMeters>
                        <Time>2021-09-12T11:44:13.294Z</Time>
                        <Position>
                            <LatitudeDegrees>30.522911071777344</LatitudeDegrees>
                            <LongitudeDegrees>104.06558990478516</LongitudeDegrees>
                        </Position>
                        <AltitudeMeters>430.7815246582031</AltitudeMeters>
                    </Trackpoint>
                    <Trackpoint>
                        <DistanceMeters>1425.9563522338867</DistanceMeters>
                        <Time>2021-09-12T11:44:14.004Z</Time>
                        <Position>
                            <LatitudeDegrees>30.52289390563965</LatitudeDegrees>
                            <LongitudeDegrees>104.06558990478516</LongitudeDegrees>
                        </Position>
                        <AltitudeMeters>430.7815246582031</AltitudeMeters>
                    </Trackpoint>
                    <Trackpoint>
                        <DistanceMeters>1425.9563522338867</DistanceMeters>
                        <Time>2021-09-12T11:44:16.036Z</Time>
                        <Position>
                            <LatitudeDegrees>30.522846221923828</LatitudeDegrees>
                            <LongitudeDegrees>104.06558227539062</LongitudeDegrees>
                        </Position>
                        <AltitudeMeters>430.86126708984375</AltitudeMeters>
                    </Trackpoint>
                    <Trackpoint>
                        <DistanceMeters>1425.9563522338867</DistanceMeters>
                        <Time>2021-09-12T11:44:17.008Z</Time>
                        <Position>
                            <LatitudeDegrees>30.522830963134766</LatitudeDegrees>
                            <LongitudeDegrees>104.06558227539062</LongitudeDegrees>
                        </Position>
                        <AltitudeMeters>430.86126708984375</AltitudeMeters>
                    </Trackpoint>
                    <Trackpoint>
                        <DistanceMeters>1425.9563522338867</DistanceMeters>
                        <Time>2021-09-12T11:44:18.038Z</Time>
                        <Position>
                            <LatitudeDegrees>30.522817611694336</LatitudeDegrees>
                            <LongitudeDegrees>104.06558990478516</LongitudeDegrees>
                        </Position>
                        <AltitudeMeters>430.9104309082031</AltitudeMeters>
                    </Trackpoint>
                    <Trackpoint>
                        <DistanceMeters>1425.9563522338867</DistanceMeters>
                        <Time>2021-09-12T11:44:20.004Z</Time>
                        <Position>
                            <LatitudeDegrees>30.522785186767578</LatitudeDegrees>
                            <LongitudeDegrees>104.06559753417969</LongitudeDegrees>
                        </Position>
                        <AltitudeMeters>430.9104309082031</AltitudeMeters>
                    </Trackpoint>
                    <Trackpoint>
                        <DistanceMeters>1425.9563522338867</DistanceMeters>
                        <Time>2021-09-12T11:44:21.067Z</Time>
                        <Position>
                            <LatitudeDegrees>30.52277183532715</LatitudeDegrees>
                            <LongitudeDegrees>104.06558990478516</LongitudeDegrees>
                        </Position>
                        <AltitudeMeters>430.90155029296875</AltitudeMeters>
                    </Trackpoint>
                    <Trackpoint>
                        <DistanceMeters>1425.9563522338867</DistanceMeters>
                        <Time>2021-09-12T11:44:22.069Z</Time>
                        <Position>
                            <LatitudeDegrees>30.52276039123535</LatitudeDegrees>
                            <LongitudeDegrees>104.06560516357422</LongitudeDegrees>
                        </Position>
                        <AltitudeMeters>430.8849792480469</AltitudeMeters>
                    </Trackpoint>
                    <Trackpoint>
                        <DistanceMeters>1425.9563522338867</DistanceMeters>
                        <Time>2021-09-12T11:44:22.863Z</Time>
                        <Position>
                            <LatitudeDegrees>30.522748947143555</LatitudeDegrees>
                            <LongitudeDegrees>104.06560516357422</LongitudeDegrees>
                        </Position>
                        <AltitudeMeters>430.8849792480469</AltitudeMeters>
                    </Trackpoint>
                    <Trackpoint>
                        <DistanceMeters>1425.9563522338867</DistanceMeters>
                        <Time>2021-09-12T11:44:24.080Z</Time>
                        <Position>
                            <LatitudeDegrees>30.522724151611328</LatitudeDegrees>
                            <LongitudeDegrees>104.06558990478516</LongitudeDegrees>
                        </Position>
                        <AltitudeMeters>430.8849792480469</AltitudeMeters>
                    </Trackpoint>
                    <Trackpoint>
                        <DistanceMeters>1425.9563522338867</DistanceMeters>
                        <Time>2021-09-12T11:44:26.090Z</Time>
                        <Position>
                            <LatitudeDegrees>30.52269172668457</LatitudeDegrees>
                            <LongitudeDegrees>104.06556701660156</LongitudeDegrees>
                        </Position>
                        <AltitudeMeters>430.94854736328125</AltitudeMeters>
                    </Trackpoint>
                    <Trackpoint>
                        <DistanceMeters>1425.9563522338867</DistanceMeters>
                        <Time>2021-09-12T11:44:28.085Z</Time>
                        <Position>
                            <LatitudeDegrees>30.52266502380371</LatitudeDegrees>
                            <LongitudeDegrees>104.06555938720703</LongitudeDegrees>
                        </Position>
                        <AltitudeMeters>430.94854736328125</AltitudeMeters>
                    </Trackpoint>
                    <Trackpoint>
                        <DistanceMeters>1425.9563522338867</DistanceMeters>
                        <Time>2021-09-12T11:44:28.835Z</Time>
                        <Position>
                            <LatitudeDegrees>30.522661209106445</LatitudeDegrees>
                            <LongitudeDegrees>104.06554412841797</LongitudeDegrees>
                        </Position>
                        <AltitudeMeters>430.9845886230469</AltitudeMeters>
                    </Trackpoint>
                    <Trackpoint>
                        <DistanceMeters>1425.9563522338867</DistanceMeters>
                        <Time>2021-09-12T11:44:29.896Z</Time>
                        <Position>
                            <LatitudeDegrees>30.522645950317383</LatitudeDegrees>
                            <LongitudeDegrees>104.06553649902344</LongitudeDegrees>
                        </Position>
                        <AltitudeMeters>430.9845886230469</AltitudeMeters>
                    </Trackpoint>
                    <Trackpoint>
                        <DistanceMeters>1486.3614807128906</DistanceMeters>
                        <Time>2021-09-12T11:44:31.080Z</Time>
                        <Position>
                            <LatitudeDegrees>30.52263069152832</LatitudeDegrees>
                            <LongitudeDegrees>104.0655288696289</LongitudeDegrees>
                        </Position>
                        <AltitudeMeters>430.99114990234375</AltitudeMeters>
                    </Trackpoint>
                    <Trackpoint>
                        <DistanceMeters>1486.3614807128906</DistanceMeters>
                        <Time>2021-09-12T11:44:32.024Z</Time>
                        <Position>
                            <LatitudeDegrees>30.522619247436523</LatitudeDegrees>
                            <LongitudeDegrees>104.06552124023438</LongitudeDegrees>
                        </Position>
                        <AltitudeMeters>430.99114990234375</AltitudeMeters>
                    </Trackpoint>
                    <Trackpoint>
                        <DistanceMeters>1486.3614807128906</DistanceMeters>
                        <Time>2021-09-12T11:44:33.012Z</Time>
                        <Position>
                            <LatitudeDegrees>30.52260971069336</LatitudeDegrees>
                            <LongitudeDegrees>104.06551361083984</LongitudeDegrees>
                        </Position>
                        <AltitudeMeters>430.98541259765625</AltitudeMeters>
                    </Trackpoint>
                    <Trackpoint>
                        <DistanceMeters>1486.3614807128906</DistanceMeters>
                        <Time>2021-09-12T11:44:35.014Z</Time>
                        <Position>
                            <LatitudeDegrees>30.52259635925293</LatitudeDegrees>
                            <LongitudeDegrees>104.06550598144531</LongitudeDegrees>
                        </Position>
                        <AltitudeMeters>430.9436950683594</AltitudeMeters>
                    </Trackpoint>
                    <Trackpoint>
                        <DistanceMeters>1486.3614807128906</DistanceMeters>
                        <Time>2021-09-12T11:44:36.007Z</Time>
                        <Position>
                            <LatitudeDegrees>30.522586822509766</LatitudeDegrees>
                            <LongitudeDegrees>104.06549835205078</LongitudeDegrees>
                        </Position>
                        <AltitudeMeters>430.9436950683594</AltitudeMeters>
                    </Trackpoint>
                    <Trackpoint>
                        <DistanceMeters>1486.3614807128906</DistanceMeters>
                        <Time>2021-09-12T11:44:37.012Z</Time>
                        <Position>
                            <LatitudeDegrees>30.522579193115234</LatitudeDegrees>
                            <LongitudeDegrees>104.06548309326172</LongitudeDegrees>
                        </Position>
                        <AltitudeMeters>430.8696594238281</AltitudeMeters>
                    </Trackpoint>
                    <Trackpoint>
                        <DistanceMeters>1486.3614807128906</DistanceMeters>
                        <Time>2021-09-12T11:44:38.018Z</Time>
                        <Position>
                            <LatitudeDegrees>30.52257537841797</LatitudeDegrees>
                            <LongitudeDegrees>104.06546020507812</LongitudeDegrees>
                        </Position>
                        <AltitudeMeters>430.8696594238281</AltitudeMeters>
                    </Trackpoint>
                    <Trackpoint>
                        <DistanceMeters>1486.3614807128906</DistanceMeters>
                        <Time>2021-09-12T11:44:38.570Z</Time>
                        <Position>
                            <LatitudeDegrees>30.522573471069336</LatitudeDegrees>
                            <LongitudeDegrees>104.0654525756836</LongitudeDegrees>
                        </Position>
                        <AltitudeMeters>430.83624267578125</AltitudeMeters>
                    </Trackpoint>
                    <Trackpoint>
                        <DistanceMeters>1486.3614807128906</DistanceMeters>
                        <Time>2021-09-12T11:44:39.491Z</Time>
                        <Position>
                            <LatitudeDegrees>30.522567749023438</LatitudeDegrees>
                            <LongitudeDegrees>104.06543731689453</LongitudeDegrees>
                        </Position>
                        <AltitudeMeters>430.83624267578125</AltitudeMeters>
                    </Trackpoint>
                    <Trackpoint>
                        <DistanceMeters>1486.3614807128906</DistanceMeters>
                        <Time>2021-09-12T11:44:40.590Z</Time>
                        <Position>
                            <LatitudeDegrees>30.52256202697754</LatitudeDegrees>
                            <LongitudeDegrees>104.06542205810547</LongitudeDegrees>
                        </Position>
                        <AltitudeMeters>432.5013122558594</AltitudeMeters>
                    </Trackpoint>
                    <Trackpoint>
                        <DistanceMeters>1486.3614807128906</DistanceMeters>
                        <Time>2021-09-12T11:44:41.320Z</Time>
                        <Position>
                            <LatitudeDegrees>30.52255630493164</LatitudeDegrees>
                            <LongitudeDegrees>104.06539154052734</LongitudeDegrees>
                        </Position>
                        <AltitudeMeters>430.9186096191406</AltitudeMeters>
                    </Trackpoint>
                    <Trackpoint>
                        <DistanceMeters>1486.3614807128906</DistanceMeters>
                        <Time>2021-09-12T11:44:42.029Z</Time>
                        <Position>
                            <LatitudeDegrees>30.522554397583008</LatitudeDegrees>
                            <LongitudeDegrees>104.06537628173828</LongitudeDegrees>
                        </Position>
                        <AltitudeMeters>430.9055480957031</AltitudeMeters>
                    </Trackpoint>
                    <Trackpoint>
                        <DistanceMeters>1486.3614807128906</DistanceMeters>
                        <Time>2021-09-12T11:44:43.111Z</Time>
                        <Position>
                            <LatitudeDegrees>30.52254867553711</LatitudeDegrees>
                            <LongitudeDegrees>104.06536102294922</LongitudeDegrees>
                        </Position>
                        <AltitudeMeters>430.88330078125</AltitudeMeters>
                    </Trackpoint>
                    <Trackpoint>
                        <DistanceMeters>1486.3614807128906</DistanceMeters>
                        <Time>2021-09-12T11:44:45.046Z</Time>
                        <Position>
                            <LatitudeDegrees>30.522541046142578</LatitudeDegrees>
                            <LongitudeDegrees>104.06535339355469</LongitudeDegrees>
                        </Position>
                        <AltitudeMeters>430.8689880371094</AltitudeMeters>
                    </Trackpoint>
                    <Trackpoint>
                        <DistanceMeters>1486.3614807128906</DistanceMeters>
                        <Time>2021-09-12T11:44:46.009Z</Time>
                        <Position>
                            <LatitudeDegrees>30.522525787353516</LatitudeDegrees>
                            <LongitudeDegrees>104.06534576416016</LongitudeDegrees>
                        </Position>
                        <AltitudeMeters>430.8689880371094</AltitudeMeters>
                    </Trackpoint>
                    <Trackpoint>
                        <DistanceMeters>1486.3614807128906</DistanceMeters>
                        <Time>2021-09-12T11:44:47.010Z</Time>
                        <Position>
                            <LatitudeDegrees>30.522502899169922</LatitudeDegrees>
                            <LongitudeDegrees>104.06534576416016</LongitudeDegrees>
                        </Position>
                        <AltitudeMeters>430.875244140625</AltitudeMeters>
                    </Trackpoint>
                    <Trackpoint>
                        <DistanceMeters>1486.3614807128906</DistanceMeters>
                        <Time>2021-09-12T11:44:48.018Z</Time>
                        <Position>
                            <LatitudeDegrees>30.52247428894043</LatitudeDegrees>
                            <LongitudeDegrees>104.06534576416016</LongitudeDegrees>
                        </Position>
                        <AltitudeMeters>430.875244140625</AltitudeMeters>
                    </Trackpoint>
                    <Trackpoint>
                        <DistanceMeters>1486.3614807128906</DistanceMeters>
                        <Time>2021-09-12T11:44:49.011Z</Time>
                        <Position>
                            <LatitudeDegrees>30.52244758605957</LatitudeDegrees>
                            <LongitudeDegrees>104.06533813476562</LongitudeDegrees>
                        </Position>
                        <AltitudeMeters>430.8237609863281</AltitudeMeters>
                    </Trackpoint>
                    <Trackpoint>
                        <DistanceMeters>1486.3614807128906</DistanceMeters>
                        <Time>2021-09-12T11:44:50.019Z</Time>
                        <Position>
                            <LatitudeDegrees>30.522422790527344</LatitudeDegrees>
                            <LongitudeDegrees>104.0653305053711</LongitudeDegrees>
                        </Position>
                        <AltitudeMeters>430.8237609863281</AltitudeMeters>
                    </Trackpoint>
                    <Trackpoint>
                        <DistanceMeters>1486.3614807128906</DistanceMeters>
                        <Time>2021-09-12T11:44:51.011Z</Time>
                        <Position>
                            <LatitudeDegrees>30.522396087646484</LatitudeDegrees>
                            <LongitudeDegrees>104.06532287597656</LongitudeDegrees>
                        </Position>
                        <AltitudeMeters>430.8552551269531</AltitudeMeters>
                    </Trackpoint>
                    <Trackpoint>
                        <DistanceMeters>1486.3614807128906</DistanceMeters>
                        <Time>2021-09-12T11:44:52.036Z</Time>
                        <Position>
                            <LatitudeDegrees>30.52237319946289</LatitudeDegrees>
                            <LongitudeDegrees>104.06531524658203</LongitudeDegrees>
                        </Position>
                        <AltitudeMeters>430.82769775390625</AltitudeMeters>
                    </Trackpoint>
                    <Trackpoint>
                        <DistanceMeters>1486.3614807128906</DistanceMeters>
                        <Time>2021-09-12T11:44:53.004Z</Time>
                        <Position>
                            <LatitudeDegrees>30.52235221862793</LatitudeDegrees>
                            <LongitudeDegrees>104.0653076171875</LongitudeDegrees>
                        </Position>
                        <AltitudeMeters>430.82769775390625</AltitudeMeters>
                    </Trackpoint>
                    <Trackpoint>
                        <DistanceMeters>1486.3614807128906</DistanceMeters>
                        <Time>2021-09-12T11:44:54.009Z</Time>
                        <Position>
                            <LatitudeDegrees>30.522335052490234</LatitudeDegrees>
                            <LongitudeDegrees>104.06529998779297</LongitudeDegrees>
                        </Position>
                        <AltitudeMeters>430.82769775390625</AltitudeMeters>
                    </Trackpoint>
                    <Trackpoint>
                        <DistanceMeters>1486.3614807128906</DistanceMeters>
                        <Time>2021-09-12T11:44:54.837Z</Time>
                        <Position>
                            <LatitudeDegrees>30.522319793701172</LatitudeDegrees>
                            <LongitudeDegrees>104.06529998779297</LongitudeDegrees>
                        </Position>
                        <AltitudeMeters>430.7369384765625</AltitudeMeters>
                    </Trackpoint>
                    <Trackpoint>
                        <DistanceMeters>1486.3614807128906</DistanceMeters>
                        <Time>2021-09-12T11:44:55.333Z</Time>
                        <Position>
                            <LatitudeDegrees>30.522306442260742</LatitudeDegrees>
                            <LongitudeDegrees>104.06529235839844</LongitudeDegrees>
                        </Position>
                        <AltitudeMeters>430.7369384765625</AltitudeMeters>
                    </Trackpoint>
                    <Trackpoint>
                        <DistanceMeters>1486.3614807128906</DistanceMeters>
                        <Time>2021-09-12T11:44:55.903Z</Time>
                        <Position>
                            <LatitudeDegrees>30.522293090820312</LatitudeDegrees>
                            <LongitudeDegrees>104.0652847290039</LongitudeDegrees>
                        </Position>
                        <AltitudeMeters>430.7369384765625</AltitudeMeters>
                    </Trackpoint>
                    <Trackpoint>
                        <DistanceMeters>1486.3614807128906</DistanceMeters>
                        <Time>2021-09-12T11:44:57.027Z</Time>
                        <Position>
                            <LatitudeDegrees>30.522266387939453</LatitudeDegrees>
                            <LongitudeDegrees>104.06526947021484</LongitudeDegrees>
                        </Position>
                        <AltitudeMeters>430.75592041015625</AltitudeMeters>
                    </Trackpoint>
                    <Trackpoint>
                        <DistanceMeters>1486.3614807128906</DistanceMeters>
                        <Time>2021-09-12T11:44:58.026Z</Time>
                        <Position>
                            <LatitudeDegrees>30.522249221801758</LatitudeDegrees>
                            <LongitudeDegrees>104.06524658203125</LongitudeDegrees>
                        </Position>
                        <AltitudeMeters>430.75592041015625</AltitudeMeters>
                    </Trackpoint>
                    <Trackpoint>
                        <DistanceMeters>1486.3614807128906</DistanceMeters>
                        <Time>2021-09-12T11:44:58.472Z</Time>
                        <Position>
                            <LatitudeDegrees>30.522239685058594</LatitudeDegrees>
                            <LongitudeDegrees>104.06523895263672</LongitudeDegrees>
                        </Position>
                        <AltitudeMeters>430.7264709472656</AltitudeMeters>
                    </Trackpoint>
                    <Trackpoint>
                        <DistanceMeters>1486.3614807128906</DistanceMeters>
                        <Time>2021-09-12T11:44:59.013Z</Time>
                        <Position>
                            <LatitudeDegrees>30.522226333618164</LatitudeDegrees>
                            <LongitudeDegrees>104.06523132324219</LongitudeDegrees>
                        </Position>
                        <AltitudeMeters>430.7264709472656</AltitudeMeters>
                    </Trackpoint>
                    <Trackpoint>
                        <DistanceMeters>1564.1553421020508</DistanceMeters>
                        <Time>2021-09-12T11:45:00.016Z</Time>
                        <Position>
                            <LatitudeDegrees>30.52220344543457</LatitudeDegrees>
                            <LongitudeDegrees>104.06521606445312</LongitudeDegrees>
                        </Position>
                        <AltitudeMeters>430.7264709472656</AltitudeMeters>
                    </Trackpoint>
                    <Trackpoint>
                        <DistanceMeters>1564.1553421020508</DistanceMeters>
                        <Time>2021-09-12T11:45:00.678Z</Time>
                        <Position>
                            <LatitudeDegrees>30.522188186645508</LatitudeDegrees>
                            <LongitudeDegrees>104.0652084350586</LongitudeDegrees>
                        </Position>
                        <AltitudeMeters>430.7049560546875</AltitudeMeters>
                    </Trackpoint>
                    <Trackpoint>
                        <DistanceMeters>1564.1553421020508</DistanceMeters>
                        <Time>2021-09-12T11:45:02.023Z</Time>
                        <Position>
                            <LatitudeDegrees>30.522165298461914</LatitudeDegrees>
                            <LongitudeDegrees>104.06517791748047</LongitudeDegrees>
                        </Position>
                        <AltitudeMeters>430.7049560546875</AltitudeMeters>
                    </Trackpoint>
                    <Trackpoint>
                        <DistanceMeters>1564.1553421020508</DistanceMeters>
                        <Time>2021-09-12T11:45:02.771Z</Time>
                        <Position>
                            <LatitudeDegrees>30.522153854370117</LatitudeDegrees>
                            <LongitudeDegrees>104.06515502929688</LongitudeDegrees>
                        </Position>
                        <AltitudeMeters>430.6968994140625</AltitudeMeters>
                    </Trackpoint>
                    <Trackpoint>
                        <DistanceMeters>1564.1553421020508</DistanceMeters>
                        <Time>2021-09-12T11:45:03.217Z</Time>
                        <Position>
                            <LatitudeDegrees>30.522144317626953</LatitudeDegrees>
                            <LongitudeDegrees>104.06514739990234</LongitudeDegrees>
                        </Position>
                        <AltitudeMeters>430.6968994140625</AltitudeMeters>
                    </Trackpoint>
                    <Trackpoint>
                        <DistanceMeters>1564.1553421020508</DistanceMeters>
                        <Time>2021-09-12T11:45:04.024Z</Time>
                        <Position>
                            <LatitudeDegrees>30.52212905883789</LatitudeDegrees>
                            <LongitudeDegrees>104.06512451171875</LongitudeDegrees>
                        </Position>
                        <AltitudeMeters>430.6968994140625</AltitudeMeters>
                    </Trackpoint>
                    <Trackpoint>
                        <DistanceMeters>1564.1553421020508</DistanceMeters>
                        <Time>2021-09-12T11:45:05.016Z</Time>
                        <Position>
                            <LatitudeDegrees>30.522113800048828</LatitudeDegrees>
                            <LongitudeDegrees>104.06510162353516</LongitudeDegrees>
                        </Position>
                        <AltitudeMeters>430.7308044433594</AltitudeMeters>
                    </Trackpoint>
                    <Trackpoint>
                        <DistanceMeters>1564.1553421020508</DistanceMeters>
                        <Time>2021-09-12T11:45:06.011Z</Time>
                        <Position>
                            <LatitudeDegrees>30.522098541259766</LatitudeDegrees>
                            <LongitudeDegrees>104.06507873535156</LongitudeDegrees>
                        </Position>
                        <AltitudeMeters>430.7308044433594</AltitudeMeters>
                    </Trackpoint>
                    <Trackpoint>
                        <DistanceMeters>1564.1553421020508</DistanceMeters>
                        <Time>2021-09-12T11:45:07.008Z</Time>
                        <Position>
                            <LatitudeDegrees>30.522083282470703</LatitudeDegrees>
                            <LongitudeDegrees>104.0650634765625</LongitudeDegrees>
                        </Position>
                        <AltitudeMeters>430.6839294433594</AltitudeMeters>
                    </Trackpoint>
                    <Trackpoint>
                        <DistanceMeters>1564.1553421020508</DistanceMeters>
                        <Time>2021-09-12T11:45:08.012Z</Time>
                        <Position>
                            <LatitudeDegrees>30.522069931030273</LatitudeDegrees>
                            <LongitudeDegrees>104.0650405883789</LongitudeDegrees>
                        </Position>
                        <AltitudeMeters>430.6839294433594</AltitudeMeters>
                    </Trackpoint>
                    <Trackpoint>
                        <DistanceMeters>1564.1553421020508</DistanceMeters>
                        <Time>2021-09-12T11:45:08.733Z</Time>
                        <Position>
                            <LatitudeDegrees>30.522062301635742</LatitudeDegrees>
                            <LongitudeDegrees>104.06502532958984</LongitudeDegrees>
                        </Position>
                        <AltitudeMeters>430.6611022949219</AltitudeMeters>
                    </Trackpoint>
                    <Trackpoint>
                        <DistanceMeters>1564.1553421020508</DistanceMeters>
                        <Time>2021-09-12T11:45:09.152Z</Time>
                        <Position>
                            <LatitudeDegrees>30.522056579589844</LatitudeDegrees>
                            <LongitudeDegrees>104.06501007080078</LongitudeDegrees>
                        </Position>
                        <AltitudeMeters>430.6611022949219</AltitudeMeters>
                    </Trackpoint>
                    <Trackpoint>
                        <DistanceMeters>1564.1553421020508</DistanceMeters>
                        <Time>2021-09-12T11:45:09.913Z</Time>
                        <Position>
                            <LatitudeDegrees>30.522045135498047</LatitudeDegrees>
                            <LongitudeDegrees>104.06499481201172</LongitudeDegrees>
                        </Position>
                        <AltitudeMeters>430.6611022949219</AltitudeMeters>
                    </Trackpoint>
                    <Trackpoint>
                        <DistanceMeters>1564.1553421020508</DistanceMeters>
                        <Time>2021-09-12T11:45:10.337Z</Time>
                        <Position>
                            <LatitudeDegrees>30.52203941345215</LatitudeDegrees>
                            <LongitudeDegrees>104.06497955322266</LongitudeDegrees>
                        </Position>
                        <AltitudeMeters>430.68585205078125</AltitudeMeters>
                    </Trackpoint>
                    <Trackpoint>
                        <DistanceMeters>1564.1553421020508</DistanceMeters>
                        <Time>2021-09-12T11:45:11.007Z</Time>
                        <Position>
                            <LatitudeDegrees>30.522029876708984</LatitudeDegrees>
                            <LongitudeDegrees>104.0649642944336</LongitudeDegrees>
                        </Position>
                        <AltitudeMeters>430.68585205078125</AltitudeMeters>
                    </Trackpoint>
                    <Trackpoint>
                        <DistanceMeters>1564.1553421020508</DistanceMeters>
                        <Time>2021-09-12T11:45:12.022Z</Time>
                        <Position>
                            <LatitudeDegrees>30.52201271057129</LatitudeDegrees>
                            <LongitudeDegrees>104.06493377685547</LongitudeDegrees>
                        </Position>
                        <AltitudeMeters>430.68585205078125</AltitudeMeters>
                    </Trackpoint>
                    <Trackpoint>
                        <DistanceMeters>1564.1553421020508</DistanceMeters>
                        <Time>2021-09-12T11:45:12.531Z</Time>
                        <Position>
                            <LatitudeDegrees>30.522001266479492</LatitudeDegrees>
                            <LongitudeDegrees>104.0649185180664</LongitudeDegrees>
                        </Position>
                        <AltitudeMeters>430.67083740234375</AltitudeMeters>
                    </Trackpoint>
                    <Trackpoint>
                        <DistanceMeters>1564.1553421020508</DistanceMeters>
                        <Time>2021-09-12T11:45:14.010Z</Time>
                        <Position>
                            <LatitudeDegrees>30.521968841552734</LatitudeDegrees>
                            <LongitudeDegrees>104.06488800048828</LongitudeDegrees>
                        </Position>
                        <AltitudeMeters>430.67083740234375</AltitudeMeters>
                    </Trackpoint>
                    <Trackpoint>
                        <DistanceMeters>1564.1553421020508</DistanceMeters>
                        <Time>2021-09-12T11:45:15.009Z</Time>
                        <Position>
                            <LatitudeDegrees>30.52194595336914</LatitudeDegrees>
                            <LongitudeDegrees>104.06486511230469</LongitudeDegrees>
                        </Position>
                        <AltitudeMeters>430.66802978515625</AltitudeMeters>
                    </Trackpoint>
                    <Trackpoint>
                        <DistanceMeters>1564.1553421020508</DistanceMeters>
                        <Time>2021-09-12T11:45:15.624Z</Time>
                        <Position>
                            <LatitudeDegrees>30.52193832397461</LatitudeDegrees>
                            <LongitudeDegrees>104.06484985351562</LongitudeDegrees>
                        </Position>
                        <AltitudeMeters>430.66802978515625</AltitudeMeters>
                    </Trackpoint>
                    <Trackpoint>
                        <DistanceMeters>1564.1553421020508</DistanceMeters>
                        <Time>2021-09-12T11:45:18.047Z</Time>
                        <Position>
                            <LatitudeDegrees>30.521907806396484</LatitudeDegrees>
                            <LongitudeDegrees>104.06481170654297</LongitudeDegrees>
                        </Position>
                        <AltitudeMeters>430.7029724121094</AltitudeMeters>
                    </Trackpoint>
                    <Trackpoint>
                        <DistanceMeters>1564.1553421020508</DistanceMeters>
                        <Time>2021-09-12T11:45:20.037Z</Time>
                        <Position>
                            <LatitudeDegrees>30.52187728881836</LatitudeDegrees>
                            <LongitudeDegrees>104.06478881835938</LongitudeDegrees>
                        </Position>
                        <AltitudeMeters>430.6585693359375</AltitudeMeters>
                    </Trackpoint>
                    <Trackpoint>
                        <DistanceMeters>1564.1553421020508</DistanceMeters>
                        <Time>2021-09-12T11:45:22.039Z</Time>
                        <Position>
                            <LatitudeDegrees>30.521867752075195</LatitudeDegrees>
                            <LongitudeDegrees>104.06478118896484</LongitudeDegrees>
                        </Position>
                        <AltitudeMeters>430.60699462890625</AltitudeMeters>
                    </Trackpoint>
                    <Trackpoint>
                        <DistanceMeters>1564.1553421020508</DistanceMeters>
                        <Time>2021-09-12T11:45:23.212Z</Time>
                        <Position>
                            <LatitudeDegrees>30.521860122680664</LatitudeDegrees>
                            <LongitudeDegrees>104.06477355957031</LongitudeDegrees>
                        </Position>
                        <AltitudeMeters>430.60699462890625</AltitudeMeters>
                    </Trackpoint>
                    <Trackpoint>
                        <DistanceMeters>1564.1553421020508</DistanceMeters>
                        <Time>2021-09-12T11:45:24.119Z</Time>
                        <Position>
                            <LatitudeDegrees>30.521846771240234</LatitudeDegrees>
                            <LongitudeDegrees>104.06476593017578</LongitudeDegrees>
                        </Position>
                        <AltitudeMeters>430.63824462890625</AltitudeMeters>
                    </Trackpoint>
                    <Trackpoint>
                        <DistanceMeters>1564.1553421020508</DistanceMeters>
                        <Time>2021-09-12T11:45:25.007Z</Time>
                        <Position>
                            <LatitudeDegrees>30.521825790405273</LatitudeDegrees>
                            <LongitudeDegrees>104.06477355957031</LongitudeDegrees>
                        </Position>
                        <AltitudeMeters>430.63824462890625</AltitudeMeters>
                    </Trackpoint>
                    <Trackpoint>
                        <DistanceMeters>1564.1553421020508</DistanceMeters>
                        <Time>2021-09-12T11:45:26.017Z</Time>
                        <Position>
                            <LatitudeDegrees>30.521799087524414</LatitudeDegrees>
                            <LongitudeDegrees>104.06478118896484</LongitudeDegrees>
                        </Position>
                        <AltitudeMeters>430.63824462890625</AltitudeMeters>
                    </Trackpoint>
                    <Trackpoint>
                        <DistanceMeters>1564.1553421020508</DistanceMeters>
                        <Time>2021-09-12T11:45:27.091Z</Time>
                        <Position>
                            <LatitudeDegrees>30.521764755249023</LatitudeDegrees>
                            <LongitudeDegrees>104.06478118896484</LongitudeDegrees>
                        </Position>
                        <AltitudeMeters>430.6754150390625</AltitudeMeters>
                    </Trackpoint>
                    <Trackpoint>
                        <DistanceMeters>1564.1553421020508</DistanceMeters>
                        <Time>2021-09-12T11:45:28.007Z</Time>
                        <Position>
                            <LatitudeDegrees>30.52174186706543</LatitudeDegrees>
                            <LongitudeDegrees>104.06477355957031</LongitudeDegrees>
                        </Position>
                        <AltitudeMeters>430.6754150390625</AltitudeMeters>
                    </Trackpoint>
                    <Trackpoint>
                        <DistanceMeters>1564.1553421020508</DistanceMeters>
                        <Time>2021-09-12T11:45:29.011Z</Time>
                        <Position>
                            <LatitudeDegrees>30.521718978881836</LatitudeDegrees>
                            <LongitudeDegrees>104.06475067138672</LongitudeDegrees>
                        </Position>
                        <AltitudeMeters>430.69720458984375</AltitudeMeters>
                    </Trackpoint>
                    <Trackpoint>
                        <DistanceMeters>1631.3161697387695</DistanceMeters>
                        <Time>2021-09-12T11:45:30.019Z</Time>
                        <Position>
                            <LatitudeDegrees>30.52169418334961</LatitudeDegrees>
                            <LongitudeDegrees>104.06473541259766</LongitudeDegrees>
                        </Position>
                        <AltitudeMeters>430.69720458984375</AltitudeMeters>
                    </Trackpoint>
                    <Trackpoint>
                        <DistanceMeters>1631.3161697387695</DistanceMeters>
                        <Time>2021-09-12T11:45:30.568Z</Time>
                        <Position>
                            <LatitudeDegrees>30.521678924560547</LatitudeDegrees>
                            <LongitudeDegrees>104.06471252441406</LongitudeDegrees>
                        </Position>
                        <AltitudeMeters>430.7088623046875</AltitudeMeters>
                    </Trackpoint>
                    <Trackpoint>
                        <DistanceMeters>1631.3161697387695</DistanceMeters>
                        <Time>2021-09-12T11:45:31.275Z</Time>
                        <Position>
                            <LatitudeDegrees>30.52166748046875</LatitudeDegrees>
                            <LongitudeDegrees>104.064697265625</LongitudeDegrees>
                        </Position>
                        <AltitudeMeters>430.7088623046875</AltitudeMeters>
                    </Trackpoint>
                    <Trackpoint>
                        <DistanceMeters>1631.3161697387695</DistanceMeters>
                        <Time>2021-09-12T11:45:32.012Z</Time>
                        <Position>
                            <LatitudeDegrees>30.521657943725586</LatitudeDegrees>
                            <LongitudeDegrees>104.0646743774414</LongitudeDegrees>
                        </Position>
                        <AltitudeMeters>430.7088623046875</AltitudeMeters>
                    </Trackpoint>
                    <Trackpoint>
                        <DistanceMeters>1631.3161697387695</DistanceMeters>
                        <Time>2021-09-12T11:45:33.009Z</Time>
                        <Position>
                            <LatitudeDegrees>30.521644592285156</LatitudeDegrees>
                            <LongitudeDegrees>104.06464385986328</LongitudeDegrees>
                        </Position>
                        <AltitudeMeters>430.7008056640625</AltitudeMeters>
                    </Trackpoint>
                    <Trackpoint>
                        <DistanceMeters>1631.3161697387695</DistanceMeters>
                        <Time>2021-09-12T11:45:34.036Z</Time>
                        <Position>
                            <LatitudeDegrees>30.521629333496094</LatitudeDegrees>
                            <LongitudeDegrees>104.06462097167969</LongitudeDegrees>
                        </Position>
                        <AltitudeMeters>430.7024841308594</AltitudeMeters>
                    </Trackpoint>
                    <Trackpoint>
                        <DistanceMeters>1631.3161697387695</DistanceMeters>
                        <Time>2021-09-12T11:45:35.274Z</Time>
                        <Position>
                            <LatitudeDegrees>30.5216121673584</LatitudeDegrees>
                            <LongitudeDegrees>104.0645980834961</LongitudeDegrees>
                        </Position>
                        <AltitudeMeters>430.7024841308594</AltitudeMeters>
                    </Trackpoint>
                    <Trackpoint>
                        <DistanceMeters>1631.3161697387695</DistanceMeters>
                        <Time>2021-09-12T11:45:35.851Z</Time>
                        <Position>
                            <LatitudeDegrees>30.521608352661133</LatitudeDegrees>
                            <LongitudeDegrees>104.06458282470703</LongitudeDegrees>
                        </Position>
                        <AltitudeMeters>430.7024841308594</AltitudeMeters>
                    </Trackpoint>
                    <Trackpoint>
                        <DistanceMeters>1631.3161697387695</DistanceMeters>
                        <Time>2021-09-12T11:45:37.009Z</Time>
                        <Position>
                            <LatitudeDegrees>30.521602630615234</LatitudeDegrees>
                            <LongitudeDegrees>104.06456756591797</LongitudeDegrees>
                        </Position>
                        <AltitudeMeters>430.7239074707031</AltitudeMeters>
                    </Trackpoint>
                    <Trackpoint>
                        <DistanceMeters>1631.3161697387695</DistanceMeters>
                        <Time>2021-09-12T11:45:39.609Z</Time>
                        <Position>
                            <LatitudeDegrees>30.52159309387207</LatitudeDegrees>
                            <LongitudeDegrees>104.0645751953125</LongitudeDegrees>
                        </Position>
                        <AltitudeMeters>430.8116149902344</AltitudeMeters>
                    </Trackpoint>
                    <Trackpoint>
                        <DistanceMeters>1631.3161697387695</DistanceMeters>
                        <Time>2021-09-12T11:45:40.038Z</Time>
                        <Position>
                            <LatitudeDegrees>30.52159881591797</LatitudeDegrees>
                            <LongitudeDegrees>104.06458282470703</LongitudeDegrees>
                        </Position>
                        <AltitudeMeters>433.80029296875</AltitudeMeters>
                    </Trackpoint>
                    <Trackpoint>
                        <DistanceMeters>1631.3161697387695</DistanceMeters>
                        <Time>2021-09-12T11:45:40.733Z</Time>
                        <Position>
                            <LatitudeDegrees>30.521608352661133</LatitudeDegrees>
                            <LongitudeDegrees>104.0645980834961</LongitudeDegrees>
                        </Position>
                        <AltitudeMeters>433.80029296875</AltitudeMeters>
                    </Trackpoint>
                    <Trackpoint>
                        <DistanceMeters>1631.3161697387695</DistanceMeters>
                        <Time>2021-09-12T11:45:41.691Z</Time>
                        <Position>
                            <LatitudeDegrees>30.521617889404297</LatitudeDegrees>
                            <LongitudeDegrees>104.06461334228516</LongitudeDegrees>
                        </Position>
                        <AltitudeMeters>433.80029296875</AltitudeMeters>
                    </Trackpoint>
                    <Trackpoint>
                        <DistanceMeters>1631.3161697387695</DistanceMeters>
                        <Time>2021-09-12T11:45:43.012Z</Time>
                        <Position>
                            <LatitudeDegrees>30.521631240844727</LatitudeDegrees>
                            <LongitudeDegrees>104.06462860107422</LongitudeDegrees>
                        </Position>
                        <AltitudeMeters>430.822998046875</AltitudeMeters>
                    </Trackpoint>
                    <Trackpoint>
                        <DistanceMeters>1631.3161697387695</DistanceMeters>
                        <Time>2021-09-12T11:45:43.794Z</Time>
                        <Position>
                            <LatitudeDegrees>30.52162742614746</LatitudeDegrees>
                            <LongitudeDegrees>104.06460571289062</LongitudeDegrees>
                        </Position>
                        <AltitudeMeters>430.822998046875</AltitudeMeters>
                    </Trackpoint>
                    <Trackpoint>
                        <DistanceMeters>1631.3161697387695</DistanceMeters>
                        <Time>2021-09-12T11:45:44.454Z</Time>
                        <Position>
                            <LatitudeDegrees>30.521635055541992</LatitudeDegrees>
                            <LongitudeDegrees>104.0645980834961</LongitudeDegrees>
                        </Position>
                        <AltitudeMeters>429.7295837402344</AltitudeMeters>
                    </Trackpoint>
                    <Trackpoint>
                        <DistanceMeters>1631.3161697387695</DistanceMeters>
                        <Time>2021-09-12T11:45:45.272Z</Time>
                        <Position>
                            <LatitudeDegrees>30.521650314331055</LatitudeDegrees>
                            <LongitudeDegrees>104.0645980834961</LongitudeDegrees>
                        </Position>
                        <AltitudeMeters>429.7295837402344</AltitudeMeters>
                    </Trackpoint>
                    <Trackpoint>
                        <DistanceMeters>1631.3161697387695</DistanceMeters>
                        <Time>2021-09-12T11:45:46.016Z</Time>
                        <Position>
                            <LatitudeDegrees>30.521671295166016</LatitudeDegrees>
                            <LongitudeDegrees>104.06460571289062</LongitudeDegrees>
                        </Position>
                        <AltitudeMeters>429.7295837402344</AltitudeMeters>
                    </Trackpoint>
                    <Trackpoint>
                        <DistanceMeters>1631.3161697387695</DistanceMeters>
                        <Time>2021-09-12T11:45:46.817Z</Time>
                        <Position>
                            <LatitudeDegrees>30.521697998046875</LatitudeDegrees>
                            <LongitudeDegrees>104.06462860107422</LongitudeDegrees>
                        </Position>
                        <AltitudeMeters>429.2430114746094</AltitudeMeters>
                    </Trackpoint>
                    <Trackpoint>
                        <DistanceMeters>1631.3161697387695</DistanceMeters>
                        <Time>2021-09-12T11:45:47.514Z</Time>
                        <Position>
                            <LatitudeDegrees>30.521711349487305</LatitudeDegrees>
                            <LongitudeDegrees>104.06464385986328</LongitudeDegrees>
                        </Position>
                        <AltitudeMeters>429.2430114746094</AltitudeMeters>
                    </Trackpoint>
                    <Trackpoint>
                        <DistanceMeters>1631.3161697387695</DistanceMeters>
                        <Time>2021-09-12T11:45:48.039Z</Time>
                        <Position>
                            <LatitudeDegrees>30.52172088623047</LatitudeDegrees>
                            <LongitudeDegrees>104.06465911865234</LongitudeDegrees>
                        </Position>
                        <AltitudeMeters>428.9128723144531</AltitudeMeters>
                    </Trackpoint>
                    <Trackpoint>
                        <DistanceMeters>1631.3161697387695</DistanceMeters>
                        <Time>2021-09-12T11:45:48.835Z</Time>
                        <Position>
                            <LatitudeDegrees>30.521738052368164</LatitudeDegrees>
                            <LongitudeDegrees>104.06468200683594</LongitudeDegrees>
                        </Position>
                        <AltitudeMeters>428.9128723144531</AltitudeMeters>
                    </Trackpoint>
                    <Trackpoint>
                        <DistanceMeters>1631.3161697387695</DistanceMeters>
                        <Time>2021-09-12T11:45:49.458Z</Time>
                        <Position>
                            <LatitudeDegrees>30.521747589111328</LatitudeDegrees>
                            <LongitudeDegrees>104.064697265625</LongitudeDegrees>
                        </Position>
                        <AltitudeMeters>428.9128723144531</AltitudeMeters>
                    </Trackpoint>
                    <Trackpoint>
                        <DistanceMeters>1631.3161697387695</DistanceMeters>
                        <Time>2021-09-12T11:45:49.813Z</Time>
                        <Position>
                            <LatitudeDegrees>30.52175521850586</LatitudeDegrees>
                            <LongitudeDegrees>104.06470489501953</LongitudeDegrees>
                        </Position>
                        <AltitudeMeters>428.9128723144531</AltitudeMeters>
                    </Trackpoint>
                    <Trackpoint>
                        <DistanceMeters>1631.3161697387695</DistanceMeters>
                        <Time>2021-09-12T11:45:51.022Z</Time>
                        <Position>
                            <LatitudeDegrees>30.521774291992188</LatitudeDegrees>
                            <LongitudeDegrees>104.0647201538086</LongitudeDegrees>
                        </Position>
                        <AltitudeMeters>429.4447326660156</AltitudeMeters>
                    </Trackpoint>
                    <Trackpoint>
                        <DistanceMeters>1631.3161697387695</DistanceMeters>
                        <Time>2021-09-12T11:45:52.023Z</Time>
                        <Position>
                            <LatitudeDegrees>30.521787643432617</LatitudeDegrees>
                            <LongitudeDegrees>104.06472778320312</LongitudeDegrees>
                        </Position>
                        <AltitudeMeters>429.4447326660156</AltitudeMeters>
                    </Trackpoint>
                    <Trackpoint>
                        <DistanceMeters>1631.3161697387695</DistanceMeters>
                        <Time>2021-09-12T11:45:53.007Z</Time>
                        <Position>
                            <LatitudeDegrees>30.521804809570312</LatitudeDegrees>
                            <LongitudeDegrees>104.06473541259766</LongitudeDegrees>
                        </Position>
                        <AltitudeMeters>428.9991760253906</AltitudeMeters>
                    </Trackpoint>
                    <Trackpoint>
                        <DistanceMeters>1631.3161697387695</DistanceMeters>
                        <Time>2021-09-12T11:45:54.037Z</Time>
                        <Position>
                            <LatitudeDegrees>30.521820068359375</LatitudeDegrees>
                            <LongitudeDegrees>104.06472778320312</LongitudeDegrees>
                        </Position>
                        <AltitudeMeters>429.6422119140625</AltitudeMeters>
                    </Trackpoint>
                    <Trackpoint>
                        <DistanceMeters>1631.3161697387695</DistanceMeters>
                        <Time>2021-09-12T11:45:55.011Z</Time>
                        <Position>
                            <LatitudeDegrees>30.521831512451172</LatitudeDegrees>
                            <LongitudeDegrees>104.06471252441406</LongitudeDegrees>
                        </Position>
                        <AltitudeMeters>429.6422119140625</AltitudeMeters>
                    </Trackpoint>
                    <Trackpoint>
                        <DistanceMeters>1631.3161697387695</DistanceMeters>
                        <Time>2021-09-12T11:45:57.042Z</Time>
                        <Position>
                            <LatitudeDegrees>30.521827697753906</LatitudeDegrees>
                            <LongitudeDegrees>104.064697265625</LongitudeDegrees>
                        </Position>
                        <AltitudeMeters>431.85955810546875</AltitudeMeters>
                    </Trackpoint>
                    <Trackpoint>
                        <DistanceMeters>1631.3161697387695</DistanceMeters>
                        <Time>2021-09-12T11:45:57.849Z</Time>
                        <Position>
                            <LatitudeDegrees>30.521812438964844</LatitudeDegrees>
                            <LongitudeDegrees>104.06468963623047</LongitudeDegrees>
                        </Position>
                        <AltitudeMeters>431.85955810546875</AltitudeMeters>
                    </Trackpoint>
                    <Trackpoint>
                        <DistanceMeters>1631.3161697387695</DistanceMeters>
                        <Time>2021-09-12T11:45:59.014Z</Time>
                        <Position>
                            <LatitudeDegrees>30.521793365478516</LatitudeDegrees>
                            <LongitudeDegrees>104.0646743774414</LongitudeDegrees>
                        </Position>
                        <AltitudeMeters>431.9358215332031</AltitudeMeters>
                    </Trackpoint>
                    <Trackpoint>
                        <DistanceMeters>1715.8431549072266</DistanceMeters>
                        <Time>2021-09-12T11:46:00.926Z</Time>
                        <Position>
                            <LatitudeDegrees>30.52178382873535</LatitudeDegrees>
                            <LongitudeDegrees>104.06465148925781</LongitudeDegrees>
                        </Position>
                        <AltitudeMeters>432.3698425292969</AltitudeMeters>
                    </Trackpoint>
                    <Trackpoint>
                        <DistanceMeters>1715.8431549072266</DistanceMeters>
                        <Time>2021-09-12T11:46:02.017Z</Time>
                        <Position>
                            <LatitudeDegrees>30.521774291992188</LatitudeDegrees>
                            <LongitudeDegrees>104.06461334228516</LongitudeDegrees>
                        </Position>
                        <AltitudeMeters>432.3698425292969</AltitudeMeters>
                    </Trackpoint>
                    <Trackpoint>
                        <DistanceMeters>1715.8431549072266</DistanceMeters>
                        <Time>2021-09-12T11:46:03.007Z</Time>
                        <Position>
                            <LatitudeDegrees>30.521760940551758</LatitudeDegrees>
                            <LongitudeDegrees>104.0645751953125</LongitudeDegrees>
                        </Position>
                        <AltitudeMeters>433.10528564453125</AltitudeMeters>
                    </Trackpoint>
                    <Trackpoint>
                        <DistanceMeters>1715.8431549072266</DistanceMeters>
                        <Time>2021-09-12T11:46:04.012Z</Time>
                        <Position>
                            <LatitudeDegrees>30.521747589111328</LatitudeDegrees>
                            <LongitudeDegrees>104.06454467773438</LongitudeDegrees>
                        </Position>
                        <AltitudeMeters>433.10528564453125</AltitudeMeters>
                    </Trackpoint>
                    <Trackpoint>
                        <DistanceMeters>1715.8431549072266</DistanceMeters>
                        <Time>2021-09-12T11:46:05.014Z</Time>
                        <Position>
                            <LatitudeDegrees>30.52173614501953</LatitudeDegrees>
                            <LongitudeDegrees>104.06451416015625</LongitudeDegrees>
                        </Position>
                        <AltitudeMeters>431.9451599121094</AltitudeMeters>
                    </Trackpoint>
                    <Trackpoint>
                        <DistanceMeters>1715.8431549072266</DistanceMeters>
                        <Time>2021-09-12T11:46:06.019Z</Time>
                        <Position>
                            <LatitudeDegrees>30.5217342376709</LatitudeDegrees>
                            <LongitudeDegrees>104.06449127197266</LongitudeDegrees>
                        </Position>
                        <AltitudeMeters>431.9451599121094</AltitudeMeters>
                    </Trackpoint>
                    <Trackpoint>
                        <DistanceMeters>1715.8431549072266</DistanceMeters>
                        <Time>2021-09-12T11:46:07.013Z</Time>
                        <Position>
                            <LatitudeDegrees>30.521730422973633</LatitudeDegrees>
                            <LongitudeDegrees>104.0644760131836</LongitudeDegrees>
                        </Position>
                        <AltitudeMeters>431.0496826171875</AltitudeMeters>
                    </Trackpoint>
                    <Trackpoint>
                        <DistanceMeters>1715.8431549072266</DistanceMeters>
                        <Time>2021-09-12T11:46:08.022Z</Time>
                        <Position>
                            <LatitudeDegrees>30.521717071533203</LatitudeDegrees>
                            <LongitudeDegrees>104.064453125</LongitudeDegrees>
                        </Position>
                        <AltitudeMeters>431.0496826171875</AltitudeMeters>
                    </Trackpoint>
                    <Trackpoint>
                        <DistanceMeters>1715.8431549072266</DistanceMeters>
                        <Time>2021-09-12T11:46:08.860Z</Time>
                        <Position>
                            <LatitudeDegrees>30.521703720092773</LatitudeDegrees>
                            <LongitudeDegrees>104.06443786621094</LongitudeDegrees>
                        </Position>
                        <AltitudeMeters>430.4127502441406</AltitudeMeters>
                    </Trackpoint>
                    <Trackpoint>
                        <DistanceMeters>1715.8431549072266</DistanceMeters>
                        <Time>2021-09-12T11:46:10.038Z</Time>
                        <Position>
                            <LatitudeDegrees>30.521684646606445</LatitudeDegrees>
                            <LongitudeDegrees>104.06442260742188</LongitudeDegrees>
                        </Position>
                        <AltitudeMeters>429.91839599609375</AltitudeMeters>
                    </Trackpoint>
                    <Trackpoint>
                        <DistanceMeters>1715.8431549072266</DistanceMeters>
                        <Time>2021-09-12T11:46:11.413Z</Time>
                        <Position>
                            <LatitudeDegrees>30.521663665771484</LatitudeDegrees>
                            <LongitudeDegrees>104.06439208984375</LongitudeDegrees>
                        </Position>
                        <AltitudeMeters>429.91839599609375</AltitudeMeters>
                    </Trackpoint>
                    <Trackpoint>
                        <DistanceMeters>1715.8431549072266</DistanceMeters>
                        <Time>2021-09-12T11:46:12.013Z</Time>
                        <Position>
                            <LatitudeDegrees>30.521656036376953</LatitudeDegrees>
                            <LongitudeDegrees>104.06437683105469</LongitudeDegrees>
                        </Position>
                        <AltitudeMeters>429.91839599609375</AltitudeMeters>
                    </Trackpoint>
                    <Trackpoint>
                        <DistanceMeters>1715.8431549072266</DistanceMeters>
                        <Time>2021-09-12T11:46:12.995Z</Time>
                        <Position>
                            <LatitudeDegrees>30.521644592285156</LatitudeDegrees>
                            <LongitudeDegrees>104.06434631347656</LongitudeDegrees>
                        </Position>
                        <AltitudeMeters>429.28106689453125</AltitudeMeters>
                    </Trackpoint>
                    <Trackpoint>
                        <DistanceMeters>1715.8431549072266</DistanceMeters>
                        <Time>2021-09-12T11:46:14.014Z</Time>
                        <Position>
                            <LatitudeDegrees>30.521636962890625</LatitudeDegrees>
                            <LongitudeDegrees>104.06430053710938</LongitudeDegrees>
                        </Position>
                        <AltitudeMeters>429.28106689453125</AltitudeMeters>
                    </Trackpoint>
                    <Trackpoint>
                        <DistanceMeters>1715.8431549072266</DistanceMeters>
                        <Time>2021-09-12T11:46:15.009Z</Time>
                        <Position>
                            <LatitudeDegrees>30.521623611450195</LatitudeDegrees>
                            <LongitudeDegrees>104.06426239013672</LongitudeDegrees>
                        </Position>
                        <AltitudeMeters>429.1161804199219</AltitudeMeters>
                    </Trackpoint>
                    <Trackpoint>
                        <DistanceMeters>1715.8431549072266</DistanceMeters>
                        <Time>2021-09-12T11:46:16.020Z</Time>
                        <Position>
                            <LatitudeDegrees>30.521604537963867</LatitudeDegrees>
                            <LongitudeDegrees>104.0642318725586</LongitudeDegrees>
                        </Position>
                        <AltitudeMeters>429.1161804199219</AltitudeMeters>
                    </Trackpoint>
                    <Trackpoint>
                        <DistanceMeters>1715.8431549072266</DistanceMeters>
                        <Time>2021-09-12T11:46:17.416Z</Time>
                        <Position>
                            <LatitudeDegrees>30.521575927734375</LatitudeDegrees>
                            <LongitudeDegrees>104.06420135498047</LongitudeDegrees>
                        </Position>
                        <AltitudeMeters>428.44970703125</AltitudeMeters>
                    </Trackpoint>
                    <Trackpoint>
                        <DistanceMeters>1715.8431549072266</DistanceMeters>
                        <Time>2021-09-12T11:46:18.008Z</Time>
                        <Position>
                            <LatitudeDegrees>30.521560668945312</LatitudeDegrees>
                            <LongitudeDegrees>104.06419372558594</LongitudeDegrees>
                        </Position>
                        <AltitudeMeters>428.44970703125</AltitudeMeters>
                    </Trackpoint>
                    <Trackpoint>
                        <DistanceMeters>1715.8431549072266</DistanceMeters>
                        <Time>2021-09-12T11:46:18.729Z</Time>
                        <Position>
                            <LatitudeDegrees>30.521541595458984</LatitudeDegrees>
                            <LongitudeDegrees>104.0641860961914</LongitudeDegrees>
                        </Position>
                        <AltitudeMeters>429.43304443359375</AltitudeMeters>
                    </Trackpoint>
                    <Trackpoint>
                        <DistanceMeters>1715.8431549072266</DistanceMeters>
                        <Time>2021-09-12T11:46:20.013Z</Time>
                        <Position>
                            <LatitudeDegrees>30.52152442932129</LatitudeDegrees>
                            <LongitudeDegrees>104.06417846679688</LongitudeDegrees>
                        </Position>
                        <AltitudeMeters>429.43304443359375</AltitudeMeters>
                    </Trackpoint>
                    <Trackpoint>
                        <DistanceMeters>1715.8431549072266</DistanceMeters>
                        <Time>2021-09-12T11:46:20.650Z</Time>
                        <Position>
                            <LatitudeDegrees>30.521514892578125</LatitudeDegrees>
                            <LongitudeDegrees>104.06417846679688</LongitudeDegrees>
                        </Position>
                        <AltitudeMeters>426.6982421875</AltitudeMeters>
                    </Trackpoint>
                    <Trackpoint>
                        <DistanceMeters>1715.8431549072266</DistanceMeters>
                        <Time>2021-09-12T11:46:22.016Z</Time>
                        <Position>
                            <LatitudeDegrees>30.521499633789062</LatitudeDegrees>
                            <LongitudeDegrees>104.06414031982422</LongitudeDegrees>
                        </Position>
                        <AltitudeMeters>426.6982421875</AltitudeMeters>
                    </Trackpoint>
                    <Trackpoint>
                        <DistanceMeters>1715.8431549072266</DistanceMeters>
                        <Time>2021-09-12T11:46:23.014Z</Time>
                        <Position>
                            <LatitudeDegrees>30.521488189697266</LatitudeDegrees>
                            <LongitudeDegrees>104.06411743164062</LongitudeDegrees>
                        </Position>
                        <AltitudeMeters>427.4318542480469</AltitudeMeters>
                    </Trackpoint>
                    <Trackpoint>
                        <DistanceMeters>1715.8431549072266</DistanceMeters>
                        <Time>2021-09-12T11:46:24.018Z</Time>
                        <Position>
                            <LatitudeDegrees>30.5214786529541</LatitudeDegrees>
                            <LongitudeDegrees>104.06409454345703</LongitudeDegrees>
                        </Position>
                        <AltitudeMeters>427.4318542480469</AltitudeMeters>
                    </Trackpoint>
                    <Trackpoint>
                        <DistanceMeters>1715.8431549072266</DistanceMeters>
                        <Time>2021-09-12T11:46:24.896Z</Time>
                        <Position>
                            <LatitudeDegrees>30.521465301513672</LatitudeDegrees>
                            <LongitudeDegrees>104.06407928466797</LongitudeDegrees>
                        </Position>
                        <AltitudeMeters>429.42230224609375</AltitudeMeters>
                    </Trackpoint>
                    <Trackpoint>
                        <DistanceMeters>1715.8431549072266</DistanceMeters>
                        <Time>2021-09-12T11:46:25.919Z</Time>
                        <Position>
                            <LatitudeDegrees>30.521448135375977</LatitudeDegrees>
                            <LongitudeDegrees>104.06405639648438</LongitudeDegrees>
                        </Position>
                        <AltitudeMeters>429.42230224609375</AltitudeMeters>
                    </Trackpoint>
                    <Trackpoint>
                        <DistanceMeters>1715.8431549072266</DistanceMeters>
                        <Time>2021-09-12T11:46:26.648Z</Time>
                        <Position>
                            <LatitudeDegrees>30.521434783935547</LatitudeDegrees>
                            <LongitudeDegrees>104.06404113769531</LongitudeDegrees>
                        </Position>
                        <AltitudeMeters>431.06231689453125</AltitudeMeters>
                    </Trackpoint>
                    <Trackpoint>
                        <DistanceMeters>1715.8431549072266</DistanceMeters>
                        <Time>2021-09-12T11:46:27.732Z</Time>
                        <Position>
                            <LatitudeDegrees>30.521419525146484</LatitudeDegrees>
                            <LongitudeDegrees>104.06401062011719</LongitudeDegrees>
                        </Position>
                        <AltitudeMeters>431.06231689453125</AltitudeMeters>
                    </Trackpoint>
                    <Trackpoint>
                        <DistanceMeters>1715.8431549072266</DistanceMeters>
                        <Time>2021-09-12T11:46:28.555Z</Time>
                        <Position>
                            <LatitudeDegrees>30.521404266357422</LatitudeDegrees>
                            <LongitudeDegrees>104.06399536132812</LongitudeDegrees>
                        </Position>
                        <AltitudeMeters>430.6435241699219</AltitudeMeters>
                    </Trackpoint>
                    <Trackpoint>
                        <DistanceMeters>1715.8431549072266</DistanceMeters>
                        <Time>2021-09-12T11:46:29.392Z</Time>
                        <Position>
                            <LatitudeDegrees>30.521385192871094</LatitudeDegrees>
                            <LongitudeDegrees>104.06397247314453</LongitudeDegrees>
                        </Position>
                        <AltitudeMeters>430.6435241699219</AltitudeMeters>
                    </Trackpoint>
                    <Trackpoint>
                        <DistanceMeters>1810.0807495117188</DistanceMeters>
                        <Time>2021-09-12T11:46:30.042Z</Time>
                        <Position>
                            <LatitudeDegrees>30.52136993408203</LatitudeDegrees>
                            <LongitudeDegrees>104.06394958496094</LongitudeDegrees>
                        </Position>
                        <AltitudeMeters>430.5787658691406</AltitudeMeters>
                    </Trackpoint>
                    <Trackpoint>
                        <DistanceMeters>1810.0807495117188</DistanceMeters>
                        <Time>2021-09-12T11:46:31.018Z</Time>
                        <Position>
                            <LatitudeDegrees>30.521347045898438</LatitudeDegrees>
                            <LongitudeDegrees>104.06392669677734</LongitudeDegrees>
                        </Position>
                        <AltitudeMeters>430.5787658691406</AltitudeMeters>
                    </Trackpoint>
                    <Trackpoint>
                        <DistanceMeters>1810.0807495117188</DistanceMeters>
                        <Time>2021-09-12T11:46:32.009Z</Time>
                        <Position>
                            <LatitudeDegrees>30.52132225036621</LatitudeDegrees>
                            <LongitudeDegrees>104.06389617919922</LongitudeDegrees>
                        </Position>
                        <AltitudeMeters>430.5787658691406</AltitudeMeters>
                    </Trackpoint>
                    <Trackpoint>
                        <DistanceMeters>1810.0807495117188</DistanceMeters>
                        <Time>2021-09-12T11:46:32.510Z</Time>
                        <Position>
                            <LatitudeDegrees>30.52130889892578</LatitudeDegrees>
                            <LongitudeDegrees>104.06388854980469</LongitudeDegrees>
                        </Position>
                        <AltitudeMeters>430.0791320800781</AltitudeMeters>
                    </Trackpoint>
                    <Trackpoint>
                        <DistanceMeters>1810.0807495117188</DistanceMeters>
                        <Time>2021-09-12T11:46:33.014Z</Time>
                        <Position>
                            <LatitudeDegrees>30.521299362182617</LatitudeDegrees>
                            <LongitudeDegrees>104.06387329101562</LongitudeDegrees>
                        </Position>
                        <AltitudeMeters>430.0791320800781</AltitudeMeters>
                    </Trackpoint>
                    <Trackpoint>
                        <DistanceMeters>1810.0807495117188</DistanceMeters>
                        <Time>2021-09-12T11:46:34.007Z</Time>
                        <Position>
                            <LatitudeDegrees>30.521282196044922</LatitudeDegrees>
                            <LongitudeDegrees>104.0638427734375</LongitudeDegrees>
                        </Position>
                        <AltitudeMeters>430.0791320800781</AltitudeMeters>
                    </Trackpoint>
                    <Trackpoint>
                        <DistanceMeters>1810.0807495117188</DistanceMeters>
                        <Time>2021-09-12T11:46:35.011Z</Time>
                        <Position>
                            <LatitudeDegrees>30.521263122558594</LatitudeDegrees>
                            <LongitudeDegrees>104.0638198852539</LongitudeDegrees>
                        </Position>
                        <AltitudeMeters>429.7342834472656</AltitudeMeters>
                    </Trackpoint>
                    <Trackpoint>
                        <DistanceMeters>1810.0807495117188</DistanceMeters>
                        <Time>2021-09-12T11:46:36.009Z</Time>
                        <Position>
                            <LatitudeDegrees>30.521240234375</LatitudeDegrees>
                            <LongitudeDegrees>104.06378936767578</LongitudeDegrees>
                        </Position>
                        <AltitudeMeters>429.7342834472656</AltitudeMeters>
                    </Trackpoint>
                    <Trackpoint>
                        <DistanceMeters>1810.0807495117188</DistanceMeters>
                        <Time>2021-09-12T11:46:38.011Z</Time>
                        <Position>
                            <LatitudeDegrees>30.521198272705078</LatitudeDegrees>
                            <LongitudeDegrees>104.06373596191406</LongitudeDegrees>
                        </Position>
                        <AltitudeMeters>429.8721008300781</AltitudeMeters>
                    </Trackpoint>
                    <Trackpoint>
                        <DistanceMeters>1810.0807495117188</DistanceMeters>
                        <Time>2021-09-12T11:46:38.636Z</Time>
                        <Position>
                            <LatitudeDegrees>30.52119255065918</LatitudeDegrees>
                            <LongitudeDegrees>104.06371307373047</LongitudeDegrees>
                        </Position>
                        <AltitudeMeters>429.542724609375</AltitudeMeters>
                    </Trackpoint>
                    <Trackpoint>
                        <DistanceMeters>1810.0807495117188</DistanceMeters>
                        <Time>2021-09-12T11:46:39.213Z</Time>
                        <Position>
                            <LatitudeDegrees>30.521183013916016</LatitudeDegrees>
                            <LongitudeDegrees>104.0636978149414</LongitudeDegrees>
                        </Position>
                        <AltitudeMeters>429.542724609375</AltitudeMeters>
                    </Trackpoint>
                    <Trackpoint>
                        <DistanceMeters>1810.0807495117188</DistanceMeters>
                        <Time>2021-09-12T11:46:39.854Z</Time>
                        <Position>
                            <LatitudeDegrees>30.52117347717285</LatitudeDegrees>
                            <LongitudeDegrees>104.06367492675781</LongitudeDegrees>
                        </Position>
                        <AltitudeMeters>429.542724609375</AltitudeMeters>
                    </Trackpoint>
                    <Trackpoint>
                        <DistanceMeters>1810.0807495117188</DistanceMeters>
                        <Time>2021-09-12T11:46:40.357Z</Time>
                        <Position>
                            <LatitudeDegrees>30.521167755126953</LatitudeDegrees>
                            <LongitudeDegrees>104.06365966796875</LongitudeDegrees>
                        </Position>
                        <AltitudeMeters>429.1991882324219</AltitudeMeters>
                    </Trackpoint>
                    <Trackpoint>
                        <DistanceMeters>1810.0807495117188</DistanceMeters>
                        <Time>2021-09-12T11:46:41.005Z</Time>
                        <Position>
                            <LatitudeDegrees>30.52115821838379</LatitudeDegrees>
                            <LongitudeDegrees>104.06364440917969</LongitudeDegrees>
                        </Position>
                        <AltitudeMeters>429.1991882324219</AltitudeMeters>
                    </Trackpoint>
                    <Trackpoint>
                        <DistanceMeters>1810.0807495117188</DistanceMeters>
                        <Time>2021-09-12T11:46:41.628Z</Time>
                        <Position>
                            <LatitudeDegrees>30.521150588989258</LatitudeDegrees>
                            <LongitudeDegrees>104.0636215209961</LongitudeDegrees>
                        </Position>
                        <AltitudeMeters>429.1991882324219</AltitudeMeters>
                    </Trackpoint>
                    <Trackpoint>
                        <DistanceMeters>1810.0807495117188</DistanceMeters>
                        <Time>2021-09-12T11:46:43.008Z</Time>
                        <Position>
                            <LatitudeDegrees>30.521133422851562</LatitudeDegrees>
                            <LongitudeDegrees>104.06359100341797</LongitudeDegrees>
                        </Position>
                        <AltitudeMeters>429.1630859375</AltitudeMeters>
                    </Trackpoint>
                    <Trackpoint>
                        <DistanceMeters>1810.0807495117188</DistanceMeters>
                        <Time>2021-09-12T11:46:44.025Z</Time>
                        <Position>
                            <LatitudeDegrees>30.5211238861084</LatitudeDegrees>
                            <LongitudeDegrees>104.06356811523438</LongitudeDegrees>
                        </Position>
                        <AltitudeMeters>429.1630859375</AltitudeMeters>
                    </Trackpoint>
                    <Trackpoint>
                        <DistanceMeters>1810.0807495117188</DistanceMeters>
                        <Time>2021-09-12T11:46:45.015Z</Time>
                        <Position>
                            <LatitudeDegrees>30.521114349365234</LatitudeDegrees>
                            <LongitudeDegrees>104.06354522705078</LongitudeDegrees>
                        </Position>
                        <AltitudeMeters>429.5290222167969</AltitudeMeters>
                    </Trackpoint>
                    <Trackpoint>
                        <DistanceMeters>1810.0807495117188</DistanceMeters>
                        <Time>2021-09-12T11:46:46.019Z</Time>
                        <Position>
                            <LatitudeDegrees>30.52109718322754</LatitudeDegrees>
                            <LongitudeDegrees>104.06352233886719</LongitudeDegrees>
                        </Position>
                        <AltitudeMeters>429.5290222167969</AltitudeMeters>
                    </Trackpoint>
                    <Trackpoint>
                        <DistanceMeters>1810.0807495117188</DistanceMeters>
                        <Time>2021-09-12T11:46:47.015Z</Time>
                        <Position>
                            <LatitudeDegrees>30.52108383178711</LatitudeDegrees>
                            <LongitudeDegrees>104.06349182128906</LongitudeDegrees>
                        </Position>
                        <AltitudeMeters>429.21112060546875</AltitudeMeters>
                    </Trackpoint>
                    <Trackpoint>
                        <DistanceMeters>1810.0807495117188</DistanceMeters>
                        <Time>2021-09-12T11:46:48.020Z</Time>
                        <Position>
                            <LatitudeDegrees>30.521072387695312</LatitudeDegrees>
                            <LongitudeDegrees>104.06346130371094</LongitudeDegrees>
                        </Position>
                        <AltitudeMeters>429.21112060546875</AltitudeMeters>
                    </Trackpoint>
                    <Trackpoint>
                        <DistanceMeters>1810.0807495117188</DistanceMeters>
                        <Time>2021-09-12T11:46:48.730Z</Time>
                        <Position>
                            <LatitudeDegrees>30.521060943603516</LatitudeDegrees>
                            <LongitudeDegrees>104.06343841552734</LongitudeDegrees>
                        </Position>
                        <AltitudeMeters>427.3446960449219</AltitudeMeters>
                    </Trackpoint>
                    <Trackpoint>
                        <DistanceMeters>1810.0807495117188</DistanceMeters>
                        <Time>2021-09-12T11:46:50.018Z</Time>
                        <Position>
                            <LatitudeDegrees>30.521034240722656</LatitudeDegrees>
                            <LongitudeDegrees>104.06340789794922</LongitudeDegrees>
                        </Position>
                        <AltitudeMeters>427.3446960449219</AltitudeMeters>
                    </Trackpoint>
                    <Trackpoint>
                        <DistanceMeters>1810.0807495117188</DistanceMeters>
                        <Time>2021-09-12T11:46:51.020Z</Time>
                        <Position>
                            <LatitudeDegrees>30.521015167236328</LatitudeDegrees>
                            <LongitudeDegrees>104.06338500976562</LongitudeDegrees>
                        </Position>
                        <AltitudeMeters>427.7723693847656</AltitudeMeters>
                    </Trackpoint>
                    <Trackpoint>
                        <DistanceMeters>1810.0807495117188</DistanceMeters>
                        <Time>2021-09-12T11:46:52.009Z</Time>
                        <Position>
                            <LatitudeDegrees>30.520994186401367</LatitudeDegrees>
                            <LongitudeDegrees>104.0633544921875</LongitudeDegrees>
                        </Position>
                        <AltitudeMeters>427.7723693847656</AltitudeMeters>
                    </Trackpoint>
                    <Trackpoint>
                        <DistanceMeters>1810.0807495117188</DistanceMeters>
                        <Time>2021-09-12T11:46:53.021Z</Time>
                        <Position>
                            <LatitudeDegrees>30.52097511291504</LatitudeDegrees>
                            <LongitudeDegrees>104.0633316040039</LongitudeDegrees>
                        </Position>
                        <AltitudeMeters>427.6011962890625</AltitudeMeters>
                    </Trackpoint>
                    <Trackpoint>
                        <DistanceMeters>1810.0807495117188</DistanceMeters>
                        <Time>2021-09-12T11:46:54.028Z</Time>
                        <Position>
                            <LatitudeDegrees>30.520959854125977</LatitudeDegrees>
                            <LongitudeDegrees>104.06330871582031</LongitudeDegrees>
                        </Position>
                        <AltitudeMeters>427.6011962890625</AltitudeMeters>
                    </Trackpoint>
                    <Trackpoint>
                        <DistanceMeters>1810.0807495117188</DistanceMeters>
                        <Time>2021-09-12T11:46:55.014Z</Time>
                        <Position>
                            <LatitudeDegrees>30.520944595336914</LatitudeDegrees>
                            <LongitudeDegrees>104.06328582763672</LongitudeDegrees>
                        </Position>
                        <AltitudeMeters>427.01763916015625</AltitudeMeters>
                    </Trackpoint>
                    <Trackpoint>
                        <DistanceMeters>1810.0807495117188</DistanceMeters>
                        <Time>2021-09-12T11:46:56.018Z</Time>
                        <Position>
                            <LatitudeDegrees>30.520925521850586</LatitudeDegrees>
                            <LongitudeDegrees>104.06326293945312</LongitudeDegrees>
                        </Position>
                        <AltitudeMeters>427.01763916015625</AltitudeMeters>
                    </Trackpoint>
                    <Trackpoint>
                        <DistanceMeters>1810.0807495117188</DistanceMeters>
                        <Time>2021-09-12T11:46:56.725Z</Time>
                        <Position>
                            <LatitudeDegrees>30.52091407775879</LatitudeDegrees>
                            <LongitudeDegrees>104.06324768066406</LongitudeDegrees>
                        </Position>
                        <AltitudeMeters>426.0712585449219</AltitudeMeters>
                    </Trackpoint>
                    <Trackpoint>
                        <DistanceMeters>1810.0807495117188</DistanceMeters>
                        <Time>2021-09-12T11:46:58.008Z</Time>
                        <Position>
                            <LatitudeDegrees>30.52089500427246</LatitudeDegrees>
                            <LongitudeDegrees>104.06321716308594</LongitudeDegrees>
                        </Position>
                        <AltitudeMeters>426.0712585449219</AltitudeMeters>
                    </Trackpoint>
                    <Trackpoint>
                        <DistanceMeters>1810.0807495117188</DistanceMeters>
                        <Time>2021-09-12T11:46:59.019Z</Time>
                        <Position>
                            <LatitudeDegrees>30.52088165283203</LatitudeDegrees>
                            <LongitudeDegrees>104.06319427490234</LongitudeDegrees>
                        </Position>
                        <AltitudeMeters>429.51312255859375</AltitudeMeters>
                    </Trackpoint>
                    <Trackpoint>
                        <DistanceMeters>1895.484878540039</DistanceMeters>
                        <Time>2021-09-12T11:47:00.027Z</Time>
                        <Position>
                            <LatitudeDegrees>30.5208683013916</LatitudeDegrees>
                            <LongitudeDegrees>104.06317138671875</LongitudeDegrees>
                        </Position>
                        <AltitudeMeters>429.51312255859375</AltitudeMeters>
                    </Trackpoint>
                    <Trackpoint>
                        <DistanceMeters>1895.484878540039</DistanceMeters>
                        <Time>2021-09-12T11:47:01.015Z</Time>
                        <Position>
                            <LatitudeDegrees>30.52085304260254</LatitudeDegrees>
                            <LongitudeDegrees>104.06314849853516</LongitudeDegrees>
                        </Position>
                        <AltitudeMeters>428.5306701660156</AltitudeMeters>
                    </Trackpoint>
                    <Trackpoint>
                        <DistanceMeters>1895.484878540039</DistanceMeters>
                        <Time>2021-09-12T11:47:02.017Z</Time>
                        <Position>
                            <LatitudeDegrees>30.520837783813477</LatitudeDegrees>
                            <LongitudeDegrees>104.06312561035156</LongitudeDegrees>
                        </Position>
                        <AltitudeMeters>428.5306701660156</AltitudeMeters>
                    </Trackpoint>
                    <Trackpoint>
                        <DistanceMeters>1895.484878540039</DistanceMeters>
                        <Time>2021-09-12T11:47:03.011Z</Time>
                        <Position>
                            <LatitudeDegrees>30.520822525024414</LatitudeDegrees>
                            <LongitudeDegrees>104.06310272216797</LongitudeDegrees>
                        </Position>
                        <AltitudeMeters>427.57830810546875</AltitudeMeters>
                    </Trackpoint>
                    <Trackpoint>
                        <DistanceMeters>1895.484878540039</DistanceMeters>
                        <Time>2021-09-12T11:47:04.021Z</Time>
                        <Position>
                            <LatitudeDegrees>30.520809173583984</LatitudeDegrees>
                            <LongitudeDegrees>104.06307983398438</LongitudeDegrees>
                        </Position>
                        <AltitudeMeters>427.57830810546875</AltitudeMeters>
                    </Trackpoint>
                    <Trackpoint>
                        <DistanceMeters>1895.484878540039</DistanceMeters>
                        <Time>2021-09-12T11:47:04.842Z</Time>
                        <Position>
                            <LatitudeDegrees>30.520797729492188</LatitudeDegrees>
                            <LongitudeDegrees>104.06306457519531</LongitudeDegrees>
                        </Position>
                        <AltitudeMeters>427.62506103515625</AltitudeMeters>
                    </Trackpoint>
                    <Trackpoint>
                        <DistanceMeters>1895.484878540039</DistanceMeters>
                        <Time>2021-09-12T11:47:06.026Z</Time>
                        <Position>
                            <LatitudeDegrees>30.520776748657227</LatitudeDegrees>
                            <LongitudeDegrees>104.06303405761719</LongitudeDegrees>
                        </Position>
                        <AltitudeMeters>427.62506103515625</AltitudeMeters>
                    </Trackpoint>
                    <Trackpoint>
                        <DistanceMeters>1895.484878540039</DistanceMeters>
                        <Time>2021-09-12T11:47:07.012Z</Time>
                        <Position>
                            <LatitudeDegrees>30.520761489868164</LatitudeDegrees>
                            <LongitudeDegrees>104.06299591064453</LongitudeDegrees>
                        </Position>
                        <AltitudeMeters>430.1899719238281</AltitudeMeters>
                    </Trackpoint>
                    <Trackpoint>
                        <DistanceMeters>1895.484878540039</DistanceMeters>
                        <Time>2021-09-12T11:47:08.008Z</Time>
                        <Position>
                            <LatitudeDegrees>30.520748138427734</LatitudeDegrees>
                            <LongitudeDegrees>104.06295776367188</LongitudeDegrees>
                        </Position>
                        <AltitudeMeters>430.1899719238281</AltitudeMeters>
                    </Trackpoint>
                    <Trackpoint>
                        <DistanceMeters>1895.484878540039</DistanceMeters>
                        <Time>2021-09-12T11:47:08.958Z</Time>
                        <Position>
                            <LatitudeDegrees>30.520734786987305</LatitudeDegrees>
                            <LongitudeDegrees>104.06291961669922</LongitudeDegrees>
                        </Position>
                        <AltitudeMeters>430.4622497558594</AltitudeMeters>
                    </Trackpoint>
                    <Trackpoint>
                        <DistanceMeters>1895.484878540039</DistanceMeters>
                        <Time>2021-09-12T11:47:09.477Z</Time>
                        <Position>
                            <LatitudeDegrees>30.520727157592773</LatitudeDegrees>
                            <LongitudeDegrees>104.06290435791016</LongitudeDegrees>
                        </Position>
                        <AltitudeMeters>430.4622497558594</AltitudeMeters>
                    </Trackpoint>
                    <Trackpoint>
                        <DistanceMeters>1895.484878540039</DistanceMeters>
                        <Time>2021-09-12T11:47:10.045Z</Time>
                        <Position>
                            <LatitudeDegrees>30.52071762084961</LatitudeDegrees>
                            <LongitudeDegrees>104.0628890991211</LongitudeDegrees>
                        </Position>
                        <AltitudeMeters>428.6254577636719</AltitudeMeters>
                    </Trackpoint>
                    <Trackpoint>
                        <DistanceMeters>1895.484878540039</DistanceMeters>
                        <Time>2021-09-12T11:47:11.020Z</Time>
                        <Position>
                            <LatitudeDegrees>30.520706176757812</LatitudeDegrees>
                            <LongitudeDegrees>104.06285858154297</LongitudeDegrees>
                        </Position>
                        <AltitudeMeters>428.6254577636719</AltitudeMeters>
                    </Trackpoint>
                    <Trackpoint>
                        <DistanceMeters>1895.484878540039</DistanceMeters>
                        <Time>2021-09-12T11:47:12.038Z</Time>
                        <Position>
                            <LatitudeDegrees>30.52069854736328</LatitudeDegrees>
                            <LongitudeDegrees>104.06283569335938</LongitudeDegrees>
                        </Position>
                        <AltitudeMeters>427.64898681640625</AltitudeMeters>
                    </Trackpoint>
                    <Trackpoint>
                        <DistanceMeters>1895.484878540039</DistanceMeters>
                        <Time>2021-09-12T11:47:13.011Z</Time>
                        <Position>
                            <LatitudeDegrees>30.520689010620117</LatitudeDegrees>
                            <LongitudeDegrees>104.06282043457031</LongitudeDegrees>
                        </Position>
                        <AltitudeMeters>427.64898681640625</AltitudeMeters>
                    </Trackpoint>
                    <Trackpoint>
                        <DistanceMeters>1895.484878540039</DistanceMeters>
                        <Time>2021-09-12T11:47:14.021Z</Time>
                        <Position>
                            <LatitudeDegrees>30.52067756652832</LatitudeDegrees>
                            <LongitudeDegrees>104.06279754638672</LongitudeDegrees>
                        </Position>
                        <AltitudeMeters>427.64898681640625</AltitudeMeters>
                    </Trackpoint>
                    <Trackpoint>
                        <DistanceMeters>1895.484878540039</DistanceMeters>
                        <Time>2021-09-12T11:47:15.014Z</Time>
                        <Position>
                            <LatitudeDegrees>30.520668029785156</LatitudeDegrees>
                            <LongitudeDegrees>104.06278228759766</LongitudeDegrees>
                        </Position>
                        <AltitudeMeters>426.37030029296875</AltitudeMeters>
                    </Trackpoint>
                    <Trackpoint>
                        <DistanceMeters>1895.484878540039</DistanceMeters>
                        <Time>2021-09-12T11:47:16.004Z</Time>
                        <Position>
                            <LatitudeDegrees>30.52065658569336</LatitudeDegrees>
                            <LongitudeDegrees>104.06275939941406</LongitudeDegrees>
                        </Position>
                        <AltitudeMeters>426.37030029296875</AltitudeMeters>
                    </Trackpoint>
                    <Trackpoint>
                        <DistanceMeters>1895.484878540039</DistanceMeters>
                        <Time>2021-09-12T11:47:17.003Z</Time>
                        <Position>
                            <LatitudeDegrees>30.520645141601562</LatitudeDegrees>
                            <LongitudeDegrees>104.06273651123047</LongitudeDegrees>
                        </Position>
                        <AltitudeMeters>426.01116943359375</AltitudeMeters>
                    </Trackpoint>
                    <Trackpoint>
                        <DistanceMeters>1895.484878540039</DistanceMeters>
                        <Time>2021-09-12T11:47:18.013Z</Time>
                        <Position>
                            <LatitudeDegrees>30.5206356048584</LatitudeDegrees>
                            <LongitudeDegrees>104.06271362304688</LongitudeDegrees>
                        </Position>
                        <AltitudeMeters>426.01116943359375</AltitudeMeters>
                    </Trackpoint>
                    <Trackpoint>
                        <DistanceMeters>1895.484878540039</DistanceMeters>
                        <Time>2021-09-12T11:47:19.011Z</Time>
                        <Position>
                            <LatitudeDegrees>30.52062225341797</LatitudeDegrees>
                            <LongitudeDegrees>104.06269073486328</LongitudeDegrees>
                        </Position>
                        <AltitudeMeters>426.18365478515625</AltitudeMeters>
                    </Trackpoint>
                    <Trackpoint>
                        <DistanceMeters>1895.484878540039</DistanceMeters>
                        <Time>2021-09-12T11:47:19.715Z</Time>
                        <Position>
                            <LatitudeDegrees>30.520606994628906</LatitudeDegrees>
                            <LongitudeDegrees>104.06269073486328</LongitudeDegrees>
                        </Position>
                        <AltitudeMeters>426.18365478515625</AltitudeMeters>
                    </Trackpoint>
                    <Trackpoint>
                        <DistanceMeters>1895.484878540039</DistanceMeters>
                        <Time>2021-09-12T11:47:20.618Z</Time>
                        <Position>
                            <LatitudeDegrees>30.520587921142578</LatitudeDegrees>
                            <LongitudeDegrees>104.06269836425781</LongitudeDegrees>
                        </Position>
                        <AltitudeMeters>428.691650390625</AltitudeMeters>
                    </Trackpoint>
                    <Trackpoint>
                        <DistanceMeters>1895.484878540039</DistanceMeters>
                        <Time>2021-09-12T11:47:21.386Z</Time>
                        <Position>
                            <LatitudeDegrees>30.52056884765625</LatitudeDegrees>
                            <LongitudeDegrees>104.06269836425781</LongitudeDegrees>
                        </Position>
                        <AltitudeMeters>428.691650390625</AltitudeMeters>
                    </Trackpoint>
                    <Trackpoint>
                        <DistanceMeters>1895.484878540039</DistanceMeters>
                        <Time>2021-09-12T11:47:22.016Z</Time>
                        <Position>
                            <LatitudeDegrees>30.520551681518555</LatitudeDegrees>
                            <LongitudeDegrees>104.06269836425781</LongitudeDegrees>
                        </Position>
                        <AltitudeMeters>428.691650390625</AltitudeMeters>
                    </Trackpoint>
                    <Trackpoint>
                        <DistanceMeters>1895.484878540039</DistanceMeters>
                        <Time>2021-09-12T11:47:23.012Z</Time>
                        <Position>
                            <LatitudeDegrees>30.52052879333496</LatitudeDegrees>
                            <LongitudeDegrees>104.06268310546875</LongitudeDegrees>
                        </Position>
                        <AltitudeMeters>430.19354248046875</AltitudeMeters>
                    </Trackpoint>
                    <Trackpoint>
                        <DistanceMeters>1895.484878540039</DistanceMeters>
                        <Time>2021-09-12T11:47:24.003Z</Time>
                        <Position>
                            <LatitudeDegrees>30.520519256591797</LatitudeDegrees>
                            <LongitudeDegrees>104.06266784667969</LongitudeDegrees>
                        </Position>
                        <AltitudeMeters>430.19354248046875</AltitudeMeters>
                    </Trackpoint>
                    <Trackpoint>
                        <DistanceMeters>1895.484878540039</DistanceMeters>
                        <Time>2021-09-12T11:47:25.005Z</Time>
                        <Position>
                            <LatitudeDegrees>30.520511627197266</LatitudeDegrees>
                            <LongitudeDegrees>104.06263732910156</LongitudeDegrees>
                        </Position>
                        <AltitudeMeters>429.5330505371094</AltitudeMeters>
                    </Trackpoint>
                    <Trackpoint>
                        <DistanceMeters>1895.484878540039</DistanceMeters>
                        <Time>2021-09-12T11:47:26.037Z</Time>
                        <Position>
                            <LatitudeDegrees>30.520498275756836</LatitudeDegrees>
                            <LongitudeDegrees>104.06261444091797</LongitudeDegrees>
                        </Position>
                        <AltitudeMeters>430.74127197265625</AltitudeMeters>
                    </Trackpoint>
                    <Trackpoint>
                        <DistanceMeters>1895.484878540039</DistanceMeters>
                        <Time>2021-09-12T11:47:26.691Z</Time>
                        <Position>
                            <LatitudeDegrees>30.52048110961914</LatitudeDegrees>
                            <LongitudeDegrees>104.06260681152344</LongitudeDegrees>
                        </Position>
                        <AltitudeMeters>430.74127197265625</AltitudeMeters>
                    </Trackpoint>
                    <Trackpoint>
                        <DistanceMeters>1895.484878540039</DistanceMeters>
                        <Time>2021-09-12T11:47:27.769Z</Time>
                        <Position>
                            <LatitudeDegrees>30.520456314086914</LatitudeDegrees>
                            <LongitudeDegrees>104.06259155273438</LongitudeDegrees>
                        </Position>
                        <AltitudeMeters>430.74127197265625</AltitudeMeters>
                    </Trackpoint>
                    <Trackpoint>
                        <DistanceMeters>1895.484878540039</DistanceMeters>
                        <Time>2021-09-12T11:47:29.024Z</Time>
                        <Position>
                            <LatitudeDegrees>30.52042579650879</LatitudeDegrees>
                            <LongitudeDegrees>104.06257629394531</LongitudeDegrees>
                        </Position>
                        <AltitudeMeters>432.59613037109375</AltitudeMeters>
                    </Trackpoint>
                    <Trackpoint>
                        <DistanceMeters>1895.484878540039</DistanceMeters>
                        <Time>2021-09-12T11:47:29.695Z</Time>
                        <Position>
                            <LatitudeDegrees>30.52041244506836</LatitudeDegrees>
                            <LongitudeDegrees>104.06256866455078</LongitudeDegrees>
                        </Position>
                        <AltitudeMeters>432.59613037109375</AltitudeMeters>
                    </Trackpoint>
                    <Trackpoint>
                        <DistanceMeters>1910.0954217910767</DistanceMeters>
                        <Time>2021-09-12T11:47:31.007Z</Time>
                        <Position>
                            <LatitudeDegrees>30.520389556884766</LatitudeDegrees>
                            <LongitudeDegrees>104.06257629394531</LongitudeDegrees>
                        </Position>
                        <AltitudeMeters>432.2826232910156</AltitudeMeters>
                    </Trackpoint>
                    <Trackpoint>
                        <DistanceMeters>1910.0954217910767</DistanceMeters>
                        <Time>2021-09-12T11:47:32.042Z</Time>
                        <Position>
                            <LatitudeDegrees>30.520376205444336</LatitudeDegrees>
                            <LongitudeDegrees>104.06258392333984</LongitudeDegrees>
                        </Position>
                        <AltitudeMeters>431.35406494140625</AltitudeMeters>
                    </Trackpoint>
                    <Trackpoint>
                        <DistanceMeters>1910.0954217910767</DistanceMeters>
                        <Time>2021-09-12T11:47:34.016Z</Time>
                        <Position>
                            <LatitudeDegrees>30.520349502563477</LatitudeDegrees>
                            <LongitudeDegrees>104.06259155273438</LongitudeDegrees>
                        </Position>
                        <AltitudeMeters>431.35406494140625</AltitudeMeters>
                    </Trackpoint>
                    <Trackpoint>
                        <DistanceMeters>1910.0954217910767</DistanceMeters>
                        <Time>2021-09-12T11:47:35.995Z</Time>
                        <Position>
                            <LatitudeDegrees>30.52033233642578</LatitudeDegrees>
                            <LongitudeDegrees>104.06259155273438</LongitudeDegrees>
                        </Position>
                        <AltitudeMeters>431.3602600097656</AltitudeMeters>
                    </Trackpoint>
                    <Trackpoint>
                        <DistanceMeters>1910.0954217910767</DistanceMeters>
                        <Time>2021-09-12T11:47:39.024Z</Time>
                        <Position>
                            <LatitudeDegrees>30.520315170288086</LatitudeDegrees>
                            <LongitudeDegrees>104.06258392333984</LongitudeDegrees>
                        </Position>
                        <AltitudeMeters>432.4608154296875</AltitudeMeters>
                    </Trackpoint>
                    <Trackpoint>
                        <DistanceMeters>1910.0954217910767</DistanceMeters>
                        <Time>2021-09-12T11:47:40.044Z</Time>
                        <Position>
                            <LatitudeDegrees>30.520305633544922</LatitudeDegrees>
                            <LongitudeDegrees>104.06257629394531</LongitudeDegrees>
                        </Position>
                        <AltitudeMeters>431.7425842285156</AltitudeMeters>
                    </Trackpoint>
                    <Trackpoint>
                        <DistanceMeters>1910.0954217910767</DistanceMeters>
                        <Time>2021-09-12T11:47:43.533Z</Time>
                        <Position>
                            <LatitudeDegrees>30.520315170288086</LatitudeDegrees>
                            <LongitudeDegrees>104.06256866455078</LongitudeDegrees>
                        </Position>
                        <AltitudeMeters>432.50537109375</AltitudeMeters>
                    </Trackpoint>
                    <Trackpoint>
                        <DistanceMeters>1910.0954217910767</DistanceMeters>
                        <Time>2021-09-12T11:47:48.039Z</Time>
                        <Position>
                            <LatitudeDegrees>30.520315170288086</LatitudeDegrees>
                            <LongitudeDegrees>104.06256103515625</LongitudeDegrees>
                        </Position>
                        <AltitudeMeters>432.7196960449219</AltitudeMeters>
                    </Trackpoint>
                    <Trackpoint>
                        <DistanceMeters>1977.7010583877563</DistanceMeters>
                        <Time>2021-09-12T11:48:00.031Z</Time>
                        <Position>
                            <LatitudeDegrees>30.52031135559082</LatitudeDegrees>
                            <LongitudeDegrees>104.06254577636719</LongitudeDegrees>
                        </Position>
                        <AltitudeMeters>432.9141540527344</AltitudeMeters>
                    </Trackpoint>
                    <Trackpoint>
                        <DistanceMeters>1977.7010583877563</DistanceMeters>
                        <Time>2021-09-12T11:48:06.550Z</Time>
                        <Position>
                            <LatitudeDegrees>30.52030372619629</LatitudeDegrees>
                            <LongitudeDegrees>104.06255340576172</LongitudeDegrees>
                        </Position>
                        <AltitudeMeters>432.8094787597656</AltitudeMeters>
                    </Trackpoint>
                    <Trackpoint>
                        <DistanceMeters>1977.7010583877563</DistanceMeters>
                        <Time>2021-09-12T11:48:10.034Z</Time>
                        <Position>
                            <LatitudeDegrees>30.520288467407227</LatitudeDegrees>
                            <LongitudeDegrees>104.06253814697266</LongitudeDegrees>
                        </Position>
                        <AltitudeMeters>432.7666015625</AltitudeMeters>
                    </Trackpoint>
                    <Trackpoint>
                        <DistanceMeters>1977.7010583877563</DistanceMeters>
                        <Time>2021-09-12T11:48:10.949Z</Time>
                        <Position>
                            <LatitudeDegrees>30.520278930664062</LatitudeDegrees>
                            <LongitudeDegrees>104.06253814697266</LongitudeDegrees>
                        </Position>
                        <AltitudeMeters>432.7666015625</AltitudeMeters>
                    </Trackpoint>
                    <Trackpoint>
                        <DistanceMeters>1977.7010583877563</DistanceMeters>
                        <Time>2021-09-12T11:48:12.032Z</Time>
                        <Position>
                            <LatitudeDegrees>30.520267486572266</LatitudeDegrees>
                            <LongitudeDegrees>104.0625228881836</LongitudeDegrees>
                        </Position>
                        <AltitudeMeters>432.8031005859375</AltitudeMeters>
                    </Trackpoint>
                    <Trackpoint>
                        <DistanceMeters>1977.7010583877563</DistanceMeters>
                        <Time>2021-09-12T11:48:12.999Z</Time>
                        <Position>
                            <LatitudeDegrees>30.5202579498291</LatitudeDegrees>
                            <LongitudeDegrees>104.0625</LongitudeDegrees>
                        </Position>
                        <AltitudeMeters>432.8031005859375</AltitudeMeters>
                    </Trackpoint>
                    <Trackpoint>
                        <DistanceMeters>1977.7010583877563</DistanceMeters>
                        <Time>2021-09-12T11:48:13.813Z</Time>
                        <Position>
                            <LatitudeDegrees>30.52025032043457</LatitudeDegrees>
                            <LongitudeDegrees>104.06248474121094</LongitudeDegrees>
                        </Position>
                        <AltitudeMeters>432.8031005859375</AltitudeMeters>
                    </Trackpoint>
                    <Trackpoint>
                        <DistanceMeters>1977.7010583877563</DistanceMeters>
                        <Time>2021-09-12T11:48:14.996Z</Time>
                        <Position>
                            <LatitudeDegrees>30.520244598388672</LatitudeDegrees>
                            <LongitudeDegrees>104.06245422363281</LongitudeDegrees>
                        </Position>
                        <AltitudeMeters>432.7422180175781</AltitudeMeters>
                    </Trackpoint>
                    <Trackpoint>
                        <DistanceMeters>1977.7010583877563</DistanceMeters>
                        <Time>2021-09-12T11:48:16.049Z</Time>
                        <Position>
                            <LatitudeDegrees>30.520231246948242</LatitudeDegrees>
                            <LongitudeDegrees>104.06243896484375</LongitudeDegrees>
                        </Position>
                        <AltitudeMeters>432.70867919921875</AltitudeMeters>
                    </Trackpoint>
                    <Trackpoint>
                        <DistanceMeters>1977.7010583877563</DistanceMeters>
                        <Time>2021-09-12T11:48:16.837Z</Time>
                        <Position>
                            <LatitudeDegrees>30.520219802856445</LatitudeDegrees>
                            <LongitudeDegrees>104.06242370605469</LongitudeDegrees>
                        </Position>
                        <AltitudeMeters>432.7048034667969</AltitudeMeters>
                    </Trackpoint>
                    <Trackpoint>
                        <DistanceMeters>1977.7010583877563</DistanceMeters>
                        <Time>2021-09-12T11:48:17.590Z</Time>
                        <Position>
                            <LatitudeDegrees>30.520200729370117</LatitudeDegrees>
                            <LongitudeDegrees>104.0623779296875</LongitudeDegrees>
                        </Position>
                        <AltitudeMeters>432.6148376464844</AltitudeMeters>
                    </Trackpoint>
                    <Trackpoint>
                        <DistanceMeters>1977.7010583877563</DistanceMeters>
                        <Time>2021-09-12T11:48:18.790Z</Time>
                        <Position>
                            <LatitudeDegrees>30.520191192626953</LatitudeDegrees>
                            <LongitudeDegrees>104.0623550415039</LongitudeDegrees>
                        </Position>
                        <AltitudeMeters>432.59320068359375</AltitudeMeters>
                    </Trackpoint>
                    <Trackpoint>
                        <DistanceMeters>1977.7010583877563</DistanceMeters>
                        <Time>2021-09-12T11:48:19.324Z</Time>
                        <Position>
                            <LatitudeDegrees>30.52018928527832</LatitudeDegrees>
                            <LongitudeDegrees>104.06233978271484</LongitudeDegrees>
                        </Position>
                        <AltitudeMeters>432.59320068359375</AltitudeMeters>
                    </Trackpoint>
                    <Trackpoint>
                        <DistanceMeters>1977.7010583877563</DistanceMeters>
                        <Time>2021-09-12T11:48:20.032Z</Time>
                        <Position>
                            <LatitudeDegrees>30.520183563232422</LatitudeDegrees>
                            <LongitudeDegrees>104.06231689453125</LongitudeDegrees>
                        </Position>
                        <AltitudeMeters>432.6237487792969</AltitudeMeters>
                    </Trackpoint>
                    <Trackpoint>
                        <DistanceMeters>1977.7010583877563</DistanceMeters>
                        <Time>2021-09-12T11:48:21.050Z</Time>
                        <Position>
                            <LatitudeDegrees>30.520172119140625</LatitudeDegrees>
                            <LongitudeDegrees>104.06228637695312</LongitudeDegrees>
                        </Position>
                        <AltitudeMeters>432.6237487792969</AltitudeMeters>
                    </Trackpoint>
                    <Trackpoint>
                        <DistanceMeters>1977.7010583877563</DistanceMeters>
                        <Time>2021-09-12T11:48:21.589Z</Time>
                        <Position>
                            <LatitudeDegrees>30.52016258239746</LatitudeDegrees>
                            <LongitudeDegrees>104.06226348876953</LongitudeDegrees>
                        </Position>
                        <AltitudeMeters>432.6237487792969</AltitudeMeters>
                    </Trackpoint>
                    <Trackpoint>
                        <DistanceMeters>1977.7010583877563</DistanceMeters>
                        <Time>2021-09-12T11:48:22.855Z</Time>
                        <Position>
                            <LatitudeDegrees>30.520143508911133</LatitudeDegrees>
                            <LongitudeDegrees>104.06221771240234</LongitudeDegrees>
                        </Position>
                        <AltitudeMeters>432.6795349121094</AltitudeMeters>
                    </Trackpoint>
                    <Trackpoint>
                        <DistanceMeters>1977.7010583877563</DistanceMeters>
                        <Time>2021-09-12T11:48:24.009Z</Time>
                        <Position>
                            <LatitudeDegrees>30.520143508911133</LatitudeDegrees>
                            <LongitudeDegrees>104.06217193603516</LongitudeDegrees>
                        </Position>
                        <AltitudeMeters>432.6795349121094</AltitudeMeters>
                    </Trackpoint>
                    <Trackpoint>
                        <DistanceMeters>1977.7010583877563</DistanceMeters>
                        <Time>2021-09-12T11:48:25.005Z</Time>
                        <Position>
                            <LatitudeDegrees>30.5201473236084</LatitudeDegrees>
                            <LongitudeDegrees>104.06212615966797</LongitudeDegrees>
                        </Position>
                        <AltitudeMeters>432.7557067871094</AltitudeMeters>
                    </Trackpoint>
                    <Trackpoint>
                        <DistanceMeters>1977.7010583877563</DistanceMeters>
                        <Time>2021-09-12T11:48:25.751Z</Time>
                        <Position>
                            <LatitudeDegrees>30.520143508911133</LatitudeDegrees>
                            <LongitudeDegrees>104.06208801269531</LongitudeDegrees>
                        </Position>
                        <AltitudeMeters>432.7557067871094</AltitudeMeters>
                    </Trackpoint>
                    <Trackpoint>
                        <DistanceMeters>1977.7010583877563</DistanceMeters>
                        <Time>2021-09-12T11:48:26.038Z</Time>
                        <Position>
                            <LatitudeDegrees>30.520112991333008</LatitudeDegrees>
                            <LongitudeDegrees>104.06205749511719</LongitudeDegrees>
                        </Position>
                        <AltitudeMeters>432.7596435546875</AltitudeMeters>
                    </Trackpoint>
                    <Trackpoint>
                        <DistanceMeters>1977.7010583877563</DistanceMeters>
                        <Time>2021-09-12T11:48:28.036Z</Time>
                        <Position>
                            <LatitudeDegrees>30.520057678222656</LatitudeDegrees>
                            <LongitudeDegrees>104.06197357177734</LongitudeDegrees>
                        </Position>
                        <AltitudeMeters>432.7439270019531</AltitudeMeters>
                    </Trackpoint>
                    <Trackpoint>
                        <DistanceMeters>2084.967782020569</DistanceMeters>
                        <Time>2021-09-12T11:48:30.017Z</Time>
                        <Position>
                            <LatitudeDegrees>30.520009994506836</LatitudeDegrees>
                            <LongitudeDegrees>104.06194305419922</LongitudeDegrees>
                        </Position>
                        <AltitudeMeters>432.7439270019531</AltitudeMeters>
                    </Trackpoint>
                    <Trackpoint>
                        <DistanceMeters>2084.967782020569</DistanceMeters>
                        <Time>2021-09-12T11:48:31.003Z</Time>
                        <Position>
                            <LatitudeDegrees>30.52002716064453</LatitudeDegrees>
                            <LongitudeDegrees>104.0619125366211</LongitudeDegrees>
                        </Position>
                        <AltitudeMeters>432.7652282714844</AltitudeMeters>
                    </Trackpoint>
                    <Trackpoint>
                        <DistanceMeters>2084.967782020569</DistanceMeters>
                        <Time>2021-09-12T11:48:32.012Z</Time>
                        <Position>
                            <LatitudeDegrees>30.520004272460938</LatitudeDegrees>
                            <LongitudeDegrees>104.06187438964844</LongitudeDegrees>
                        </Position>
                        <AltitudeMeters>432.7652282714844</AltitudeMeters>
                    </Trackpoint>
                    <Trackpoint>
                        <DistanceMeters>2084.967782020569</DistanceMeters>
                        <Time>2021-09-12T11:48:32.638Z</Time>
                        <Position>
                            <LatitudeDegrees>30.51997947692871</LatitudeDegrees>
                            <LongitudeDegrees>104.06184387207031</LongitudeDegrees>
                        </Position>
                        <AltitudeMeters>432.80853271484375</AltitudeMeters>
                    </Trackpoint>
                    <Trackpoint>
                        <DistanceMeters>2084.967782020569</DistanceMeters>
                        <Time>2021-09-12T11:48:33.457Z</Time>
                        <Position>
                            <LatitudeDegrees>30.519960403442383</LatitudeDegrees>
                            <LongitudeDegrees>104.06181335449219</LongitudeDegrees>
                        </Position>
                        <AltitudeMeters>432.80853271484375</AltitudeMeters>
                    </Trackpoint>
                    <Trackpoint>
                        <DistanceMeters>2084.967782020569</DistanceMeters>
                        <Time>2021-09-12T11:48:34.022Z</Time>
                        <Position>
                            <LatitudeDegrees>30.519948959350586</LatitudeDegrees>
                            <LongitudeDegrees>104.06179809570312</LongitudeDegrees>
                        </Position>
                        <AltitudeMeters>432.80853271484375</AltitudeMeters>
                    </Trackpoint>
                    <Trackpoint>
                        <DistanceMeters>2084.967782020569</DistanceMeters>
                        <Time>2021-09-12T11:48:35.019Z</Time>
                        <Position>
                            <LatitudeDegrees>30.519929885864258</LatitudeDegrees>
                            <LongitudeDegrees>104.061767578125</LongitudeDegrees>
                        </Position>
                        <AltitudeMeters>432.89373779296875</AltitudeMeters>
                    </Trackpoint>
                    <Trackpoint>
                        <DistanceMeters>2084.967782020569</DistanceMeters>
                        <Time>2021-09-12T11:48:35.782Z</Time>
                        <Position>
                            <LatitudeDegrees>30.519922256469727</LatitudeDegrees>
                            <LongitudeDegrees>104.06175231933594</LongitudeDegrees>
                        </Position>
                        <AltitudeMeters>432.89373779296875</AltitudeMeters>
                    </Trackpoint>
                    <Trackpoint>
                        <DistanceMeters>2084.967782020569</DistanceMeters>
                        <Time>2021-09-12T11:48:38.008Z</Time>
                        <Position>
                            <LatitudeDegrees>30.51993179321289</LatitudeDegrees>
                            <LongitudeDegrees>104.06171417236328</LongitudeDegrees>
                        </Position>
                        <AltitudeMeters>432.8533630371094</AltitudeMeters>
                    </Trackpoint>
                    <Trackpoint>
                        <DistanceMeters>2084.967782020569</DistanceMeters>
                        <Time>2021-09-12T11:48:39.003Z</Time>
                        <Position>
                            <LatitudeDegrees>30.51992416381836</LatitudeDegrees>
                            <LongitudeDegrees>104.06169128417969</LongitudeDegrees>
                        </Position>
                        <AltitudeMeters>432.8722229003906</AltitudeMeters>
                    </Trackpoint>
                    <Trackpoint>
                        <DistanceMeters>2084.967782020569</DistanceMeters>
                        <Time>2021-09-12T11:48:40.006Z</Time>
                        <Position>
                            <LatitudeDegrees>30.519901275634766</LatitudeDegrees>
                            <LongitudeDegrees>104.06166076660156</LongitudeDegrees>
                        </Position>
                        <AltitudeMeters>432.8722229003906</AltitudeMeters>
                    </Trackpoint>
                    <Trackpoint>
                        <DistanceMeters>2084.967782020569</DistanceMeters>
                        <Time>2021-09-12T11:48:41.013Z</Time>
                        <Position>
                            <LatitudeDegrees>30.51987075805664</LatitudeDegrees>
                            <LongitudeDegrees>104.06163787841797</LongitudeDegrees>
                        </Position>
                        <AltitudeMeters>432.8534240722656</AltitudeMeters>
                    </Trackpoint>
                    <Trackpoint>
                        <DistanceMeters>2084.967782020569</DistanceMeters>
                        <Time>2021-09-12T11:48:41.669Z</Time>
                        <Position>
                            <LatitudeDegrees>30.519855499267578</LatitudeDegrees>
                            <LongitudeDegrees>104.0616226196289</LongitudeDegrees>
                        </Position>
                        <AltitudeMeters>432.8534240722656</AltitudeMeters>
                    </Trackpoint>
                    <Trackpoint>
                        <DistanceMeters>2084.967782020569</DistanceMeters>
                        <Time>2021-09-12T11:48:42.031Z</Time>
                        <Position>
                            <LatitudeDegrees>30.51984405517578</LatitudeDegrees>
                            <LongitudeDegrees>104.06161499023438</LongitudeDegrees>
                        </Position>
                        <AltitudeMeters>432.82379150390625</AltitudeMeters>
                    </Trackpoint>
                    <Trackpoint>
                        <DistanceMeters>2084.967782020569</DistanceMeters>
                        <Time>2021-09-12T11:48:42.686Z</Time>
                        <Position>
                            <LatitudeDegrees>30.519826889038086</LatitudeDegrees>
                            <LongitudeDegrees>104.06159973144531</LongitudeDegrees>
                        </Position>
                        <AltitudeMeters>432.82379150390625</AltitudeMeters>
                    </Trackpoint>
                    <Trackpoint>
                        <DistanceMeters>2084.967782020569</DistanceMeters>
                        <Time>2021-09-12T11:48:43.241Z</Time>
                        <Position>
                            <LatitudeDegrees>30.519813537597656</LatitudeDegrees>
                            <LongitudeDegrees>104.06158447265625</LongitudeDegrees>
                        </Position>
                        <AltitudeMeters>432.82379150390625</AltitudeMeters>
                    </Trackpoint>
                    <Trackpoint>
                        <DistanceMeters>2084.967782020569</DistanceMeters>
                        <Time>2021-09-12T11:48:44.033Z</Time>
                        <Position>
                            <LatitudeDegrees>30.519794464111328</LatitudeDegrees>
                            <LongitudeDegrees>104.06156158447266</LongitudeDegrees>
                        </Position>
                        <AltitudeMeters>432.8916320800781</AltitudeMeters>
                    </Trackpoint>
                    <Trackpoint>
                        <DistanceMeters>2084.967782020569</DistanceMeters>
                        <Time>2021-09-12T11:48:45.102Z</Time>
                        <Position>
                            <LatitudeDegrees>30.519765853881836</LatitudeDegrees>
                            <LongitudeDegrees>104.0615463256836</LongitudeDegrees>
                        </Position>
                        <AltitudeMeters>432.8916320800781</AltitudeMeters>
                    </Trackpoint>
                    <Trackpoint>
                        <DistanceMeters>2084.967782020569</DistanceMeters>
                        <Time>2021-09-12T11:48:45.622Z</Time>
                        <Position>
                            <LatitudeDegrees>30.51975440979004</LatitudeDegrees>
                            <LongitudeDegrees>104.06153869628906</LongitudeDegrees>
                        </Position>
                        <AltitudeMeters>432.8916320800781</AltitudeMeters>
                    </Trackpoint>
                    <Trackpoint>
                        <DistanceMeters>2084.967782020569</DistanceMeters>
                        <Time>2021-09-12T11:48:46.038Z</Time>
                        <Position>
                            <LatitudeDegrees>30.519742965698242</LatitudeDegrees>
                            <LongitudeDegrees>104.06153106689453</LongitudeDegrees>
                        </Position>
                        <AltitudeMeters>432.8970947265625</AltitudeMeters>
                    </Trackpoint>
                    <Trackpoint>
                        <DistanceMeters>2084.967782020569</DistanceMeters>
                        <Time>2021-09-12T11:48:47.017Z</Time>
                        <Position>
                            <LatitudeDegrees>30.51972198486328</LatitudeDegrees>
                            <LongitudeDegrees>104.06150817871094</LongitudeDegrees>
                        </Position>
                        <AltitudeMeters>432.8970947265625</AltitudeMeters>
                    </Trackpoint>
                    <Trackpoint>
                        <DistanceMeters>2084.967782020569</DistanceMeters>
                        <Time>2021-09-12T11:48:47.739Z</Time>
                        <Position>
                            <LatitudeDegrees>30.51970863342285</LatitudeDegrees>
                            <LongitudeDegrees>104.0615005493164</LongitudeDegrees>
                        </Position>
                        <AltitudeMeters>432.8970947265625</AltitudeMeters>
                    </Trackpoint>
                    <Trackpoint>
                        <DistanceMeters>2084.967782020569</DistanceMeters>
                        <Time>2021-09-12T11:48:48.597Z</Time>
                        <Position>
                            <LatitudeDegrees>30.51969337463379</LatitudeDegrees>
                            <LongitudeDegrees>104.06149291992188</LongitudeDegrees>
                        </Position>
                        <AltitudeMeters>432.9079895019531</AltitudeMeters>
                    </Trackpoint>
                    <Trackpoint>
                        <DistanceMeters>2084.967782020569</DistanceMeters>
                        <Time>2021-09-12T11:48:49.021Z</Time>
                        <Position>
                            <LatitudeDegrees>30.519683837890625</LatitudeDegrees>
                            <LongitudeDegrees>104.06148529052734</LongitudeDegrees>
                        </Position>
                        <AltitudeMeters>432.9079895019531</AltitudeMeters>
                    </Trackpoint>
                    <Trackpoint>
                        <DistanceMeters>2084.967782020569</DistanceMeters>
                        <Time>2021-09-12T11:48:50.012Z</Time>
                        <Position>
                            <LatitudeDegrees>30.519662857055664</LatitudeDegrees>
                            <LongitudeDegrees>104.06147003173828</LongitudeDegrees>
                        </Position>
                        <AltitudeMeters>432.9079895019531</AltitudeMeters>
                    </Trackpoint>
                    <Trackpoint>
                        <DistanceMeters>2084.967782020569</DistanceMeters>
                        <Time>2021-09-12T11:48:51.000Z</Time>
                        <Position>
                            <LatitudeDegrees>30.51963996887207</LatitudeDegrees>
                            <LongitudeDegrees>104.06146240234375</LongitudeDegrees>
                        </Position>
                        <AltitudeMeters>432.92547607421875</AltitudeMeters>
                    </Trackpoint>
                    <Trackpoint>
                        <DistanceMeters>2084.967782020569</DistanceMeters>
                        <Time>2021-09-12T11:48:52.003Z</Time>
                        <Position>
                            <LatitudeDegrees>30.519617080688477</LatitudeDegrees>
                            <LongitudeDegrees>104.06144714355469</LongitudeDegrees>
                        </Position>
                        <AltitudeMeters>432.92547607421875</AltitudeMeters>
                    </Trackpoint>
                    <Trackpoint>
                        <DistanceMeters>2084.967782020569</DistanceMeters>
                        <Time>2021-09-12T11:48:52.819Z</Time>
                        <Position>
                            <LatitudeDegrees>30.51959800720215</LatitudeDegrees>
                            <LongitudeDegrees>104.06143188476562</LongitudeDegrees>
                        </Position>
                        <AltitudeMeters>432.90753173828125</AltitudeMeters>
                    </Trackpoint>
                    <Trackpoint>
                        <DistanceMeters>2084.967782020569</DistanceMeters>
                        <Time>2021-09-12T11:48:53.237Z</Time>
                        <Position>
                            <LatitudeDegrees>30.519590377807617</LatitudeDegrees>
                            <LongitudeDegrees>104.06141662597656</LongitudeDegrees>
                        </Position>
                        <AltitudeMeters>432.90753173828125</AltitudeMeters>
                    </Trackpoint>
                    <Trackpoint>
                        <DistanceMeters>2084.967782020569</DistanceMeters>
                        <Time>2021-09-12T11:48:53.760Z</Time>
                        <Position>
                            <LatitudeDegrees>30.51957893371582</LatitudeDegrees>
                            <LongitudeDegrees>104.06140899658203</LongitudeDegrees>
                        </Position>
                        <AltitudeMeters>432.90753173828125</AltitudeMeters>
                    </Trackpoint>
                    <Trackpoint>
                        <DistanceMeters>2084.967782020569</DistanceMeters>
                        <Time>2021-09-12T11:48:54.283Z</Time>
                        <Position>
                            <LatitudeDegrees>30.519567489624023</LatitudeDegrees>
                            <LongitudeDegrees>104.06138610839844</LongitudeDegrees>
                        </Position>
                        <AltitudeMeters>432.94891357421875</AltitudeMeters>
                    </Trackpoint>
                    <Trackpoint>
                        <DistanceMeters>2084.967782020569</DistanceMeters>
                        <Time>2021-09-12T11:48:56.016Z</Time>
                        <Position>
                            <LatitudeDegrees>30.519529342651367</LatitudeDegrees>
                            <LongitudeDegrees>104.06134796142578</LongitudeDegrees>
                        </Position>
                        <AltitudeMeters>432.94891357421875</AltitudeMeters>
                    </Trackpoint>
                    <Trackpoint>
                        <DistanceMeters>2084.967782020569</DistanceMeters>
                        <Time>2021-09-12T11:48:56.568Z</Time>
                        <Position>
                            <LatitudeDegrees>30.519515991210938</LatitudeDegrees>
                            <LongitudeDegrees>104.06131744384766</LongitudeDegrees>
                        </Position>
                        <AltitudeMeters>432.84893798828125</AltitudeMeters>
                    </Trackpoint>
                    <Trackpoint>
                        <DistanceMeters>2084.967782020569</DistanceMeters>
                        <Time>2021-09-12T11:48:57.117Z</Time>
                        <Position>
                            <LatitudeDegrees>30.51950454711914</LatitudeDegrees>
                            <LongitudeDegrees>104.0613021850586</LongitudeDegrees>
                        </Position>
                        <AltitudeMeters>432.84893798828125</AltitudeMeters>
                    </Trackpoint>
                    <Trackpoint>
                        <DistanceMeters>2084.967782020569</DistanceMeters>
                        <Time>2021-09-12T11:48:58.028Z</Time>
                        <Position>
                            <LatitudeDegrees>30.519487380981445</LatitudeDegrees>
                            <LongitudeDegrees>104.06127166748047</LongitudeDegrees>
                        </Position>
                        <AltitudeMeters>432.84893798828125</AltitudeMeters>
                    </Trackpoint>
                    <Trackpoint>
                        <DistanceMeters>2084.967782020569</DistanceMeters>
                        <Time>2021-09-12T11:48:58.539Z</Time>
                        <Position>
                            <LatitudeDegrees>30.51947784423828</LatitudeDegrees>
                            <LongitudeDegrees>104.06124114990234</LongitudeDegrees>
                        </Position>
                        <AltitudeMeters>432.84814453125</AltitudeMeters>
                    </Trackpoint>
                    <Trackpoint>
                        <DistanceMeters>2084.967782020569</DistanceMeters>
                        <Time>2021-09-12T11:48:59.544Z</Time>
                        <Position>
                            <LatitudeDegrees>30.51946258544922</LatitudeDegrees>
                            <LongitudeDegrees>104.06119537353516</LongitudeDegrees>
                        </Position>
                        <AltitudeMeters>432.84814453125</AltitudeMeters>
                    </Trackpoint>
                    <Trackpoint>
                        <DistanceMeters>2204.4743661880493</DistanceMeters>
                        <Time>2021-09-12T11:49:00.019Z</Time>
                        <Position>
                            <LatitudeDegrees>30.519454956054688</LatitudeDegrees>
                            <LongitudeDegrees>104.0611801147461</LongitudeDegrees>
                        </Position>
                        <AltitudeMeters>432.84814453125</AltitudeMeters>
                    </Trackpoint>
                    <Trackpoint>
                        <DistanceMeters>2204.4743661880493</DistanceMeters>
                        <Time>2021-09-12T11:49:01.017Z</Time>
                        <Position>
                            <LatitudeDegrees>30.51943588256836</LatitudeDegrees>
                            <LongitudeDegrees>104.06114196777344</LongitudeDegrees>
                        </Position>
                        <AltitudeMeters>432.79913330078125</AltitudeMeters>
                    </Trackpoint>
                    <Trackpoint>
                        <DistanceMeters>2204.4743661880493</DistanceMeters>
                        <Time>2021-09-12T11:49:02.010Z</Time>
                        <Position>
                            <LatitudeDegrees>30.519411087036133</LatitudeDegrees>
                            <LongitudeDegrees>104.06111907958984</LongitudeDegrees>
                        </Position>
                        <AltitudeMeters>432.79913330078125</AltitudeMeters>
                    </Trackpoint>
                    <Trackpoint>
                        <DistanceMeters>2204.4743661880493</DistanceMeters>
                        <Time>2021-09-12T11:49:03.010Z</Time>
                        <Position>
                            <LatitudeDegrees>30.519380569458008</LatitudeDegrees>
                            <LongitudeDegrees>104.06108856201172</LongitudeDegrees>
                        </Position>
                        <AltitudeMeters>432.7611389160156</AltitudeMeters>
                    </Trackpoint>
                    <Trackpoint>
                        <DistanceMeters>2204.4743661880493</DistanceMeters>
                        <Time>2021-09-12T11:49:04.015Z</Time>
                        <Position>
                            <LatitudeDegrees>30.51935577392578</LatitudeDegrees>
                            <LongitudeDegrees>104.06106567382812</LongitudeDegrees>
                        </Position>
                        <AltitudeMeters>432.7611389160156</AltitudeMeters>
                    </Trackpoint>
                    <Trackpoint>
                        <DistanceMeters>2204.4743661880493</DistanceMeters>
                        <Time>2021-09-12T11:49:05.007Z</Time>
                        <Position>
                            <LatitudeDegrees>30.519332885742188</LatitudeDegrees>
                            <LongitudeDegrees>104.06103515625</LongitudeDegrees>
                        </Position>
                        <AltitudeMeters>432.78564453125</AltitudeMeters>
                    </Trackpoint>
                    <Trackpoint>
                        <DistanceMeters>2204.4743661880493</DistanceMeters>
                        <Time>2021-09-12T11:49:05.524Z</Time>
                        <Position>
                            <LatitudeDegrees>30.51932144165039</LatitudeDegrees>
                            <LongitudeDegrees>104.06101989746094</LongitudeDegrees>
                        </Position>
                        <AltitudeMeters>432.78564453125</AltitudeMeters>
                    </Trackpoint>
                    <Trackpoint>
                        <DistanceMeters>2204.4743661880493</DistanceMeters>
                        <Time>2021-09-12T11:49:06.033Z</Time>
                        <Position>
                            <LatitudeDegrees>30.51931381225586</LatitudeDegrees>
                            <LongitudeDegrees>104.06099700927734</LongitudeDegrees>
                        </Position>
                        <AltitudeMeters>432.7750549316406</AltitudeMeters>
                    </Trackpoint>
                    <Trackpoint>
                        <DistanceMeters>2204.4743661880493</DistanceMeters>
                        <Time>2021-09-12T11:49:07.008Z</Time>
                        <Position>
                            <LatitudeDegrees>30.51929473876953</LatitudeDegrees>
                            <LongitudeDegrees>104.06096649169922</LongitudeDegrees>
                        </Position>
                        <AltitudeMeters>432.7750549316406</AltitudeMeters>
                    </Trackpoint>
                    <Trackpoint>
                        <DistanceMeters>2204.4743661880493</DistanceMeters>
                        <Time>2021-09-12T11:49:08.010Z</Time>
                        <Position>
                            <LatitudeDegrees>30.519277572631836</LatitudeDegrees>
                            <LongitudeDegrees>104.0609359741211</LongitudeDegrees>
                        </Position>
                        <AltitudeMeters>432.7750549316406</AltitudeMeters>
                    </Trackpoint>
                    <Trackpoint>
                        <DistanceMeters>2204.4743661880493</DistanceMeters>
                        <Time>2021-09-12T11:49:09.010Z</Time>
                        <Position>
                            <LatitudeDegrees>30.51926040649414</LatitudeDegrees>
                            <LongitudeDegrees>104.0608901977539</LongitudeDegrees>
                        </Position>
                        <AltitudeMeters>432.768310546875</AltitudeMeters>
                    </Trackpoint>
                    <Trackpoint>
                        <DistanceMeters>2204.4743661880493</DistanceMeters>
                        <Time>2021-09-12T11:49:10.006Z</Time>
                        <Position>
                            <LatitudeDegrees>30.519250869750977</LatitudeDegrees>
                            <LongitudeDegrees>104.06085205078125</LongitudeDegrees>
                        </Position>
                        <AltitudeMeters>432.768310546875</AltitudeMeters>
                    </Trackpoint>
                    <Trackpoint>
                        <DistanceMeters>2204.4743661880493</DistanceMeters>
                        <Time>2021-09-12T11:49:11.001Z</Time>
                        <Position>
                            <LatitudeDegrees>30.51924705505371</LatitudeDegrees>
                            <LongitudeDegrees>104.06079864501953</LongitudeDegrees>
                        </Position>
                        <AltitudeMeters>432.7545166015625</AltitudeMeters>
                    </Trackpoint>
                    <Trackpoint>
                        <DistanceMeters>2204.4743661880493</DistanceMeters>
                        <Time>2021-09-12T11:49:12.010Z</Time>
                        <Position>
                            <LatitudeDegrees>30.519237518310547</LatitudeDegrees>
                            <LongitudeDegrees>104.06075286865234</LongitudeDegrees>
                        </Position>
                        <AltitudeMeters>432.7545166015625</AltitudeMeters>
                    </Trackpoint>
                    <Trackpoint>
                        <DistanceMeters>2204.4743661880493</DistanceMeters>
                        <Time>2021-09-12T11:49:13.002Z</Time>
                        <Position>
                            <LatitudeDegrees>30.51922035217285</LatitudeDegrees>
                            <LongitudeDegrees>104.06070709228516</LongitudeDegrees>
                        </Position>
                        <AltitudeMeters>432.73486328125</AltitudeMeters>
                    </Trackpoint>
                    <Trackpoint>
                        <DistanceMeters>2204.4743661880493</DistanceMeters>
                        <Time>2021-09-12T11:49:14.019Z</Time>
                        <Position>
                            <LatitudeDegrees>30.519195556640625</LatitudeDegrees>
                            <LongitudeDegrees>104.0606689453125</LongitudeDegrees>
                        </Position>
                        <AltitudeMeters>432.73486328125</AltitudeMeters>
                    </Trackpoint>
                    <Trackpoint>
                        <DistanceMeters>2204.4743661880493</DistanceMeters>
                        <Time>2021-09-12T11:49:14.823Z</Time>
                        <Position>
                            <LatitudeDegrees>30.51917266845703</LatitudeDegrees>
                            <LongitudeDegrees>104.0606460571289</LongitudeDegrees>
                        </Position>
                        <AltitudeMeters>432.7242431640625</AltitudeMeters>
                    </Trackpoint>
                    <Trackpoint>
                        <DistanceMeters>2204.4743661880493</DistanceMeters>
                        <Time>2021-09-12T11:49:16.018Z</Time>
                        <Position>
                            <LatitudeDegrees>30.519153594970703</LatitudeDegrees>
                            <LongitudeDegrees>104.06060028076172</LongitudeDegrees>
                        </Position>
                        <AltitudeMeters>432.7242431640625</AltitudeMeters>
                    </Trackpoint>
                    <Trackpoint>
                        <DistanceMeters>2204.4743661880493</DistanceMeters>
                        <Time>2021-09-12T11:49:17.007Z</Time>
                        <Position>
                            <LatitudeDegrees>30.519136428833008</LatitudeDegrees>
                            <LongitudeDegrees>104.0605697631836</LongitudeDegrees>
                        </Position>
                        <AltitudeMeters>433.64849853515625</AltitudeMeters>
                    </Trackpoint>
                    <Trackpoint>
                        <DistanceMeters>2204.4743661880493</DistanceMeters>
                        <Time>2021-09-12T11:49:17.550Z</Time>
                        <Position>
                            <LatitudeDegrees>30.519128799438477</LatitudeDegrees>
                            <LongitudeDegrees>104.060546875</LongitudeDegrees>
                        </Position>
                        <AltitudeMeters>433.64849853515625</AltitudeMeters>
                    </Trackpoint>
                    <Trackpoint>
                        <DistanceMeters>2204.4743661880493</DistanceMeters>
                        <Time>2021-09-12T11:49:18.562Z</Time>
                        <Position>
                            <LatitudeDegrees>30.51910972595215</LatitudeDegrees>
                            <LongitudeDegrees>104.06051635742188</LongitudeDegrees>
                        </Position>
                        <AltitudeMeters>434.67523193359375</AltitudeMeters>
                    </Trackpoint>
                    <Trackpoint>
                        <DistanceMeters>2204.4743661880493</DistanceMeters>
                        <Time>2021-09-12T11:49:19.177Z</Time>
                        <Position>
                            <LatitudeDegrees>30.519092559814453</LatitudeDegrees>
                            <LongitudeDegrees>104.06050109863281</LongitudeDegrees>
                        </Position>
                        <AltitudeMeters>434.67523193359375</AltitudeMeters>
                    </Trackpoint>
                    <Trackpoint>
                        <DistanceMeters>2204.4743661880493</DistanceMeters>
                        <Time>2021-09-12T11:49:20.007Z</Time>
                        <Position>
                            <LatitudeDegrees>30.51906967163086</LatitudeDegrees>
                            <LongitudeDegrees>104.06047821044922</LongitudeDegrees>
                        </Position>
                        <AltitudeMeters>434.67523193359375</AltitudeMeters>
                    </Trackpoint>
                    <Trackpoint>
                        <DistanceMeters>2204.4743661880493</DistanceMeters>
                        <Time>2021-09-12T11:49:20.633Z</Time>
                        <Position>
                            <LatitudeDegrees>30.519046783447266</LatitudeDegrees>
                            <LongitudeDegrees>104.06046295166016</LongitudeDegrees>
                        </Position>
                        <AltitudeMeters>436.0829162597656</AltitudeMeters>
                    </Trackpoint>
                    <Trackpoint>
                        <DistanceMeters>2204.4743661880493</DistanceMeters>
                        <Time>2021-09-12T11:49:22.015Z</Time>
                        <Position>
                            <LatitudeDegrees>30.519010543823242</LatitudeDegrees>
                            <LongitudeDegrees>104.06041717529297</LongitudeDegrees>
                        </Position>
                        <AltitudeMeters>436.0829162597656</AltitudeMeters>
                    </Trackpoint>
                    <Trackpoint>
                        <DistanceMeters>2204.4743661880493</DistanceMeters>
                        <Time>2021-09-12T11:49:23.006Z</Time>
                        <Position>
                            <LatitudeDegrees>30.518983840942383</LatitudeDegrees>
                            <LongitudeDegrees>104.06038665771484</LongitudeDegrees>
                        </Position>
                        <AltitudeMeters>435.8609313964844</AltitudeMeters>
                    </Trackpoint>
                    <Trackpoint>
                        <DistanceMeters>2204.4743661880493</DistanceMeters>
                        <Time>2021-09-12T11:49:24.043Z</Time>
                        <Position>
                            <LatitudeDegrees>30.518957138061523</LatitudeDegrees>
                            <LongitudeDegrees>104.06035614013672</LongitudeDegrees>
                        </Position>
                        <AltitudeMeters>435.8609313964844</AltitudeMeters>
                    </Trackpoint>
                    <Trackpoint>
                        <DistanceMeters>2204.4743661880493</DistanceMeters>
                        <Time>2021-09-12T11:49:25.004Z</Time>
                        <Position>
                            <LatitudeDegrees>30.518932342529297</LatitudeDegrees>
                            <LongitudeDegrees>104.0603256225586</LongitudeDegrees>
                        </Position>
                        <AltitudeMeters>435.0052490234375</AltitudeMeters>
                    </Trackpoint>
                    <Trackpoint>
                        <DistanceMeters>2204.4743661880493</DistanceMeters>
                        <Time>2021-09-12T11:49:26.005Z</Time>
                        <Position>
                            <LatitudeDegrees>30.518911361694336</LatitudeDegrees>
                            <LongitudeDegrees>104.06028747558594</LongitudeDegrees>
                        </Position>
                        <AltitudeMeters>435.0052490234375</AltitudeMeters>
                    </Trackpoint>
                    <Trackpoint>
                        <DistanceMeters>2204.4743661880493</DistanceMeters>
                        <Time>2021-09-12T11:49:27.011Z</Time>
                        <Position>
                            <LatitudeDegrees>30.518892288208008</LatitudeDegrees>
                            <LongitudeDegrees>104.06025695800781</LongitudeDegrees>
                        </Position>
                        <AltitudeMeters>436.7489929199219</AltitudeMeters>
                    </Trackpoint>
                    <Trackpoint>
                        <DistanceMeters>2204.4743661880493</DistanceMeters>
                        <Time>2021-09-12T11:49:28.001Z</Time>
                        <Position>
                            <LatitudeDegrees>30.518871307373047</LatitudeDegrees>
                            <LongitudeDegrees>104.06022644042969</LongitudeDegrees>
                        </Position>
                        <AltitudeMeters>436.7489929199219</AltitudeMeters>
                    </Trackpoint>
                    <Trackpoint>
                        <DistanceMeters>2204.4743661880493</DistanceMeters>
                        <Time>2021-09-12T11:49:28.803Z</Time>
                        <Position>
                            <LatitudeDegrees>30.51885414123535</LatitudeDegrees>
                            <LongitudeDegrees>104.0602035522461</LongitudeDegrees>
                        </Position>
                        <AltitudeMeters>436.6024169921875</AltitudeMeters>
                    </Trackpoint>
                    <Trackpoint>
                        <DistanceMeters>2237.567391395569</DistanceMeters>
                        <Time>2021-09-12T11:49:30.040Z</Time>
                        <Position>
                            <LatitudeDegrees>30.518829345703125</LatitudeDegrees>
                            <LongitudeDegrees>104.0601806640625</LongitudeDegrees>
                        </Position>
                        <AltitudeMeters>437.31207275390625</AltitudeMeters>
                    </Trackpoint>
                    <Trackpoint>
                        <DistanceMeters>2237.567391395569</DistanceMeters>
                        <Time>2021-09-12T11:49:32.036Z</Time>
                        <Position>
                            <LatitudeDegrees>30.5187931060791</LatitudeDegrees>
                            <LongitudeDegrees>104.06013488769531</LongitudeDegrees>
                        </Position>
                        <AltitudeMeters>437.0432434082031</AltitudeMeters>
                    </Trackpoint>
                    <Trackpoint>
                        <DistanceMeters>2237.567391395569</DistanceMeters>
                        <Time>2021-09-12T11:49:34.037Z</Time>
                        <Position>
                            <LatitudeDegrees>30.51877212524414</LatitudeDegrees>
                            <LongitudeDegrees>104.06015014648438</LongitudeDegrees>
                        </Position>
                        <AltitudeMeters>437.8857421875</AltitudeMeters>
                    </Trackpoint>
                    <Trackpoint>
                        <DistanceMeters>2237.567391395569</DistanceMeters>
                        <Time>2021-09-12T11:49:35.011Z</Time>
                        <Position>
                            <LatitudeDegrees>30.518766403198242</LatitudeDegrees>
                            <LongitudeDegrees>104.06017303466797</LongitudeDegrees>
                        </Position>
                        <AltitudeMeters>437.8857421875</AltitudeMeters>
                    </Trackpoint>
                    <Trackpoint>
                        <DistanceMeters>2237.567391395569</DistanceMeters>
                        <Time>2021-09-12T11:49:35.742Z</Time>
                        <Position>
                            <LatitudeDegrees>30.518762588500977</LatitudeDegrees>
                            <LongitudeDegrees>104.06018829345703</LongitudeDegrees>
                        </Position>
                        <AltitudeMeters>437.8857421875</AltitudeMeters>
                    </Trackpoint>
                    <Trackpoint>
                        <DistanceMeters>2237.567391395569</DistanceMeters>
                        <Time>2021-09-12T11:49:37.001Z</Time>
                        <Position>
                            <LatitudeDegrees>30.518760681152344</LatitudeDegrees>
                            <LongitudeDegrees>104.0602035522461</LongitudeDegrees>
                        </Position>
                        <AltitudeMeters>437.0624694824219</AltitudeMeters>
                    </Trackpoint>
                    <Trackpoint>
                        <DistanceMeters>2237.567391395569</DistanceMeters>
                        <Time>2021-09-12T11:49:40.034Z</Time>
                        <Position>
                            <LatitudeDegrees>30.518768310546875</LatitudeDegrees>
                            <LongitudeDegrees>104.06019592285156</LongitudeDegrees>
                        </Position>
                        <AltitudeMeters>436.63116455078125</AltitudeMeters>
                    </Trackpoint>
                    <Trackpoint>
                        <DistanceMeters>2237.567391395569</DistanceMeters>
                        <Time>2021-09-12T11:49:42.038Z</Time>
                        <Position>
                            <LatitudeDegrees>30.518774032592773</LatitudeDegrees>
                            <LongitudeDegrees>104.06018829345703</LongitudeDegrees>
                        </Position>
                        <AltitudeMeters>435.21368408203125</AltitudeMeters>
                    </Trackpoint>
                    <Trackpoint>
                        <DistanceMeters>2237.567391395569</DistanceMeters>
                        <Time>2021-09-12T11:49:42.577Z</Time>
                        <Position>
                            <LatitudeDegrees>30.518787384033203</LatitudeDegrees>
                            <LongitudeDegrees>104.0601806640625</LongitudeDegrees>
                        </Position>
                        <AltitudeMeters>431.2452087402344</AltitudeMeters>
                    </Trackpoint>
                    <Trackpoint>
                        <DistanceMeters>2237.567391395569</DistanceMeters>
                        <Time>2021-09-12T11:49:44.033Z</Time>
                        <Position>
                            <LatitudeDegrees>30.518798828125</LatitudeDegrees>
                            <LongitudeDegrees>104.06017303466797</LongitudeDegrees>
                        </Position>
                        <AltitudeMeters>431.3150329589844</AltitudeMeters>
                    </Trackpoint>
                    <Trackpoint>
                        <DistanceMeters>2237.567391395569</DistanceMeters>
                        <Time>2021-09-12T11:49:47.533Z</Time>
                        <Position>
                            <LatitudeDegrees>30.518810272216797</LatitudeDegrees>
                            <LongitudeDegrees>104.06017303466797</LongitudeDegrees>
                        </Position>
                        <AltitudeMeters>431.3991394042969</AltitudeMeters>
                    </Trackpoint>
                    <Trackpoint>
                        <DistanceMeters>2237.567391395569</DistanceMeters>
                        <Time>2021-09-12T11:49:51.020Z</Time>
                        <Position>
                            <LatitudeDegrees>30.518821716308594</LatitudeDegrees>
                            <LongitudeDegrees>104.06016540527344</LongitudeDegrees>
                        </Position>
                        <AltitudeMeters>431.4565734863281</AltitudeMeters>
                    </Trackpoint>
                    <Trackpoint>
                        <DistanceMeters>2237.567391395569</DistanceMeters>
                        <Time>2021-09-12T11:49:52.038Z</Time>
                        <Position>
                            <LatitudeDegrees>30.51883316040039</LatitudeDegrees>
                            <LongitudeDegrees>104.0601577758789</LongitudeDegrees>
                        </Position>
                        <AltitudeMeters>431.0750427246094</AltitudeMeters>
                    </Trackpoint>
                    <Trackpoint>
                        <DistanceMeters>2237.567391395569</DistanceMeters>
                        <Time>2021-09-12T11:49:53.095Z</Time>
                        <Position>
                            <LatitudeDegrees>30.518842697143555</LatitudeDegrees>
                            <LongitudeDegrees>104.0601577758789</LongitudeDegrees>
                        </Position>
                        <AltitudeMeters>431.0701904296875</AltitudeMeters>
                    </Trackpoint>
                    <Trackpoint>
                        <DistanceMeters>2237.567391395569</DistanceMeters>
                        <Time>2021-09-12T11:49:54.556Z</Time>
                        <Position>
                            <LatitudeDegrees>30.51885223388672</LatitudeDegrees>
                            <LongitudeDegrees>104.06015014648438</LongitudeDegrees>
                        </Position>
                        <AltitudeMeters>431.0701904296875</AltitudeMeters>
                    </Trackpoint>
                    <Trackpoint>
                        <DistanceMeters>2237.567391395569</DistanceMeters>
                        <Time>2021-09-12T11:49:57.001Z</Time>
                        <Position>
                            <LatitudeDegrees>30.518863677978516</LatitudeDegrees>
                            <LongitudeDegrees>104.06014251708984</LongitudeDegrees>
                        </Position>
                        <AltitudeMeters>430.9940185546875</AltitudeMeters>
                    </Trackpoint>
                    <Trackpoint>
                        <DistanceMeters>2237.567391395569</DistanceMeters>
                        <Time>2021-09-12T11:49:58.033Z</Time>
                        <Position>
                            <LatitudeDegrees>30.51886749267578</LatitudeDegrees>
                            <LongitudeDegrees>104.06012725830078</LongitudeDegrees>
                        </Position>
                        <AltitudeMeters>430.9876403808594</AltitudeMeters>
                    </Trackpoint>
                    <Trackpoint>
                        <DistanceMeters>2237.567391395569</DistanceMeters>
                        <Time>2021-09-12T11:49:59.401Z</Time>
                        <Position>
                            <LatitudeDegrees>30.518871307373047</LatitudeDegrees>
                            <LongitudeDegrees>104.06011962890625</LongitudeDegrees>
                        </Position>
                        <AltitudeMeters>430.7882995605469</AltitudeMeters>
                    </Trackpoint>
                    <Trackpoint>
                        <DistanceMeters>2268.614489555359</DistanceMeters>
                        <Time>2021-09-12T11:50:00.423Z</Time>
                        <Position>
                            <LatitudeDegrees>30.518875122070312</LatitudeDegrees>
                            <LongitudeDegrees>104.06010437011719</LongitudeDegrees>
                        </Position>
                        <AltitudeMeters>430.8033752441406</AltitudeMeters>
                    </Trackpoint>
                    <Trackpoint>
                        <DistanceMeters>2268.614489555359</DistanceMeters>
                        <Time>2021-09-12T11:50:01.660Z</Time>
                        <Position>
                            <LatitudeDegrees>30.518878936767578</LatitudeDegrees>
                            <LongitudeDegrees>104.06009674072266</LongitudeDegrees>
                        </Position>
                        <AltitudeMeters>430.7534484863281</AltitudeMeters>
                    </Trackpoint>
                    <Trackpoint>
                        <DistanceMeters>2268.614489555359</DistanceMeters>
                        <Time>2021-09-12T11:50:02.501Z</Time>
                        <Position>
                            <LatitudeDegrees>30.518884658813477</LatitudeDegrees>
                            <LongitudeDegrees>104.0600814819336</LongitudeDegrees>
                        </Position>
                        <AltitudeMeters>430.7709045410156</AltitudeMeters>
                    </Trackpoint>
                    <Trackpoint>
                        <DistanceMeters>2268.614489555359</DistanceMeters>
                        <Time>2021-09-12T11:50:04.033Z</Time>
                        <Position>
                            <LatitudeDegrees>30.51888656616211</LatitudeDegrees>
                            <LongitudeDegrees>104.06006622314453</LongitudeDegrees>
                        </Position>
                        <AltitudeMeters>430.79595947265625</AltitudeMeters>
                    </Trackpoint>
                    <Trackpoint>
                        <DistanceMeters>2268.614489555359</DistanceMeters>
                        <Time>2021-09-12T11:50:05.399Z</Time>
                        <Position>
                            <LatitudeDegrees>30.518890380859375</LatitudeDegrees>
                            <LongitudeDegrees>104.06005096435547</LongitudeDegrees>
                        </Position>
                        <AltitudeMeters>430.79595947265625</AltitudeMeters>
                    </Trackpoint>
                    <Trackpoint>
                        <DistanceMeters>2268.614489555359</DistanceMeters>
                        <Time>2021-09-12T11:50:06.636Z</Time>
                        <Position>
                            <LatitudeDegrees>30.518888473510742</LatitudeDegrees>
                            <LongitudeDegrees>104.0600357055664</LongitudeDegrees>
                        </Position>
                        <AltitudeMeters>430.8081359863281</AltitudeMeters>
                    </Trackpoint>
                    <Trackpoint>
                        <DistanceMeters>2268.614489555359</DistanceMeters>
                        <Time>2021-09-12T11:50:07.259Z</Time>
                        <Position>
                            <LatitudeDegrees>30.51888656616211</LatitudeDegrees>
                            <LongitudeDegrees>104.06002044677734</LongitudeDegrees>
                        </Position>
                        <AltitudeMeters>430.7435302734375</AltitudeMeters>
                    </Trackpoint>
                    <Trackpoint>
                        <DistanceMeters>2268.614489555359</DistanceMeters>
                        <Time>2021-09-12T11:50:08.598Z</Time>
                        <Position>
                            <LatitudeDegrees>30.518882751464844</LatitudeDegrees>
                            <LongitudeDegrees>104.05999755859375</LongitudeDegrees>
                        </Position>
                        <AltitudeMeters>430.73077392578125</AltitudeMeters>
                    </Trackpoint>
                    <Trackpoint>
                        <DistanceMeters>2268.614489555359</DistanceMeters>
                        <Time>2021-09-12T11:50:09.919Z</Time>
                        <Position>
                            <LatitudeDegrees>30.518882751464844</LatitudeDegrees>
                            <LongitudeDegrees>104.05998229980469</LongitudeDegrees>
                        </Position>
                        <AltitudeMeters>430.73077392578125</AltitudeMeters>
                    </Trackpoint>
                    <Trackpoint>
                        <DistanceMeters>2268.614489555359</DistanceMeters>
                        <Time>2021-09-12T11:50:11.119Z</Time>
                        <Position>
                            <LatitudeDegrees>30.51888656616211</LatitudeDegrees>
                            <LongitudeDegrees>104.05996704101562</LongitudeDegrees>
                        </Position>
                        <AltitudeMeters>430.6308898925781</AltitudeMeters>
                    </Trackpoint>
                    <Trackpoint>
                        <DistanceMeters>2268.614489555359</DistanceMeters>
                        <Time>2021-09-12T11:50:12.923Z</Time>
                        <Position>
                            <LatitudeDegrees>30.51889419555664</LatitudeDegrees>
                            <LongitudeDegrees>104.0599594116211</LongitudeDegrees>
                        </Position>
                        <AltitudeMeters>430.62286376953125</AltitudeMeters>
                    </Trackpoint>
                    <Trackpoint>
                        <DistanceMeters>2268.614489555359</DistanceMeters>
                        <Time>2021-09-12T11:50:14.032Z</Time>
                        <Position>
                            <LatitudeDegrees>30.51890754699707</LatitudeDegrees>
                            <LongitudeDegrees>104.05994415283203</LongitudeDegrees>
                        </Position>
                        <AltitudeMeters>430.7462158203125</AltitudeMeters>
                    </Trackpoint>
                    <Trackpoint>
                        <DistanceMeters>2268.614489555359</DistanceMeters>
                        <Time>2021-09-12T11:50:17.602Z</Time>
                        <Position>
                            <LatitudeDegrees>30.5189208984375</LatitudeDegrees>
                            <LongitudeDegrees>104.0599365234375</LongitudeDegrees>
                        </Position>
                        <AltitudeMeters>430.71392822265625</AltitudeMeters>
                    </Trackpoint>
                    <Trackpoint>
                        <DistanceMeters>2268.614489555359</DistanceMeters>
                        <Time>2021-09-12T11:50:19.537Z</Time>
                        <Position>
                            <LatitudeDegrees>30.51893424987793</LatitudeDegrees>
                            <LongitudeDegrees>104.05992889404297</LongitudeDegrees>
                        </Position>
                        <AltitudeMeters>430.7232666015625</AltitudeMeters>
                    </Trackpoint>
                    <Trackpoint>
                        <DistanceMeters>2268.614489555359</DistanceMeters>
                        <Time>2021-09-12T11:50:21.237Z</Time>
                        <Position>
                            <LatitudeDegrees>30.518945693969727</LatitudeDegrees>
                            <LongitudeDegrees>104.05992126464844</LongitudeDegrees>
                        </Position>
                        <AltitudeMeters>430.7362976074219</AltitudeMeters>
                    </Trackpoint>
                    <Trackpoint>
                        <DistanceMeters>2268.614489555359</DistanceMeters>
                        <Time>2021-09-12T11:50:22.700Z</Time>
                        <Position>
                            <LatitudeDegrees>30.518962860107422</LatitudeDegrees>
                            <LongitudeDegrees>104.05992126464844</LongitudeDegrees>
                        </Position>
                        <AltitudeMeters>430.7786865234375</AltitudeMeters>
                    </Trackpoint>
                    <Trackpoint>
                        <DistanceMeters>2268.614489555359</DistanceMeters>
                        <Time>2021-09-12T11:50:24.509Z</Time>
                        <Position>
                            <LatitudeDegrees>30.518972396850586</LatitudeDegrees>
                            <LongitudeDegrees>104.05992126464844</LongitudeDegrees>
                        </Position>
                        <AltitudeMeters>430.8204345703125</AltitudeMeters>
                    </Trackpoint>
                    <Trackpoint>
                        <DistanceMeters>2268.614489555359</DistanceMeters>
                        <Time>2021-09-12T11:50:26.034Z</Time>
                        <Position>
                            <LatitudeDegrees>30.518985748291016</LatitudeDegrees>
                            <LongitudeDegrees>104.05992126464844</LongitudeDegrees>
                        </Position>
                        <AltitudeMeters>430.7104187011719</AltitudeMeters>
                    </Trackpoint>
                    <Trackpoint>
                        <DistanceMeters>2268.614489555359</DistanceMeters>
                        <Time>2021-09-12T11:50:27.648Z</Time>
                        <Position>
                            <LatitudeDegrees>30.519001007080078</LatitudeDegrees>
                            <LongitudeDegrees>104.0599136352539</LongitudeDegrees>
                        </Position>
                        <AltitudeMeters>430.7562561035156</AltitudeMeters>
                    </Trackpoint>
                    <Trackpoint>
                        <DistanceMeters>2268.614489555359</DistanceMeters>
                        <Time>2021-09-12T11:50:28.863Z</Time>
                        <Position>
                            <LatitudeDegrees>30.519014358520508</LatitudeDegrees>
                            <LongitudeDegrees>104.05990600585938</LongitudeDegrees>
                        </Position>
                        <AltitudeMeters>430.7799377441406</AltitudeMeters>
                    </Trackpoint>
                    <Trackpoint>
                        <DistanceMeters>2280.6394214630127</DistanceMeters>
                        <Time>2021-09-12T11:50:30.034Z</Time>
                        <Position>
                            <LatitudeDegrees>30.519025802612305</LatitudeDegrees>
                            <LongitudeDegrees>104.05989837646484</LongitudeDegrees>
                        </Position>
                        <AltitudeMeters>430.7119445800781</AltitudeMeters>
                    </Trackpoint>
                    <Trackpoint>
                        <DistanceMeters>2280.6394214630127</DistanceMeters>
                        <Time>2021-09-12T11:50:32.034Z</Time>
                        <Position>
                            <LatitudeDegrees>30.519041061401367</LatitudeDegrees>
                            <LongitudeDegrees>104.05989837646484</LongitudeDegrees>
                        </Position>
                        <AltitudeMeters>430.6818542480469</AltitudeMeters>
                    </Trackpoint>
                    <Trackpoint>
                        <DistanceMeters>2280.6394214630127</DistanceMeters>
                        <Time>2021-09-12T11:50:32.960Z</Time>
                        <Position>
                            <LatitudeDegrees>30.519054412841797</LatitudeDegrees>
                            <LongitudeDegrees>104.05989837646484</LongitudeDegrees>
                        </Position>
                        <AltitudeMeters>430.8990173339844</AltitudeMeters>
                    </Trackpoint>
                    <Trackpoint>
                        <DistanceMeters>2280.6394214630127</DistanceMeters>
                        <Time>2021-09-12T11:50:34.434Z</Time>
                        <Position>
                            <LatitudeDegrees>30.519065856933594</LatitudeDegrees>
                            <LongitudeDegrees>104.05989837646484</LongitudeDegrees>
                        </Position>
                        <AltitudeMeters>430.89715576171875</AltitudeMeters>
                    </Trackpoint>
                    <Trackpoint>
                        <DistanceMeters>2280.6394214630127</DistanceMeters>
                        <Time>2021-09-12T11:50:35.463Z</Time>
                        <Position>
                            <LatitudeDegrees>30.519079208374023</LatitudeDegrees>
                            <LongitudeDegrees>104.05989074707031</LongitudeDegrees>
                        </Position>
                        <AltitudeMeters>430.9259948730469</AltitudeMeters>
                    </Trackpoint>
                    <Trackpoint>
                        <DistanceMeters>2280.6394214630127</DistanceMeters>
                        <Time>2021-09-12T11:50:36.395Z</Time>
                        <Position>
                            <LatitudeDegrees>30.519081115722656</LatitudeDegrees>
                            <LongitudeDegrees>104.05988311767578</LongitudeDegrees>
                        </Position>
                        <AltitudeMeters>430.9053649902344</AltitudeMeters>
                    </Trackpoint>
                    <Trackpoint>
                        <DistanceMeters>2280.6394214630127</DistanceMeters>
                        <Time>2021-09-12T11:50:38.414Z</Time>
                        <Position>
                            <LatitudeDegrees>30.51909065246582</LatitudeDegrees>
                            <LongitudeDegrees>104.05987548828125</LongitudeDegrees>
                        </Position>
                        <AltitudeMeters>430.89764404296875</AltitudeMeters>
                    </Trackpoint>
                    <Trackpoint>
                        <DistanceMeters>2280.6394214630127</DistanceMeters>
                        <Time>2021-09-12T11:50:40.030Z</Time>
                        <Position>
                            <LatitudeDegrees>30.519081115722656</LatitudeDegrees>
                            <LongitudeDegrees>104.05986785888672</LongitudeDegrees>
                        </Position>
                        <AltitudeMeters>430.87567138671875</AltitudeMeters>
                    </Trackpoint>
                    <Trackpoint>
                        <DistanceMeters>2280.6394214630127</DistanceMeters>
                        <Time>2021-09-12T11:50:44.033Z</Time>
                        <Position>
                            <LatitudeDegrees>30.519073486328125</LatitudeDegrees>
                            <LongitudeDegrees>104.05986022949219</LongitudeDegrees>
                        </Position>
                        <AltitudeMeters>430.95599365234375</AltitudeMeters>
                    </Trackpoint>
                    <Trackpoint>
                        <DistanceMeters>2280.6394214630127</DistanceMeters>
                        <Time>2021-09-12T11:50:46.630Z</Time>
                    </Trackpoint>
                </Track>
                <DistanceMeters>2280.6394214630127</DistanceMeters>
                <TotalTimeSeconds>915.556</TotalTimeSeconds>
                <Calories>61.85089111328125</Calories>
                <Intensity>Active</Intensity>
                <TriggerMethod>Manual</TriggerMethod>
            </Lap>
        </Activity>
    </Activities>
    <Author xsi:type="Application_t">
        <Name>Google Fit</Name>
        <Build>
            <Version>
                <VersionMajor>0</VersionMajor>
                <VersionMinor>0</VersionMinor>
                <BuildMajor>0</BuildMajor>
                <BuildMinor>0</BuildMinor>
            </Version>
        </Build>
        <LangID>en</LangID>
        <PartNumber>000-00000-00</PartNumber>
    </Author>
</TrainingCenterDatabase>
