<?xml version="1.0" encoding="UTF-8"?>
<TrainingCenterDatabase
    xmlns="http://www.garmin.com/xmlschemas/TrainingCenterDatabase/v2"
    xmlns:ns2="http://www.garmin.com/xmlschemas/UserProfile/v2"
    xmlns:ns3="http://www.garmin.com/xmlschemas/ActivityExtension/v2"
    xmlns:ns4="http://www.garmin.com/xmlschemas/ProfileExtension/v1"
    xmlns:ns5="http://www.garmin.com/xmlschemas/ActivityGoals/v1"
    xmlns:xsi="http://www.w3.org/2001/XMLSchema-instance" xsi:schemaLocation="http://www.garmin.com/xmlschemas/TrainingCenterDatabase/v2 http://www.garmin.com/xmlschemas/TrainingCenterDatabasev2.xsd">
    <Activities>
        <Activity Sport="Walking">
            <Id>2021-10-03T06:11:33.270Z</Id>
            <Lap StartTime="2021-10-03T06:11:33.270Z">
                <Track>
                    <Trackpoint>
                        <DistanceMeters>0.0</DistanceMeters>
                        <Time>2021-10-03T06:11:33.270Z</Time>
                    </Trackpoint>
                    <Trackpoint>
                        <DistanceMeters>21.523075103759766</DistanceMeters>
                        <Time>2021-10-03T06:11:34.893Z</Time>
                    </Trackpoint>
                    <Trackpoint>
                        <DistanceMeters>21.523075103759766</DistanceMeters>
                        <Time>2021-10-03T06:12:06.936Z</Time>
                        <Position>
                            <LatitudeDegrees>30.999950408935547</LatitudeDegrees>
                            <LongitudeDegrees>103.61715698242188</LongitudeDegrees>
                        </Position>
                        <AltitudeMeters>610.5890502929688</AltitudeMeters>
                    </Trackpoint>
                    <Trackpoint>
                        <DistanceMeters>21.523075103759766</DistanceMeters>
                        <Time>2021-10-03T06:12:38.306Z</Time>
                        <Position>
                            <LatitudeDegrees>30.999980926513672</LatitudeDegrees>
                            <LongitudeDegrees>103.61712646484375</LongitudeDegrees>
                        </Position>
                        <AltitudeMeters>600.6672973632812</AltitudeMeters>
                    </Trackpoint>
                    <Trackpoint>
                        <DistanceMeters>21.523075103759766</DistanceMeters>
                        <Time>2021-10-03T06:12:45.270Z</Time>
                    </Trackpoint>
                    <Trackpoint>
                        <DistanceMeters>34.67606544494629</DistanceMeters>
                        <Time>2021-10-03T06:13:09.489Z</Time>
                    </Trackpoint>
                    <Trackpoint>
                        <DistanceMeters>42.67301034927368</DistanceMeters>
                        <Time>2021-10-03T06:13:15.531Z</Time>
                        <Position>
                            <LatitudeDegrees>31.000001907348633</LatitudeDegrees>
                            <LongitudeDegrees>103.6171646118164</LongitudeDegrees>
                        </Position>
                        <AltitudeMeters>609.34912109375</AltitudeMeters>
                    </Trackpoint>
                    <Trackpoint>
                        <DistanceMeters>42.67301034927368</DistanceMeters>
                        <Time>2021-10-03T06:13:44.215Z</Time>
                    </Trackpoint>
                </Track>
                <DistanceMeters>42.67301034927368</DistanceMeters>
                <TotalTimeSeconds>130.944162249</TotalTimeSeconds>
                <Calories>8.463406562805176</Calories>
                <Intensity>Active</Intensity>
                <TriggerMethod>Manual</TriggerMethod>
            </Lap>
        </Activity>
        <Activity Sport="Walking">
            <Id>2021-10-03T06:13:44.215Z</Id>
            <Lap StartTime="2021-10-03T06:13:44.215Z">
                <Track>
                    <Trackpoint>
                        <DistanceMeters>0.0</DistanceMeters>
                        <Time>2021-10-03T06:13:44.215Z</Time>
                    </Trackpoint>
                    <Trackpoint>
                        <DistanceMeters>0.0</DistanceMeters>
                        <Time>2021-10-03T06:14:47.158Z</Time>
                    </Trackpoint>
                    <Trackpoint>
                        <DistanceMeters>45.946720123291016</DistanceMeters>
                        <Time>2021-10-03T06:15:28.009Z</Time>
                        <Position>
                            <LatitudeDegrees>31.000244140625</LatitudeDegrees>
                            <LongitudeDegrees>103.61653137207031</LongitudeDegrees>
                        </Position>
                        <AltitudeMeters>610.5892333984375</AltitudeMeters>
                    </Trackpoint>
                    <Trackpoint>
                        <DistanceMeters>59.20956802368164</DistanceMeters>
                        <Time>2021-10-03T06:15:44.288Z</Time>
                    </Trackpoint>
                </Track>
                <DistanceMeters>59.20956802368164</DistanceMeters>
                <TotalTimeSeconds>120.073</TotalTimeSeconds>
                <Calories>4.7710970640182495</Calories>
                <Intensity>Active</Intensity>
                <TriggerMethod>Manual</TriggerMethod>
            </Lap>
        </Activity>
        <Activity Sport="Walking">
            <Id>2021-10-03T06:15:44.288Z</Id>
            <Lap StartTime="2021-10-03T06:15:44.288Z">
                <Track>
                    <Trackpoint>
                        <DistanceMeters>0.0</DistanceMeters>
                        <Time>2021-10-03T06:15:44.288Z</Time>
                    </Trackpoint>
                    <Trackpoint>
                        <DistanceMeters>51.95803451538086</DistanceMeters>
                        <Time>2021-10-03T06:16:48.062Z</Time>
                        <Position>
                            <LatitudeDegrees>31.000566482543945</LatitudeDegrees>
                            <LongitudeDegrees>103.61595916748047</LongitudeDegrees>
                        </Position>
                        <AltitudeMeters>610.5892333984375</AltitudeMeters>
                    </Trackpoint>
                    <Trackpoint>
                        <DistanceMeters>54.35623526573181</DistanceMeters>
                        <Time>2021-10-03T06:17:36.129Z</Time>
                        <Position>
                            <LatitudeDegrees>31.00054931640625</LatitudeDegrees>
                            <LongitudeDegrees>103.6159439086914</LongitudeDegrees>
                        </Position>
                        <AltitudeMeters>610.5892333984375</AltitudeMeters>
                    </Trackpoint>
                    <Trackpoint>
                        <DistanceMeters>91.19005179405212</DistanceMeters>
                        <Time>2021-10-03T06:18:36.166Z</Time>
                        <Position>
                            <LatitudeDegrees>31.00072479248047</LatitudeDegrees>
                            <LongitudeDegrees>103.61561584472656</LongitudeDegrees>
                        </Position>
                        <AltitudeMeters>610.489990234375</AltitudeMeters>
                    </Trackpoint>
                    <Trackpoint>
                        <DistanceMeters>238.48720145225525</DistanceMeters>
                        <Time>2021-10-03T06:23:46.651Z</Time>
                    </Trackpoint>
                </Track>
                <DistanceMeters>238.48720145225525</DistanceMeters>
                <TotalTimeSeconds>482.363</TotalTimeSeconds>
                <Calories>31.567977905273438</Calories>
                <Intensity>Active</Intensity>
                <TriggerMethod>Manual</TriggerMethod>
            </Lap>
        </Activity>
        <Activity Sport="Walking">
            <Id>2021-10-03T06:23:46.651Z</Id>
            <Lap StartTime="2021-10-03T06:23:46.651Z">
                <Track>
                    <Trackpoint>
                        <DistanceMeters>0.0</DistanceMeters>
                        <Time>2021-10-03T06:23:46.651Z</Time>
                    </Trackpoint>
                    <Trackpoint>
                        <DistanceMeters>0.0</DistanceMeters>
                        <Time>2021-10-03T06:24:20.349Z</Time>
                    </Trackpoint>
                    <Trackpoint>
                        <DistanceMeters>11.957263946533203</DistanceMeters>
                        <Time>2021-10-03T06:24:45.966Z</Time>
                    </Trackpoint>
                    <Trackpoint>
                        <DistanceMeters>42.23498725891113</DistanceMeters>
                        <Time>2021-10-03T06:25:49.788Z</Time>
                    </Trackpoint>
                </Track>
                <DistanceMeters>42.23498725891113</DistanceMeters>
                <TotalTimeSeconds>123.137</TotalTimeSeconds>
                <Calories>5.149581968784332</Calories>
                <Intensity>Active</Intensity>
                <TriggerMethod>Manual</TriggerMethod>
            </Lap>
        </Activity>
        <Activity Sport="Walking">
            <Id>2021-10-03T06:25:49.788Z</Id>
            <Lap StartTime="2021-10-03T06:25:49.788Z">
                <Track>
                    <Trackpoint>
                        <DistanceMeters>0.0</DistanceMeters>
                        <Time>2021-10-03T06:25:49.788Z</Time>
                    </Trackpoint>
                    <Trackpoint>
                        <DistanceMeters>56.93535232543945</DistanceMeters>
                        <Time>2021-10-03T06:27:49.801Z</Time>
                    </Trackpoint>
                </Track>
                <DistanceMeters>56.93535232543945</DistanceMeters>
                <TotalTimeSeconds>120.013</TotalTimeSeconds>
                <Calories>7.854182720184326</Calories>
                <Intensity>Active</Intensity>
                <TriggerMethod>Manual</TriggerMethod>
            </Lap>
        </Activity>
        <Activity Sport="Walking">
            <Id>2021-10-03T06:27:49.801Z</Id>
            <Lap StartTime="2021-10-03T06:27:49.801Z">
                <Track>
                    <Trackpoint>
                        <DistanceMeters>0.0</DistanceMeters>
                        <Time>2021-10-03T06:27:49.801Z</Time>
                    </Trackpoint>
                    <Trackpoint>
                        <DistanceMeters>0.0</DistanceMeters>
                        <Time>2021-10-03T06:41:31.397Z</Time>
                    </Trackpoint>
                    <Trackpoint>
                        <DistanceMeters>28.697433471679688</DistanceMeters>
                        <Time>2021-10-03T06:42:40.907Z</Time>
                    </Trackpoint>
                    <Trackpoint>
                        <DistanceMeters>43.19305992126465</DistanceMeters>
                        <Time>2021-10-03T06:43:00.392Z</Time>
                    </Trackpoint>
                </Track>
                <DistanceMeters>43.19305992126465</DistanceMeters>
                <TotalTimeSeconds>910.591</TotalTimeSeconds>
                <Calories>15.889703392982483</Calories>
                <Intensity>Active</Intensity>
                <TriggerMethod>Manual</TriggerMethod>
            </Lap>
        </Activity>
        <Activity Sport="Walking">
            <Id>2021-10-03T06:43:00.392Z</Id>
            <Lap StartTime="2021-10-03T06:43:00.392Z">
                <Track>
                    <Trackpoint>
                        <DistanceMeters>0.0</DistanceMeters>
                        <Time>2021-10-03T06:43:00.392Z</Time>
                    </Trackpoint>
                    <Trackpoint>
                        <DistanceMeters>42.51224899291992</DistanceMeters>
                        <Time>2021-10-03T06:43:57.535Z</Time>
                        <Position>
                            <LatitudeDegrees>30.998638153076172</LatitudeDegrees>
                            <LongitudeDegrees>103.6137466430664</LongitudeDegrees>
                        </Position>
                        <AltitudeMeters>693.0643310546875</AltitudeMeters>
                    </Trackpoint>
                    <Trackpoint>
                        <DistanceMeters>93.50491714477539</DistanceMeters>
                        <Time>2021-10-03T06:46:03.381Z</Time>
                    </Trackpoint>
                </Track>
                <DistanceMeters>93.50491714477539</DistanceMeters>
                <TotalTimeSeconds>182.989</TotalTimeSeconds>
                <Calories>11.97561264038086</Calories>
                <Intensity>Active</Intensity>
                <TriggerMethod>Manual</TriggerMethod>
            </Lap>
        </Activity>
        <Activity Sport="Walking">
            <Id>2021-10-03T06:46:03.381Z</Id>
            <Lap StartTime="2021-10-03T06:46:03.381Z">
                <Track>
                    <Trackpoint>
                        <DistanceMeters>0.0</DistanceMeters>
                        <Time>2021-10-03T06:46:03.381Z</Time>
                    </Trackpoint>
                    <Trackpoint>
                        <DistanceMeters>0.0</DistanceMeters>
                        <Time>2021-10-03T06:53:23.429Z</Time>
                    </Trackpoint>
                    <Trackpoint>
                        <DistanceMeters>55.60127639770508</DistanceMeters>
                        <Time>2021-10-03T06:56:29.429Z</Time>
                    </Trackpoint>
                    <Trackpoint>
                        <DistanceMeters>59.060243129730225</DistanceMeters>
                        <Time>2021-10-03T06:56:32.316Z</Time>
                    </Trackpoint>
                </Track>
                <DistanceMeters>59.060243129730225</DistanceMeters>
                <TotalTimeSeconds>628.935</TotalTimeSeconds>
                <Calories>10.45637384057045</Calories>
                <Intensity>Active</Intensity>
                <TriggerMethod>Manual</TriggerMethod>
            </Lap>
        </Activity>
        <Activity Sport="Walking">
            <Id>2021-10-03T06:56:32.316Z</Id>
            <Lap StartTime="2021-10-03T06:56:32.316Z">
                <Track>
                    <Trackpoint>
                        <DistanceMeters>0.0</DistanceMeters>
                        <Time>2021-10-03T06:56:32.316Z</Time>
                    </Trackpoint>
                    <Trackpoint>
                        <DistanceMeters>288.86834716796875</DistanceMeters>
                        <Time>2021-10-03T07:00:33.348Z</Time>
                    </Trackpoint>
                </Track>
                <DistanceMeters>288.86834716796875</DistanceMeters>
                <TotalTimeSeconds>241.032</TotalTimeSeconds>
                <Calories>15.77420425415039</Calories>
                <Intensity>Active</Intensity>
                <TriggerMethod>Manual</TriggerMethod>
            </Lap>
        </Activity>
        <Activity Sport="Walking">
            <Id>2021-10-03T07:05:23.557Z</Id>
            <Lap StartTime="2021-10-03T07:05:23.557Z">
                <Track>
                    <Trackpoint>
                        <DistanceMeters>0.0</DistanceMeters>
                        <Time>2021-10-03T07:05:23.557Z</Time>
                    </Trackpoint>
                    <Trackpoint>
                        <DistanceMeters>28.099571228027344</DistanceMeters>
                        <Time>2021-10-03T07:06:55.879Z</Time>
                    </Trackpoint>
                    <Trackpoint>
                        <DistanceMeters>28.099571228027344</DistanceMeters>
                        <Time>2021-10-03T07:06:56.697Z</Time>
                        <Position>
                            <LatitudeDegrees>30.998157501220703</LatitudeDegrees>
                            <LongitudeDegrees>103.61653137207031</LongitudeDegrees>
                        </Position>
                        <AltitudeMeters>708.69287109375</AltitudeMeters>
                    </Trackpoint>
                    <Trackpoint>
                        <DistanceMeters>28.099571228027344</DistanceMeters>
                        <Time>2021-10-03T07:06:57.557Z</Time>
                    </Trackpoint>
                    <Trackpoint>
                        <DistanceMeters>30.455257177352905</DistanceMeters>
                        <Time>2021-10-03T07:06:57.705Z</Time>
                        <Position>
                            <LatitudeDegrees>30.998146057128906</LatitudeDegrees>
                            <LongitudeDegrees>103.61653900146484</LongitudeDegrees>
                        </Position>
                        <AltitudeMeters>708.6611938476562</AltitudeMeters>
                    </Trackpoint>
                    <Trackpoint>
                        <DistanceMeters>30.455257177352905</DistanceMeters>
                        <Time>2021-10-03T07:06:58.696Z</Time>
                        <Position>
                            <LatitudeDegrees>30.998132705688477</LatitudeDegrees>
                            <LongitudeDegrees>103.61654663085938</LongitudeDegrees>
                        </Position>
                        <AltitudeMeters>708.6763916015625</AltitudeMeters>
                    </Trackpoint>
                    <Trackpoint>
                        <DistanceMeters>30.455257177352905</DistanceMeters>
                        <Time>2021-10-03T07:06:59.693Z</Time>
                        <Position>
                            <LatitudeDegrees>30.998119354248047</LatitudeDegrees>
                            <LongitudeDegrees>103.6165542602539</LongitudeDegrees>
                        </Position>
                        <AltitudeMeters>708.7176513671875</AltitudeMeters>
                    </Trackpoint>
                    <Trackpoint>
                        <DistanceMeters>72.67245841026306</DistanceMeters>
                        <Time>2021-10-03T07:07:01.703Z</Time>
                        <Position>
                            <LatitudeDegrees>30.998104095458984</LatitudeDegrees>
                            <LongitudeDegrees>103.61656188964844</LongitudeDegrees>
                        </Position>
                        <AltitudeMeters>708.7056274414062</AltitudeMeters>
                    </Trackpoint>
                    <Trackpoint>
                        <DistanceMeters>72.67245841026306</DistanceMeters>
                        <Time>2021-10-03T07:07:03.705Z</Time>
                        <Position>
                            <LatitudeDegrees>30.998092651367188</LatitudeDegrees>
                            <LongitudeDegrees>103.61656951904297</LongitudeDegrees>
                        </Position>
                        <AltitudeMeters>708.7191162109375</AltitudeMeters>
                    </Trackpoint>
                    <Trackpoint>
                        <DistanceMeters>72.67245841026306</DistanceMeters>
                        <Time>2021-10-03T07:07:05.693Z</Time>
                        <Position>
                            <LatitudeDegrees>30.998075485229492</LatitudeDegrees>
                            <LongitudeDegrees>103.6165771484375</LongitudeDegrees>
                        </Position>
                        <AltitudeMeters>708.7796630859375</AltitudeMeters>
                    </Trackpoint>
                    <Trackpoint>
                        <DistanceMeters>72.67245841026306</DistanceMeters>
                        <Time>2021-10-03T07:07:06.704Z</Time>
                        <Position>
                            <LatitudeDegrees>30.99806785583496</LatitudeDegrees>
                            <LongitudeDegrees>103.61658477783203</LongitudeDegrees>
                        </Position>
                        <AltitudeMeters>708.7398071289062</AltitudeMeters>
                    </Trackpoint>
                    <Trackpoint>
                        <DistanceMeters>72.67245841026306</DistanceMeters>
                        <Time>2021-10-03T07:07:07.698Z</Time>
                        <Position>
                            <LatitudeDegrees>30.998058319091797</LatitudeDegrees>
                            <LongitudeDegrees>103.6166000366211</LongitudeDegrees>
                        </Position>
                        <AltitudeMeters>708.7454223632812</AltitudeMeters>
                    </Trackpoint>
                    <Trackpoint>
                        <DistanceMeters>72.67245841026306</DistanceMeters>
                        <Time>2021-10-03T07:07:08.693Z</Time>
                        <Position>
                            <LatitudeDegrees>30.998050689697266</LatitudeDegrees>
                            <LongitudeDegrees>103.61661529541016</LongitudeDegrees>
                        </Position>
                        <AltitudeMeters>708.769775390625</AltitudeMeters>
                    </Trackpoint>
                    <Trackpoint>
                        <DistanceMeters>72.67245841026306</DistanceMeters>
                        <Time>2021-10-03T07:07:09.695Z</Time>
                        <Position>
                            <LatitudeDegrees>30.9980411529541</LatitudeDegrees>
                            <LongitudeDegrees>103.61663055419922</LongitudeDegrees>
                        </Position>
                        <AltitudeMeters>708.7778930664062</AltitudeMeters>
                    </Trackpoint>
                    <Trackpoint>
                        <DistanceMeters>72.67245841026306</DistanceMeters>
                        <Time>2021-10-03T07:07:10.703Z</Time>
                        <Position>
                            <LatitudeDegrees>30.998031616210938</LatitudeDegrees>
                            <LongitudeDegrees>103.61664581298828</LongitudeDegrees>
                        </Position>
                        <AltitudeMeters>708.8040771484375</AltitudeMeters>
                    </Trackpoint>
                    <Trackpoint>
                        <DistanceMeters>72.67245841026306</DistanceMeters>
                        <Time>2021-10-03T07:07:11.695Z</Time>
                        <Position>
                            <LatitudeDegrees>30.998022079467773</LatitudeDegrees>
                            <LongitudeDegrees>103.61666107177734</LongitudeDegrees>
                        </Position>
                        <AltitudeMeters>708.8209838867188</AltitudeMeters>
                    </Trackpoint>
                    <Trackpoint>
                        <DistanceMeters>72.67245841026306</DistanceMeters>
                        <Time>2021-10-03T07:07:12.694Z</Time>
                        <Position>
                            <LatitudeDegrees>30.998010635375977</LatitudeDegrees>
                            <LongitudeDegrees>103.6166763305664</LongitudeDegrees>
                        </Position>
                        <AltitudeMeters>708.8138427734375</AltitudeMeters>
                    </Trackpoint>
                    <Trackpoint>
                        <DistanceMeters>72.67245841026306</DistanceMeters>
                        <Time>2021-10-03T07:07:13.702Z</Time>
                        <Position>
                            <LatitudeDegrees>30.99799919128418</LatitudeDegrees>
                            <LongitudeDegrees>103.61668395996094</LongitudeDegrees>
                        </Position>
                        <AltitudeMeters>708.8275146484375</AltitudeMeters>
                    </Trackpoint>
                    <Trackpoint>
                        <DistanceMeters>72.67245841026306</DistanceMeters>
                        <Time>2021-10-03T07:07:14.700Z</Time>
                        <Position>
                            <LatitudeDegrees>30.99799346923828</LatitudeDegrees>
                            <LongitudeDegrees>103.61669921875</LongitudeDegrees>
                        </Position>
                        <AltitudeMeters>708.8279418945312</AltitudeMeters>
                    </Trackpoint>
                    <Trackpoint>
                        <DistanceMeters>72.67245841026306</DistanceMeters>
                        <Time>2021-10-03T07:07:15.701Z</Time>
                        <Position>
                            <LatitudeDegrees>30.997987747192383</LatitudeDegrees>
                            <LongitudeDegrees>103.61671447753906</LongitudeDegrees>
                        </Position>
                        <AltitudeMeters>708.86474609375</AltitudeMeters>
                    </Trackpoint>
                    <Trackpoint>
                        <DistanceMeters>72.67245841026306</DistanceMeters>
                        <Time>2021-10-03T07:07:16.702Z</Time>
                        <Position>
                            <LatitudeDegrees>30.997982025146484</LatitudeDegrees>
                            <LongitudeDegrees>103.61672973632812</LongitudeDegrees>
                        </Position>
                        <AltitudeMeters>708.8668212890625</AltitudeMeters>
                    </Trackpoint>
                    <Trackpoint>
                        <DistanceMeters>72.67245841026306</DistanceMeters>
                        <Time>2021-10-03T07:07:17.698Z</Time>
                        <Position>
                            <LatitudeDegrees>30.99797821044922</LatitudeDegrees>
                            <LongitudeDegrees>103.61674499511719</LongitudeDegrees>
                        </Position>
                        <AltitudeMeters>708.8583374023438</AltitudeMeters>
                    </Trackpoint>
                    <Trackpoint>
                        <DistanceMeters>72.67245841026306</DistanceMeters>
                        <Time>2021-10-03T07:07:18.698Z</Time>
                        <Position>
                            <LatitudeDegrees>30.997974395751953</LatitudeDegrees>
                            <LongitudeDegrees>103.61676788330078</LongitudeDegrees>
                        </Position>
                        <AltitudeMeters>708.863037109375</AltitudeMeters>
                    </Trackpoint>
                    <Trackpoint>
                        <DistanceMeters>72.67245841026306</DistanceMeters>
                        <Time>2021-10-03T07:07:19.694Z</Time>
                        <Position>
                            <LatitudeDegrees>30.99797248840332</LatitudeDegrees>
                            <LongitudeDegrees>103.61678314208984</LongitudeDegrees>
                        </Position>
                        <AltitudeMeters>690.7664184570312</AltitudeMeters>
                    </Trackpoint>
                    <Trackpoint>
                        <DistanceMeters>72.67245841026306</DistanceMeters>
                        <Time>2021-10-03T07:07:20.701Z</Time>
                        <Position>
                            <LatitudeDegrees>30.997970581054688</LatitudeDegrees>
                            <LongitudeDegrees>103.61680603027344</LongitudeDegrees>
                        </Position>
                        <AltitudeMeters>691.2891845703125</AltitudeMeters>
                    </Trackpoint>
                    <Trackpoint>
                        <DistanceMeters>72.67245841026306</DistanceMeters>
                        <Time>2021-10-03T07:07:21.704Z</Time>
                        <Position>
                            <LatitudeDegrees>30.997966766357422</LatitudeDegrees>
                            <LongitudeDegrees>103.6168212890625</LongitudeDegrees>
                        </Position>
                        <AltitudeMeters>691.318603515625</AltitudeMeters>
                    </Trackpoint>
                    <Trackpoint>
                        <DistanceMeters>72.67245841026306</DistanceMeters>
                        <Time>2021-10-03T07:07:22.700Z</Time>
                        <Position>
                            <LatitudeDegrees>30.997962951660156</LatitudeDegrees>
                            <LongitudeDegrees>103.61683654785156</LongitudeDegrees>
                        </Position>
                        <AltitudeMeters>691.2017211914062</AltitudeMeters>
                    </Trackpoint>
                    <Trackpoint>
                        <DistanceMeters>72.67245841026306</DistanceMeters>
                        <Time>2021-10-03T07:07:23.693Z</Time>
                        <Position>
                            <LatitudeDegrees>30.99795913696289</LatitudeDegrees>
                            <LongitudeDegrees>103.61685180664062</LongitudeDegrees>
                        </Position>
                        <AltitudeMeters>691.5321044921875</AltitudeMeters>
                    </Trackpoint>
                    <Trackpoint>
                        <DistanceMeters>72.67245841026306</DistanceMeters>
                        <Time>2021-10-03T07:07:24.697Z</Time>
                        <Position>
                            <LatitudeDegrees>30.997953414916992</LatitudeDegrees>
                            <LongitudeDegrees>103.61686706542969</LongitudeDegrees>
                        </Position>
                        <AltitudeMeters>691.0408325195312</AltitudeMeters>
                    </Trackpoint>
                    <Trackpoint>
                        <DistanceMeters>72.67245841026306</DistanceMeters>
                        <Time>2021-10-03T07:07:25.698Z</Time>
                        <Position>
                            <LatitudeDegrees>30.99795150756836</LatitudeDegrees>
                            <LongitudeDegrees>103.61687469482422</LongitudeDegrees>
                        </Position>
                        <AltitudeMeters>690.62841796875</AltitudeMeters>
                    </Trackpoint>
                    <Trackpoint>
                        <DistanceMeters>72.67245841026306</DistanceMeters>
                        <Time>2021-10-03T07:07:26.702Z</Time>
                        <Position>
                            <LatitudeDegrees>30.997949600219727</LatitudeDegrees>
                            <LongitudeDegrees>103.61688995361328</LongitudeDegrees>
                        </Position>
                        <AltitudeMeters>690.0188598632812</AltitudeMeters>
                    </Trackpoint>
                    <Trackpoint>
                        <DistanceMeters>72.67245841026306</DistanceMeters>
                        <Time>2021-10-03T07:07:27.697Z</Time>
                        <Position>
                            <LatitudeDegrees>30.997947692871094</LatitudeDegrees>
                            <LongitudeDegrees>103.61689758300781</LongitudeDegrees>
                        </Position>
                        <AltitudeMeters>689.6220703125</AltitudeMeters>
                    </Trackpoint>
                    <Trackpoint>
                        <DistanceMeters>72.67245841026306</DistanceMeters>
                        <Time>2021-10-03T07:07:28.696Z</Time>
                        <Position>
                            <LatitudeDegrees>30.997947692871094</LatitudeDegrees>
                            <LongitudeDegrees>103.61691284179688</LongitudeDegrees>
                        </Position>
                        <AltitudeMeters>689.701171875</AltitudeMeters>
                    </Trackpoint>
                    <Trackpoint>
                        <DistanceMeters>72.67245841026306</DistanceMeters>
                        <Time>2021-10-03T07:07:29.694Z</Time>
                        <Position>
                            <LatitudeDegrees>30.99794578552246</LatitudeDegrees>
                            <LongitudeDegrees>103.6169204711914</LongitudeDegrees>
                        </Position>
                        <AltitudeMeters>689.7274780273438</AltitudeMeters>
                    </Trackpoint>
                    <Trackpoint>
                        <DistanceMeters>108.52431464195251</DistanceMeters>
                        <Time>2021-10-03T07:07:30.702Z</Time>
                        <Position>
                            <LatitudeDegrees>30.99794578552246</LatitudeDegrees>
                            <LongitudeDegrees>103.61693572998047</LongitudeDegrees>
                        </Position>
                        <AltitudeMeters>689.147216796875</AltitudeMeters>
                    </Trackpoint>
                    <Trackpoint>
                        <DistanceMeters>108.52431464195251</DistanceMeters>
                        <Time>2021-10-03T07:07:31.702Z</Time>
                        <Position>
                            <LatitudeDegrees>30.99794578552246</LatitudeDegrees>
                            <LongitudeDegrees>103.616943359375</LongitudeDegrees>
                        </Position>
                        <AltitudeMeters>690.0040283203125</AltitudeMeters>
                    </Trackpoint>
                    <Trackpoint>
                        <DistanceMeters>108.52431464195251</DistanceMeters>
                        <Time>2021-10-03T07:07:32.693Z</Time>
                        <Position>
                            <LatitudeDegrees>30.99794578552246</LatitudeDegrees>
                            <LongitudeDegrees>103.61695861816406</LongitudeDegrees>
                        </Position>
                        <AltitudeMeters>689.79931640625</AltitudeMeters>
                    </Trackpoint>
                    <Trackpoint>
                        <DistanceMeters>108.52431464195251</DistanceMeters>
                        <Time>2021-10-03T07:07:33.696Z</Time>
                        <Position>
                            <LatitudeDegrees>30.99794578552246</LatitudeDegrees>
                            <LongitudeDegrees>103.61697387695312</LongitudeDegrees>
                        </Position>
                        <AltitudeMeters>690.640869140625</AltitudeMeters>
                    </Trackpoint>
                    <Trackpoint>
                        <DistanceMeters>108.52431464195251</DistanceMeters>
                        <Time>2021-10-03T07:07:34.700Z</Time>
                        <Position>
                            <LatitudeDegrees>30.997947692871094</LatitudeDegrees>
                            <LongitudeDegrees>103.61698913574219</LongitudeDegrees>
                        </Position>
                        <AltitudeMeters>691.7545776367188</AltitudeMeters>
                    </Trackpoint>
                    <Trackpoint>
                        <DistanceMeters>108.52431464195251</DistanceMeters>
                        <Time>2021-10-03T07:07:35.702Z</Time>
                        <Position>
                            <LatitudeDegrees>30.997949600219727</LatitudeDegrees>
                            <LongitudeDegrees>103.61700439453125</LongitudeDegrees>
                        </Position>
                        <AltitudeMeters>691.0385131835938</AltitudeMeters>
                    </Trackpoint>
                    <Trackpoint>
                        <DistanceMeters>108.52431464195251</DistanceMeters>
                        <Time>2021-10-03T07:07:36.701Z</Time>
                        <Position>
                            <LatitudeDegrees>30.997949600219727</LatitudeDegrees>
                            <LongitudeDegrees>103.61701965332031</LongitudeDegrees>
                        </Position>
                        <AltitudeMeters>690.546142578125</AltitudeMeters>
                    </Trackpoint>
                    <Trackpoint>
                        <DistanceMeters>108.52431464195251</DistanceMeters>
                        <Time>2021-10-03T07:07:37.696Z</Time>
                        <Position>
                            <LatitudeDegrees>30.997949600219727</LatitudeDegrees>
                            <LongitudeDegrees>103.61703491210938</LongitudeDegrees>
                        </Position>
                        <AltitudeMeters>690.6913452148438</AltitudeMeters>
                    </Trackpoint>
                    <Trackpoint>
                        <DistanceMeters>108.52431464195251</DistanceMeters>
                        <Time>2021-10-03T07:07:38.694Z</Time>
                        <Position>
                            <LatitudeDegrees>30.997947692871094</LatitudeDegrees>
                            <LongitudeDegrees>103.6170425415039</LongitudeDegrees>
                        </Position>
                        <AltitudeMeters>690.2510986328125</AltitudeMeters>
                    </Trackpoint>
                    <Trackpoint>
                        <DistanceMeters>108.52431464195251</DistanceMeters>
                        <Time>2021-10-03T07:07:39.693Z</Time>
                        <Position>
                            <LatitudeDegrees>30.997943878173828</LatitudeDegrees>
                            <LongitudeDegrees>103.61705780029297</LongitudeDegrees>
                        </Position>
                        <AltitudeMeters>690.6277465820312</AltitudeMeters>
                    </Trackpoint>
                    <Trackpoint>
                        <DistanceMeters>108.52431464195251</DistanceMeters>
                        <Time>2021-10-03T07:07:40.694Z</Time>
                        <Position>
                            <LatitudeDegrees>30.997940063476562</LatitudeDegrees>
                            <LongitudeDegrees>103.6170654296875</LongitudeDegrees>
                        </Position>
                        <AltitudeMeters>690.33154296875</AltitudeMeters>
                    </Trackpoint>
                    <Trackpoint>
                        <DistanceMeters>108.52431464195251</DistanceMeters>
                        <Time>2021-10-03T07:07:41.695Z</Time>
                        <Position>
                            <LatitudeDegrees>30.99793815612793</LatitudeDegrees>
                            <LongitudeDegrees>103.61708068847656</LongitudeDegrees>
                        </Position>
                        <AltitudeMeters>689.99462890625</AltitudeMeters>
                    </Trackpoint>
                    <Trackpoint>
                        <DistanceMeters>108.52431464195251</DistanceMeters>
                        <Time>2021-10-03T07:07:42.698Z</Time>
                        <Position>
                            <LatitudeDegrees>30.997934341430664</LatitudeDegrees>
                            <LongitudeDegrees>103.6170883178711</LongitudeDegrees>
                        </Position>
                        <AltitudeMeters>689.5083618164062</AltitudeMeters>
                    </Trackpoint>
                    <Trackpoint>
                        <DistanceMeters>108.52431464195251</DistanceMeters>
                        <Time>2021-10-03T07:07:43.705Z</Time>
                        <Position>
                            <LatitudeDegrees>30.997934341430664</LatitudeDegrees>
                            <LongitudeDegrees>103.61710357666016</LongitudeDegrees>
                        </Position>
                        <AltitudeMeters>690.0633544921875</AltitudeMeters>
                    </Trackpoint>
                    <Trackpoint>
                        <DistanceMeters>108.52431464195251</DistanceMeters>
                        <Time>2021-10-03T07:07:44.702Z</Time>
                        <Position>
                            <LatitudeDegrees>30.997934341430664</LatitudeDegrees>
                            <LongitudeDegrees>103.61711883544922</LongitudeDegrees>
                        </Position>
                        <AltitudeMeters>690.472900390625</AltitudeMeters>
                    </Trackpoint>
                    <Trackpoint>
                        <DistanceMeters>108.52431464195251</DistanceMeters>
                        <Time>2021-10-03T07:07:45.694Z</Time>
                        <Position>
                            <LatitudeDegrees>30.99793243408203</LatitudeDegrees>
                            <LongitudeDegrees>103.61712646484375</LongitudeDegrees>
                        </Position>
                        <AltitudeMeters>690.5903930664062</AltitudeMeters>
                    </Trackpoint>
                    <Trackpoint>
                        <DistanceMeters>108.52431464195251</DistanceMeters>
                        <Time>2021-10-03T07:07:46.696Z</Time>
                        <Position>
                            <LatitudeDegrees>30.997934341430664</LatitudeDegrees>
                            <LongitudeDegrees>103.61714172363281</LongitudeDegrees>
                        </Position>
                        <AltitudeMeters>690.757080078125</AltitudeMeters>
                    </Trackpoint>
                    <Trackpoint>
                        <DistanceMeters>108.52431464195251</DistanceMeters>
                        <Time>2021-10-03T07:07:47.702Z</Time>
                        <Position>
                            <LatitudeDegrees>30.997936248779297</LatitudeDegrees>
                            <LongitudeDegrees>103.61715698242188</LongitudeDegrees>
                        </Position>
                        <AltitudeMeters>690.0914916992188</AltitudeMeters>
                    </Trackpoint>
                    <Trackpoint>
                        <DistanceMeters>108.52431464195251</DistanceMeters>
                        <Time>2021-10-03T07:07:48.699Z</Time>
                        <Position>
                            <LatitudeDegrees>30.997934341430664</LatitudeDegrees>
                            <LongitudeDegrees>103.6171646118164</LongitudeDegrees>
                        </Position>
                        <AltitudeMeters>690.0420532226562</AltitudeMeters>
                    </Trackpoint>
                    <Trackpoint>
                        <DistanceMeters>108.52431464195251</DistanceMeters>
                        <Time>2021-10-03T07:07:49.700Z</Time>
                        <Position>
                            <LatitudeDegrees>30.997934341430664</LatitudeDegrees>
                            <LongitudeDegrees>103.61717987060547</LongitudeDegrees>
                        </Position>
                        <AltitudeMeters>689.7137451171875</AltitudeMeters>
                    </Trackpoint>
                    <Trackpoint>
                        <DistanceMeters>108.52431464195251</DistanceMeters>
                        <Time>2021-10-03T07:07:50.697Z</Time>
                        <Position>
                            <LatitudeDegrees>30.9979305267334</LatitudeDegrees>
                            <LongitudeDegrees>103.6171875</LongitudeDegrees>
                        </Position>
                        <AltitudeMeters>689.9284057617188</AltitudeMeters>
                    </Trackpoint>
                    <Trackpoint>
                        <DistanceMeters>108.52431464195251</DistanceMeters>
                        <Time>2021-10-03T07:07:51.699Z</Time>
                        <Position>
                            <LatitudeDegrees>30.997928619384766</LatitudeDegrees>
                            <LongitudeDegrees>103.61720275878906</LongitudeDegrees>
                        </Position>
                        <AltitudeMeters>690.2826538085938</AltitudeMeters>
                    </Trackpoint>
                    <Trackpoint>
                        <DistanceMeters>108.52431464195251</DistanceMeters>
                        <Time>2021-10-03T07:07:52.697Z</Time>
                        <Position>
                            <LatitudeDegrees>30.997926712036133</LatitudeDegrees>
                            <LongitudeDegrees>103.6172103881836</LongitudeDegrees>
                        </Position>
                        <AltitudeMeters>690.3413696289062</AltitudeMeters>
                    </Trackpoint>
                    <Trackpoint>
                        <DistanceMeters>108.52431464195251</DistanceMeters>
                        <Time>2021-10-03T07:07:53.695Z</Time>
                        <Position>
                            <LatitudeDegrees>30.997922897338867</LatitudeDegrees>
                            <LongitudeDegrees>103.61722564697266</LongitudeDegrees>
                        </Position>
                        <AltitudeMeters>689.8378295898438</AltitudeMeters>
                    </Trackpoint>
                    <Trackpoint>
                        <DistanceMeters>108.52431464195251</DistanceMeters>
                        <Time>2021-10-03T07:07:54.694Z</Time>
                        <Position>
                            <LatitudeDegrees>30.997922897338867</LatitudeDegrees>
                            <LongitudeDegrees>103.61723327636719</LongitudeDegrees>
                        </Position>
                        <AltitudeMeters>689.9943237304688</AltitudeMeters>
                    </Trackpoint>
                    <Trackpoint>
                        <DistanceMeters>108.52431464195251</DistanceMeters>
                        <Time>2021-10-03T07:07:55.697Z</Time>
                        <Position>
                            <LatitudeDegrees>30.997920989990234</LatitudeDegrees>
                            <LongitudeDegrees>103.61724853515625</LongitudeDegrees>
                        </Position>
                        <AltitudeMeters>690.4343872070312</AltitudeMeters>
                    </Trackpoint>
                    <Trackpoint>
                        <DistanceMeters>108.52431464195251</DistanceMeters>
                        <Time>2021-10-03T07:07:56.696Z</Time>
                        <Position>
                            <LatitudeDegrees>30.9979190826416</LatitudeDegrees>
                            <LongitudeDegrees>103.61725616455078</LongitudeDegrees>
                        </Position>
                        <AltitudeMeters>690.484619140625</AltitudeMeters>
                    </Trackpoint>
                    <Trackpoint>
                        <DistanceMeters>108.52431464195251</DistanceMeters>
                        <Time>2021-10-03T07:07:57.695Z</Time>
                        <Position>
                            <LatitudeDegrees>30.997915267944336</LatitudeDegrees>
                            <LongitudeDegrees>103.61726379394531</LongitudeDegrees>
                        </Position>
                        <AltitudeMeters>689.8339233398438</AltitudeMeters>
                    </Trackpoint>
                    <Trackpoint>
                        <DistanceMeters>108.52431464195251</DistanceMeters>
                        <Time>2021-10-03T07:07:58.695Z</Time>
                        <Position>
                            <LatitudeDegrees>30.997913360595703</LatitudeDegrees>
                            <LongitudeDegrees>103.61727905273438</LongitudeDegrees>
                        </Position>
                        <AltitudeMeters>689.4686279296875</AltitudeMeters>
                    </Trackpoint>
                    <Trackpoint>
                        <DistanceMeters>108.52431464195251</DistanceMeters>
                        <Time>2021-10-03T07:07:59.699Z</Time>
                        <Position>
                            <LatitudeDegrees>30.997909545898438</LatitudeDegrees>
                            <LongitudeDegrees>103.6172866821289</LongitudeDegrees>
                        </Position>
                        <AltitudeMeters>687.7446899414062</AltitudeMeters>
                    </Trackpoint>
                    <Trackpoint>
                        <DistanceMeters>137.76289343833923</DistanceMeters>
                        <Time>2021-10-03T07:08:00.704Z</Time>
                        <Position>
                            <LatitudeDegrees>30.997905731201172</LatitudeDegrees>
                            <LongitudeDegrees>103.61730194091797</LongitudeDegrees>
                        </Position>
                        <AltitudeMeters>690.2216186523438</AltitudeMeters>
                    </Trackpoint>
                    <Trackpoint>
                        <DistanceMeters>137.76289343833923</DistanceMeters>
                        <Time>2021-10-03T07:08:01.696Z</Time>
                        <Position>
                            <LatitudeDegrees>30.99790382385254</LatitudeDegrees>
                            <LongitudeDegrees>103.61731719970703</LongitudeDegrees>
                        </Position>
                        <AltitudeMeters>690.1411743164062</AltitudeMeters>
                    </Trackpoint>
                    <Trackpoint>
                        <DistanceMeters>137.76289343833923</DistanceMeters>
                        <Time>2021-10-03T07:08:02.697Z</Time>
                        <Position>
                            <LatitudeDegrees>30.997901916503906</LatitudeDegrees>
                            <LongitudeDegrees>103.61732482910156</LongitudeDegrees>
                        </Position>
                        <AltitudeMeters>690.0292358398438</AltitudeMeters>
                    </Trackpoint>
                    <Trackpoint>
                        <DistanceMeters>137.76289343833923</DistanceMeters>
                        <Time>2021-10-03T07:08:03.697Z</Time>
                        <Position>
                            <LatitudeDegrees>30.997901916503906</LatitudeDegrees>
                            <LongitudeDegrees>103.61734008789062</LongitudeDegrees>
                        </Position>
                        <AltitudeMeters>690.8535766601562</AltitudeMeters>
                    </Trackpoint>
                    <Trackpoint>
                        <DistanceMeters>137.76289343833923</DistanceMeters>
                        <Time>2021-10-03T07:08:04.704Z</Time>
                        <Position>
                            <LatitudeDegrees>30.997901916503906</LatitudeDegrees>
                            <LongitudeDegrees>103.61735534667969</LongitudeDegrees>
                        </Position>
                        <AltitudeMeters>690.9076538085938</AltitudeMeters>
                    </Trackpoint>
                    <Trackpoint>
                        <DistanceMeters>137.76289343833923</DistanceMeters>
                        <Time>2021-10-03T07:08:05.694Z</Time>
                        <Position>
                            <LatitudeDegrees>30.99789810180664</LatitudeDegrees>
                            <LongitudeDegrees>103.61736297607422</LongitudeDegrees>
                        </Position>
                        <AltitudeMeters>691.0282592773438</AltitudeMeters>
                    </Trackpoint>
                    <Trackpoint>
                        <DistanceMeters>137.76289343833923</DistanceMeters>
                        <Time>2021-10-03T07:08:06.696Z</Time>
                        <Position>
                            <LatitudeDegrees>30.99789810180664</LatitudeDegrees>
                            <LongitudeDegrees>103.61737823486328</LongitudeDegrees>
                        </Position>
                        <AltitudeMeters>690.6463623046875</AltitudeMeters>
                    </Trackpoint>
                    <Trackpoint>
                        <DistanceMeters>137.76289343833923</DistanceMeters>
                        <Time>2021-10-03T07:08:07.695Z</Time>
                        <Position>
                            <LatitudeDegrees>30.997896194458008</LatitudeDegrees>
                            <LongitudeDegrees>103.61738586425781</LongitudeDegrees>
                        </Position>
                        <AltitudeMeters>690.8171997070312</AltitudeMeters>
                    </Trackpoint>
                    <Trackpoint>
                        <DistanceMeters>137.76289343833923</DistanceMeters>
                        <Time>2021-10-03T07:08:08.702Z</Time>
                        <Position>
                            <LatitudeDegrees>30.997894287109375</LatitudeDegrees>
                            <LongitudeDegrees>103.61740112304688</LongitudeDegrees>
                        </Position>
                        <AltitudeMeters>690.9661865234375</AltitudeMeters>
                    </Trackpoint>
                    <Trackpoint>
                        <DistanceMeters>137.76289343833923</DistanceMeters>
                        <Time>2021-10-03T07:08:09.703Z</Time>
                        <Position>
                            <LatitudeDegrees>30.99789047241211</LatitudeDegrees>
                            <LongitudeDegrees>103.6174087524414</LongitudeDegrees>
                        </Position>
                        <AltitudeMeters>691.5714111328125</AltitudeMeters>
                    </Trackpoint>
                    <Trackpoint>
                        <DistanceMeters>137.76289343833923</DistanceMeters>
                        <Time>2021-10-03T07:08:10.701Z</Time>
                        <Position>
                            <LatitudeDegrees>30.997888565063477</LatitudeDegrees>
                            <LongitudeDegrees>103.61742401123047</LongitudeDegrees>
                        </Position>
                        <AltitudeMeters>691.3074340820312</AltitudeMeters>
                    </Trackpoint>
                    <Trackpoint>
                        <DistanceMeters>137.76289343833923</DistanceMeters>
                        <Time>2021-10-03T07:08:11.702Z</Time>
                        <Position>
                            <LatitudeDegrees>30.997886657714844</LatitudeDegrees>
                            <LongitudeDegrees>103.617431640625</LongitudeDegrees>
                        </Position>
                        <AltitudeMeters>690.993896484375</AltitudeMeters>
                    </Trackpoint>
                    <Trackpoint>
                        <DistanceMeters>137.76289343833923</DistanceMeters>
                        <Time>2021-10-03T07:08:13.703Z</Time>
                        <Position>
                            <LatitudeDegrees>30.997900009155273</LatitudeDegrees>
                            <LongitudeDegrees>103.61744689941406</LongitudeDegrees>
                        </Position>
                        <AltitudeMeters>690.6454467773438</AltitudeMeters>
                    </Trackpoint>
                    <Trackpoint>
                        <DistanceMeters>137.76289343833923</DistanceMeters>
                        <Time>2021-10-03T07:08:14.702Z</Time>
                        <Position>
                            <LatitudeDegrees>30.997907638549805</LatitudeDegrees>
                            <LongitudeDegrees>103.61744689941406</LongitudeDegrees>
                        </Position>
                        <AltitudeMeters>691.1624145507812</AltitudeMeters>
                    </Trackpoint>
                    <Trackpoint>
                        <DistanceMeters>137.76289343833923</DistanceMeters>
                        <Time>2021-10-03T07:08:15.702Z</Time>
                        <Position>
                            <LatitudeDegrees>30.99791717529297</LatitudeDegrees>
                            <LongitudeDegrees>103.6174545288086</LongitudeDegrees>
                        </Position>
                        <AltitudeMeters>691.4297485351562</AltitudeMeters>
                    </Trackpoint>
                    <Trackpoint>
                        <DistanceMeters>137.76289343833923</DistanceMeters>
                        <Time>2021-10-03T07:08:17.698Z</Time>
                        <Position>
                            <LatitudeDegrees>30.9979305267334</LatitudeDegrees>
                            <LongitudeDegrees>103.61746215820312</LongitudeDegrees>
                        </Position>
                        <AltitudeMeters>691.6141357421875</AltitudeMeters>
                    </Trackpoint>
                    <Trackpoint>
                        <DistanceMeters>137.76289343833923</DistanceMeters>
                        <Time>2021-10-03T07:08:19.703Z</Time>
                        <Position>
                            <LatitudeDegrees>30.99793815612793</LatitudeDegrees>
                            <LongitudeDegrees>103.61746978759766</LongitudeDegrees>
                        </Position>
                        <AltitudeMeters>690.397216796875</AltitudeMeters>
                    </Trackpoint>
                    <Trackpoint>
                        <DistanceMeters>137.76289343833923</DistanceMeters>
                        <Time>2021-10-03T07:08:21.701Z</Time>
                        <Position>
                            <LatitudeDegrees>30.99794578552246</LatitudeDegrees>
                            <LongitudeDegrees>103.61747741699219</LongitudeDegrees>
                        </Position>
                        <AltitudeMeters>691.5431518554688</AltitudeMeters>
                    </Trackpoint>
                    <Trackpoint>
                        <DistanceMeters>137.76289343833923</DistanceMeters>
                        <Time>2021-10-03T07:08:23.700Z</Time>
                        <Position>
                            <LatitudeDegrees>30.99795150756836</LatitudeDegrees>
                            <LongitudeDegrees>103.61749267578125</LongitudeDegrees>
                        </Position>
                        <AltitudeMeters>690.8005981445312</AltitudeMeters>
                    </Trackpoint>
                    <Trackpoint>
                        <DistanceMeters>137.76289343833923</DistanceMeters>
                        <Time>2021-10-03T07:08:25.694Z</Time>
                        <Position>
                            <LatitudeDegrees>30.997949600219727</LatitudeDegrees>
                            <LongitudeDegrees>103.61750793457031</LongitudeDegrees>
                        </Position>
                        <AltitudeMeters>690.6498413085938</AltitudeMeters>
                    </Trackpoint>
                    <Trackpoint>
                        <DistanceMeters>137.76289343833923</DistanceMeters>
                        <Time>2021-10-03T07:08:27.700Z</Time>
                        <Position>
                            <LatitudeDegrees>30.99794578552246</LatitudeDegrees>
                            <LongitudeDegrees>103.61752319335938</LongitudeDegrees>
                        </Position>
                        <AltitudeMeters>690.1261596679688</AltitudeMeters>
                    </Trackpoint>
                    <Trackpoint>
                        <DistanceMeters>137.76289343833923</DistanceMeters>
                        <Time>2021-10-03T07:08:29.695Z</Time>
                        <Position>
                            <LatitudeDegrees>30.99793815612793</LatitudeDegrees>
                            <LongitudeDegrees>103.61754608154297</LongitudeDegrees>
                        </Position>
                        <AltitudeMeters>691.8179931640625</AltitudeMeters>
                    </Trackpoint>
                    <Trackpoint>
                        <DistanceMeters>169.37083983421326</DistanceMeters>
                        <Time>2021-10-03T07:08:30.701Z</Time>
                        <Position>
                            <LatitudeDegrees>30.99793243408203</LatitudeDegrees>
                            <LongitudeDegrees>103.6175537109375</LongitudeDegrees>
                        </Position>
                        <AltitudeMeters>691.1941528320312</AltitudeMeters>
                    </Trackpoint>
                    <Trackpoint>
                        <DistanceMeters>169.37083983421326</DistanceMeters>
                        <Time>2021-10-03T07:08:32.695Z</Time>
                        <Position>
                            <LatitudeDegrees>30.997926712036133</LatitudeDegrees>
                            <LongitudeDegrees>103.61756896972656</LongitudeDegrees>
                        </Position>
                        <AltitudeMeters>691.0136108398438</AltitudeMeters>
                    </Trackpoint>
                    <Trackpoint>
                        <DistanceMeters>169.37083983421326</DistanceMeters>
                        <Time>2021-10-03T07:08:34.701Z</Time>
                        <Position>
                            <LatitudeDegrees>30.9979190826416</LatitudeDegrees>
                            <LongitudeDegrees>103.61759185791016</LongitudeDegrees>
                        </Position>
                        <AltitudeMeters>691.4241333007812</AltitudeMeters>
                    </Trackpoint>
                    <Trackpoint>
                        <DistanceMeters>169.37083983421326</DistanceMeters>
                        <Time>2021-10-03T07:08:36.695Z</Time>
                        <Position>
                            <LatitudeDegrees>30.997913360595703</LatitudeDegrees>
                            <LongitudeDegrees>103.61760711669922</LongitudeDegrees>
                        </Position>
                        <AltitudeMeters>691.4961547851562</AltitudeMeters>
                    </Trackpoint>
                    <Trackpoint>
                        <DistanceMeters>169.37083983421326</DistanceMeters>
                        <Time>2021-10-03T07:08:37.695Z</Time>
                        <Position>
                            <LatitudeDegrees>30.997909545898438</LatitudeDegrees>
                            <LongitudeDegrees>103.61761474609375</LongitudeDegrees>
                        </Position>
                        <AltitudeMeters>691.890625</AltitudeMeters>
                    </Trackpoint>
                    <Trackpoint>
                        <DistanceMeters>169.37083983421326</DistanceMeters>
                        <Time>2021-10-03T07:08:39.707Z</Time>
                        <Position>
                            <LatitudeDegrees>30.99790382385254</LatitudeDegrees>
                            <LongitudeDegrees>103.61763763427734</LongitudeDegrees>
                        </Position>
                        <AltitudeMeters>692.2958984375</AltitudeMeters>
                    </Trackpoint>
                    <Trackpoint>
                        <DistanceMeters>169.37083983421326</DistanceMeters>
                        <Time>2021-10-03T07:08:40.702Z</Time>
                        <Position>
                            <LatitudeDegrees>30.997900009155273</LatitudeDegrees>
                            <LongitudeDegrees>103.61764526367188</LongitudeDegrees>
                        </Position>
                        <AltitudeMeters>692.0263671875</AltitudeMeters>
                    </Trackpoint>
                    <Trackpoint>
                        <DistanceMeters>169.37083983421326</DistanceMeters>
                        <Time>2021-10-03T07:08:41.696Z</Time>
                        <Position>
                            <LatitudeDegrees>30.997896194458008</LatitudeDegrees>
                            <LongitudeDegrees>103.6176528930664</LongitudeDegrees>
                        </Position>
                        <AltitudeMeters>691.0835571289062</AltitudeMeters>
                    </Trackpoint>
                    <Trackpoint>
                        <DistanceMeters>169.37083983421326</DistanceMeters>
                        <Time>2021-10-03T07:08:42.704Z</Time>
                        <Position>
                            <LatitudeDegrees>30.997892379760742</LatitudeDegrees>
                            <LongitudeDegrees>103.61766815185547</LongitudeDegrees>
                        </Position>
                        <AltitudeMeters>691.4825439453125</AltitudeMeters>
                    </Trackpoint>
                    <Trackpoint>
                        <DistanceMeters>169.37083983421326</DistanceMeters>
                        <Time>2021-10-03T07:08:43.703Z</Time>
                        <Position>
                            <LatitudeDegrees>30.997886657714844</LatitudeDegrees>
                            <LongitudeDegrees>103.61767578125</LongitudeDegrees>
                        </Position>
                        <AltitudeMeters>692.2551879882812</AltitudeMeters>
                    </Trackpoint>
                    <Trackpoint>
                        <DistanceMeters>169.37083983421326</DistanceMeters>
                        <Time>2021-10-03T07:08:44.697Z</Time>
                        <Position>
                            <LatitudeDegrees>30.997879028320312</LatitudeDegrees>
                            <LongitudeDegrees>103.61768341064453</LongitudeDegrees>
                        </Position>
                        <AltitudeMeters>692.4224853515625</AltitudeMeters>
                    </Trackpoint>
                    <Trackpoint>
                        <DistanceMeters>169.37083983421326</DistanceMeters>
                        <Time>2021-10-03T07:08:45.702Z</Time>
                        <Position>
                            <LatitudeDegrees>30.99787139892578</LatitudeDegrees>
                            <LongitudeDegrees>103.61769104003906</LongitudeDegrees>
                        </Position>
                        <AltitudeMeters>692.3152465820312</AltitudeMeters>
                    </Trackpoint>
                    <Trackpoint>
                        <DistanceMeters>169.37083983421326</DistanceMeters>
                        <Time>2021-10-03T07:08:46.698Z</Time>
                        <Position>
                            <LatitudeDegrees>30.997865676879883</LatitudeDegrees>
                            <LongitudeDegrees>103.6176986694336</LongitudeDegrees>
                        </Position>
                        <AltitudeMeters>692.6025390625</AltitudeMeters>
                    </Trackpoint>
                    <Trackpoint>
                        <DistanceMeters>169.37083983421326</DistanceMeters>
                        <Time>2021-10-03T07:08:47.694Z</Time>
                        <Position>
                            <LatitudeDegrees>30.99785804748535</LatitudeDegrees>
                            <LongitudeDegrees>103.6176986694336</LongitudeDegrees>
                        </Position>
                        <AltitudeMeters>693.2383422851562</AltitudeMeters>
                    </Trackpoint>
                    <Trackpoint>
                        <DistanceMeters>169.37083983421326</DistanceMeters>
                        <Time>2021-10-03T07:08:49.702Z</Time>
                        <Position>
                            <LatitudeDegrees>30.99784278869629</LatitudeDegrees>
                            <LongitudeDegrees>103.61771392822266</LongitudeDegrees>
                        </Position>
                        <AltitudeMeters>692.6310424804688</AltitudeMeters>
                    </Trackpoint>
                    <Trackpoint>
                        <DistanceMeters>169.37083983421326</DistanceMeters>
                        <Time>2021-10-03T07:08:50.695Z</Time>
                        <Position>
                            <LatitudeDegrees>30.997835159301758</LatitudeDegrees>
                            <LongitudeDegrees>103.61772155761719</LongitudeDegrees>
                        </Position>
                        <AltitudeMeters>693.3065185546875</AltitudeMeters>
                    </Trackpoint>
                    <Trackpoint>
                        <DistanceMeters>169.37083983421326</DistanceMeters>
                        <Time>2021-10-03T07:08:51.697Z</Time>
                        <Position>
                            <LatitudeDegrees>30.997825622558594</LatitudeDegrees>
                            <LongitudeDegrees>103.61772918701172</LongitudeDegrees>
                        </Position>
                        <AltitudeMeters>693.5174560546875</AltitudeMeters>
                    </Trackpoint>
                    <Trackpoint>
                        <DistanceMeters>169.37083983421326</DistanceMeters>
                        <Time>2021-10-03T07:08:52.701Z</Time>
                        <Position>
                            <LatitudeDegrees>30.997817993164062</LatitudeDegrees>
                            <LongitudeDegrees>103.61773681640625</LongitudeDegrees>
                        </Position>
                        <AltitudeMeters>694.4008178710938</AltitudeMeters>
                    </Trackpoint>
                    <Trackpoint>
                        <DistanceMeters>169.37083983421326</DistanceMeters>
                        <Time>2021-10-03T07:08:53.694Z</Time>
                        <Position>
                            <LatitudeDegrees>30.9978084564209</LatitudeDegrees>
                            <LongitudeDegrees>103.61774444580078</LongitudeDegrees>
                        </Position>
                        <AltitudeMeters>694.22119140625</AltitudeMeters>
                    </Trackpoint>
                    <Trackpoint>
                        <DistanceMeters>169.37083983421326</DistanceMeters>
                        <Time>2021-10-03T07:08:54.702Z</Time>
                        <Position>
                            <LatitudeDegrees>30.997802734375</LatitudeDegrees>
                            <LongitudeDegrees>103.61775207519531</LongitudeDegrees>
                        </Position>
                        <AltitudeMeters>694.4284057617188</AltitudeMeters>
                    </Trackpoint>
                    <Trackpoint>
                        <DistanceMeters>169.37083983421326</DistanceMeters>
                        <Time>2021-10-03T07:08:55.698Z</Time>
                        <Position>
                            <LatitudeDegrees>30.99779510498047</LatitudeDegrees>
                            <LongitudeDegrees>103.61775970458984</LongitudeDegrees>
                        </Position>
                        <AltitudeMeters>695.0253295898438</AltitudeMeters>
                    </Trackpoint>
                    <Trackpoint>
                        <DistanceMeters>169.37083983421326</DistanceMeters>
                        <Time>2021-10-03T07:08:56.701Z</Time>
                        <Position>
                            <LatitudeDegrees>30.997785568237305</LatitudeDegrees>
                            <LongitudeDegrees>103.61776733398438</LongitudeDegrees>
                        </Position>
                        <AltitudeMeters>695.466064453125</AltitudeMeters>
                    </Trackpoint>
                    <Trackpoint>
                        <DistanceMeters>169.37083983421326</DistanceMeters>
                        <Time>2021-10-03T07:08:57.695Z</Time>
                        <Position>
                            <LatitudeDegrees>30.99777603149414</LatitudeDegrees>
                            <LongitudeDegrees>103.61776733398438</LongitudeDegrees>
                        </Position>
                        <AltitudeMeters>695.5221557617188</AltitudeMeters>
                    </Trackpoint>
                    <Trackpoint>
                        <DistanceMeters>169.37083983421326</DistanceMeters>
                        <Time>2021-10-03T07:08:58.694Z</Time>
                        <Position>
                            <LatitudeDegrees>30.997766494750977</LatitudeDegrees>
                            <LongitudeDegrees>103.6177749633789</LongitudeDegrees>
                        </Position>
                        <AltitudeMeters>695.7908935546875</AltitudeMeters>
                    </Trackpoint>
                    <Trackpoint>
                        <DistanceMeters>169.37083983421326</DistanceMeters>
                        <Time>2021-10-03T07:08:59.698Z</Time>
                        <Position>
                            <LatitudeDegrees>30.997756958007812</LatitudeDegrees>
                            <LongitudeDegrees>103.6177749633789</LongitudeDegrees>
                        </Position>
                        <AltitudeMeters>694.6207885742188</AltitudeMeters>
                    </Trackpoint>
                    <Trackpoint>
                        <DistanceMeters>195.2217538356781</DistanceMeters>
                        <Time>2021-10-03T07:09:01.695Z</Time>
                        <Position>
                            <LatitudeDegrees>30.99774742126465</LatitudeDegrees>
                            <LongitudeDegrees>103.61779022216797</LongitudeDegrees>
                        </Position>
                        <AltitudeMeters>695.8424682617188</AltitudeMeters>
                    </Trackpoint>
                    <Trackpoint>
                        <DistanceMeters>195.2217538356781</DistanceMeters>
                        <Time>2021-10-03T07:09:03.701Z</Time>
                        <Position>
                            <LatitudeDegrees>30.99774169921875</LatitudeDegrees>
                            <LongitudeDegrees>103.61780548095703</LongitudeDegrees>
                        </Position>
                        <AltitudeMeters>696.2238159179688</AltitudeMeters>
                    </Trackpoint>
                    <Trackpoint>
                        <DistanceMeters>195.2217538356781</DistanceMeters>
                        <Time>2021-10-03T07:09:05.694Z</Time>
                        <Position>
                            <LatitudeDegrees>30.997737884521484</LatitudeDegrees>
                            <LongitudeDegrees>103.61782836914062</LongitudeDegrees>
                        </Position>
                        <AltitudeMeters>695.8048706054688</AltitudeMeters>
                    </Trackpoint>
                    <Trackpoint>
                        <DistanceMeters>195.2217538356781</DistanceMeters>
                        <Time>2021-10-03T07:09:07.696Z</Time>
                        <Position>
                            <LatitudeDegrees>30.997739791870117</LatitudeDegrees>
                            <LongitudeDegrees>103.61784362792969</LongitudeDegrees>
                        </Position>
                        <AltitudeMeters>695.1621704101562</AltitudeMeters>
                    </Trackpoint>
                    <Trackpoint>
                        <DistanceMeters>195.2217538356781</DistanceMeters>
                        <Time>2021-10-03T07:09:09.703Z</Time>
                        <Position>
                            <LatitudeDegrees>30.99773597717285</LatitudeDegrees>
                            <LongitudeDegrees>103.61785888671875</LongitudeDegrees>
                        </Position>
                        <AltitudeMeters>695.55224609375</AltitudeMeters>
                    </Trackpoint>
                    <Trackpoint>
                        <DistanceMeters>195.2217538356781</DistanceMeters>
                        <Time>2021-10-03T07:09:11.698Z</Time>
                        <Position>
                            <LatitudeDegrees>30.99772834777832</LatitudeDegrees>
                            <LongitudeDegrees>103.61786651611328</LongitudeDegrees>
                        </Position>
                        <AltitudeMeters>696.0114135742188</AltitudeMeters>
                    </Trackpoint>
                    <Trackpoint>
                        <DistanceMeters>195.2217538356781</DistanceMeters>
                        <Time>2021-10-03T07:09:13.694Z</Time>
                        <Position>
                            <LatitudeDegrees>30.997722625732422</LatitudeDegrees>
                            <LongitudeDegrees>103.61788177490234</LongitudeDegrees>
                        </Position>
                        <AltitudeMeters>695.7518310546875</AltitudeMeters>
                    </Trackpoint>
                    <Trackpoint>
                        <DistanceMeters>195.2217538356781</DistanceMeters>
                        <Time>2021-10-03T07:09:15.696Z</Time>
                        <Position>
                            <LatitudeDegrees>30.997718811035156</LatitudeDegrees>
                            <LongitudeDegrees>103.6178970336914</LongitudeDegrees>
                        </Position>
                        <AltitudeMeters>696.265380859375</AltitudeMeters>
                    </Trackpoint>
                    <Trackpoint>
                        <DistanceMeters>195.2217538356781</DistanceMeters>
                        <Time>2021-10-03T07:09:17.694Z</Time>
                        <Position>
                            <LatitudeDegrees>30.99771499633789</LatitudeDegrees>
                            <LongitudeDegrees>103.61791229248047</LongitudeDegrees>
                        </Position>
                        <AltitudeMeters>696.7810668945312</AltitudeMeters>
                    </Trackpoint>
                    <Trackpoint>
                        <DistanceMeters>195.2217538356781</DistanceMeters>
                        <Time>2021-10-03T07:09:19.708Z</Time>
                        <Position>
                            <LatitudeDegrees>30.997709274291992</LatitudeDegrees>
                            <LongitudeDegrees>103.61792755126953</LongitudeDegrees>
                        </Position>
                        <AltitudeMeters>697.2348022460938</AltitudeMeters>
                    </Trackpoint>
                    <Trackpoint>
                        <DistanceMeters>195.2217538356781</DistanceMeters>
                        <Time>2021-10-03T07:09:21.694Z</Time>
                        <Position>
                            <LatitudeDegrees>30.997705459594727</LatitudeDegrees>
                            <LongitudeDegrees>103.61795043945312</LongitudeDegrees>
                        </Position>
                        <AltitudeMeters>697.2582397460938</AltitudeMeters>
                    </Trackpoint>
                    <Trackpoint>
                        <DistanceMeters>195.2217538356781</DistanceMeters>
                        <Time>2021-10-03T07:09:23.699Z</Time>
                        <Position>
                            <LatitudeDegrees>30.997697830200195</LatitudeDegrees>
                            <LongitudeDegrees>103.61796569824219</LongitudeDegrees>
                        </Position>
                        <AltitudeMeters>697.6517944335938</AltitudeMeters>
                    </Trackpoint>
                    <Trackpoint>
                        <DistanceMeters>195.2217538356781</DistanceMeters>
                        <Time>2021-10-03T07:09:25.693Z</Time>
                        <Position>
                            <LatitudeDegrees>30.9976863861084</LatitudeDegrees>
                            <LongitudeDegrees>103.61798095703125</LongitudeDegrees>
                        </Position>
                        <AltitudeMeters>698.756103515625</AltitudeMeters>
                    </Trackpoint>
                    <Trackpoint>
                        <DistanceMeters>195.2217538356781</DistanceMeters>
                        <Time>2021-10-03T07:09:27.705Z</Time>
                        <Position>
                            <LatitudeDegrees>30.997676849365234</LatitudeDegrees>
                            <LongitudeDegrees>103.61799621582031</LongitudeDegrees>
                        </Position>
                        <AltitudeMeters>699.10009765625</AltitudeMeters>
                    </Trackpoint>
                    <Trackpoint>
                        <DistanceMeters>195.2217538356781</DistanceMeters>
                        <Time>2021-10-03T07:09:28.701Z</Time>
                        <Position>
                            <LatitudeDegrees>30.9976749420166</LatitudeDegrees>
                            <LongitudeDegrees>103.61801147460938</LongitudeDegrees>
                        </Position>
                        <AltitudeMeters>698.996826171875</AltitudeMeters>
                    </Trackpoint>
                    <Trackpoint>
                        <DistanceMeters>195.2217538356781</DistanceMeters>
                        <Time>2021-10-03T07:09:29.701Z</Time>
                        <Position>
                            <LatitudeDegrees>30.997671127319336</LatitudeDegrees>
                            <LongitudeDegrees>103.6180191040039</LongitudeDegrees>
                        </Position>
                        <AltitudeMeters>699.2274169921875</AltitudeMeters>
                    </Trackpoint>
                    <Trackpoint>
                        <DistanceMeters>229.72247862815857</DistanceMeters>
                        <Time>2021-10-03T07:09:30.696Z</Time>
                        <Position>
                            <LatitudeDegrees>30.99766731262207</LatitudeDegrees>
                            <LongitudeDegrees>103.61803436279297</LongitudeDegrees>
                        </Position>
                        <AltitudeMeters>699.8096313476562</AltitudeMeters>
                    </Trackpoint>
                    <Trackpoint>
                        <DistanceMeters>229.72247862815857</DistanceMeters>
                        <Time>2021-10-03T07:09:31.695Z</Time>
                        <Position>
                            <LatitudeDegrees>30.997663497924805</LatitudeDegrees>
                            <LongitudeDegrees>103.6180419921875</LongitudeDegrees>
                        </Position>
                        <AltitudeMeters>699.8364868164062</AltitudeMeters>
                    </Trackpoint>
                    <Trackpoint>
                        <DistanceMeters>229.72247862815857</DistanceMeters>
                        <Time>2021-10-03T07:09:32.701Z</Time>
                        <Position>
                            <LatitudeDegrees>30.997657775878906</LatitudeDegrees>
                            <LongitudeDegrees>103.61804962158203</LongitudeDegrees>
                        </Position>
                        <AltitudeMeters>700.8523559570312</AltitudeMeters>
                    </Trackpoint>
                    <Trackpoint>
                        <DistanceMeters>229.72247862815857</DistanceMeters>
                        <Time>2021-10-03T07:09:33.703Z</Time>
                        <Position>
                            <LatitudeDegrees>30.997650146484375</LatitudeDegrees>
                            <LongitudeDegrees>103.6180648803711</LongitudeDegrees>
                        </Position>
                        <AltitudeMeters>701.845458984375</AltitudeMeters>
                    </Trackpoint>
                    <Trackpoint>
                        <DistanceMeters>229.72247862815857</DistanceMeters>
                        <Time>2021-10-03T07:09:34.697Z</Time>
                        <Position>
                            <LatitudeDegrees>30.99764633178711</LatitudeDegrees>
                            <LongitudeDegrees>103.61807250976562</LongitudeDegrees>
                        </Position>
                        <AltitudeMeters>701.2850341796875</AltitudeMeters>
                    </Trackpoint>
                    <Trackpoint>
                        <DistanceMeters>229.72247862815857</DistanceMeters>
                        <Time>2021-10-03T07:09:35.693Z</Time>
                        <Position>
                            <LatitudeDegrees>30.997642517089844</LatitudeDegrees>
                            <LongitudeDegrees>103.61808013916016</LongitudeDegrees>
                        </Position>
                        <AltitudeMeters>701.03955078125</AltitudeMeters>
                    </Trackpoint>
                    <Trackpoint>
                        <DistanceMeters>229.72247862815857</DistanceMeters>
                        <Time>2021-10-03T07:09:36.693Z</Time>
                        <Position>
                            <LatitudeDegrees>30.997638702392578</LatitudeDegrees>
                            <LongitudeDegrees>103.61809539794922</LongitudeDegrees>
                        </Position>
                        <AltitudeMeters>701.0402221679688</AltitudeMeters>
                    </Trackpoint>
                    <Trackpoint>
                        <DistanceMeters>229.72247862815857</DistanceMeters>
                        <Time>2021-10-03T07:09:37.696Z</Time>
                        <Position>
                            <LatitudeDegrees>30.997634887695312</LatitudeDegrees>
                            <LongitudeDegrees>103.61810302734375</LongitudeDegrees>
                        </Position>
                        <AltitudeMeters>700.5152587890625</AltitudeMeters>
                    </Trackpoint>
                    <Trackpoint>
                        <DistanceMeters>229.72247862815857</DistanceMeters>
                        <Time>2021-10-03T07:09:38.697Z</Time>
                        <Position>
                            <LatitudeDegrees>30.997631072998047</LatitudeDegrees>
                            <LongitudeDegrees>103.61811828613281</LongitudeDegrees>
                        </Position>
                        <AltitudeMeters>700.4644775390625</AltitudeMeters>
                    </Trackpoint>
                    <Trackpoint>
                        <DistanceMeters>229.72247862815857</DistanceMeters>
                        <Time>2021-10-03T07:09:39.699Z</Time>
                        <Position>
                            <LatitudeDegrees>30.99762535095215</LatitudeDegrees>
                            <LongitudeDegrees>103.61812591552734</LongitudeDegrees>
                        </Position>
                        <AltitudeMeters>700.994384765625</AltitudeMeters>
                    </Trackpoint>
                    <Trackpoint>
                        <DistanceMeters>229.72247862815857</DistanceMeters>
                        <Time>2021-10-03T07:09:40.703Z</Time>
                        <Position>
                            <LatitudeDegrees>30.997621536254883</LatitudeDegrees>
                            <LongitudeDegrees>103.61813354492188</LongitudeDegrees>
                        </Position>
                        <AltitudeMeters>701.05859375</AltitudeMeters>
                    </Trackpoint>
                    <Trackpoint>
                        <DistanceMeters>229.72247862815857</DistanceMeters>
                        <Time>2021-10-03T07:09:41.696Z</Time>
                        <Position>
                            <LatitudeDegrees>30.997617721557617</LatitudeDegrees>
                            <LongitudeDegrees>103.61814880371094</LongitudeDegrees>
                        </Position>
                        <AltitudeMeters>701.4871826171875</AltitudeMeters>
                    </Trackpoint>
                    <Trackpoint>
                        <DistanceMeters>229.72247862815857</DistanceMeters>
                        <Time>2021-10-03T07:09:42.695Z</Time>
                        <Position>
                            <LatitudeDegrees>30.99761390686035</LatitudeDegrees>
                            <LongitudeDegrees>103.61815643310547</LongitudeDegrees>
                        </Position>
                        <AltitudeMeters>702.1932983398438</AltitudeMeters>
                    </Trackpoint>
                    <Trackpoint>
                        <DistanceMeters>229.72247862815857</DistanceMeters>
                        <Time>2021-10-03T07:09:43.700Z</Time>
                        <Position>
                            <LatitudeDegrees>30.997610092163086</LatitudeDegrees>
                            <LongitudeDegrees>103.61817169189453</LongitudeDegrees>
                        </Position>
                        <AltitudeMeters>702.314208984375</AltitudeMeters>
                    </Trackpoint>
                    <Trackpoint>
                        <DistanceMeters>229.72247862815857</DistanceMeters>
                        <Time>2021-10-03T07:09:44.697Z</Time>
                        <Position>
                            <LatitudeDegrees>30.997602462768555</LatitudeDegrees>
                            <LongitudeDegrees>103.61817932128906</LongitudeDegrees>
                        </Position>
                        <AltitudeMeters>702.374755859375</AltitudeMeters>
                    </Trackpoint>
                    <Trackpoint>
                        <DistanceMeters>229.72247862815857</DistanceMeters>
                        <Time>2021-10-03T07:09:45.696Z</Time>
                        <Position>
                            <LatitudeDegrees>30.99759864807129</LatitudeDegrees>
                            <LongitudeDegrees>103.61819458007812</LongitudeDegrees>
                        </Position>
                        <AltitudeMeters>702.47509765625</AltitudeMeters>
                    </Trackpoint>
                    <Trackpoint>
                        <DistanceMeters>229.72247862815857</DistanceMeters>
                        <Time>2021-10-03T07:09:46.695Z</Time>
                        <Position>
                            <LatitudeDegrees>30.99759292602539</LatitudeDegrees>
                            <LongitudeDegrees>103.61820220947266</LongitudeDegrees>
                        </Position>
                        <AltitudeMeters>701.7838134765625</AltitudeMeters>
                    </Trackpoint>
                    <Trackpoint>
                        <DistanceMeters>229.72247862815857</DistanceMeters>
                        <Time>2021-10-03T07:09:47.696Z</Time>
                        <Position>
                            <LatitudeDegrees>30.997589111328125</LatitudeDegrees>
                            <LongitudeDegrees>103.61821746826172</LongitudeDegrees>
                        </Position>
                        <AltitudeMeters>700.5321655273438</AltitudeMeters>
                    </Trackpoint>
                    <Trackpoint>
                        <DistanceMeters>229.72247862815857</DistanceMeters>
                        <Time>2021-10-03T07:09:48.697Z</Time>
                        <Position>
                            <LatitudeDegrees>30.99758529663086</LatitudeDegrees>
                            <LongitudeDegrees>103.61822509765625</LongitudeDegrees>
                        </Position>
                        <AltitudeMeters>700.4610595703125</AltitudeMeters>
                    </Trackpoint>
                    <Trackpoint>
                        <DistanceMeters>229.72247862815857</DistanceMeters>
                        <Time>2021-10-03T07:09:49.703Z</Time>
                        <Position>
                            <LatitudeDegrees>30.99757957458496</LatitudeDegrees>
                            <LongitudeDegrees>103.61823272705078</LongitudeDegrees>
                        </Position>
                        <AltitudeMeters>700.6738891601562</AltitudeMeters>
                    </Trackpoint>
                    <Trackpoint>
                        <DistanceMeters>229.72247862815857</DistanceMeters>
                        <Time>2021-10-03T07:09:50.695Z</Time>
                        <Position>
                            <LatitudeDegrees>30.997573852539062</LatitudeDegrees>
                            <LongitudeDegrees>103.61824798583984</LongitudeDegrees>
                        </Position>
                        <AltitudeMeters>700.9895629882812</AltitudeMeters>
                    </Trackpoint>
                    <Trackpoint>
                        <DistanceMeters>229.72247862815857</DistanceMeters>
                        <Time>2021-10-03T07:09:51.701Z</Time>
                        <Position>
                            <LatitudeDegrees>30.997568130493164</LatitudeDegrees>
                            <LongitudeDegrees>103.61825561523438</LongitudeDegrees>
                        </Position>
                        <AltitudeMeters>700.5721435546875</AltitudeMeters>
                    </Trackpoint>
                    <Trackpoint>
                        <DistanceMeters>229.72247862815857</DistanceMeters>
                        <Time>2021-10-03T07:09:52.693Z</Time>
                        <Position>
                            <LatitudeDegrees>30.997560501098633</LatitudeDegrees>
                            <LongitudeDegrees>103.6182632446289</LongitudeDegrees>
                        </Position>
                        <AltitudeMeters>700.1769409179688</AltitudeMeters>
                    </Trackpoint>
                    <Trackpoint>
                        <DistanceMeters>229.72247862815857</DistanceMeters>
                        <Time>2021-10-03T07:09:53.693Z</Time>
                        <Position>
                            <LatitudeDegrees>30.997554779052734</LatitudeDegrees>
                            <LongitudeDegrees>103.61827087402344</LongitudeDegrees>
                        </Position>
                        <AltitudeMeters>699.6063232421875</AltitudeMeters>
                    </Trackpoint>
                    <Trackpoint>
                        <DistanceMeters>229.72247862815857</DistanceMeters>
                        <Time>2021-10-03T07:09:54.694Z</Time>
                        <Position>
                            <LatitudeDegrees>30.997549057006836</LatitudeDegrees>
                            <LongitudeDegrees>103.61827850341797</LongitudeDegrees>
                        </Position>
                        <AltitudeMeters>699.1182250976562</AltitudeMeters>
                    </Trackpoint>
                    <Trackpoint>
                        <DistanceMeters>229.72247862815857</DistanceMeters>
                        <Time>2021-10-03T07:09:56.696Z</Time>
                        <Position>
                            <LatitudeDegrees>30.99753761291504</LatitudeDegrees>
                            <LongitudeDegrees>103.61829376220703</LongitudeDegrees>
                        </Position>
                        <AltitudeMeters>699.1747436523438</AltitudeMeters>
                    </Trackpoint>
                    <Trackpoint>
                        <DistanceMeters>229.72247862815857</DistanceMeters>
                        <Time>2021-10-03T07:09:57.693Z</Time>
                        <Position>
                            <LatitudeDegrees>30.997529983520508</LatitudeDegrees>
                            <LongitudeDegrees>103.61830139160156</LongitudeDegrees>
                        </Position>
                        <AltitudeMeters>699.6080322265625</AltitudeMeters>
                    </Trackpoint>
                    <Trackpoint>
                        <DistanceMeters>229.72247862815857</DistanceMeters>
                        <Time>2021-10-03T07:09:58.694Z</Time>
                        <Position>
                            <LatitudeDegrees>30.99752426147461</LatitudeDegrees>
                            <LongitudeDegrees>103.61831665039062</LongitudeDegrees>
                        </Position>
                        <AltitudeMeters>698.94677734375</AltitudeMeters>
                    </Trackpoint>
                    <Trackpoint>
                        <DistanceMeters>229.72247862815857</DistanceMeters>
                        <Time>2021-10-03T07:09:59.703Z</Time>
                        <Position>
                            <LatitudeDegrees>30.997516632080078</LatitudeDegrees>
                            <LongitudeDegrees>103.61832427978516</LongitudeDegrees>
                        </Position>
                        <AltitudeMeters>698.5399780273438</AltitudeMeters>
                    </Trackpoint>
                    <Trackpoint>
                        <DistanceMeters>263.10740065574646</DistanceMeters>
                        <Time>2021-10-03T07:10:00.696Z</Time>
                        <Position>
                            <LatitudeDegrees>30.997512817382812</LatitudeDegrees>
                            <LongitudeDegrees>103.61833190917969</LongitudeDegrees>
                        </Position>
                        <AltitudeMeters>698.4768676757812</AltitudeMeters>
                    </Trackpoint>
                    <Trackpoint>
                        <DistanceMeters>263.10740065574646</DistanceMeters>
                        <Time>2021-10-03T07:10:01.703Z</Time>
                        <Position>
                            <LatitudeDegrees>30.997507095336914</LatitudeDegrees>
                            <LongitudeDegrees>103.61834716796875</LongitudeDegrees>
                        </Position>
                        <AltitudeMeters>698.8790893554688</AltitudeMeters>
                    </Trackpoint>
                    <Trackpoint>
                        <DistanceMeters>263.10740065574646</DistanceMeters>
                        <Time>2021-10-03T07:10:02.695Z</Time>
                        <Position>
                            <LatitudeDegrees>30.997501373291016</LatitudeDegrees>
                            <LongitudeDegrees>103.61835479736328</LongitudeDegrees>
                        </Position>
                        <AltitudeMeters>699.1969604492188</AltitudeMeters>
                    </Trackpoint>
                    <Trackpoint>
                        <DistanceMeters>263.10740065574646</DistanceMeters>
                        <Time>2021-10-03T07:10:03.693Z</Time>
                        <Position>
                            <LatitudeDegrees>30.997495651245117</LatitudeDegrees>
                            <LongitudeDegrees>103.61836242675781</LongitudeDegrees>
                        </Position>
                        <AltitudeMeters>699.5326538085938</AltitudeMeters>
                    </Trackpoint>
                    <Trackpoint>
                        <DistanceMeters>263.10740065574646</DistanceMeters>
                        <Time>2021-10-03T07:10:04.694Z</Time>
                        <Position>
                            <LatitudeDegrees>30.99748992919922</LatitudeDegrees>
                            <LongitudeDegrees>103.61837768554688</LongitudeDegrees>
                        </Position>
                        <AltitudeMeters>699.6251831054688</AltitudeMeters>
                    </Trackpoint>
                    <Trackpoint>
                        <DistanceMeters>263.10740065574646</DistanceMeters>
                        <Time>2021-10-03T07:10:05.699Z</Time>
                        <Position>
                            <LatitudeDegrees>30.99748420715332</LatitudeDegrees>
                            <LongitudeDegrees>103.6183853149414</LongitudeDegrees>
                        </Position>
                        <AltitudeMeters>699.8783569335938</AltitudeMeters>
                    </Trackpoint>
                    <Trackpoint>
                        <DistanceMeters>263.10740065574646</DistanceMeters>
                        <Time>2021-10-03T07:10:06.701Z</Time>
                        <Position>
                            <LatitudeDegrees>30.997482299804688</LatitudeDegrees>
                            <LongitudeDegrees>103.61840057373047</LongitudeDegrees>
                        </Position>
                        <AltitudeMeters>699.5647583007812</AltitudeMeters>
                    </Trackpoint>
                    <Trackpoint>
                        <DistanceMeters>263.10740065574646</DistanceMeters>
                        <Time>2021-10-03T07:10:07.692Z</Time>
                        <Position>
                            <LatitudeDegrees>30.997480392456055</LatitudeDegrees>
                            <LongitudeDegrees>103.618408203125</LongitudeDegrees>
                        </Position>
                        <AltitudeMeters>699.587646484375</AltitudeMeters>
                    </Trackpoint>
                    <Trackpoint>
                        <DistanceMeters>263.10740065574646</DistanceMeters>
                        <Time>2021-10-03T07:10:08.694Z</Time>
                        <Position>
                            <LatitudeDegrees>30.99747657775879</LatitudeDegrees>
                            <LongitudeDegrees>103.61841583251953</LongitudeDegrees>
                        </Position>
                        <AltitudeMeters>698.7864379882812</AltitudeMeters>
                    </Trackpoint>
                    <Trackpoint>
                        <DistanceMeters>263.10740065574646</DistanceMeters>
                        <Time>2021-10-03T07:10:09.696Z</Time>
                        <Position>
                            <LatitudeDegrees>30.997468948364258</LatitudeDegrees>
                            <LongitudeDegrees>103.6184310913086</LongitudeDegrees>
                        </Position>
                        <AltitudeMeters>697.8359375</AltitudeMeters>
                    </Trackpoint>
                    <Trackpoint>
                        <DistanceMeters>263.10740065574646</DistanceMeters>
                        <Time>2021-10-03T07:10:10.698Z</Time>
                        <Position>
                            <LatitudeDegrees>30.99746322631836</LatitudeDegrees>
                            <LongitudeDegrees>103.61843872070312</LongitudeDegrees>
                        </Position>
                        <AltitudeMeters>698.8054809570312</AltitudeMeters>
                    </Trackpoint>
                    <Trackpoint>
                        <DistanceMeters>263.10740065574646</DistanceMeters>
                        <Time>2021-10-03T07:10:11.702Z</Time>
                        <Position>
                            <LatitudeDegrees>30.99745750427246</LatitudeDegrees>
                            <LongitudeDegrees>103.61844635009766</LongitudeDegrees>
                        </Position>
                        <AltitudeMeters>697.9385986328125</AltitudeMeters>
                    </Trackpoint>
                    <Trackpoint>
                        <DistanceMeters>263.10740065574646</DistanceMeters>
                        <Time>2021-10-03T07:10:12.703Z</Time>
                        <Position>
                            <LatitudeDegrees>30.997451782226562</LatitudeDegrees>
                            <LongitudeDegrees>103.61845397949219</LongitudeDegrees>
                        </Position>
                        <AltitudeMeters>699.4522705078125</AltitudeMeters>
                    </Trackpoint>
                    <Trackpoint>
                        <DistanceMeters>263.10740065574646</DistanceMeters>
                        <Time>2021-10-03T07:10:13.693Z</Time>
                        <Position>
                            <LatitudeDegrees>30.997446060180664</LatitudeDegrees>
                            <LongitudeDegrees>103.61846160888672</LongitudeDegrees>
                        </Position>
                        <AltitudeMeters>699.2076416015625</AltitudeMeters>
                    </Trackpoint>
                    <Trackpoint>
                        <DistanceMeters>263.10740065574646</DistanceMeters>
                        <Time>2021-10-03T07:10:14.693Z</Time>
                        <Position>
                            <LatitudeDegrees>30.997440338134766</LatitudeDegrees>
                            <LongitudeDegrees>103.61846923828125</LongitudeDegrees>
                        </Position>
                        <AltitudeMeters>698.94970703125</AltitudeMeters>
                    </Trackpoint>
                    <Trackpoint>
                        <DistanceMeters>263.10740065574646</DistanceMeters>
                        <Time>2021-10-03T07:10:15.696Z</Time>
                        <Position>
                            <LatitudeDegrees>30.997434616088867</LatitudeDegrees>
                            <LongitudeDegrees>103.61847686767578</LongitudeDegrees>
                        </Position>
                        <AltitudeMeters>699.2124633789062</AltitudeMeters>
                    </Trackpoint>
                    <Trackpoint>
                        <DistanceMeters>263.10740065574646</DistanceMeters>
                        <Time>2021-10-03T07:10:16.696Z</Time>
                        <Position>
                            <LatitudeDegrees>30.99742889404297</LatitudeDegrees>
                            <LongitudeDegrees>103.61848449707031</LongitudeDegrees>
                        </Position>
                        <AltitudeMeters>698.0475463867188</AltitudeMeters>
                    </Trackpoint>
                    <Trackpoint>
                        <DistanceMeters>263.10740065574646</DistanceMeters>
                        <Time>2021-10-03T07:10:17.691Z</Time>
                        <Position>
                            <LatitudeDegrees>30.997421264648438</LatitudeDegrees>
                            <LongitudeDegrees>103.61849212646484</LongitudeDegrees>
                        </Position>
                        <AltitudeMeters>697.480224609375</AltitudeMeters>
                    </Trackpoint>
                    <Trackpoint>
                        <DistanceMeters>263.10740065574646</DistanceMeters>
                        <Time>2021-10-03T07:10:18.695Z</Time>
                        <Position>
                            <LatitudeDegrees>30.997411727905273</LatitudeDegrees>
                            <LongitudeDegrees>103.61849975585938</LongitudeDegrees>
                        </Position>
                        <AltitudeMeters>697.6984252929688</AltitudeMeters>
                    </Trackpoint>
                    <Trackpoint>
                        <DistanceMeters>263.10740065574646</DistanceMeters>
                        <Time>2021-10-03T07:10:19.698Z</Time>
                        <Position>
                            <LatitudeDegrees>30.997404098510742</LatitudeDegrees>
                            <LongitudeDegrees>103.6185073852539</LongitudeDegrees>
                        </Position>
                        <AltitudeMeters>699.265869140625</AltitudeMeters>
                    </Trackpoint>
                    <Trackpoint>
                        <DistanceMeters>263.10740065574646</DistanceMeters>
                        <Time>2021-10-03T07:10:20.698Z</Time>
                        <Position>
                            <LatitudeDegrees>30.99739646911621</LatitudeDegrees>
                            <LongitudeDegrees>103.61851501464844</LongitudeDegrees>
                        </Position>
                        <AltitudeMeters>699.0512084960938</AltitudeMeters>
                    </Trackpoint>
                    <Trackpoint>
                        <DistanceMeters>263.10740065574646</DistanceMeters>
                        <Time>2021-10-03T07:10:21.697Z</Time>
                        <Position>
                            <LatitudeDegrees>30.997386932373047</LatitudeDegrees>
                            <LongitudeDegrees>103.61851501464844</LongitudeDegrees>
                        </Position>
                        <AltitudeMeters>698.8781127929688</AltitudeMeters>
                    </Trackpoint>
                    <Trackpoint>
                        <DistanceMeters>263.10740065574646</DistanceMeters>
                        <Time>2021-10-03T07:10:22.693Z</Time>
                        <Position>
                            <LatitudeDegrees>30.997377395629883</LatitudeDegrees>
                            <LongitudeDegrees>103.61852264404297</LongitudeDegrees>
                        </Position>
                        <AltitudeMeters>699.3860473632812</AltitudeMeters>
                    </Trackpoint>
                    <Trackpoint>
                        <DistanceMeters>263.10740065574646</DistanceMeters>
                        <Time>2021-10-03T07:10:23.696Z</Time>
                        <Position>
                            <LatitudeDegrees>30.99736976623535</LatitudeDegrees>
                            <LongitudeDegrees>103.6185302734375</LongitudeDegrees>
                        </Position>
                        <AltitudeMeters>700.5774536132812</AltitudeMeters>
                    </Trackpoint>
                    <Trackpoint>
                        <DistanceMeters>263.10740065574646</DistanceMeters>
                        <Time>2021-10-03T07:10:24.696Z</Time>
                        <Position>
                            <LatitudeDegrees>30.99736213684082</LatitudeDegrees>
                            <LongitudeDegrees>103.61853790283203</LongitudeDegrees>
                        </Position>
                        <AltitudeMeters>700.2137451171875</AltitudeMeters>
                    </Trackpoint>
                    <Trackpoint>
                        <DistanceMeters>263.10740065574646</DistanceMeters>
                        <Time>2021-10-03T07:10:25.695Z</Time>
                        <Position>
                            <LatitudeDegrees>30.99735450744629</LatitudeDegrees>
                            <LongitudeDegrees>103.61854553222656</LongitudeDegrees>
                        </Position>
                        <AltitudeMeters>700.0452880859375</AltitudeMeters>
                    </Trackpoint>
                    <Trackpoint>
                        <DistanceMeters>263.10740065574646</DistanceMeters>
                        <Time>2021-10-03T07:10:26.692Z</Time>
                        <Position>
                            <LatitudeDegrees>30.99734878540039</LatitudeDegrees>
                            <LongitudeDegrees>103.6185531616211</LongitudeDegrees>
                        </Position>
                        <AltitudeMeters>700.268310546875</AltitudeMeters>
                    </Trackpoint>
                    <Trackpoint>
                        <DistanceMeters>263.10740065574646</DistanceMeters>
                        <Time>2021-10-03T07:10:27.694Z</Time>
                        <Position>
                            <LatitudeDegrees>30.997343063354492</LatitudeDegrees>
                            <LongitudeDegrees>103.61856079101562</LongitudeDegrees>
                        </Position>
                        <AltitudeMeters>699.7389526367188</AltitudeMeters>
                    </Trackpoint>
                    <Trackpoint>
                        <DistanceMeters>263.10740065574646</DistanceMeters>
                        <Time>2021-10-03T07:10:28.695Z</Time>
                        <Position>
                            <LatitudeDegrees>30.997337341308594</LatitudeDegrees>
                            <LongitudeDegrees>103.61857604980469</LongitudeDegrees>
                        </Position>
                        <AltitudeMeters>700.2144775390625</AltitudeMeters>
                    </Trackpoint>
                    <Trackpoint>
                        <DistanceMeters>263.10740065574646</DistanceMeters>
                        <Time>2021-10-03T07:10:29.700Z</Time>
                        <Position>
                            <LatitudeDegrees>30.997329711914062</LatitudeDegrees>
                            <LongitudeDegrees>103.61858367919922</LongitudeDegrees>
                        </Position>
                        <AltitudeMeters>700.2619018554688</AltitudeMeters>
                    </Trackpoint>
                    <Trackpoint>
                        <DistanceMeters>296.9554498195648</DistanceMeters>
                        <Time>2021-10-03T07:10:30.696Z</Time>
                        <Position>
                            <LatitudeDegrees>30.997323989868164</LatitudeDegrees>
                            <LongitudeDegrees>103.61859130859375</LongitudeDegrees>
                        </Position>
                        <AltitudeMeters>700.4819946289062</AltitudeMeters>
                    </Trackpoint>
                    <Trackpoint>
                        <DistanceMeters>296.9554498195648</DistanceMeters>
                        <Time>2021-10-03T07:10:32.695Z</Time>
                        <Position>
                            <LatitudeDegrees>30.997312545776367</LatitudeDegrees>
                            <LongitudeDegrees>103.61860656738281</LongitudeDegrees>
                        </Position>
                        <AltitudeMeters>699.1439819335938</AltitudeMeters>
                    </Trackpoint>
                    <Trackpoint>
                        <DistanceMeters>296.9554498195648</DistanceMeters>
                        <Time>2021-10-03T07:10:33.698Z</Time>
                        <Position>
                            <LatitudeDegrees>30.99730682373047</LatitudeDegrees>
                            <LongitudeDegrees>103.61861419677734</LongitudeDegrees>
                        </Position>
                        <AltitudeMeters>699.7063598632812</AltitudeMeters>
                    </Trackpoint>
                    <Trackpoint>
                        <DistanceMeters>296.9554498195648</DistanceMeters>
                        <Time>2021-10-03T07:10:35.693Z</Time>
                        <Position>
                            <LatitudeDegrees>30.99729347229004</LatitudeDegrees>
                            <LongitudeDegrees>103.6186294555664</LongitudeDegrees>
                        </Position>
                        <AltitudeMeters>699.7932739257812</AltitudeMeters>
                    </Trackpoint>
                    <Trackpoint>
                        <DistanceMeters>296.9554498195648</DistanceMeters>
                        <Time>2021-10-03T07:10:36.696Z</Time>
                        <Position>
                            <LatitudeDegrees>30.99728775024414</LatitudeDegrees>
                            <LongitudeDegrees>103.61863708496094</LongitudeDegrees>
                        </Position>
                        <AltitudeMeters>699.271484375</AltitudeMeters>
                    </Trackpoint>
                    <Trackpoint>
                        <DistanceMeters>296.9554498195648</DistanceMeters>
                        <Time>2021-10-03T07:10:37.696Z</Time>
                        <Position>
                            <LatitudeDegrees>30.99728012084961</LatitudeDegrees>
                            <LongitudeDegrees>103.61864471435547</LongitudeDegrees>
                        </Position>
                        <AltitudeMeters>698.9172973632812</AltitudeMeters>
                    </Trackpoint>
                    <Trackpoint>
                        <DistanceMeters>296.9554498195648</DistanceMeters>
                        <Time>2021-10-03T07:10:38.696Z</Time>
                        <Position>
                            <LatitudeDegrees>30.99727439880371</LatitudeDegrees>
                            <LongitudeDegrees>103.61865234375</LongitudeDegrees>
                        </Position>
                        <AltitudeMeters>698.4999389648438</AltitudeMeters>
                    </Trackpoint>
                    <Trackpoint>
                        <DistanceMeters>296.9554498195648</DistanceMeters>
                        <Time>2021-10-03T07:10:39.697Z</Time>
                        <Position>
                            <LatitudeDegrees>30.997268676757812</LatitudeDegrees>
                            <LongitudeDegrees>103.61865997314453</LongitudeDegrees>
                        </Position>
                        <AltitudeMeters>699.0018310546875</AltitudeMeters>
                    </Trackpoint>
                    <Trackpoint>
                        <DistanceMeters>296.9554498195648</DistanceMeters>
                        <Time>2021-10-03T07:10:40.700Z</Time>
                        <Position>
                            <LatitudeDegrees>30.99726104736328</LatitudeDegrees>
                            <LongitudeDegrees>103.61866760253906</LongitudeDegrees>
                        </Position>
                        <AltitudeMeters>699.7606201171875</AltitudeMeters>
                    </Trackpoint>
                    <Trackpoint>
                        <DistanceMeters>296.9554498195648</DistanceMeters>
                        <Time>2021-10-03T07:10:41.696Z</Time>
                        <Position>
                            <LatitudeDegrees>30.997255325317383</LatitudeDegrees>
                            <LongitudeDegrees>103.6186752319336</LongitudeDegrees>
                        </Position>
                        <AltitudeMeters>700.1617431640625</AltitudeMeters>
                    </Trackpoint>
                    <Trackpoint>
                        <DistanceMeters>296.9554498195648</DistanceMeters>
                        <Time>2021-10-03T07:10:42.692Z</Time>
                        <Position>
                            <LatitudeDegrees>30.99724769592285</LatitudeDegrees>
                            <LongitudeDegrees>103.61869049072266</LongitudeDegrees>
                        </Position>
                        <AltitudeMeters>700.5352783203125</AltitudeMeters>
                    </Trackpoint>
                    <Trackpoint>
                        <DistanceMeters>296.9554498195648</DistanceMeters>
                        <Time>2021-10-03T07:10:43.692Z</Time>
                        <Position>
                            <LatitudeDegrees>30.99724006652832</LatitudeDegrees>
                            <LongitudeDegrees>103.61869812011719</LongitudeDegrees>
                        </Position>
                        <AltitudeMeters>700.9758911132812</AltitudeMeters>
                    </Trackpoint>
                    <Trackpoint>
                        <DistanceMeters>296.9554498195648</DistanceMeters>
                        <Time>2021-10-03T07:10:44.696Z</Time>
                        <Position>
                            <LatitudeDegrees>30.99723243713379</LatitudeDegrees>
                            <LongitudeDegrees>103.61870574951172</LongitudeDegrees>
                        </Position>
                        <AltitudeMeters>700.0878295898438</AltitudeMeters>
                    </Trackpoint>
                    <Trackpoint>
                        <DistanceMeters>296.9554498195648</DistanceMeters>
                        <Time>2021-10-03T07:10:45.697Z</Time>
                        <Position>
                            <LatitudeDegrees>30.997222900390625</LatitudeDegrees>
                            <LongitudeDegrees>103.61871337890625</LongitudeDegrees>
                        </Position>
                        <AltitudeMeters>700.383544921875</AltitudeMeters>
                    </Trackpoint>
                    <Trackpoint>
                        <DistanceMeters>296.9554498195648</DistanceMeters>
                        <Time>2021-10-03T07:10:46.699Z</Time>
                        <Position>
                            <LatitudeDegrees>30.99721336364746</LatitudeDegrees>
                            <LongitudeDegrees>103.61872100830078</LongitudeDegrees>
                        </Position>
                        <AltitudeMeters>700.0808715820312</AltitudeMeters>
                    </Trackpoint>
                    <Trackpoint>
                        <DistanceMeters>296.9554498195648</DistanceMeters>
                        <Time>2021-10-03T07:10:47.693Z</Time>
                        <Position>
                            <LatitudeDegrees>30.99720573425293</LatitudeDegrees>
                            <LongitudeDegrees>103.61872863769531</LongitudeDegrees>
                        </Position>
                        <AltitudeMeters>700.1195678710938</AltitudeMeters>
                    </Trackpoint>
                    <Trackpoint>
                        <DistanceMeters>296.9554498195648</DistanceMeters>
                        <Time>2021-10-03T07:10:48.693Z</Time>
                        <Position>
                            <LatitudeDegrees>30.997196197509766</LatitudeDegrees>
                            <LongitudeDegrees>103.61872863769531</LongitudeDegrees>
                        </Position>
                        <AltitudeMeters>699.7243041992188</AltitudeMeters>
                    </Trackpoint>
                    <Trackpoint>
                        <DistanceMeters>296.9554498195648</DistanceMeters>
                        <Time>2021-10-03T07:10:49.697Z</Time>
                        <Position>
                            <LatitudeDegrees>30.9971866607666</LatitudeDegrees>
                            <LongitudeDegrees>103.61874389648438</LongitudeDegrees>
                        </Position>
                        <AltitudeMeters>700.1478881835938</AltitudeMeters>
                    </Trackpoint>
                    <Trackpoint>
                        <DistanceMeters>296.9554498195648</DistanceMeters>
                        <Time>2021-10-03T07:10:50.697Z</Time>
                        <Position>
                            <LatitudeDegrees>30.99717903137207</LatitudeDegrees>
                            <LongitudeDegrees>103.6187515258789</LongitudeDegrees>
                        </Position>
                        <AltitudeMeters>699.6173095703125</AltitudeMeters>
                    </Trackpoint>
                    <Trackpoint>
                        <DistanceMeters>296.9554498195648</DistanceMeters>
                        <Time>2021-10-03T07:10:51.702Z</Time>
                        <Position>
                            <LatitudeDegrees>30.997173309326172</LatitudeDegrees>
                            <LongitudeDegrees>103.61875915527344</LongitudeDegrees>
                        </Position>
                        <AltitudeMeters>698.8702392578125</AltitudeMeters>
                    </Trackpoint>
                    <Trackpoint>
                        <DistanceMeters>296.9554498195648</DistanceMeters>
                        <Time>2021-10-03T07:10:52.697Z</Time>
                        <Position>
                            <LatitudeDegrees>30.99716567993164</LatitudeDegrees>
                            <LongitudeDegrees>103.61876678466797</LongitudeDegrees>
                        </Position>
                        <AltitudeMeters>698.218994140625</AltitudeMeters>
                    </Trackpoint>
                    <Trackpoint>
                        <DistanceMeters>296.9554498195648</DistanceMeters>
                        <Time>2021-10-03T07:10:53.698Z</Time>
                        <Position>
                            <LatitudeDegrees>30.997159957885742</LatitudeDegrees>
                            <LongitudeDegrees>103.61878204345703</LongitudeDegrees>
                        </Position>
                        <AltitudeMeters>697.818359375</AltitudeMeters>
                    </Trackpoint>
                    <Trackpoint>
                        <DistanceMeters>296.9554498195648</DistanceMeters>
                        <Time>2021-10-03T07:10:54.696Z</Time>
                        <Position>
                            <LatitudeDegrees>30.997154235839844</LatitudeDegrees>
                            <LongitudeDegrees>103.61878967285156</LongitudeDegrees>
                        </Position>
                        <AltitudeMeters>697.6027221679688</AltitudeMeters>
                    </Trackpoint>
                    <Trackpoint>
                        <DistanceMeters>296.9554498195648</DistanceMeters>
                        <Time>2021-10-03T07:10:55.694Z</Time>
                        <Position>
                            <LatitudeDegrees>30.997148513793945</LatitudeDegrees>
                            <LongitudeDegrees>103.6187973022461</LongitudeDegrees>
                        </Position>
                        <AltitudeMeters>697.5205688476562</AltitudeMeters>
                    </Trackpoint>
                    <Trackpoint>
                        <DistanceMeters>296.9554498195648</DistanceMeters>
                        <Time>2021-10-03T07:10:56.693Z</Time>
                        <Position>
                            <LatitudeDegrees>30.997142791748047</LatitudeDegrees>
                            <LongitudeDegrees>103.61880493164062</LongitudeDegrees>
                        </Position>
                        <AltitudeMeters>697.1026000976562</AltitudeMeters>
                    </Trackpoint>
                    <Trackpoint>
                        <DistanceMeters>296.9554498195648</DistanceMeters>
                        <Time>2021-10-03T07:10:57.697Z</Time>
                        <Position>
                            <LatitudeDegrees>30.99713706970215</LatitudeDegrees>
                            <LongitudeDegrees>103.61881256103516</LongitudeDegrees>
                        </Position>
                        <AltitudeMeters>695.4249267578125</AltitudeMeters>
                    </Trackpoint>
                    <Trackpoint>
                        <DistanceMeters>296.9554498195648</DistanceMeters>
                        <Time>2021-10-03T07:10:58.695Z</Time>
                        <Position>
                            <LatitudeDegrees>30.997129440307617</LatitudeDegrees>
                            <LongitudeDegrees>103.61882019042969</LongitudeDegrees>
                        </Position>
                        <AltitudeMeters>695.5054321289062</AltitudeMeters>
                    </Trackpoint>
                    <Trackpoint>
                        <DistanceMeters>296.9554498195648</DistanceMeters>
                        <Time>2021-10-03T07:10:59.698Z</Time>
                        <Position>
                            <LatitudeDegrees>30.99712371826172</LatitudeDegrees>
                            <LongitudeDegrees>103.61883544921875</LongitudeDegrees>
                        </Position>
                        <AltitudeMeters>695.0645141601562</AltitudeMeters>
                    </Trackpoint>
                    <Trackpoint>
                        <DistanceMeters>331.33900237083435</DistanceMeters>
                        <Time>2021-10-03T07:11:00.699Z</Time>
                        <Position>
                            <LatitudeDegrees>30.997116088867188</LatitudeDegrees>
                            <LongitudeDegrees>103.61884307861328</LongitudeDegrees>
                        </Position>
                        <AltitudeMeters>694.3980712890625</AltitudeMeters>
                    </Trackpoint>
                    <Trackpoint>
                        <DistanceMeters>331.33900237083435</DistanceMeters>
                        <Time>2021-10-03T07:11:01.693Z</Time>
                        <Position>
                            <LatitudeDegrees>30.997108459472656</LatitudeDegrees>
                            <LongitudeDegrees>103.61885070800781</LongitudeDegrees>
                        </Position>
                        <AltitudeMeters>693.5907592773438</AltitudeMeters>
                    </Trackpoint>
                    <Trackpoint>
                        <DistanceMeters>331.33900237083435</DistanceMeters>
                        <Time>2021-10-03T07:11:02.696Z</Time>
                        <Position>
                            <LatitudeDegrees>30.997100830078125</LatitudeDegrees>
                            <LongitudeDegrees>103.61885833740234</LongitudeDegrees>
                        </Position>
                        <AltitudeMeters>693.1959228515625</AltitudeMeters>
                    </Trackpoint>
                    <Trackpoint>
                        <DistanceMeters>331.33900237083435</DistanceMeters>
                        <Time>2021-10-03T07:11:03.697Z</Time>
                        <Position>
                            <LatitudeDegrees>30.997093200683594</LatitudeDegrees>
                            <LongitudeDegrees>103.61886596679688</LongitudeDegrees>
                        </Position>
                        <AltitudeMeters>692.3759765625</AltitudeMeters>
                    </Trackpoint>
                    <Trackpoint>
                        <DistanceMeters>331.33900237083435</DistanceMeters>
                        <Time>2021-10-03T07:11:04.698Z</Time>
                        <Position>
                            <LatitudeDegrees>30.99708366394043</LatitudeDegrees>
                            <LongitudeDegrees>103.6188735961914</LongitudeDegrees>
                        </Position>
                        <AltitudeMeters>692.3709106445312</AltitudeMeters>
                    </Trackpoint>
                    <Trackpoint>
                        <DistanceMeters>331.33900237083435</DistanceMeters>
                        <Time>2021-10-03T07:11:05.696Z</Time>
                        <Position>
                            <LatitudeDegrees>30.9970760345459</LatitudeDegrees>
                            <LongitudeDegrees>103.6188735961914</LongitudeDegrees>
                        </Position>
                        <AltitudeMeters>692.0392456054688</AltitudeMeters>
                    </Trackpoint>
                    <Trackpoint>
                        <DistanceMeters>331.33900237083435</DistanceMeters>
                        <Time>2021-10-03T07:11:06.695Z</Time>
                        <Position>
                            <LatitudeDegrees>30.997068405151367</LatitudeDegrees>
                            <LongitudeDegrees>103.61888122558594</LongitudeDegrees>
                        </Position>
                        <AltitudeMeters>692.0726928710938</AltitudeMeters>
                    </Trackpoint>
                    <Trackpoint>
                        <DistanceMeters>331.33900237083435</DistanceMeters>
                        <Time>2021-10-03T07:11:07.694Z</Time>
                        <Position>
                            <LatitudeDegrees>30.997058868408203</LatitudeDegrees>
                            <LongitudeDegrees>103.61888885498047</LongitudeDegrees>
                        </Position>
                        <AltitudeMeters>692.4105834960938</AltitudeMeters>
                    </Trackpoint>
                    <Trackpoint>
                        <DistanceMeters>331.33900237083435</DistanceMeters>
                        <Time>2021-10-03T07:11:08.693Z</Time>
                        <Position>
                            <LatitudeDegrees>30.99704933166504</LatitudeDegrees>
                            <LongitudeDegrees>103.618896484375</LongitudeDegrees>
                        </Position>
                        <AltitudeMeters>693.0152587890625</AltitudeMeters>
                    </Trackpoint>
                    <Trackpoint>
                        <DistanceMeters>331.33900237083435</DistanceMeters>
                        <Time>2021-10-03T07:11:09.696Z</Time>
                        <Position>
                            <LatitudeDegrees>30.997039794921875</LatitudeDegrees>
                            <LongitudeDegrees>103.61890411376953</LongitudeDegrees>
                        </Position>
                        <AltitudeMeters>692.9591674804688</AltitudeMeters>
                    </Trackpoint>
                    <Trackpoint>
                        <DistanceMeters>331.33900237083435</DistanceMeters>
                        <Time>2021-10-03T07:11:10.698Z</Time>
                        <Position>
                            <LatitudeDegrees>30.99703025817871</LatitudeDegrees>
                            <LongitudeDegrees>103.61891174316406</LongitudeDegrees>
                        </Position>
                        <AltitudeMeters>692.6287841796875</AltitudeMeters>
                    </Trackpoint>
                    <Trackpoint>
                        <DistanceMeters>331.33900237083435</DistanceMeters>
                        <Time>2021-10-03T07:11:11.693Z</Time>
                        <Position>
                            <LatitudeDegrees>30.99702262878418</LatitudeDegrees>
                            <LongitudeDegrees>103.6189193725586</LongitudeDegrees>
                        </Position>
                        <AltitudeMeters>692.222900390625</AltitudeMeters>
                    </Trackpoint>
                    <Trackpoint>
                        <DistanceMeters>331.33900237083435</DistanceMeters>
                        <Time>2021-10-03T07:11:12.693Z</Time>
                        <Position>
                            <LatitudeDegrees>30.99701499938965</LatitudeDegrees>
                            <LongitudeDegrees>103.61892700195312</LongitudeDegrees>
                        </Position>
                        <AltitudeMeters>692.4473876953125</AltitudeMeters>
                    </Trackpoint>
                    <Trackpoint>
                        <DistanceMeters>331.33900237083435</DistanceMeters>
                        <Time>2021-10-03T07:11:13.695Z</Time>
                        <Position>
                            <LatitudeDegrees>30.99700927734375</LatitudeDegrees>
                            <LongitudeDegrees>103.61894226074219</LongitudeDegrees>
                        </Position>
                        <AltitudeMeters>692.0984497070312</AltitudeMeters>
                    </Trackpoint>
                    <Trackpoint>
                        <DistanceMeters>331.33900237083435</DistanceMeters>
                        <Time>2021-10-03T07:11:14.696Z</Time>
                        <Position>
                            <LatitudeDegrees>30.99700164794922</LatitudeDegrees>
                            <LongitudeDegrees>103.61894989013672</LongitudeDegrees>
                        </Position>
                        <AltitudeMeters>692.5094604492188</AltitudeMeters>
                    </Trackpoint>
                    <Trackpoint>
                        <DistanceMeters>331.33900237083435</DistanceMeters>
                        <Time>2021-10-03T07:11:15.694Z</Time>
                        <Position>
                            <LatitudeDegrees>30.996994018554688</LatitudeDegrees>
                            <LongitudeDegrees>103.61895751953125</LongitudeDegrees>
                        </Position>
                        <AltitudeMeters>693.551025390625</AltitudeMeters>
                    </Trackpoint>
                    <Trackpoint>
                        <DistanceMeters>331.33900237083435</DistanceMeters>
                        <Time>2021-10-03T07:11:16.695Z</Time>
                        <Position>
                            <LatitudeDegrees>30.996986389160156</LatitudeDegrees>
                            <LongitudeDegrees>103.61895751953125</LongitudeDegrees>
                        </Position>
                        <AltitudeMeters>693.1895751953125</AltitudeMeters>
                    </Trackpoint>
                    <Trackpoint>
                        <DistanceMeters>331.33900237083435</DistanceMeters>
                        <Time>2021-10-03T07:11:17.692Z</Time>
                        <Position>
                            <LatitudeDegrees>30.996976852416992</LatitudeDegrees>
                            <LongitudeDegrees>103.61896514892578</LongitudeDegrees>
                        </Position>
                        <AltitudeMeters>693.071533203125</AltitudeMeters>
                    </Trackpoint>
                    <Trackpoint>
                        <DistanceMeters>331.33900237083435</DistanceMeters>
                        <Time>2021-10-03T07:11:18.699Z</Time>
                        <Position>
                            <LatitudeDegrees>30.99696922302246</LatitudeDegrees>
                            <LongitudeDegrees>103.61897277832031</LongitudeDegrees>
                        </Position>
                        <AltitudeMeters>693.01708984375</AltitudeMeters>
                    </Trackpoint>
                    <Trackpoint>
                        <DistanceMeters>331.33900237083435</DistanceMeters>
                        <Time>2021-10-03T07:11:19.696Z</Time>
                        <Position>
                            <LatitudeDegrees>30.996959686279297</LatitudeDegrees>
                            <LongitudeDegrees>103.61898040771484</LongitudeDegrees>
                        </Position>
                        <AltitudeMeters>693.611083984375</AltitudeMeters>
                    </Trackpoint>
                    <Trackpoint>
                        <DistanceMeters>331.33900237083435</DistanceMeters>
                        <Time>2021-10-03T07:11:20.692Z</Time>
                        <Position>
                            <LatitudeDegrees>30.996950149536133</LatitudeDegrees>
                            <LongitudeDegrees>103.61898803710938</LongitudeDegrees>
                        </Position>
                        <AltitudeMeters>694.0753173828125</AltitudeMeters>
                    </Trackpoint>
                    <Trackpoint>
                        <DistanceMeters>331.33900237083435</DistanceMeters>
                        <Time>2021-10-03T07:11:21.693Z</Time>
                        <Position>
                            <LatitudeDegrees>30.99694061279297</LatitudeDegrees>
                            <LongitudeDegrees>103.6189956665039</LongitudeDegrees>
                        </Position>
                        <AltitudeMeters>694.96484375</AltitudeMeters>
                    </Trackpoint>
                    <Trackpoint>
                        <DistanceMeters>331.33900237083435</DistanceMeters>
                        <Time>2021-10-03T07:11:22.698Z</Time>
                        <Position>
                            <LatitudeDegrees>30.99693489074707</LatitudeDegrees>
                            <LongitudeDegrees>103.61900329589844</LongitudeDegrees>
                        </Position>
                        <AltitudeMeters>696.2144775390625</AltitudeMeters>
                    </Trackpoint>
                    <Trackpoint>
                        <DistanceMeters>331.33900237083435</DistanceMeters>
                        <Time>2021-10-03T07:11:23.696Z</Time>
                        <Position>
                            <LatitudeDegrees>30.996931076049805</LatitudeDegrees>
                            <LongitudeDegrees>103.61901092529297</LongitudeDegrees>
                        </Position>
                        <AltitudeMeters>696.8876342773438</AltitudeMeters>
                    </Trackpoint>
                    <Trackpoint>
                        <DistanceMeters>331.33900237083435</DistanceMeters>
                        <Time>2021-10-03T07:11:24.699Z</Time>
                        <Position>
                            <LatitudeDegrees>30.996923446655273</LatitudeDegrees>
                            <LongitudeDegrees>103.6190185546875</LongitudeDegrees>
                        </Position>
                        <AltitudeMeters>697.8855590820312</AltitudeMeters>
                    </Trackpoint>
                    <Trackpoint>
                        <DistanceMeters>331.33900237083435</DistanceMeters>
                        <Time>2021-10-03T07:11:26.696Z</Time>
                        <Position>
                            <LatitudeDegrees>30.996906280517578</LatitudeDegrees>
                            <LongitudeDegrees>103.61902618408203</LongitudeDegrees>
                        </Position>
                        <AltitudeMeters>698.1624145507812</AltitudeMeters>
                    </Trackpoint>
                    <Trackpoint>
                        <DistanceMeters>331.33900237083435</DistanceMeters>
                        <Time>2021-10-03T07:11:27.698Z</Time>
                        <Position>
                            <LatitudeDegrees>30.996896743774414</LatitudeDegrees>
                            <LongitudeDegrees>103.61902618408203</LongitudeDegrees>
                        </Position>
                        <AltitudeMeters>699.12744140625</AltitudeMeters>
                    </Trackpoint>
                    <Trackpoint>
                        <DistanceMeters>331.33900237083435</DistanceMeters>
                        <Time>2021-10-03T07:11:28.693Z</Time>
                        <Position>
                            <LatitudeDegrees>30.99688720703125</LatitudeDegrees>
                            <LongitudeDegrees>103.61902618408203</LongitudeDegrees>
                        </Position>
                        <AltitudeMeters>701.0105590820312</AltitudeMeters>
                    </Trackpoint>
                    <Trackpoint>
                        <DistanceMeters>331.33900237083435</DistanceMeters>
                        <Time>2021-10-03T07:11:29.695Z</Time>
                        <Position>
                            <LatitudeDegrees>30.996877670288086</LatitudeDegrees>
                            <LongitudeDegrees>103.61903381347656</LongitudeDegrees>
                        </Position>
                        <AltitudeMeters>701.9139404296875</AltitudeMeters>
                    </Trackpoint>
                    <Trackpoint>
                        <DistanceMeters>362.29902243614197</DistanceMeters>
                        <Time>2021-10-03T07:11:30.694Z</Time>
                        <Position>
                            <LatitudeDegrees>30.996868133544922</LatitudeDegrees>
                            <LongitudeDegrees>103.61903381347656</LongitudeDegrees>
                        </Position>
                        <AltitudeMeters>702.7249145507812</AltitudeMeters>
                    </Trackpoint>
                    <Trackpoint>
                        <DistanceMeters>362.29902243614197</DistanceMeters>
                        <Time>2021-10-03T07:11:31.696Z</Time>
                        <Position>
                            <LatitudeDegrees>30.996858596801758</LatitudeDegrees>
                            <LongitudeDegrees>103.61902618408203</LongitudeDegrees>
                        </Position>
                        <AltitudeMeters>702.7927856445312</AltitudeMeters>
                    </Trackpoint>
                    <Trackpoint>
                        <DistanceMeters>362.29902243614197</DistanceMeters>
                        <Time>2021-10-03T07:11:32.695Z</Time>
                        <Position>
                            <LatitudeDegrees>30.996849060058594</LatitudeDegrees>
                            <LongitudeDegrees>103.61902618408203</LongitudeDegrees>
                        </Position>
                        <AltitudeMeters>703.217041015625</AltitudeMeters>
                    </Trackpoint>
                    <Trackpoint>
                        <DistanceMeters>362.29902243614197</DistanceMeters>
                        <Time>2021-10-03T07:11:33.705Z</Time>
                        <Position>
                            <LatitudeDegrees>30.99683952331543</LatitudeDegrees>
                            <LongitudeDegrees>103.61902618408203</LongitudeDegrees>
                        </Position>
                        <AltitudeMeters>705.5064086914062</AltitudeMeters>
                    </Trackpoint>
                    <Trackpoint>
                        <DistanceMeters>362.29902243614197</DistanceMeters>
                        <Time>2021-10-03T07:11:34.693Z</Time>
                        <Position>
                            <LatitudeDegrees>30.996829986572266</LatitudeDegrees>
                            <LongitudeDegrees>103.61903381347656</LongitudeDegrees>
                        </Position>
                        <AltitudeMeters>705.8234252929688</AltitudeMeters>
                    </Trackpoint>
                    <Trackpoint>
                        <DistanceMeters>362.29902243614197</DistanceMeters>
                        <Time>2021-10-03T07:11:35.701Z</Time>
                        <Position>
                            <LatitudeDegrees>30.99681854248047</LatitudeDegrees>
                            <LongitudeDegrees>103.61903381347656</LongitudeDegrees>
                        </Position>
                        <AltitudeMeters>706.022705078125</AltitudeMeters>
                    </Trackpoint>
                    <Trackpoint>
                        <DistanceMeters>362.29902243614197</DistanceMeters>
                        <Time>2021-10-03T07:11:36.696Z</Time>
                        <Position>
                            <LatitudeDegrees>30.996809005737305</LatitudeDegrees>
                            <LongitudeDegrees>103.61903381347656</LongitudeDegrees>
                        </Position>
                        <AltitudeMeters>707.1858520507812</AltitudeMeters>
                    </Trackpoint>
                    <Trackpoint>
                        <DistanceMeters>362.29902243614197</DistanceMeters>
                        <Time>2021-10-03T07:11:37.697Z</Time>
                        <Position>
                            <LatitudeDegrees>30.99679946899414</LatitudeDegrees>
                            <LongitudeDegrees>103.61902618408203</LongitudeDegrees>
                        </Position>
                        <AltitudeMeters>707.5912475585938</AltitudeMeters>
                    </Trackpoint>
                    <Trackpoint>
                        <DistanceMeters>362.29902243614197</DistanceMeters>
                        <Time>2021-10-03T07:11:38.697Z</Time>
                        <Position>
                            <LatitudeDegrees>30.996789932250977</LatitudeDegrees>
                            <LongitudeDegrees>103.6190185546875</LongitudeDegrees>
                        </Position>
                        <AltitudeMeters>706.4431762695312</AltitudeMeters>
                    </Trackpoint>
                    <Trackpoint>
                        <DistanceMeters>362.29902243614197</DistanceMeters>
                        <Time>2021-10-03T07:11:39.693Z</Time>
                        <Position>
                            <LatitudeDegrees>30.996780395507812</LatitudeDegrees>
                            <LongitudeDegrees>103.6190185546875</LongitudeDegrees>
                        </Position>
                        <AltitudeMeters>707.1556396484375</AltitudeMeters>
                    </Trackpoint>
                    <Trackpoint>
                        <DistanceMeters>362.29902243614197</DistanceMeters>
                        <Time>2021-10-03T07:11:40.693Z</Time>
                        <Position>
                            <LatitudeDegrees>30.99677085876465</LatitudeDegrees>
                            <LongitudeDegrees>103.61901092529297</LongitudeDegrees>
                        </Position>
                        <AltitudeMeters>706.821533203125</AltitudeMeters>
                    </Trackpoint>
                    <Trackpoint>
                        <DistanceMeters>362.29902243614197</DistanceMeters>
                        <Time>2021-10-03T07:11:41.695Z</Time>
                        <Position>
                            <LatitudeDegrees>30.996761322021484</LatitudeDegrees>
                            <LongitudeDegrees>103.61900329589844</LongitudeDegrees>
                        </Position>
                        <AltitudeMeters>708.233154296875</AltitudeMeters>
                    </Trackpoint>
                    <Trackpoint>
                        <DistanceMeters>362.29902243614197</DistanceMeters>
                        <Time>2021-10-03T07:11:42.697Z</Time>
                        <Position>
                            <LatitudeDegrees>30.996749877929688</LatitudeDegrees>
                            <LongitudeDegrees>103.61901092529297</LongitudeDegrees>
                        </Position>
                        <AltitudeMeters>709.1787719726562</AltitudeMeters>
                    </Trackpoint>
                    <Trackpoint>
                        <DistanceMeters>362.29902243614197</DistanceMeters>
                        <Time>2021-10-03T07:11:43.697Z</Time>
                        <Position>
                            <LatitudeDegrees>30.99673843383789</LatitudeDegrees>
                            <LongitudeDegrees>103.6190185546875</LongitudeDegrees>
                        </Position>
                        <AltitudeMeters>710.0225219726562</AltitudeMeters>
                    </Trackpoint>
                    <Trackpoint>
                        <DistanceMeters>362.29902243614197</DistanceMeters>
                        <Time>2021-10-03T07:11:44.702Z</Time>
                        <Position>
                            <LatitudeDegrees>30.99673080444336</LatitudeDegrees>
                            <LongitudeDegrees>103.6190185546875</LongitudeDegrees>
                        </Position>
                        <AltitudeMeters>710.410400390625</AltitudeMeters>
                    </Trackpoint>
                    <Trackpoint>
                        <DistanceMeters>362.29902243614197</DistanceMeters>
                        <Time>2021-10-03T07:11:45.696Z</Time>
                        <Position>
                            <LatitudeDegrees>30.996723175048828</LatitudeDegrees>
                            <LongitudeDegrees>103.61903381347656</LongitudeDegrees>
                        </Position>
                        <AltitudeMeters>711.7726440429688</AltitudeMeters>
                    </Trackpoint>
                    <Trackpoint>
                        <DistanceMeters>362.29902243614197</DistanceMeters>
                        <Time>2021-10-03T07:11:46.694Z</Time>
                        <Position>
                            <LatitudeDegrees>30.99671745300293</LatitudeDegrees>
                            <LongitudeDegrees>103.6190414428711</LongitudeDegrees>
                        </Position>
                        <AltitudeMeters>712.039794921875</AltitudeMeters>
                    </Trackpoint>
                    <Trackpoint>
                        <DistanceMeters>362.29902243614197</DistanceMeters>
                        <Time>2021-10-03T07:11:48.753Z</Time>
                        <Position>
                            <LatitudeDegrees>30.996707916259766</LatitudeDegrees>
                            <LongitudeDegrees>103.61904907226562</LongitudeDegrees>
                        </Position>
                        <AltitudeMeters>711.7241821289062</AltitudeMeters>
                    </Trackpoint>
                    <Trackpoint>
                        <DistanceMeters>362.29902243614197</DistanceMeters>
                        <Time>2021-10-03T07:11:50.703Z</Time>
                        <Position>
                            <LatitudeDegrees>30.99669647216797</LatitudeDegrees>
                            <LongitudeDegrees>103.61906433105469</LongitudeDegrees>
                        </Position>
                        <AltitudeMeters>711.5700073242188</AltitudeMeters>
                    </Trackpoint>
                    <Trackpoint>
                        <DistanceMeters>362.29902243614197</DistanceMeters>
                        <Time>2021-10-03T07:11:52.701Z</Time>
                        <Position>
                            <LatitudeDegrees>30.99668312072754</LatitudeDegrees>
                            <LongitudeDegrees>103.61907196044922</LongitudeDegrees>
                        </Position>
                        <AltitudeMeters>714.67919921875</AltitudeMeters>
                    </Trackpoint>
                    <Trackpoint>
                        <DistanceMeters>362.29902243614197</DistanceMeters>
                        <Time>2021-10-03T07:11:54.694Z</Time>
                        <Position>
                            <LatitudeDegrees>30.996667861938477</LatitudeDegrees>
                            <LongitudeDegrees>103.61907196044922</LongitudeDegrees>
                        </Position>
                        <AltitudeMeters>714.7476806640625</AltitudeMeters>
                    </Trackpoint>
                    <Trackpoint>
                        <DistanceMeters>362.29902243614197</DistanceMeters>
                        <Time>2021-10-03T07:11:56.692Z</Time>
                        <Position>
                            <LatitudeDegrees>30.996652603149414</LatitudeDegrees>
                            <LongitudeDegrees>103.61907958984375</LongitudeDegrees>
                        </Position>
                        <AltitudeMeters>714.1043090820312</AltitudeMeters>
                    </Trackpoint>
                    <Trackpoint>
                        <DistanceMeters>362.29902243614197</DistanceMeters>
                        <Time>2021-10-03T07:11:58.696Z</Time>
                        <Position>
                            <LatitudeDegrees>30.99663734436035</LatitudeDegrees>
                            <LongitudeDegrees>103.61907196044922</LongitudeDegrees>
                        </Position>
                        <AltitudeMeters>714.087890625</AltitudeMeters>
                    </Trackpoint>
                    <Trackpoint>
                        <DistanceMeters>386.5581376552582</DistanceMeters>
                        <Time>2021-10-03T07:12:00.696Z</Time>
                        <Position>
                            <LatitudeDegrees>30.996623992919922</LatitudeDegrees>
                            <LongitudeDegrees>103.61906433105469</LongitudeDegrees>
                        </Position>
                        <AltitudeMeters>714.3798217773438</AltitudeMeters>
                    </Trackpoint>
                    <Trackpoint>
                        <DistanceMeters>386.5581376552582</DistanceMeters>
                        <Time>2021-10-03T07:12:02.696Z</Time>
                        <Position>
                            <LatitudeDegrees>30.996610641479492</LatitudeDegrees>
                            <LongitudeDegrees>103.61906433105469</LongitudeDegrees>
                        </Position>
                        <AltitudeMeters>713.4100341796875</AltitudeMeters>
                    </Trackpoint>
                    <Trackpoint>
                        <DistanceMeters>386.5581376552582</DistanceMeters>
                        <Time>2021-10-03T07:12:04.693Z</Time>
                        <Position>
                            <LatitudeDegrees>30.996597290039062</LatitudeDegrees>
                            <LongitudeDegrees>103.61906433105469</LongitudeDegrees>
                        </Position>
                        <AltitudeMeters>711.3417358398438</AltitudeMeters>
                    </Trackpoint>
                    <Trackpoint>
                        <DistanceMeters>386.5581376552582</DistanceMeters>
                        <Time>2021-10-03T07:12:06.698Z</Time>
                        <Position>
                            <LatitudeDegrees>30.996583938598633</LatitudeDegrees>
                            <LongitudeDegrees>103.61906433105469</LongitudeDegrees>
                        </Position>
                        <AltitudeMeters>710.5999145507812</AltitudeMeters>
                    </Trackpoint>
                    <Trackpoint>
                        <DistanceMeters>386.5581376552582</DistanceMeters>
                        <Time>2021-10-03T07:12:08.692Z</Time>
                        <Position>
                            <LatitudeDegrees>30.996572494506836</LatitudeDegrees>
                            <LongitudeDegrees>103.61907196044922</LongitudeDegrees>
                        </Position>
                        <AltitudeMeters>708.979736328125</AltitudeMeters>
                    </Trackpoint>
                    <Trackpoint>
                        <DistanceMeters>386.5581376552582</DistanceMeters>
                        <Time>2021-10-03T07:12:10.692Z</Time>
                        <Position>
                            <LatitudeDegrees>30.99656105041504</LatitudeDegrees>
                            <LongitudeDegrees>103.61907196044922</LongitudeDegrees>
                        </Position>
                        <AltitudeMeters>707.6766357421875</AltitudeMeters>
                    </Trackpoint>
                    <Trackpoint>
                        <DistanceMeters>386.5581376552582</DistanceMeters>
                        <Time>2021-10-03T07:12:12.694Z</Time>
                        <Position>
                            <LatitudeDegrees>30.996545791625977</LatitudeDegrees>
                            <LongitudeDegrees>103.61906433105469</LongitudeDegrees>
                        </Position>
                        <AltitudeMeters>705.138671875</AltitudeMeters>
                    </Trackpoint>
                    <Trackpoint>
                        <DistanceMeters>386.5581376552582</DistanceMeters>
                        <Time>2021-10-03T07:12:13.695Z</Time>
                        <Position>
                            <LatitudeDegrees>30.996538162231445</LatitudeDegrees>
                            <LongitudeDegrees>103.61905670166016</LongitudeDegrees>
                        </Position>
                        <AltitudeMeters>704.8475952148438</AltitudeMeters>
                    </Trackpoint>
                    <Trackpoint>
                        <DistanceMeters>386.5581376552582</DistanceMeters>
                        <Time>2021-10-03T07:12:15.693Z</Time>
                        <Position>
                            <LatitudeDegrees>30.996524810791016</LatitudeDegrees>
                            <LongitudeDegrees>103.61904907226562</LongitudeDegrees>
                        </Position>
                        <AltitudeMeters>705.15869140625</AltitudeMeters>
                    </Trackpoint>
                    <Trackpoint>
                        <DistanceMeters>386.5581376552582</DistanceMeters>
                        <Time>2021-10-03T07:12:17.695Z</Time>
                        <Position>
                            <LatitudeDegrees>30.996511459350586</LatitudeDegrees>
                            <LongitudeDegrees>103.61905670166016</LongitudeDegrees>
                        </Position>
                        <AltitudeMeters>703.9992065429688</AltitudeMeters>
                    </Trackpoint>
                    <Trackpoint>
                        <DistanceMeters>386.5581376552582</DistanceMeters>
                        <Time>2021-10-03T07:12:19.695Z</Time>
                        <Position>
                            <LatitudeDegrees>30.99650001525879</LatitudeDegrees>
                            <LongitudeDegrees>103.61907196044922</LongitudeDegrees>
                        </Position>
                        <AltitudeMeters>703.470458984375</AltitudeMeters>
                    </Trackpoint>
                    <Trackpoint>
                        <DistanceMeters>386.5581376552582</DistanceMeters>
                        <Time>2021-10-03T07:12:21.703Z</Time>
                        <Position>
                            <LatitudeDegrees>30.996490478515625</LatitudeDegrees>
                            <LongitudeDegrees>103.61908721923828</LongitudeDegrees>
                        </Position>
                        <AltitudeMeters>702.9126586914062</AltitudeMeters>
                    </Trackpoint>
                    <Trackpoint>
                        <DistanceMeters>386.5581376552582</DistanceMeters>
                        <Time>2021-10-03T07:12:23.696Z</Time>
                        <Position>
                            <LatitudeDegrees>30.996496200561523</LatitudeDegrees>
                            <LongitudeDegrees>103.61910247802734</LongitudeDegrees>
                        </Position>
                        <AltitudeMeters>700.1763916015625</AltitudeMeters>
                    </Trackpoint>
                    <Trackpoint>
                        <DistanceMeters>386.5581376552582</DistanceMeters>
                        <Time>2021-10-03T07:12:25.695Z</Time>
                        <Position>
                            <LatitudeDegrees>30.996505737304688</LatitudeDegrees>
                            <LongitudeDegrees>103.61911010742188</LongitudeDegrees>
                        </Position>
                        <AltitudeMeters>698.3945922851562</AltitudeMeters>
                    </Trackpoint>
                    <Trackpoint>
                        <DistanceMeters>386.5581376552582</DistanceMeters>
                        <Time>2021-10-03T07:12:27.695Z</Time>
                        <Position>
                            <LatitudeDegrees>30.996511459350586</LatitudeDegrees>
                            <LongitudeDegrees>103.61912536621094</LongitudeDegrees>
                        </Position>
                        <AltitudeMeters>696.7171630859375</AltitudeMeters>
                    </Trackpoint>
                    <Trackpoint>
                        <DistanceMeters>386.5581376552582</DistanceMeters>
                        <Time>2021-10-03T07:12:29.691Z</Time>
                        <Position>
                            <LatitudeDegrees>30.996517181396484</LatitudeDegrees>
                            <LongitudeDegrees>103.61913299560547</LongitudeDegrees>
                        </Position>
                        <AltitudeMeters>695.4747924804688</AltitudeMeters>
                    </Trackpoint>
                    <Trackpoint>
                        <DistanceMeters>413.0166223049164</DistanceMeters>
                        <Time>2021-10-03T07:12:31.696Z</Time>
                        <Position>
                            <LatitudeDegrees>30.996530532836914</LatitudeDegrees>
                            <LongitudeDegrees>103.619140625</LongitudeDegrees>
                        </Position>
                        <AltitudeMeters>695.4722290039062</AltitudeMeters>
                    </Trackpoint>
                    <Trackpoint>
                        <DistanceMeters>413.0166223049164</DistanceMeters>
                        <Time>2021-10-03T07:12:32.696Z</Time>
                        <Position>
                            <LatitudeDegrees>30.996540069580078</LatitudeDegrees>
                            <LongitudeDegrees>103.619140625</LongitudeDegrees>
                        </Position>
                        <AltitudeMeters>695.0243530273438</AltitudeMeters>
                    </Trackpoint>
                    <Trackpoint>
                        <DistanceMeters>413.0166223049164</DistanceMeters>
                        <Time>2021-10-03T07:12:33.695Z</Time>
                        <Position>
                            <LatitudeDegrees>30.996551513671875</LatitudeDegrees>
                            <LongitudeDegrees>103.61913299560547</LongitudeDegrees>
                        </Position>
                        <AltitudeMeters>693.7036743164062</AltitudeMeters>
                    </Trackpoint>
                    <Trackpoint>
                        <DistanceMeters>413.0166223049164</DistanceMeters>
                        <Time>2021-10-03T07:12:35.698Z</Time>
                        <Position>
                            <LatitudeDegrees>30.996557235717773</LatitudeDegrees>
                            <LongitudeDegrees>103.61914825439453</LongitudeDegrees>
                        </Position>
                        <AltitudeMeters>691.7298583984375</AltitudeMeters>
                    </Trackpoint>
                    <Trackpoint>
                        <DistanceMeters>413.0166223049164</DistanceMeters>
                        <Time>2021-10-03T07:12:37.696Z</Time>
                        <Position>
                            <LatitudeDegrees>30.99656105041504</LatitudeDegrees>
                            <LongitudeDegrees>103.6191635131836</LongitudeDegrees>
                        </Position>
                        <AltitudeMeters>691.738525390625</AltitudeMeters>
                    </Trackpoint>
                    <Trackpoint>
                        <DistanceMeters>413.0166223049164</DistanceMeters>
                        <Time>2021-10-03T07:12:39.697Z</Time>
                        <Position>
                            <LatitudeDegrees>30.996562957763672</LatitudeDegrees>
                            <LongitudeDegrees>103.61917877197266</LongitudeDegrees>
                        </Position>
                        <AltitudeMeters>691.7069091796875</AltitudeMeters>
                    </Trackpoint>
                    <Trackpoint>
                        <DistanceMeters>413.0166223049164</DistanceMeters>
                        <Time>2021-10-03T07:12:41.696Z</Time>
                        <Position>
                            <LatitudeDegrees>30.996564865112305</LatitudeDegrees>
                            <LongitudeDegrees>103.61920166015625</LongitudeDegrees>
                        </Position>
                        <AltitudeMeters>690.2950439453125</AltitudeMeters>
                    </Trackpoint>
                    <Trackpoint>
                        <DistanceMeters>413.0166223049164</DistanceMeters>
                        <Time>2021-10-03T07:12:43.693Z</Time>
                        <Position>
                            <LatitudeDegrees>30.99656867980957</LatitudeDegrees>
                            <LongitudeDegrees>103.61921691894531</LongitudeDegrees>
                        </Position>
                        <AltitudeMeters>689.7532958984375</AltitudeMeters>
                    </Trackpoint>
                    <Trackpoint>
                        <DistanceMeters>413.0166223049164</DistanceMeters>
                        <Time>2021-10-03T07:12:45.697Z</Time>
                        <Position>
                            <LatitudeDegrees>30.9965763092041</LatitudeDegrees>
                            <LongitudeDegrees>103.61923217773438</LongitudeDegrees>
                        </Position>
                        <AltitudeMeters>689.3592529296875</AltitudeMeters>
                    </Trackpoint>
                    <Trackpoint>
                        <DistanceMeters>413.0166223049164</DistanceMeters>
                        <Time>2021-10-03T07:12:47.694Z</Time>
                        <Position>
                            <LatitudeDegrees>30.996580123901367</LatitudeDegrees>
                            <LongitudeDegrees>103.61924743652344</LongitudeDegrees>
                        </Position>
                        <AltitudeMeters>689.63134765625</AltitudeMeters>
                    </Trackpoint>
                    <Trackpoint>
                        <DistanceMeters>413.0166223049164</DistanceMeters>
                        <Time>2021-10-03T07:12:49.698Z</Time>
                        <Position>
                            <LatitudeDegrees>30.9965877532959</LatitudeDegrees>
                            <LongitudeDegrees>103.6192626953125</LongitudeDegrees>
                        </Position>
                        <AltitudeMeters>689.1151123046875</AltitudeMeters>
                    </Trackpoint>
                    <Trackpoint>
                        <DistanceMeters>413.0166223049164</DistanceMeters>
                        <Time>2021-10-03T07:12:51.695Z</Time>
                        <Position>
                            <LatitudeDegrees>30.996597290039062</LatitudeDegrees>
                            <LongitudeDegrees>103.61927795410156</LongitudeDegrees>
                        </Position>
                        <AltitudeMeters>688.5656127929688</AltitudeMeters>
                    </Trackpoint>
                    <Trackpoint>
                        <DistanceMeters>413.0166223049164</DistanceMeters>
                        <Time>2021-10-03T07:12:52.695Z</Time>
                        <Position>
                            <LatitudeDegrees>30.996601104736328</LatitudeDegrees>
                            <LongitudeDegrees>103.61929321289062</LongitudeDegrees>
                        </Position>
                        <AltitudeMeters>688.0288696289062</AltitudeMeters>
                    </Trackpoint>
                    <Trackpoint>
                        <DistanceMeters>413.0166223049164</DistanceMeters>
                        <Time>2021-10-03T07:12:54.697Z</Time>
                        <Position>
                            <LatitudeDegrees>30.996606826782227</LatitudeDegrees>
                            <LongitudeDegrees>103.61930847167969</LongitudeDegrees>
                        </Position>
                        <AltitudeMeters>687.9963989257812</AltitudeMeters>
                    </Trackpoint>
                    <Trackpoint>
                        <DistanceMeters>413.0166223049164</DistanceMeters>
                        <Time>2021-10-03T07:12:56.698Z</Time>
                        <Position>
                            <LatitudeDegrees>30.996612548828125</LatitudeDegrees>
                            <LongitudeDegrees>103.61933135986328</LongitudeDegrees>
                        </Position>
                        <AltitudeMeters>687.4339599609375</AltitudeMeters>
                    </Trackpoint>
                    <Trackpoint>
                        <DistanceMeters>413.0166223049164</DistanceMeters>
                        <Time>2021-10-03T07:12:57.700Z</Time>
                        <Position>
                            <LatitudeDegrees>30.99661636352539</LatitudeDegrees>
                            <LongitudeDegrees>103.61933898925781</LongitudeDegrees>
                        </Position>
                        <AltitudeMeters>687.7727661132812</AltitudeMeters>
                    </Trackpoint>
                    <Trackpoint>
                        <DistanceMeters>413.0166223049164</DistanceMeters>
                        <Time>2021-10-03T07:12:58.693Z</Time>
                        <Position>
                            <LatitudeDegrees>30.996623992919922</LatitudeDegrees>
                            <LongitudeDegrees>103.61934661865234</LongitudeDegrees>
                        </Position>
                        <AltitudeMeters>688.15234375</AltitudeMeters>
                    </Trackpoint>
                    <Trackpoint>
                        <DistanceMeters>429.3737962245941</DistanceMeters>
                        <Time>2021-10-03T07:13:00.694Z</Time>
                        <Position>
                            <LatitudeDegrees>30.996631622314453</LatitudeDegrees>
                            <LongitudeDegrees>103.6193618774414</LongitudeDegrees>
                        </Position>
                        <AltitudeMeters>687.310546875</AltitudeMeters>
                    </Trackpoint>
                    <Trackpoint>
                        <DistanceMeters>429.3737962245941</DistanceMeters>
                        <Time>2021-10-03T07:13:02.698Z</Time>
                        <Position>
                            <LatitudeDegrees>30.996625900268555</LatitudeDegrees>
                            <LongitudeDegrees>103.619384765625</LongitudeDegrees>
                        </Position>
                        <AltitudeMeters>687.1288452148438</AltitudeMeters>
                    </Trackpoint>
                    <Trackpoint>
                        <DistanceMeters>429.3737962245941</DistanceMeters>
                        <Time>2021-10-03T07:13:03.703Z</Time>
                        <Position>
                            <LatitudeDegrees>30.99661636352539</LatitudeDegrees>
                            <LongitudeDegrees>103.61939239501953</LongitudeDegrees>
                        </Position>
                        <AltitudeMeters>686.6093139648438</AltitudeMeters>
                    </Trackpoint>
                    <Trackpoint>
                        <DistanceMeters>429.3737962245941</DistanceMeters>
                        <Time>2021-10-03T07:13:05.696Z</Time>
                        <Position>
                            <LatitudeDegrees>30.996610641479492</LatitudeDegrees>
                            <LongitudeDegrees>103.61940002441406</LongitudeDegrees>
                        </Position>
                        <AltitudeMeters>687.7694091796875</AltitudeMeters>
                    </Trackpoint>
                    <Trackpoint>
                        <DistanceMeters>429.3737962245941</DistanceMeters>
                        <Time>2021-10-03T07:13:11.698Z</Time>
                        <Position>
                            <LatitudeDegrees>30.996612548828125</LatitudeDegrees>
                            <LongitudeDegrees>103.61939239501953</LongitudeDegrees>
                        </Position>
                        <AltitudeMeters>687.1539306640625</AltitudeMeters>
                    </Trackpoint>
                    <Trackpoint>
                        <DistanceMeters>429.3737962245941</DistanceMeters>
                        <Time>2021-10-03T07:13:22.696Z</Time>
                        <Position>
                            <LatitudeDegrees>30.996625900268555</LatitudeDegrees>
                            <LongitudeDegrees>103.61939239501953</LongitudeDegrees>
                        </Position>
                        <AltitudeMeters>685.8204345703125</AltitudeMeters>
                    </Trackpoint>
                    <Trackpoint>
                        <DistanceMeters>429.3737962245941</DistanceMeters>
                        <Time>2021-10-03T07:13:24.693Z</Time>
                        <Position>
                            <LatitudeDegrees>30.996641159057617</LatitudeDegrees>
                            <LongitudeDegrees>103.6194076538086</LongitudeDegrees>
                        </Position>
                        <AltitudeMeters>684.8655395507812</AltitudeMeters>
                    </Trackpoint>
                    <Trackpoint>
                        <DistanceMeters>429.3737962245941</DistanceMeters>
                        <Time>2021-10-03T07:13:25.694Z</Time>
                        <Position>
                            <LatitudeDegrees>30.996646881103516</LatitudeDegrees>
                            <LongitudeDegrees>103.61941528320312</LongitudeDegrees>
                        </Position>
                        <AltitudeMeters>685.5809326171875</AltitudeMeters>
                    </Trackpoint>
                    <Trackpoint>
                        <DistanceMeters>429.3737962245941</DistanceMeters>
                        <Time>2021-10-03T07:13:26.694Z</Time>
                        <Position>
                            <LatitudeDegrees>30.996654510498047</LatitudeDegrees>
                            <LongitudeDegrees>103.61942291259766</LongitudeDegrees>
                        </Position>
                        <AltitudeMeters>684.8033447265625</AltitudeMeters>
                    </Trackpoint>
                    <Trackpoint>
                        <DistanceMeters>429.3737962245941</DistanceMeters>
                        <Time>2021-10-03T07:13:27.690Z</Time>
                        <Position>
                            <LatitudeDegrees>30.996662139892578</LatitudeDegrees>
                            <LongitudeDegrees>103.61943054199219</LongitudeDegrees>
                        </Position>
                        <AltitudeMeters>685.162841796875</AltitudeMeters>
                    </Trackpoint>
                    <Trackpoint>
                        <DistanceMeters>429.3737962245941</DistanceMeters>
                        <Time>2021-10-03T07:13:28.691Z</Time>
                        <Position>
                            <LatitudeDegrees>30.996667861938477</LatitudeDegrees>
                            <LongitudeDegrees>103.61943817138672</LongitudeDegrees>
                        </Position>
                        <AltitudeMeters>685.5267944335938</AltitudeMeters>
                    </Trackpoint>
                    <Trackpoint>
                        <DistanceMeters>429.3737962245941</DistanceMeters>
                        <Time>2021-10-03T07:13:29.692Z</Time>
                        <Position>
                            <LatitudeDegrees>30.996671676635742</LatitudeDegrees>
                            <LongitudeDegrees>103.61945343017578</LongitudeDegrees>
                        </Position>
                        <AltitudeMeters>685.1792602539062</AltitudeMeters>
                    </Trackpoint>
                    <Trackpoint>
                        <DistanceMeters>461.17442870140076</DistanceMeters>
                        <Time>2021-10-03T07:13:30.695Z</Time>
                        <Position>
                            <LatitudeDegrees>30.99667739868164</LatitudeDegrees>
                            <LongitudeDegrees>103.61946105957031</LongitudeDegrees>
                        </Position>
                        <AltitudeMeters>685.1834106445312</AltitudeMeters>
                    </Trackpoint>
                    <Trackpoint>
                        <DistanceMeters>461.17442870140076</DistanceMeters>
                        <Time>2021-10-03T07:13:31.695Z</Time>
                        <Position>
                            <LatitudeDegrees>30.99668312072754</LatitudeDegrees>
                            <LongitudeDegrees>103.61946868896484</LongitudeDegrees>
                        </Position>
                        <AltitudeMeters>685.0037231445312</AltitudeMeters>
                    </Trackpoint>
                    <Trackpoint>
                        <DistanceMeters>461.17442870140076</DistanceMeters>
                        <Time>2021-10-03T07:13:32.690Z</Time>
                        <Position>
                            <LatitudeDegrees>30.996686935424805</LatitudeDegrees>
                            <LongitudeDegrees>103.6194839477539</LongitudeDegrees>
                        </Position>
                        <AltitudeMeters>684.7776489257812</AltitudeMeters>
                    </Trackpoint>
                    <Trackpoint>
                        <DistanceMeters>461.17442870140076</DistanceMeters>
                        <Time>2021-10-03T07:13:33.691Z</Time>
                        <Position>
                            <LatitudeDegrees>30.99669075012207</LatitudeDegrees>
                            <LongitudeDegrees>103.61949157714844</LongitudeDegrees>
                        </Position>
                        <AltitudeMeters>684.7293701171875</AltitudeMeters>
                    </Trackpoint>
                    <Trackpoint>
                        <DistanceMeters>461.17442870140076</DistanceMeters>
                        <Time>2021-10-03T07:13:34.696Z</Time>
                        <Position>
                            <LatitudeDegrees>30.996694564819336</LatitudeDegrees>
                            <LongitudeDegrees>103.61949920654297</LongitudeDegrees>
                        </Position>
                        <AltitudeMeters>685.0048217773438</AltitudeMeters>
                    </Trackpoint>
                    <Trackpoint>
                        <DistanceMeters>461.17442870140076</DistanceMeters>
                        <Time>2021-10-03T07:13:35.697Z</Time>
                        <Position>
                            <LatitudeDegrees>30.99669647216797</LatitudeDegrees>
                            <LongitudeDegrees>103.61951446533203</LongitudeDegrees>
                        </Position>
                        <AltitudeMeters>684.8465576171875</AltitudeMeters>
                    </Trackpoint>
                    <Trackpoint>
                        <DistanceMeters>461.17442870140076</DistanceMeters>
                        <Time>2021-10-03T07:13:36.694Z</Time>
                        <Position>
                            <LatitudeDegrees>30.9966983795166</LatitudeDegrees>
                            <LongitudeDegrees>103.61952209472656</LongitudeDegrees>
                        </Position>
                        <AltitudeMeters>685.421142578125</AltitudeMeters>
                    </Trackpoint>
                    <Trackpoint>
                        <DistanceMeters>461.17442870140076</DistanceMeters>
                        <Time>2021-10-03T07:13:37.697Z</Time>
                        <Position>
                            <LatitudeDegrees>30.996702194213867</LatitudeDegrees>
                            <LongitudeDegrees>103.61953735351562</LongitudeDegrees>
                        </Position>
                        <AltitudeMeters>686.3483276367188</AltitudeMeters>
                    </Trackpoint>
                    <Trackpoint>
                        <DistanceMeters>461.17442870140076</DistanceMeters>
                        <Time>2021-10-03T07:13:38.692Z</Time>
                        <Position>
                            <LatitudeDegrees>30.9967041015625</LatitudeDegrees>
                            <LongitudeDegrees>103.61954498291016</LongitudeDegrees>
                        </Position>
                        <AltitudeMeters>685.6926879882812</AltitudeMeters>
                    </Trackpoint>
                    <Trackpoint>
                        <DistanceMeters>461.17442870140076</DistanceMeters>
                        <Time>2021-10-03T07:13:39.694Z</Time>
                        <Position>
                            <LatitudeDegrees>30.9967098236084</LatitudeDegrees>
                            <LongitudeDegrees>103.61955261230469</LongitudeDegrees>
                        </Position>
                        <AltitudeMeters>685.7914428710938</AltitudeMeters>
                    </Trackpoint>
                    <Trackpoint>
                        <DistanceMeters>461.17442870140076</DistanceMeters>
                        <Time>2021-10-03T07:13:40.697Z</Time>
                        <Position>
                            <LatitudeDegrees>30.996715545654297</LatitudeDegrees>
                            <LongitudeDegrees>103.61956024169922</LongitudeDegrees>
                        </Position>
                        <AltitudeMeters>686.2950439453125</AltitudeMeters>
                    </Trackpoint>
                    <Trackpoint>
                        <DistanceMeters>461.17442870140076</DistanceMeters>
                        <Time>2021-10-03T07:13:42.690Z</Time>
                        <Position>
                            <LatitudeDegrees>30.99672508239746</LatitudeDegrees>
                            <LongitudeDegrees>103.61958312988281</LongitudeDegrees>
                        </Position>
                        <AltitudeMeters>685.5973510742188</AltitudeMeters>
                    </Trackpoint>
                    <Trackpoint>
                        <DistanceMeters>461.17442870140076</DistanceMeters>
                        <Time>2021-10-03T07:13:43.696Z</Time>
                        <Position>
                            <LatitudeDegrees>30.99673080444336</LatitudeDegrees>
                            <LongitudeDegrees>103.61959075927734</LongitudeDegrees>
                        </Position>
                        <AltitudeMeters>684.8759155273438</AltitudeMeters>
                    </Trackpoint>
                    <Trackpoint>
                        <DistanceMeters>461.17442870140076</DistanceMeters>
                        <Time>2021-10-03T07:13:44.700Z</Time>
                        <Position>
                            <LatitudeDegrees>30.996734619140625</LatitudeDegrees>
                            <LongitudeDegrees>103.61959838867188</LongitudeDegrees>
                        </Position>
                        <AltitudeMeters>684.8627319335938</AltitudeMeters>
                    </Trackpoint>
                    <Trackpoint>
                        <DistanceMeters>461.17442870140076</DistanceMeters>
                        <Time>2021-10-03T07:13:45.696Z</Time>
                        <Position>
                            <LatitudeDegrees>30.996740341186523</LatitudeDegrees>
                            <LongitudeDegrees>103.6196060180664</LongitudeDegrees>
                        </Position>
                        <AltitudeMeters>684.1627807617188</AltitudeMeters>
                    </Trackpoint>
                    <Trackpoint>
                        <DistanceMeters>461.17442870140076</DistanceMeters>
                        <Time>2021-10-03T07:13:46.694Z</Time>
                        <Position>
                            <LatitudeDegrees>30.996746063232422</LatitudeDegrees>
                            <LongitudeDegrees>103.61961364746094</LongitudeDegrees>
                        </Position>
                        <AltitudeMeters>684.1884155273438</AltitudeMeters>
                    </Trackpoint>
                    <Trackpoint>
                        <DistanceMeters>461.17442870140076</DistanceMeters>
                        <Time>2021-10-03T07:13:47.691Z</Time>
                        <Position>
                            <LatitudeDegrees>30.996753692626953</LatitudeDegrees>
                            <LongitudeDegrees>103.61962127685547</LongitudeDegrees>
                        </Position>
                        <AltitudeMeters>683.7457275390625</AltitudeMeters>
                    </Trackpoint>
                    <Trackpoint>
                        <DistanceMeters>461.17442870140076</DistanceMeters>
                        <Time>2021-10-03T07:13:48.694Z</Time>
                        <Position>
                            <LatitudeDegrees>30.996761322021484</LatitudeDegrees>
                            <LongitudeDegrees>103.61962890625</LongitudeDegrees>
                        </Position>
                        <AltitudeMeters>683.689453125</AltitudeMeters>
                    </Trackpoint>
                    <Trackpoint>
                        <DistanceMeters>461.17442870140076</DistanceMeters>
                        <Time>2021-10-03T07:13:49.697Z</Time>
                        <Position>
                            <LatitudeDegrees>30.99677085876465</LatitudeDegrees>
                            <LongitudeDegrees>103.61963653564453</LongitudeDegrees>
                        </Position>
                        <AltitudeMeters>682.6528930664062</AltitudeMeters>
                    </Trackpoint>
                    <Trackpoint>
                        <DistanceMeters>461.17442870140076</DistanceMeters>
                        <Time>2021-10-03T07:13:50.697Z</Time>
                        <Position>
                            <LatitudeDegrees>30.99677848815918</LatitudeDegrees>
                            <LongitudeDegrees>103.61964416503906</LongitudeDegrees>
                        </Position>
                        <AltitudeMeters>682.8936157226562</AltitudeMeters>
                    </Trackpoint>
                    <Trackpoint>
                        <DistanceMeters>461.17442870140076</DistanceMeters>
                        <Time>2021-10-03T07:13:51.692Z</Time>
                        <Position>
                            <LatitudeDegrees>30.99678611755371</LatitudeDegrees>
                            <LongitudeDegrees>103.6196517944336</LongitudeDegrees>
                        </Position>
                        <AltitudeMeters>682.7590942382812</AltitudeMeters>
                    </Trackpoint>
                    <Trackpoint>
                        <DistanceMeters>461.17442870140076</DistanceMeters>
                        <Time>2021-10-03T07:13:52.692Z</Time>
                        <Position>
                            <LatitudeDegrees>30.996793746948242</LatitudeDegrees>
                            <LongitudeDegrees>103.61965942382812</LongitudeDegrees>
                        </Position>
                        <AltitudeMeters>682.3544311523438</AltitudeMeters>
                    </Trackpoint>
                    <Trackpoint>
                        <DistanceMeters>461.17442870140076</DistanceMeters>
                        <Time>2021-10-03T07:13:53.691Z</Time>
                        <Position>
                            <LatitudeDegrees>30.996797561645508</LatitudeDegrees>
                            <LongitudeDegrees>103.61966705322266</LongitudeDegrees>
                        </Position>
                        <AltitudeMeters>682.2246704101562</AltitudeMeters>
                    </Trackpoint>
                    <Trackpoint>
                        <DistanceMeters>461.17442870140076</DistanceMeters>
                        <Time>2021-10-03T07:13:54.696Z</Time>
                        <Position>
                            <LatitudeDegrees>30.996803283691406</LatitudeDegrees>
                            <LongitudeDegrees>103.61967468261719</LongitudeDegrees>
                        </Position>
                        <AltitudeMeters>682.4755249023438</AltitudeMeters>
                    </Trackpoint>
                    <Trackpoint>
                        <DistanceMeters>461.17442870140076</DistanceMeters>
                        <Time>2021-10-03T07:13:56.698Z</Time>
                        <Position>
                            <LatitudeDegrees>30.996810913085938</LatitudeDegrees>
                            <LongitudeDegrees>103.61969757080078</LongitudeDegrees>
                        </Position>
                        <AltitudeMeters>682.9136962890625</AltitudeMeters>
                    </Trackpoint>
                    <Trackpoint>
                        <DistanceMeters>461.17442870140076</DistanceMeters>
                        <Time>2021-10-03T07:13:57.701Z</Time>
                        <Position>
                            <LatitudeDegrees>30.99681282043457</LatitudeDegrees>
                            <LongitudeDegrees>103.61970520019531</LongitudeDegrees>
                        </Position>
                        <AltitudeMeters>683.461181640625</AltitudeMeters>
                    </Trackpoint>
                    <Trackpoint>
                        <DistanceMeters>461.17442870140076</DistanceMeters>
                        <Time>2021-10-03T07:13:58.701Z</Time>
                        <Position>
                            <LatitudeDegrees>30.996814727783203</LatitudeDegrees>
                            <LongitudeDegrees>103.61972045898438</LongitudeDegrees>
                        </Position>
                        <AltitudeMeters>684.0006103515625</AltitudeMeters>
                    </Trackpoint>
                    <Trackpoint>
                        <DistanceMeters>461.17442870140076</DistanceMeters>
                        <Time>2021-10-03T07:13:59.696Z</Time>
                        <Position>
                            <LatitudeDegrees>30.99681854248047</LatitudeDegrees>
                            <LongitudeDegrees>103.6197280883789</LongitudeDegrees>
                        </Position>
                        <AltitudeMeters>684.3181762695312</AltitudeMeters>
                    </Trackpoint>
                    <Trackpoint>
                        <DistanceMeters>496.27825713157654</DistanceMeters>
                        <Time>2021-10-03T07:14:00.693Z</Time>
                        <Position>
                            <LatitudeDegrees>30.9968204498291</LatitudeDegrees>
                            <LongitudeDegrees>103.61974334716797</LongitudeDegrees>
                        </Position>
                        <AltitudeMeters>684.153564453125</AltitudeMeters>
                    </Trackpoint>
                    <Trackpoint>
                        <DistanceMeters>496.27825713157654</DistanceMeters>
                        <Time>2021-10-03T07:14:01.695Z</Time>
                        <Position>
                            <LatitudeDegrees>30.996826171875</LatitudeDegrees>
                            <LongitudeDegrees>103.6197509765625</LongitudeDegrees>
                        </Position>
                        <AltitudeMeters>684.675537109375</AltitudeMeters>
                    </Trackpoint>
                    <Trackpoint>
                        <DistanceMeters>496.27825713157654</DistanceMeters>
                        <Time>2021-10-03T07:14:02.698Z</Time>
                        <Position>
                            <LatitudeDegrees>30.996829986572266</LatitudeDegrees>
                            <LongitudeDegrees>103.61976623535156</LongitudeDegrees>
                        </Position>
                        <AltitudeMeters>684.8426513671875</AltitudeMeters>
                    </Trackpoint>
                    <Trackpoint>
                        <DistanceMeters>496.27825713157654</DistanceMeters>
                        <Time>2021-10-03T07:14:03.695Z</Time>
                        <Position>
                            <LatitudeDegrees>30.996835708618164</LatitudeDegrees>
                            <LongitudeDegrees>103.61978149414062</LongitudeDegrees>
                        </Position>
                        <AltitudeMeters>684.9865112304688</AltitudeMeters>
                    </Trackpoint>
                    <Trackpoint>
                        <DistanceMeters>496.27825713157654</DistanceMeters>
                        <Time>2021-10-03T07:14:04.696Z</Time>
                        <Position>
                            <LatitudeDegrees>30.996841430664062</LatitudeDegrees>
                            <LongitudeDegrees>103.61978912353516</LongitudeDegrees>
                        </Position>
                        <AltitudeMeters>685.151123046875</AltitudeMeters>
                    </Trackpoint>
                    <Trackpoint>
                        <DistanceMeters>496.27825713157654</DistanceMeters>
                        <Time>2021-10-03T07:14:05.694Z</Time>
                        <Position>
                            <LatitudeDegrees>30.99684715270996</LatitudeDegrees>
                            <LongitudeDegrees>103.61980438232422</LongitudeDegrees>
                        </Position>
                        <AltitudeMeters>684.5586547851562</AltitudeMeters>
                    </Trackpoint>
                    <Trackpoint>
                        <DistanceMeters>496.27825713157654</DistanceMeters>
                        <Time>2021-10-03T07:14:06.701Z</Time>
                        <Position>
                            <LatitudeDegrees>30.99685287475586</LatitudeDegrees>
                            <LongitudeDegrees>103.61981201171875</LongitudeDegrees>
                        </Position>
                        <AltitudeMeters>684.4734497070312</AltitudeMeters>
                    </Trackpoint>
                    <Trackpoint>
                        <DistanceMeters>496.27825713157654</DistanceMeters>
                        <Time>2021-10-03T07:14:07.697Z</Time>
                        <Position>
                            <LatitudeDegrees>30.996856689453125</LatitudeDegrees>
                            <LongitudeDegrees>103.61982727050781</LongitudeDegrees>
                        </Position>
                        <AltitudeMeters>684.0875854492188</AltitudeMeters>
                    </Trackpoint>
                    <Trackpoint>
                        <DistanceMeters>496.27825713157654</DistanceMeters>
                        <Time>2021-10-03T07:14:08.693Z</Time>
                        <Position>
                            <LatitudeDegrees>30.996862411499023</LatitudeDegrees>
                            <LongitudeDegrees>103.61983489990234</LongitudeDegrees>
                        </Position>
                        <AltitudeMeters>683.737548828125</AltitudeMeters>
                    </Trackpoint>
                    <Trackpoint>
                        <DistanceMeters>496.27825713157654</DistanceMeters>
                        <Time>2021-10-03T07:14:09.698Z</Time>
                        <Position>
                            <LatitudeDegrees>30.996868133544922</LatitudeDegrees>
                            <LongitudeDegrees>103.61984252929688</LongitudeDegrees>
                        </Position>
                        <AltitudeMeters>684.0062255859375</AltitudeMeters>
                    </Trackpoint>
                    <Trackpoint>
                        <DistanceMeters>496.27825713157654</DistanceMeters>
                        <Time>2021-10-03T07:14:10.692Z</Time>
                        <Position>
                            <LatitudeDegrees>30.99687385559082</LatitudeDegrees>
                            <LongitudeDegrees>103.61985778808594</LongitudeDegrees>
                        </Position>
                        <AltitudeMeters>684.60302734375</AltitudeMeters>
                    </Trackpoint>
                    <Trackpoint>
                        <DistanceMeters>496.27825713157654</DistanceMeters>
                        <Time>2021-10-03T07:14:11.691Z</Time>
                        <Position>
                            <LatitudeDegrees>30.99687957763672</LatitudeDegrees>
                            <LongitudeDegrees>103.61986541748047</LongitudeDegrees>
                        </Position>
                        <AltitudeMeters>684.8895874023438</AltitudeMeters>
                    </Trackpoint>
                    <Trackpoint>
                        <DistanceMeters>496.27825713157654</DistanceMeters>
                        <Time>2021-10-03T07:14:12.698Z</Time>
                        <Position>
                            <LatitudeDegrees>30.996885299682617</LatitudeDegrees>
                            <LongitudeDegrees>103.619873046875</LongitudeDegrees>
                        </Position>
                        <AltitudeMeters>684.4356689453125</AltitudeMeters>
                    </Trackpoint>
                    <Trackpoint>
                        <DistanceMeters>496.27825713157654</DistanceMeters>
                        <Time>2021-10-03T07:14:13.699Z</Time>
                        <Position>
                            <LatitudeDegrees>30.996891021728516</LatitudeDegrees>
                            <LongitudeDegrees>103.61988067626953</LongitudeDegrees>
                        </Position>
                        <AltitudeMeters>683.8914184570312</AltitudeMeters>
                    </Trackpoint>
                    <Trackpoint>
                        <DistanceMeters>496.27825713157654</DistanceMeters>
                        <Time>2021-10-03T07:14:14.697Z</Time>
                        <Position>
                            <LatitudeDegrees>30.996896743774414</LatitudeDegrees>
                            <LongitudeDegrees>103.61988830566406</LongitudeDegrees>
                        </Position>
                        <AltitudeMeters>683.975341796875</AltitudeMeters>
                    </Trackpoint>
                    <Trackpoint>
                        <DistanceMeters>496.27825713157654</DistanceMeters>
                        <Time>2021-10-03T07:14:15.691Z</Time>
                        <Position>
                            <LatitudeDegrees>30.996902465820312</LatitudeDegrees>
                            <LongitudeDegrees>103.61990356445312</LongitudeDegrees>
                        </Position>
                        <AltitudeMeters>684.3012084960938</AltitudeMeters>
                    </Trackpoint>
                    <Trackpoint>
                        <DistanceMeters>496.27825713157654</DistanceMeters>
                        <Time>2021-10-03T07:14:16.690Z</Time>
                        <Position>
                            <LatitudeDegrees>30.996906280517578</LatitudeDegrees>
                            <LongitudeDegrees>103.61991119384766</LongitudeDegrees>
                        </Position>
                        <AltitudeMeters>685.1141357421875</AltitudeMeters>
                    </Trackpoint>
                    <Trackpoint>
                        <DistanceMeters>496.27825713157654</DistanceMeters>
                        <Time>2021-10-03T07:14:17.692Z</Time>
                        <Position>
                            <LatitudeDegrees>30.996910095214844</LatitudeDegrees>
                            <LongitudeDegrees>103.61992645263672</LongitudeDegrees>
                        </Position>
                        <AltitudeMeters>684.7412109375</AltitudeMeters>
                    </Trackpoint>
                    <Trackpoint>
                        <DistanceMeters>496.27825713157654</DistanceMeters>
                        <Time>2021-10-03T07:14:18.700Z</Time>
                        <Position>
                            <LatitudeDegrees>30.996917724609375</LatitudeDegrees>
                            <LongitudeDegrees>103.61993408203125</LongitudeDegrees>
                        </Position>
                        <AltitudeMeters>684.1891479492188</AltitudeMeters>
                    </Trackpoint>
                    <Trackpoint>
                        <DistanceMeters>496.27825713157654</DistanceMeters>
                        <Time>2021-10-03T07:14:19.695Z</Time>
                        <Position>
                            <LatitudeDegrees>30.996923446655273</LatitudeDegrees>
                            <LongitudeDegrees>103.61994934082031</LongitudeDegrees>
                        </Position>
                        <AltitudeMeters>684.443115234375</AltitudeMeters>
                    </Trackpoint>
                    <Trackpoint>
                        <DistanceMeters>496.27825713157654</DistanceMeters>
                        <Time>2021-10-03T07:14:20.696Z</Time>
                        <Position>
                            <LatitudeDegrees>30.996929168701172</LatitudeDegrees>
                            <LongitudeDegrees>103.61995697021484</LongitudeDegrees>
                        </Position>
                        <AltitudeMeters>684.0663452148438</AltitudeMeters>
                    </Trackpoint>
                    <Trackpoint>
                        <DistanceMeters>496.27825713157654</DistanceMeters>
                        <Time>2021-10-03T07:14:21.696Z</Time>
                        <Position>
                            <LatitudeDegrees>30.99693489074707</LatitudeDegrees>
                            <LongitudeDegrees>103.61996459960938</LongitudeDegrees>
                        </Position>
                        <AltitudeMeters>684.0064697265625</AltitudeMeters>
                    </Trackpoint>
                    <Trackpoint>
                        <DistanceMeters>496.27825713157654</DistanceMeters>
                        <Time>2021-10-03T07:14:22.695Z</Time>
                        <Position>
                            <LatitudeDegrees>30.996938705444336</LatitudeDegrees>
                            <LongitudeDegrees>103.61997985839844</LongitudeDegrees>
                        </Position>
                        <AltitudeMeters>683.8611450195312</AltitudeMeters>
                    </Trackpoint>
                    <Trackpoint>
                        <DistanceMeters>496.27825713157654</DistanceMeters>
                        <Time>2021-10-03T07:14:23.706Z</Time>
                        <Position>
                            <LatitudeDegrees>30.9969425201416</LatitudeDegrees>
                            <LongitudeDegrees>103.61998748779297</LongitudeDegrees>
                        </Position>
                        <AltitudeMeters>683.224609375</AltitudeMeters>
                    </Trackpoint>
                    <Trackpoint>
                        <DistanceMeters>496.27825713157654</DistanceMeters>
                        <Time>2021-10-03T07:14:24.698Z</Time>
                        <Position>
                            <LatitudeDegrees>30.996946334838867</LatitudeDegrees>
                            <LongitudeDegrees>103.62000274658203</LongitudeDegrees>
                        </Position>
                        <AltitudeMeters>684.0206298828125</AltitudeMeters>
                    </Trackpoint>
                    <Trackpoint>
                        <DistanceMeters>496.27825713157654</DistanceMeters>
                        <Time>2021-10-03T07:14:25.696Z</Time>
                        <Position>
                            <LatitudeDegrees>30.996950149536133</LatitudeDegrees>
                            <LongitudeDegrees>103.62001037597656</LongitudeDegrees>
                        </Position>
                        <AltitudeMeters>683.3761596679688</AltitudeMeters>
                    </Trackpoint>
                    <Trackpoint>
                        <DistanceMeters>496.27825713157654</DistanceMeters>
                        <Time>2021-10-03T07:14:26.697Z</Time>
                        <Position>
                            <LatitudeDegrees>30.9969539642334</LatitudeDegrees>
                            <LongitudeDegrees>103.6200180053711</LongitudeDegrees>
                        </Position>
                        <AltitudeMeters>683.5565185546875</AltitudeMeters>
                    </Trackpoint>
                    <Trackpoint>
                        <DistanceMeters>496.27825713157654</DistanceMeters>
                        <Time>2021-10-03T07:14:27.701Z</Time>
                        <Position>
                            <LatitudeDegrees>30.996957778930664</LatitudeDegrees>
                            <LongitudeDegrees>103.62003326416016</LongitudeDegrees>
                        </Position>
                        <AltitudeMeters>683.240478515625</AltitudeMeters>
                    </Trackpoint>
                    <Trackpoint>
                        <DistanceMeters>496.27825713157654</DistanceMeters>
                        <Time>2021-10-03T07:14:29.693Z</Time>
                        <Position>
                            <LatitudeDegrees>30.99696159362793</LatitudeDegrees>
                            <LongitudeDegrees>103.62004852294922</LongitudeDegrees>
                        </Position>
                        <AltitudeMeters>684.2866821289062</AltitudeMeters>
                    </Trackpoint>
                    <Trackpoint>
                        <DistanceMeters>525.3618867397308</DistanceMeters>
                        <Time>2021-10-03T07:14:31.697Z</Time>
                        <Position>
                            <LatitudeDegrees>30.99696159362793</LatitudeDegrees>
                            <LongitudeDegrees>103.62007141113281</LongitudeDegrees>
                        </Position>
                        <AltitudeMeters>684.0776977539062</AltitudeMeters>
                    </Trackpoint>
                    <Trackpoint>
                        <DistanceMeters>525.3618867397308</DistanceMeters>
                        <Time>2021-10-03T07:14:33.701Z</Time>
                        <Position>
                            <LatitudeDegrees>30.996965408325195</LatitudeDegrees>
                            <LongitudeDegrees>103.62008666992188</LongitudeDegrees>
                        </Position>
                        <AltitudeMeters>684.7140502929688</AltitudeMeters>
                    </Trackpoint>
                    <Trackpoint>
                        <DistanceMeters>525.3618867397308</DistanceMeters>
                        <Time>2021-10-03T07:14:35.697Z</Time>
                        <Position>
                            <LatitudeDegrees>30.99696922302246</LatitudeDegrees>
                            <LongitudeDegrees>103.62010955810547</LongitudeDegrees>
                        </Position>
                        <AltitudeMeters>685.1885986328125</AltitudeMeters>
                    </Trackpoint>
                    <Trackpoint>
                        <DistanceMeters>525.3618867397308</DistanceMeters>
                        <Time>2021-10-03T07:14:37.695Z</Time>
                        <Position>
                            <LatitudeDegrees>30.996978759765625</LatitudeDegrees>
                            <LongitudeDegrees>103.62012481689453</LongitudeDegrees>
                        </Position>
                        <AltitudeMeters>684.0416870117188</AltitudeMeters>
                    </Trackpoint>
                    <Trackpoint>
                        <DistanceMeters>525.3618867397308</DistanceMeters>
                        <Time>2021-10-03T07:14:39.698Z</Time>
                        <Position>
                            <LatitudeDegrees>30.996994018554688</LatitudeDegrees>
                            <LongitudeDegrees>103.62012481689453</LongitudeDegrees>
                        </Position>
                        <AltitudeMeters>684.0134887695312</AltitudeMeters>
                    </Trackpoint>
                    <Trackpoint>
                        <DistanceMeters>525.3618867397308</DistanceMeters>
                        <Time>2021-10-03T07:14:41.696Z</Time>
                        <Position>
                            <LatitudeDegrees>30.997007369995117</LatitudeDegrees>
                            <LongitudeDegrees>103.62013244628906</LongitudeDegrees>
                        </Position>
                        <AltitudeMeters>684.0875244140625</AltitudeMeters>
                    </Trackpoint>
                    <Trackpoint>
                        <DistanceMeters>525.3618867397308</DistanceMeters>
                        <Time>2021-10-03T07:14:42.694Z</Time>
                        <Position>
                            <LatitudeDegrees>30.99701499938965</LatitudeDegrees>
                            <LongitudeDegrees>103.62013244628906</LongitudeDegrees>
                        </Position>
                        <AltitudeMeters>684.5172119140625</AltitudeMeters>
                    </Trackpoint>
                    <Trackpoint>
                        <DistanceMeters>525.3618867397308</DistanceMeters>
                        <Time>2021-10-03T07:14:43.696Z</Time>
                        <Position>
                            <LatitudeDegrees>30.997020721435547</LatitudeDegrees>
                            <LongitudeDegrees>103.62014770507812</LongitudeDegrees>
                        </Position>
                        <AltitudeMeters>685.0028686523438</AltitudeMeters>
                    </Trackpoint>
                    <Trackpoint>
                        <DistanceMeters>525.3618867397308</DistanceMeters>
                        <Time>2021-10-03T07:14:44.696Z</Time>
                        <Position>
                            <LatitudeDegrees>30.997026443481445</LatitudeDegrees>
                            <LongitudeDegrees>103.62015533447266</LongitudeDegrees>
                        </Position>
                        <AltitudeMeters>684.2913818359375</AltitudeMeters>
                    </Trackpoint>
                    <Trackpoint>
                        <DistanceMeters>525.3618867397308</DistanceMeters>
                        <Time>2021-10-03T07:14:45.692Z</Time>
                        <Position>
                            <LatitudeDegrees>30.997034072875977</LatitudeDegrees>
                            <LongitudeDegrees>103.62016296386719</LongitudeDegrees>
                        </Position>
                        <AltitudeMeters>686.1806030273438</AltitudeMeters>
                    </Trackpoint>
                    <Trackpoint>
                        <DistanceMeters>525.3618867397308</DistanceMeters>
                        <Time>2021-10-03T07:14:46.697Z</Time>
                        <Position>
                            <LatitudeDegrees>30.997045516967773</LatitudeDegrees>
                            <LongitudeDegrees>103.62017059326172</LongitudeDegrees>
                        </Position>
                        <AltitudeMeters>685.8229370117188</AltitudeMeters>
                    </Trackpoint>
                    <Trackpoint>
                        <DistanceMeters>525.3618867397308</DistanceMeters>
                        <Time>2021-10-03T07:14:47.693Z</Time>
                        <Position>
                            <LatitudeDegrees>30.997053146362305</LatitudeDegrees>
                            <LongitudeDegrees>103.62017822265625</LongitudeDegrees>
                        </Position>
                        <AltitudeMeters>684.8790283203125</AltitudeMeters>
                    </Trackpoint>
                    <Trackpoint>
                        <DistanceMeters>525.3618867397308</DistanceMeters>
                        <Time>2021-10-03T07:14:48.694Z</Time>
                        <Position>
                            <LatitudeDegrees>30.997058868408203</LatitudeDegrees>
                            <LongitudeDegrees>103.62019348144531</LongitudeDegrees>
                        </Position>
                        <AltitudeMeters>685.3886108398438</AltitudeMeters>
                    </Trackpoint>
                    <Trackpoint>
                        <DistanceMeters>525.3618867397308</DistanceMeters>
                        <Time>2021-10-03T07:14:49.696Z</Time>
                        <Position>
                            <LatitudeDegrees>30.99706268310547</LatitudeDegrees>
                            <LongitudeDegrees>103.62020874023438</LongitudeDegrees>
                        </Position>
                        <AltitudeMeters>685.5210571289062</AltitudeMeters>
                    </Trackpoint>
                    <Trackpoint>
                        <DistanceMeters>525.3618867397308</DistanceMeters>
                        <Time>2021-10-03T07:14:50.695Z</Time>
                        <Position>
                            <LatitudeDegrees>30.997066497802734</LatitudeDegrees>
                            <LongitudeDegrees>103.6202163696289</LongitudeDegrees>
                        </Position>
                        <AltitudeMeters>685.4284057617188</AltitudeMeters>
                    </Trackpoint>
                    <Trackpoint>
                        <DistanceMeters>525.3618867397308</DistanceMeters>
                        <Time>2021-10-03T07:14:52.695Z</Time>
                        <Position>
                            <LatitudeDegrees>30.997072219848633</LatitudeDegrees>
                            <LongitudeDegrees>103.6202392578125</LongitudeDegrees>
                        </Position>
                        <AltitudeMeters>686.4209594726562</AltitudeMeters>
                    </Trackpoint>
                    <Trackpoint>
                        <DistanceMeters>525.3618867397308</DistanceMeters>
                        <Time>2021-10-03T07:14:54.695Z</Time>
                        <Position>
                            <LatitudeDegrees>30.9970760345459</LatitudeDegrees>
                            <LongitudeDegrees>103.62025451660156</LongitudeDegrees>
                        </Position>
                        <AltitudeMeters>686.1380615234375</AltitudeMeters>
                    </Trackpoint>
                    <Trackpoint>
                        <DistanceMeters>525.3618867397308</DistanceMeters>
                        <Time>2021-10-03T07:14:56.695Z</Time>
                        <Position>
                            <LatitudeDegrees>30.99708366394043</LatitudeDegrees>
                            <LongitudeDegrees>103.62026977539062</LongitudeDegrees>
                        </Position>
                        <AltitudeMeters>685.8389282226562</AltitudeMeters>
                    </Trackpoint>
                    <Trackpoint>
                        <DistanceMeters>525.3618867397308</DistanceMeters>
                        <Time>2021-10-03T07:14:58.691Z</Time>
                        <Position>
                            <LatitudeDegrees>30.997087478637695</LatitudeDegrees>
                            <LongitudeDegrees>103.62028503417969</LongitudeDegrees>
                        </Position>
                        <AltitudeMeters>685.975830078125</AltitudeMeters>
                    </Trackpoint>
                    <Trackpoint>
                        <DistanceMeters>538.7369582653046</DistanceMeters>
                        <Time>2021-10-03T07:15:00.695Z</Time>
                        <Position>
                            <LatitudeDegrees>30.99709129333496</LatitudeDegrees>
                            <LongitudeDegrees>103.62030792236328</LongitudeDegrees>
                        </Position>
                        <AltitudeMeters>686.282470703125</AltitudeMeters>
                    </Trackpoint>
                    <Trackpoint>
                        <DistanceMeters>538.7369582653046</DistanceMeters>
                        <Time>2021-10-03T07:15:01.697Z</Time>
                        <Position>
                            <LatitudeDegrees>30.997093200683594</LatitudeDegrees>
                            <LongitudeDegrees>103.62031555175781</LongitudeDegrees>
                        </Position>
                        <AltitudeMeters>686.4564819335938</AltitudeMeters>
                    </Trackpoint>
                    <Trackpoint>
                        <DistanceMeters>538.7369582653046</DistanceMeters>
                        <Time>2021-10-03T07:15:02.690Z</Time>
                        <Position>
                            <LatitudeDegrees>30.997095108032227</LatitudeDegrees>
                            <LongitudeDegrees>103.62033081054688</LongitudeDegrees>
                        </Position>
                        <AltitudeMeters>686.104248046875</AltitudeMeters>
                    </Trackpoint>
                    <Trackpoint>
                        <DistanceMeters>538.7369582653046</DistanceMeters>
                        <Time>2021-10-03T07:15:03.693Z</Time>
                        <Position>
                            <LatitudeDegrees>30.997095108032227</LatitudeDegrees>
                            <LongitudeDegrees>103.6203384399414</LongitudeDegrees>
                        </Position>
                        <AltitudeMeters>686.5553588867188</AltitudeMeters>
                    </Trackpoint>
                    <Trackpoint>
                        <DistanceMeters>538.7369582653046</DistanceMeters>
                        <Time>2021-10-03T07:15:04.696Z</Time>
                        <Position>
                            <LatitudeDegrees>30.997095108032227</LatitudeDegrees>
                            <LongitudeDegrees>103.62035369873047</LongitudeDegrees>
                        </Position>
                        <AltitudeMeters>686.7918701171875</AltitudeMeters>
                    </Trackpoint>
                    <Trackpoint>
                        <DistanceMeters>538.7369582653046</DistanceMeters>
                        <Time>2021-10-03T07:15:05.695Z</Time>
                        <Position>
                            <LatitudeDegrees>30.997102737426758</LatitudeDegrees>
                            <LongitudeDegrees>103.62036895751953</LongitudeDegrees>
                        </Position>
                        <AltitudeMeters>686.905517578125</AltitudeMeters>
                    </Trackpoint>
                    <Trackpoint>
                        <DistanceMeters>538.7369582653046</DistanceMeters>
                        <Time>2021-10-03T07:15:06.695Z</Time>
                        <Position>
                            <LatitudeDegrees>30.997108459472656</LatitudeDegrees>
                            <LongitudeDegrees>103.62037658691406</LongitudeDegrees>
                        </Position>
                        <AltitudeMeters>685.4750366210938</AltitudeMeters>
                    </Trackpoint>
                    <Trackpoint>
                        <DistanceMeters>538.7369582653046</DistanceMeters>
                        <Time>2021-10-03T07:15:08.699Z</Time>
                        <Position>
                            <LatitudeDegrees>30.997116088867188</LatitudeDegrees>
                            <LongitudeDegrees>103.6203842163086</LongitudeDegrees>
                        </Position>
                        <AltitudeMeters>685.5982055664062</AltitudeMeters>
                    </Trackpoint>
                    <Trackpoint>
                        <DistanceMeters>538.7369582653046</DistanceMeters>
                        <Time>2021-10-03T07:15:25.698Z</Time>
                        <Position>
                            <LatitudeDegrees>30.997114181518555</LatitudeDegrees>
                            <LongitudeDegrees>103.62036895751953</LongitudeDegrees>
                        </Position>
                        <AltitudeMeters>687.52587890625</AltitudeMeters>
                    </Trackpoint>
                    <Trackpoint>
                        <DistanceMeters>538.7369582653046</DistanceMeters>
                        <Time>2021-10-03T07:15:28.701Z</Time>
                        <Position>
                            <LatitudeDegrees>30.99711036682129</LatitudeDegrees>
                            <LongitudeDegrees>103.62035369873047</LongitudeDegrees>
                        </Position>
                        <AltitudeMeters>687.7908325195312</AltitudeMeters>
                    </Trackpoint>
                    <Trackpoint>
                        <DistanceMeters>542.4917845726013</DistanceMeters>
                        <Time>2021-10-03T07:15:38.689Z</Time>
                        <Position>
                            <LatitudeDegrees>30.997114181518555</LatitudeDegrees>
                            <LongitudeDegrees>103.62036895751953</LongitudeDegrees>
                        </Position>
                        <AltitudeMeters>688.6618041992188</AltitudeMeters>
                    </Trackpoint>
                    <Trackpoint>
                        <DistanceMeters>542.4917845726013</DistanceMeters>
                        <Time>2021-10-03T07:15:41.693Z</Time>
                        <Position>
                            <LatitudeDegrees>30.99711799621582</LatitudeDegrees>
                            <LongitudeDegrees>103.6203842163086</LongitudeDegrees>
                        </Position>
                        <AltitudeMeters>692.1778564453125</AltitudeMeters>
                    </Trackpoint>
                    <Trackpoint>
                        <DistanceMeters>542.4917845726013</DistanceMeters>
                        <Time>2021-10-03T07:15:45.697Z</Time>
                        <Position>
                            <LatitudeDegrees>30.99711799621582</LatitudeDegrees>
                            <LongitudeDegrees>103.62039184570312</LongitudeDegrees>
                        </Position>
                        <AltitudeMeters>693.9454345703125</AltitudeMeters>
                    </Trackpoint>
                    <Trackpoint>
                        <DistanceMeters>557.4728989601135</DistanceMeters>
                        <Time>2021-10-03T07:16:00.694Z</Time>
                        <Position>
                            <LatitudeDegrees>30.997121810913086</LatitudeDegrees>
                            <LongitudeDegrees>103.62040710449219</LongitudeDegrees>
                        </Position>
                        <AltitudeMeters>691.79541015625</AltitudeMeters>
                    </Trackpoint>
                    <Trackpoint>
                        <DistanceMeters>557.4728989601135</DistanceMeters>
                        <Time>2021-10-03T07:16:04.697Z</Time>
                        <Position>
                            <LatitudeDegrees>30.997114181518555</LatitudeDegrees>
                            <LongitudeDegrees>103.62041473388672</LongitudeDegrees>
                        </Position>
                        <AltitudeMeters>691.7461547851562</AltitudeMeters>
                    </Trackpoint>
                    <Trackpoint>
                        <DistanceMeters>557.4728989601135</DistanceMeters>
                        <Time>2021-10-03T07:16:14.696Z</Time>
                        <Position>
                            <LatitudeDegrees>30.997121810913086</LatitudeDegrees>
                            <LongitudeDegrees>103.62042999267578</LongitudeDegrees>
                        </Position>
                        <AltitudeMeters>691.7403564453125</AltitudeMeters>
                    </Trackpoint>
                    <Trackpoint>
                        <DistanceMeters>557.4728989601135</DistanceMeters>
                        <Time>2021-10-03T07:16:16.702Z</Time>
                        <Position>
                            <LatitudeDegrees>30.997127532958984</LatitudeDegrees>
                            <LongitudeDegrees>103.62044525146484</LongitudeDegrees>
                        </Position>
                        <AltitudeMeters>691.7075805664062</AltitudeMeters>
                    </Trackpoint>
                    <Trackpoint>
                        <DistanceMeters>557.4728989601135</DistanceMeters>
                        <Time>2021-10-03T07:16:18.743Z</Time>
                        <Position>
                            <LatitudeDegrees>30.99712371826172</LatitudeDegrees>
                            <LongitudeDegrees>103.6204605102539</LongitudeDegrees>
                        </Position>
                        <AltitudeMeters>691.7322387695312</AltitudeMeters>
                    </Trackpoint>
                    <Trackpoint>
                        <DistanceMeters>557.4728989601135</DistanceMeters>
                        <Time>2021-10-03T07:16:20.694Z</Time>
                        <Position>
                            <LatitudeDegrees>30.997127532958984</LatitudeDegrees>
                            <LongitudeDegrees>103.62047576904297</LongitudeDegrees>
                        </Position>
                        <AltitudeMeters>691.7841186523438</AltitudeMeters>
                    </Trackpoint>
                    <Trackpoint>
                        <DistanceMeters>557.4728989601135</DistanceMeters>
                        <Time>2021-10-03T07:16:22.693Z</Time>
                        <Position>
                            <LatitudeDegrees>30.997129440307617</LatitudeDegrees>
                            <LongitudeDegrees>103.62049102783203</LongitudeDegrees>
                        </Position>
                        <AltitudeMeters>691.7406005859375</AltitudeMeters>
                    </Trackpoint>
                    <Trackpoint>
                        <DistanceMeters>557.4728989601135</DistanceMeters>
                        <Time>2021-10-03T07:16:24.695Z</Time>
                        <Position>
                            <LatitudeDegrees>30.997129440307617</LatitudeDegrees>
                            <LongitudeDegrees>103.62049865722656</LongitudeDegrees>
                        </Position>
                        <AltitudeMeters>691.6785278320312</AltitudeMeters>
                    </Trackpoint>
                    <Trackpoint>
                        <DistanceMeters>557.4728989601135</DistanceMeters>
                        <Time>2021-10-03T07:16:26.690Z</Time>
                        <Position>
                            <LatitudeDegrees>30.99712371826172</LatitudeDegrees>
                            <LongitudeDegrees>103.62052154541016</LongitudeDegrees>
                        </Position>
                        <AltitudeMeters>691.7597045898438</AltitudeMeters>
                    </Trackpoint>
                    <Trackpoint>
                        <DistanceMeters>557.4728989601135</DistanceMeters>
                        <Time>2021-10-03T07:16:28.696Z</Time>
                        <Position>
                            <LatitudeDegrees>30.997129440307617</LatitudeDegrees>
                            <LongitudeDegrees>103.62053680419922</LongitudeDegrees>
                        </Position>
                        <AltitudeMeters>691.8203125</AltitudeMeters>
                    </Trackpoint>
                    <Trackpoint>
                        <DistanceMeters>591.5617280006409</DistanceMeters>
                        <Time>2021-10-03T07:16:30.692Z</Time>
                        <Position>
                            <LatitudeDegrees>30.997135162353516</LatitudeDegrees>
                            <LongitudeDegrees>103.62055206298828</LongitudeDegrees>
                        </Position>
                        <AltitudeMeters>691.8514404296875</AltitudeMeters>
                    </Trackpoint>
                    <Trackpoint>
                        <DistanceMeters>591.5617280006409</DistanceMeters>
                        <Time>2021-10-03T07:16:32.700Z</Time>
                        <Position>
                            <LatitudeDegrees>30.99713706970215</LatitudeDegrees>
                            <LongitudeDegrees>103.62056732177734</LongitudeDegrees>
                        </Position>
                        <AltitudeMeters>691.87060546875</AltitudeMeters>
                    </Trackpoint>
                    <Trackpoint>
                        <DistanceMeters>591.5617280006409</DistanceMeters>
                        <Time>2021-10-03T07:16:33.700Z</Time>
                        <Position>
                            <LatitudeDegrees>30.997133255004883</LatitudeDegrees>
                            <LongitudeDegrees>103.62057495117188</LongitudeDegrees>
                        </Position>
                        <AltitudeMeters>691.8515014648438</AltitudeMeters>
                    </Trackpoint>
                    <Trackpoint>
                        <DistanceMeters>591.5617280006409</DistanceMeters>
                        <Time>2021-10-03T07:16:34.695Z</Time>
                        <Position>
                            <LatitudeDegrees>30.99713134765625</LatitudeDegrees>
                            <LongitudeDegrees>103.62059020996094</LongitudeDegrees>
                        </Position>
                        <AltitudeMeters>691.876220703125</AltitudeMeters>
                    </Trackpoint>
                    <Trackpoint>
                        <DistanceMeters>591.5617280006409</DistanceMeters>
                        <Time>2021-10-03T07:16:35.702Z</Time>
                        <Position>
                            <LatitudeDegrees>30.997127532958984</LatitudeDegrees>
                            <LongitudeDegrees>103.62059783935547</LongitudeDegrees>
                        </Position>
                        <AltitudeMeters>691.9044189453125</AltitudeMeters>
                    </Trackpoint>
                    <Trackpoint>
                        <DistanceMeters>591.5617280006409</DistanceMeters>
                        <Time>2021-10-03T07:16:37.696Z</Time>
                        <Position>
                            <LatitudeDegrees>30.99712562561035</LatitudeDegrees>
                            <LongitudeDegrees>103.62062072753906</LongitudeDegrees>
                        </Position>
                        <AltitudeMeters>692.7958984375</AltitudeMeters>
                    </Trackpoint>
                    <Trackpoint>
                        <DistanceMeters>591.5617280006409</DistanceMeters>
                        <Time>2021-10-03T07:16:39.698Z</Time>
                        <Position>
                            <LatitudeDegrees>30.997127532958984</LatitudeDegrees>
                            <LongitudeDegrees>103.62063598632812</LongitudeDegrees>
                        </Position>
                        <AltitudeMeters>693.4107055664062</AltitudeMeters>
                    </Trackpoint>
                    <Trackpoint>
                        <DistanceMeters>591.5617280006409</DistanceMeters>
                        <Time>2021-10-03T07:16:41.701Z</Time>
                        <Position>
                            <LatitudeDegrees>30.997135162353516</LatitudeDegrees>
                            <LongitudeDegrees>103.62065887451172</LongitudeDegrees>
                        </Position>
                        <AltitudeMeters>693.3465576171875</AltitudeMeters>
                    </Trackpoint>
                    <Trackpoint>
                        <DistanceMeters>591.5617280006409</DistanceMeters>
                        <Time>2021-10-03T07:16:42.699Z</Time>
                        <Position>
                            <LatitudeDegrees>30.99713897705078</LatitudeDegrees>
                            <LongitudeDegrees>103.62066650390625</LongitudeDegrees>
                        </Position>
                        <AltitudeMeters>694.025634765625</AltitudeMeters>
                    </Trackpoint>
                    <Trackpoint>
                        <DistanceMeters>591.5617280006409</DistanceMeters>
                        <Time>2021-10-03T07:16:43.705Z</Time>
                        <Position>
                            <LatitudeDegrees>30.997140884399414</LatitudeDegrees>
                            <LongitudeDegrees>103.62068176269531</LongitudeDegrees>
                        </Position>
                        <AltitudeMeters>694.1466064453125</AltitudeMeters>
                    </Trackpoint>
                    <Trackpoint>
                        <DistanceMeters>591.5617280006409</DistanceMeters>
                        <Time>2021-10-03T07:16:44.706Z</Time>
                        <Position>
                            <LatitudeDegrees>30.99713897705078</LatitudeDegrees>
                            <LongitudeDegrees>103.62069702148438</LongitudeDegrees>
                        </Position>
                        <AltitudeMeters>693.9430541992188</AltitudeMeters>
                    </Trackpoint>
                    <Trackpoint>
                        <DistanceMeters>591.5617280006409</DistanceMeters>
                        <Time>2021-10-03T07:16:45.696Z</Time>
                        <Position>
                            <LatitudeDegrees>30.99713897705078</LatitudeDegrees>
                            <LongitudeDegrees>103.62071228027344</LongitudeDegrees>
                        </Position>
                        <AltitudeMeters>693.9839477539062</AltitudeMeters>
                    </Trackpoint>
                    <Trackpoint>
                        <DistanceMeters>591.5617280006409</DistanceMeters>
                        <Time>2021-10-03T07:16:46.698Z</Time>
                        <Position>
                            <LatitudeDegrees>30.997135162353516</LatitudeDegrees>
                            <LongitudeDegrees>103.6207275390625</LongitudeDegrees>
                        </Position>
                        <AltitudeMeters>694.3571166992188</AltitudeMeters>
                    </Trackpoint>
                    <Trackpoint>
                        <DistanceMeters>591.5617280006409</DistanceMeters>
                        <Time>2021-10-03T07:16:47.706Z</Time>
                        <Position>
                            <LatitudeDegrees>30.997133255004883</LatitudeDegrees>
                            <LongitudeDegrees>103.62074279785156</LongitudeDegrees>
                        </Position>
                        <AltitudeMeters>695.45947265625</AltitudeMeters>
                    </Trackpoint>
                    <Trackpoint>
                        <DistanceMeters>591.5617280006409</DistanceMeters>
                        <Time>2021-10-03T07:16:48.700Z</Time>
                        <Position>
                            <LatitudeDegrees>30.997135162353516</LatitudeDegrees>
                            <LongitudeDegrees>103.62075805664062</LongitudeDegrees>
                        </Position>
                        <AltitudeMeters>696.1653442382812</AltitudeMeters>
                    </Trackpoint>
                    <Trackpoint>
                        <DistanceMeters>591.5617280006409</DistanceMeters>
                        <Time>2021-10-03T07:16:49.698Z</Time>
                        <Position>
                            <LatitudeDegrees>30.99713897705078</LatitudeDegrees>
                            <LongitudeDegrees>103.62076568603516</LongitudeDegrees>
                        </Position>
                        <AltitudeMeters>697.4409790039062</AltitudeMeters>
                    </Trackpoint>
                    <Trackpoint>
                        <DistanceMeters>591.5617280006409</DistanceMeters>
                        <Time>2021-10-03T07:16:50.702Z</Time>
                        <Position>
                            <LatitudeDegrees>30.997142791748047</LatitudeDegrees>
                            <LongitudeDegrees>103.62078094482422</LongitudeDegrees>
                        </Position>
                        <AltitudeMeters>696.5848999023438</AltitudeMeters>
                    </Trackpoint>
                    <Trackpoint>
                        <DistanceMeters>591.5617280006409</DistanceMeters>
                        <Time>2021-10-03T07:16:51.706Z</Time>
                        <Position>
                            <LatitudeDegrees>30.997146606445312</LatitudeDegrees>
                            <LongitudeDegrees>103.62079620361328</LongitudeDegrees>
                        </Position>
                        <AltitudeMeters>696.2950439453125</AltitudeMeters>
                    </Trackpoint>
                    <Trackpoint>
                        <DistanceMeters>591.5617280006409</DistanceMeters>
                        <Time>2021-10-03T07:16:52.695Z</Time>
                        <Position>
                            <LatitudeDegrees>30.997150421142578</LatitudeDegrees>
                            <LongitudeDegrees>103.62080383300781</LongitudeDegrees>
                        </Position>
                        <AltitudeMeters>696.1267700195312</AltitudeMeters>
                    </Trackpoint>
                    <Trackpoint>
                        <DistanceMeters>591.5617280006409</DistanceMeters>
                        <Time>2021-10-03T07:16:53.697Z</Time>
                        <Position>
                            <LatitudeDegrees>30.997150421142578</LatitudeDegrees>
                            <LongitudeDegrees>103.62081909179688</LongitudeDegrees>
                        </Position>
                        <AltitudeMeters>696.6571044921875</AltitudeMeters>
                    </Trackpoint>
                    <Trackpoint>
                        <DistanceMeters>591.5617280006409</DistanceMeters>
                        <Time>2021-10-03T07:16:54.697Z</Time>
                        <Position>
                            <LatitudeDegrees>30.997150421142578</LatitudeDegrees>
                            <LongitudeDegrees>103.62083435058594</LongitudeDegrees>
                        </Position>
                        <AltitudeMeters>697.1614379882812</AltitudeMeters>
                    </Trackpoint>
                    <Trackpoint>
                        <DistanceMeters>591.5617280006409</DistanceMeters>
                        <Time>2021-10-03T07:16:55.706Z</Time>
                        <Position>
                            <LatitudeDegrees>30.997146606445312</LatitudeDegrees>
                            <LongitudeDegrees>103.62084197998047</LongitudeDegrees>
                        </Position>
                        <AltitudeMeters>696.9791870117188</AltitudeMeters>
                    </Trackpoint>
                    <Trackpoint>
                        <DistanceMeters>591.5617280006409</DistanceMeters>
                        <Time>2021-10-03T07:16:56.706Z</Time>
                        <Position>
                            <LatitudeDegrees>30.997142791748047</LatitudeDegrees>
                            <LongitudeDegrees>103.62085723876953</LongitudeDegrees>
                        </Position>
                        <AltitudeMeters>696.8348388671875</AltitudeMeters>
                    </Trackpoint>
                    <Trackpoint>
                        <DistanceMeters>591.5617280006409</DistanceMeters>
                        <Time>2021-10-03T07:16:57.695Z</Time>
                        <Position>
                            <LatitudeDegrees>30.997140884399414</LatitudeDegrees>
                            <LongitudeDegrees>103.6208724975586</LongitudeDegrees>
                        </Position>
                        <AltitudeMeters>696.7009887695312</AltitudeMeters>
                    </Trackpoint>
                    <Trackpoint>
                        <DistanceMeters>591.5617280006409</DistanceMeters>
                        <Time>2021-10-03T07:16:58.690Z</Time>
                        <Position>
                            <LatitudeDegrees>30.99713897705078</LatitudeDegrees>
                            <LongitudeDegrees>103.62088012695312</LongitudeDegrees>
                        </Position>
                        <AltitudeMeters>696.5369262695312</AltitudeMeters>
                    </Trackpoint>
                    <Trackpoint>
                        <DistanceMeters>749.8340821266174</DistanceMeters>
                        <Time>2021-10-03T07:20:17.204Z</Time>
                        <Position>
                            <LatitudeDegrees>30.996131896972656</LatitudeDegrees>
                            <LongitudeDegrees>103.62205505371094</LongitudeDegrees>
                        </Position>
                        <AltitudeMeters>690.6168823242188</AltitudeMeters>
                    </Trackpoint>
                    <Trackpoint>
                        <DistanceMeters>769.1471772193909</DistanceMeters>
                        <Time>2021-10-03T07:21:40.922Z</Time>
                        <Position>
                            <LatitudeDegrees>30.996017456054688</LatitudeDegrees>
                            <LongitudeDegrees>103.62220764160156</LongitudeDegrees>
                        </Position>
                        <AltitudeMeters>690.2684326171875</AltitudeMeters>
                    </Trackpoint>
                    <Trackpoint>
                        <DistanceMeters>812.4763283729553</DistanceMeters>
                        <Time>2021-10-03T07:22:13.380Z</Time>
                        <Position>
                            <LatitudeDegrees>30.995826721191406</LatitudeDegrees>
                            <LongitudeDegrees>103.62181091308594</LongitudeDegrees>
                        </Position>
                        <AltitudeMeters>690.1029052734375</AltitudeMeters>
                    </Trackpoint>
                    <Trackpoint>
                        <DistanceMeters>816.13538646698</DistanceMeters>
                        <Time>2021-10-03T07:23:02.584Z</Time>
                    </Trackpoint>
                </Track>
                <DistanceMeters>816.13538646698</DistanceMeters>
                <TotalTimeSeconds>1059.026540607</TotalTimeSeconds>
                <Calories>63.26546859741211</Calories>
                <Intensity>Active</Intensity>
                <TriggerMethod>Manual</TriggerMethod>
            </Lap>
        </Activity>
        <Activity Sport="Walking">
            <Id>2021-10-03T07:26:36.938Z</Id>
            <Lap StartTime="2021-10-03T07:26:36.938Z">
                <Track>
                    <Trackpoint>
                        <DistanceMeters>0.0</DistanceMeters>
                        <Time>2021-10-03T07:26:36.938Z</Time>
                    </Trackpoint>
                    <Trackpoint>
                        <DistanceMeters>25.110254287719727</DistanceMeters>
                        <Time>2021-10-03T07:27:30.180Z</Time>
                    </Trackpoint>
                    <Trackpoint>
                        <DistanceMeters>25.110254287719727</DistanceMeters>
                        <Time>2021-10-03T07:27:36.212Z</Time>
                    </Trackpoint>
                    <Trackpoint>
                        <DistanceMeters>33.48033905029297</DistanceMeters>
                        <Time>2021-10-03T07:28:00.245Z</Time>
                    </Trackpoint>
                    <Trackpoint>
                        <DistanceMeters>94.46238708496094</DistanceMeters>
                        <Time>2021-10-03T07:29:13.814Z</Time>
                    </Trackpoint>
                    <Trackpoint>
                        <DistanceMeters>98.24631953239441</DistanceMeters>
                        <Time>2021-10-03T07:29:17.590Z</Time>
                    </Trackpoint>
                    <Trackpoint>
                        <DistanceMeters>128.13947939872742</DistanceMeters>
                        <Time>2021-10-03T07:30:16.743Z</Time>
                    </Trackpoint>
                </Track>
                <DistanceMeters>128.13947939872742</DistanceMeters>
                <TotalTimeSeconds>219.805378829</TotalTimeSeconds>
                <Calories>9.703513145446777</Calories>
                <Intensity>Active</Intensity>
                <TriggerMethod>Manual</TriggerMethod>
            </Lap>
        </Activity>
    </Activities>
    <Author xsi:type="Application_t">
        <Name>Google Fit</Name>
        <Build>
            <Version>
                <VersionMajor>0</VersionMajor>
                <VersionMinor>0</VersionMinor>
                <BuildMajor>0</BuildMajor>
                <BuildMinor>0</BuildMinor>
            </Version>
        </Build>
        <LangID>en</LangID>
        <PartNumber>000-00000-00</PartNumber>
    </Author>
</TrainingCenterDatabase>
