<?xml version="1.0" encoding="UTF-8"?>
<TrainingCenterDatabase
    xmlns="http://www.garmin.com/xmlschemas/TrainingCenterDatabase/v2"
    xmlns:ns2="http://www.garmin.com/xmlschemas/UserProfile/v2"
    xmlns:ns3="http://www.garmin.com/xmlschemas/ActivityExtension/v2"
    xmlns:ns4="http://www.garmin.com/xmlschemas/ProfileExtension/v1"
    xmlns:ns5="http://www.garmin.com/xmlschemas/ActivityGoals/v1"
    xmlns:xsi="http://www.w3.org/2001/XMLSchema-instance" xsi:schemaLocation="http://www.garmin.com/xmlschemas/TrainingCenterDatabase/v2 http://www.garmin.com/xmlschemas/TrainingCenterDatabasev2.xsd">
    <Activities>
        <Activity Sport="Running">
            <Id>2022-01-15T13:47:26.497Z</Id>
            <Lap StartTime="2022-01-15T13:47:26.497Z">
                <Track>
                    <Trackpoint>
                        <DistanceMeters>0.0</DistanceMeters>
                        <Time>2022-01-15T13:47:26.497Z</Time>
                    </Trackpoint>
                    <Trackpoint>
                        <DistanceMeters>0.707516074180603</DistanceMeters>
                        <Time>2022-01-15T13:47:28.782Z</Time>
                        <Position>
                            <LatitudeDegrees>30.518535614013672</LatitudeDegrees>
                            <LongitudeDegrees>104.05809020996094</LongitudeDegrees>
                        </Position>
                        <AltitudeMeters>434.1000061035156</AltitudeMeters>
                    </Trackpoint>
                    <Trackpoint>
                        <DistanceMeters>72.6480678319931</DistanceMeters>
                        <Time>2022-01-15T13:47:30.782Z</Time>
                        <Position>
                            <LatitudeDegrees>30.518556594848633</LatitudeDegrees>
                            <LongitudeDegrees>104.05812072753906</LongitudeDegrees>
                        </Position>
                        <AltitudeMeters>434.1000061035156</AltitudeMeters>
                    </Trackpoint>
                    <Trackpoint>
                        <DistanceMeters>72.6480678319931</DistanceMeters>
                        <Time>2022-01-15T13:47:32.784Z</Time>
                        <Position>
                            <LatitudeDegrees>30.518569946289062</LatitudeDegrees>
                            <LongitudeDegrees>104.05813598632812</LongitudeDegrees>
                        </Position>
                        <AltitudeMeters>434.1000061035156</AltitudeMeters>
                    </Trackpoint>
                    <Trackpoint>
                        <DistanceMeters>72.6480678319931</DistanceMeters>
                        <Time>2022-01-15T13:47:34.395Z</Time>
                        <Position>
                            <LatitudeDegrees>30.518583297729492</LatitudeDegrees>
                            <LongitudeDegrees>104.05816650390625</LongitudeDegrees>
                        </Position>
                        <AltitudeMeters>431.6999816894531</AltitudeMeters>
                    </Trackpoint>
                    <Trackpoint>
                        <DistanceMeters>72.6480678319931</DistanceMeters>
                        <Time>2022-01-15T13:47:36.169Z</Time>
                        <Position>
                            <LatitudeDegrees>30.518596649169922</LatitudeDegrees>
                            <LongitudeDegrees>104.05817413330078</LongitudeDegrees>
                        </Position>
                        <AltitudeMeters>431.6999816894531</AltitudeMeters>
                    </Trackpoint>
                    <Trackpoint>
                        <DistanceMeters>72.6480678319931</DistanceMeters>
                        <Time>2022-01-15T13:47:39.395Z</Time>
                        <Position>
                            <LatitudeDegrees>30.518617630004883</LatitudeDegrees>
                            <LongitudeDegrees>104.05821990966797</LongitudeDegrees>
                        </Position>
                        <AltitudeMeters>431.6999816894531</AltitudeMeters>
                    </Trackpoint>
                    <Trackpoint>
                        <DistanceMeters>72.6480678319931</DistanceMeters>
                        <Time>2022-01-15T13:47:40.036Z</Time>
                        <Position>
                            <LatitudeDegrees>30.51862335205078</LatitudeDegrees>
                            <LongitudeDegrees>104.05824279785156</LongitudeDegrees>
                        </Position>
                        <AltitudeMeters>431.6999816894531</AltitudeMeters>
                    </Trackpoint>
                    <Trackpoint>
                        <DistanceMeters>72.6480678319931</DistanceMeters>
                        <Time>2022-01-15T13:47:40.473Z</Time>
                        <Position>
                            <LatitudeDegrees>30.51862907409668</LatitudeDegrees>
                            <LongitudeDegrees>104.0582504272461</LongitudeDegrees>
                        </Position>
                        <AltitudeMeters>431.6999816894531</AltitudeMeters>
                    </Trackpoint>
                    <Trackpoint>
                        <DistanceMeters>72.6480678319931</DistanceMeters>
                        <Time>2022-01-15T13:47:40.788Z</Time>
                        <Position>
                            <LatitudeDegrees>30.518634796142578</LatitudeDegrees>
                            <LongitudeDegrees>104.05826568603516</LongitudeDegrees>
                        </Position>
                        <AltitudeMeters>431.6999816894531</AltitudeMeters>
                    </Trackpoint>
                    <Trackpoint>
                        <DistanceMeters>72.6480678319931</DistanceMeters>
                        <Time>2022-01-15T13:47:41.812Z</Time>
                        <Position>
                            <LatitudeDegrees>30.51864242553711</LatitudeDegrees>
                            <LongitudeDegrees>104.05828094482422</LongitudeDegrees>
                        </Position>
                        <AltitudeMeters>431.6999816894531</AltitudeMeters>
                    </Trackpoint>
                    <Trackpoint>
                        <DistanceMeters>72.6480678319931</DistanceMeters>
                        <Time>2022-01-15T13:47:42.295Z</Time>
                        <Position>
                            <LatitudeDegrees>30.518648147583008</LatitudeDegrees>
                            <LongitudeDegrees>104.05829620361328</LongitudeDegrees>
                        </Position>
                        <AltitudeMeters>431.6999816894531</AltitudeMeters>
                    </Trackpoint>
                    <Trackpoint>
                        <DistanceMeters>72.6480678319931</DistanceMeters>
                        <Time>2022-01-15T13:47:42.788Z</Time>
                        <Position>
                            <LatitudeDegrees>30.518653869628906</LatitudeDegrees>
                            <LongitudeDegrees>104.05830383300781</LongitudeDegrees>
                        </Position>
                        <AltitudeMeters>431.6999816894531</AltitudeMeters>
                    </Trackpoint>
                    <Trackpoint>
                        <DistanceMeters>72.6480678319931</DistanceMeters>
                        <Time>2022-01-15T13:47:43.774Z</Time>
                        <Position>
                            <LatitudeDegrees>30.518699645996094</LatitudeDegrees>
                            <LongitudeDegrees>104.0583267211914</LongitudeDegrees>
                        </Position>
                        <AltitudeMeters>431.6999816894531</AltitudeMeters>
                    </Trackpoint>
                    <Trackpoint>
                        <DistanceMeters>72.6480678319931</DistanceMeters>
                        <Time>2022-01-15T13:47:44.416Z</Time>
                        <Position>
                            <LatitudeDegrees>30.518718719482422</LatitudeDegrees>
                            <LongitudeDegrees>104.05833435058594</LongitudeDegrees>
                        </Position>
                        <AltitudeMeters>431.6999816894531</AltitudeMeters>
                    </Trackpoint>
                    <Trackpoint>
                        <DistanceMeters>72.6480678319931</DistanceMeters>
                        <Time>2022-01-15T13:47:44.714Z</Time>
                        <Position>
                            <LatitudeDegrees>30.518726348876953</LatitudeDegrees>
                            <LongitudeDegrees>104.05833435058594</LongitudeDegrees>
                        </Position>
                        <AltitudeMeters>431.6999816894531</AltitudeMeters>
                    </Trackpoint>
                    <Trackpoint>
                        <DistanceMeters>72.6480678319931</DistanceMeters>
                        <Time>2022-01-15T13:47:45.321Z</Time>
                        <Position>
                            <LatitudeDegrees>30.518741607666016</LatitudeDegrees>
                            <LongitudeDegrees>104.05834197998047</LongitudeDegrees>
                        </Position>
                        <AltitudeMeters>431.6999816894531</AltitudeMeters>
                    </Trackpoint>
                    <Trackpoint>
                        <DistanceMeters>72.6480678319931</DistanceMeters>
                        <Time>2022-01-15T13:47:45.933Z</Time>
                        <Position>
                            <LatitudeDegrees>30.518753051757812</LatitudeDegrees>
                            <LongitudeDegrees>104.05835723876953</LongitudeDegrees>
                        </Position>
                        <AltitudeMeters>431.6999816894531</AltitudeMeters>
                    </Trackpoint>
                    <Trackpoint>
                        <DistanceMeters>72.6480678319931</DistanceMeters>
                        <Time>2022-01-15T13:47:46.789Z</Time>
                        <Position>
                            <LatitudeDegrees>30.518770217895508</LatitudeDegrees>
                            <LongitudeDegrees>104.05836486816406</LongitudeDegrees>
                        </Position>
                        <AltitudeMeters>431.6999816894531</AltitudeMeters>
                    </Trackpoint>
                    <Trackpoint>
                        <DistanceMeters>72.6480678319931</DistanceMeters>
                        <Time>2022-01-15T13:47:47.790Z</Time>
                        <Position>
                            <LatitudeDegrees>30.518795013427734</LatitudeDegrees>
                            <LongitudeDegrees>104.05838012695312</LongitudeDegrees>
                        </Position>
                        <AltitudeMeters>431.6999816894531</AltitudeMeters>
                    </Trackpoint>
                    <Trackpoint>
                        <DistanceMeters>72.6480678319931</DistanceMeters>
                        <Time>2022-01-15T13:47:48.414Z</Time>
                        <Position>
                            <LatitudeDegrees>30.5188045501709</LatitudeDegrees>
                            <LongitudeDegrees>104.05839538574219</LongitudeDegrees>
                        </Position>
                        <AltitudeMeters>431.6999816894531</AltitudeMeters>
                    </Trackpoint>
                    <Trackpoint>
                        <DistanceMeters>72.6480678319931</DistanceMeters>
                        <Time>2022-01-15T13:47:48.789Z</Time>
                        <Position>
                            <LatitudeDegrees>30.518808364868164</LatitudeDegrees>
                            <LongitudeDegrees>104.05840301513672</LongitudeDegrees>
                        </Position>
                        <AltitudeMeters>431.6999816894531</AltitudeMeters>
                    </Trackpoint>
                    <Trackpoint>
                        <DistanceMeters>72.6480678319931</DistanceMeters>
                        <Time>2022-01-15T13:47:49.942Z</Time>
                        <Position>
                            <LatitudeDegrees>30.518827438354492</LatitudeDegrees>
                            <LongitudeDegrees>104.05842590332031</LongitudeDegrees>
                        </Position>
                        <AltitudeMeters>431.6999816894531</AltitudeMeters>
                    </Trackpoint>
                    <Trackpoint>
                        <DistanceMeters>72.6480678319931</DistanceMeters>
                        <Time>2022-01-15T13:47:50.788Z</Time>
                        <Position>
                            <LatitudeDegrees>30.518844604492188</LatitudeDegrees>
                            <LongitudeDegrees>104.05844116210938</LongitudeDegrees>
                        </Position>
                        <AltitudeMeters>431.6999816894531</AltitudeMeters>
                    </Trackpoint>
                    <Trackpoint>
                        <DistanceMeters>72.6480678319931</DistanceMeters>
                        <Time>2022-01-15T13:47:52.289Z</Time>
                        <Position>
                            <LatitudeDegrees>30.518871307373047</LatitudeDegrees>
                            <LongitudeDegrees>104.05846405029297</LongitudeDegrees>
                        </Position>
                        <AltitudeMeters>431.6999816894531</AltitudeMeters>
                    </Trackpoint>
                    <Trackpoint>
                        <DistanceMeters>72.6480678319931</DistanceMeters>
                        <Time>2022-01-15T13:47:53.032Z</Time>
                        <Position>
                            <LatitudeDegrees>30.51888084411621</LatitudeDegrees>
                            <LongitudeDegrees>104.05846405029297</LongitudeDegrees>
                        </Position>
                        <AltitudeMeters>431.6999816894531</AltitudeMeters>
                    </Trackpoint>
                    <Trackpoint>
                        <DistanceMeters>72.6480678319931</DistanceMeters>
                        <Time>2022-01-15T13:47:54.595Z</Time>
                        <Position>
                            <LatitudeDegrees>30.518898010253906</LatitudeDegrees>
                            <LongitudeDegrees>104.05845642089844</LongitudeDegrees>
                        </Position>
                        <AltitudeMeters>431.6999816894531</AltitudeMeters>
                    </Trackpoint>
                    <Trackpoint>
                        <DistanceMeters>72.6480678319931</DistanceMeters>
                        <Time>2022-01-15T13:47:56.074Z</Time>
                        <Position>
                            <LatitudeDegrees>30.51891326904297</LatitudeDegrees>
                            <LongitudeDegrees>104.0584487915039</LongitudeDegrees>
                        </Position>
                        <AltitudeMeters>431.6999816894531</AltitudeMeters>
                    </Trackpoint>
                    <Trackpoint>
                        <DistanceMeters>72.6480678319931</DistanceMeters>
                        <Time>2022-01-15T13:47:56.789Z</Time>
                        <Position>
                            <LatitudeDegrees>30.518922805786133</LatitudeDegrees>
                            <LongitudeDegrees>104.05844116210938</LongitudeDegrees>
                        </Position>
                        <AltitudeMeters>431.6999816894531</AltitudeMeters>
                    </Trackpoint>
                    <Trackpoint>
                        <DistanceMeters>72.6480678319931</DistanceMeters>
                        <Time>2022-01-15T13:47:56.938Z</Time>
                        <Position>
                            <LatitudeDegrees>30.51892852783203</LatitudeDegrees>
                            <LongitudeDegrees>104.05842590332031</LongitudeDegrees>
                        </Position>
                        <AltitudeMeters>431.6999816894531</AltitudeMeters>
                    </Trackpoint>
                    <Trackpoint>
                        <DistanceMeters>72.6480678319931</DistanceMeters>
                        <Time>2022-01-15T13:47:57.755Z</Time>
                        <Position>
                            <LatitudeDegrees>30.51894760131836</LatitudeDegrees>
                            <LongitudeDegrees>104.05840301513672</LongitudeDegrees>
                        </Position>
                        <AltitudeMeters>431.6999816894531</AltitudeMeters>
                    </Trackpoint>
                    <Trackpoint>
                        <DistanceMeters>72.6480678319931</DistanceMeters>
                        <Time>2022-01-15T13:47:58.331Z</Time>
                        <Position>
                            <LatitudeDegrees>30.518962860107422</LatitudeDegrees>
                            <LongitudeDegrees>104.05838775634766</LongitudeDegrees>
                        </Position>
                        <AltitudeMeters>431.6999816894531</AltitudeMeters>
                    </Trackpoint>
                    <Trackpoint>
                        <DistanceMeters>72.6480678319931</DistanceMeters>
                        <Time>2022-01-15T13:47:58.789Z</Time>
                        <Position>
                            <LatitudeDegrees>30.51897621154785</LatitudeDegrees>
                            <LongitudeDegrees>104.0583724975586</LongitudeDegrees>
                        </Position>
                        <AltitudeMeters>431.6999816894531</AltitudeMeters>
                    </Trackpoint>
                    <Trackpoint>
                        <DistanceMeters>72.6480678319931</DistanceMeters>
                        <Time>2022-01-15T13:47:59.577Z</Time>
                        <Position>
                            <LatitudeDegrees>30.51899528503418</LatitudeDegrees>
                            <LongitudeDegrees>104.05835723876953</LongitudeDegrees>
                        </Position>
                        <AltitudeMeters>431.6999816894531</AltitudeMeters>
                    </Trackpoint>
                    <Trackpoint>
                        <DistanceMeters>155.72230184078217</DistanceMeters>
                        <Time>2022-01-15T13:48:00.174Z</Time>
                        <Position>
                            <LatitudeDegrees>30.51900291442871</LatitudeDegrees>
                            <LongitudeDegrees>104.058349609375</LongitudeDegrees>
                        </Position>
                        <AltitudeMeters>431.6999816894531</AltitudeMeters>
                    </Trackpoint>
                    <Trackpoint>
                        <DistanceMeters>155.72230184078217</DistanceMeters>
                        <Time>2022-01-15T13:48:00.814Z</Time>
                        <Position>
                            <LatitudeDegrees>30.519010543823242</LatitudeDegrees>
                            <LongitudeDegrees>104.05834197998047</LongitudeDegrees>
                        </Position>
                        <AltitudeMeters>431.6999816894531</AltitudeMeters>
                    </Trackpoint>
                    <Trackpoint>
                        <DistanceMeters>155.72230184078217</DistanceMeters>
                        <Time>2022-01-15T13:48:01.410Z</Time>
                        <Position>
                            <LatitudeDegrees>30.519023895263672</LatitudeDegrees>
                            <LongitudeDegrees>104.0583267211914</LongitudeDegrees>
                        </Position>
                        <AltitudeMeters>431.6999816894531</AltitudeMeters>
                    </Trackpoint>
                    <Trackpoint>
                        <DistanceMeters>155.72230184078217</DistanceMeters>
                        <Time>2022-01-15T13:48:02.053Z</Time>
                        <Position>
                            <LatitudeDegrees>30.519041061401367</LatitudeDegrees>
                            <LongitudeDegrees>104.05831909179688</LongitudeDegrees>
                        </Position>
                        <AltitudeMeters>431.6999816894531</AltitudeMeters>
                    </Trackpoint>
                    <Trackpoint>
                        <DistanceMeters>155.72230184078217</DistanceMeters>
                        <Time>2022-01-15T13:48:02.656Z</Time>
                        <Position>
                            <LatitudeDegrees>30.51905632019043</LatitudeDegrees>
                            <LongitudeDegrees>104.05831909179688</LongitudeDegrees>
                        </Position>
                        <AltitudeMeters>431.6999816894531</AltitudeMeters>
                    </Trackpoint>
                    <Trackpoint>
                        <DistanceMeters>155.72230184078217</DistanceMeters>
                        <Time>2022-01-15T13:48:03.277Z</Time>
                        <Position>
                            <LatitudeDegrees>30.519071578979492</LatitudeDegrees>
                            <LongitudeDegrees>104.05831146240234</LongitudeDegrees>
                        </Position>
                        <AltitudeMeters>431.6999816894531</AltitudeMeters>
                    </Trackpoint>
                    <Trackpoint>
                        <DistanceMeters>155.72230184078217</DistanceMeters>
                        <Time>2022-01-15T13:48:04.536Z</Time>
                        <Position>
                            <LatitudeDegrees>30.519094467163086</LatitudeDegrees>
                            <LongitudeDegrees>104.05828857421875</LongitudeDegrees>
                        </Position>
                        <AltitudeMeters>431.6999816894531</AltitudeMeters>
                    </Trackpoint>
                    <Trackpoint>
                        <DistanceMeters>155.72230184078217</DistanceMeters>
                        <Time>2022-01-15T13:48:05.434Z</Time>
                        <Position>
                            <LatitudeDegrees>30.51910972595215</LatitudeDegrees>
                            <LongitudeDegrees>104.05826568603516</LongitudeDegrees>
                        </Position>
                        <AltitudeMeters>431.6999816894531</AltitudeMeters>
                    </Trackpoint>
                    <Trackpoint>
                        <DistanceMeters>155.72230184078217</DistanceMeters>
                        <Time>2022-01-15T13:48:06.355Z</Time>
                        <Position>
                            <LatitudeDegrees>30.519123077392578</LatitudeDegrees>
                            <LongitudeDegrees>104.05824279785156</LongitudeDegrees>
                        </Position>
                        <AltitudeMeters>431.6999816894531</AltitudeMeters>
                    </Trackpoint>
                    <Trackpoint>
                        <DistanceMeters>155.72230184078217</DistanceMeters>
                        <Time>2022-01-15T13:48:06.788Z</Time>
                        <Position>
                            <LatitudeDegrees>30.51913070678711</LatitudeDegrees>
                            <LongitudeDegrees>104.0582275390625</LongitudeDegrees>
                        </Position>
                        <AltitudeMeters>431.6999816894531</AltitudeMeters>
                    </Trackpoint>
                    <Trackpoint>
                        <DistanceMeters>155.72230184078217</DistanceMeters>
                        <Time>2022-01-15T13:48:07.592Z</Time>
                        <Position>
                            <LatitudeDegrees>30.519142150878906</LatitudeDegrees>
                            <LongitudeDegrees>104.05821228027344</LongitudeDegrees>
                        </Position>
                        <AltitudeMeters>431.6999816894531</AltitudeMeters>
                    </Trackpoint>
                    <Trackpoint>
                        <DistanceMeters>155.72230184078217</DistanceMeters>
                        <Time>2022-01-15T13:48:08.194Z</Time>
                        <Position>
                            <LatitudeDegrees>30.519147872924805</LatitudeDegrees>
                            <LongitudeDegrees>104.05819702148438</LongitudeDegrees>
                        </Position>
                        <AltitudeMeters>431.6999816894531</AltitudeMeters>
                    </Trackpoint>
                    <Trackpoint>
                        <DistanceMeters>155.72230184078217</DistanceMeters>
                        <Time>2022-01-15T13:48:08.512Z</Time>
                        <Position>
                            <LatitudeDegrees>30.519149780273438</LatitudeDegrees>
                            <LongitudeDegrees>104.05818939208984</LongitudeDegrees>
                        </Position>
                        <AltitudeMeters>431.6999816894531</AltitudeMeters>
                    </Trackpoint>
                    <Trackpoint>
                        <DistanceMeters>155.72230184078217</DistanceMeters>
                        <Time>2022-01-15T13:48:09.431Z</Time>
                        <Position>
                            <LatitudeDegrees>30.51915740966797</LatitudeDegrees>
                            <LongitudeDegrees>104.05816650390625</LongitudeDegrees>
                        </Position>
                        <AltitudeMeters>431.6999816894531</AltitudeMeters>
                    </Trackpoint>
                    <Trackpoint>
                        <DistanceMeters>155.72230184078217</DistanceMeters>
                        <Time>2022-01-15T13:48:11.916Z</Time>
                        <Position>
                            <LatitudeDegrees>30.51917266845703</LatitudeDegrees>
                            <LongitudeDegrees>104.05815887451172</LongitudeDegrees>
                        </Position>
                        <AltitudeMeters>431.6999816894531</AltitudeMeters>
                    </Trackpoint>
                    <Trackpoint>
                        <DistanceMeters>155.72230184078217</DistanceMeters>
                        <Time>2022-01-15T13:48:12.789Z</Time>
                        <Position>
                            <LatitudeDegrees>30.519189834594727</LatitudeDegrees>
                            <LongitudeDegrees>104.05816650390625</LongitudeDegrees>
                        </Position>
                        <AltitudeMeters>431.6999816894531</AltitudeMeters>
                    </Trackpoint>
                    <Trackpoint>
                        <DistanceMeters>155.72230184078217</DistanceMeters>
                        <Time>2022-01-15T13:48:13.791Z</Time>
                        <Position>
                            <LatitudeDegrees>30.51920509338379</LatitudeDegrees>
                            <LongitudeDegrees>104.05818939208984</LongitudeDegrees>
                        </Position>
                        <AltitudeMeters>431.6999816894531</AltitudeMeters>
                    </Trackpoint>
                    <Trackpoint>
                        <DistanceMeters>155.72230184078217</DistanceMeters>
                        <Time>2022-01-15T13:48:14.788Z</Time>
                        <Position>
                            <LatitudeDegrees>30.51921272277832</LatitudeDegrees>
                            <LongitudeDegrees>104.05821990966797</LongitudeDegrees>
                        </Position>
                        <AltitudeMeters>431.6999816894531</AltitudeMeters>
                    </Trackpoint>
                    <Trackpoint>
                        <DistanceMeters>155.72230184078217</DistanceMeters>
                        <Time>2022-01-15T13:48:15.008Z</Time>
                        <Position>
                            <LatitudeDegrees>30.519216537475586</LatitudeDegrees>
                            <LongitudeDegrees>104.05823516845703</LongitudeDegrees>
                        </Position>
                        <AltitudeMeters>431.6999816894531</AltitudeMeters>
                    </Trackpoint>
                    <Trackpoint>
                        <DistanceMeters>155.72230184078217</DistanceMeters>
                        <Time>2022-01-15T13:48:15.631Z</Time>
                        <Position>
                            <LatitudeDegrees>30.51922035217285</LatitudeDegrees>
                            <LongitudeDegrees>104.05825805664062</LongitudeDegrees>
                        </Position>
                        <AltitudeMeters>431.6999816894531</AltitudeMeters>
                    </Trackpoint>
                    <Trackpoint>
                        <DistanceMeters>155.72230184078217</DistanceMeters>
                        <Time>2022-01-15T13:48:16.273Z</Time>
                        <Position>
                            <LatitudeDegrees>30.519222259521484</LatitudeDegrees>
                            <LongitudeDegrees>104.05828094482422</LongitudeDegrees>
                        </Position>
                        <AltitudeMeters>431.6999816894531</AltitudeMeters>
                    </Trackpoint>
                    <Trackpoint>
                        <DistanceMeters>155.72230184078217</DistanceMeters>
                        <Time>2022-01-15T13:48:16.789Z</Time>
                        <Position>
                            <LatitudeDegrees>30.519224166870117</LatitudeDegrees>
                            <LongitudeDegrees>104.05829620361328</LongitudeDegrees>
                        </Position>
                        <AltitudeMeters>431.6999816894531</AltitudeMeters>
                    </Trackpoint>
                    <Trackpoint>
                        <DistanceMeters>155.72230184078217</DistanceMeters>
                        <Time>2022-01-15T13:48:17.193Z</Time>
                        <Position>
                            <LatitudeDegrees>30.51922607421875</LatitudeDegrees>
                            <LongitudeDegrees>104.05831909179688</LongitudeDegrees>
                        </Position>
                        <AltitudeMeters>431.6999816894531</AltitudeMeters>
                    </Trackpoint>
                    <Trackpoint>
                        <DistanceMeters>155.72230184078217</DistanceMeters>
                        <Time>2022-01-15T13:48:18.134Z</Time>
                        <Position>
                            <LatitudeDegrees>30.519222259521484</LatitudeDegrees>
                            <LongitudeDegrees>104.058349609375</LongitudeDegrees>
                        </Position>
                        <AltitudeMeters>431.6999816894531</AltitudeMeters>
                    </Trackpoint>
                    <Trackpoint>
                        <DistanceMeters>155.72230184078217</DistanceMeters>
                        <Time>2022-01-15T13:48:18.430Z</Time>
                        <Position>
                            <LatitudeDegrees>30.51922035217285</LatitudeDegrees>
                            <LongitudeDegrees>104.05835723876953</LongitudeDegrees>
                        </Position>
                        <AltitudeMeters>431.6999816894531</AltitudeMeters>
                    </Trackpoint>
                    <Trackpoint>
                        <DistanceMeters>155.72230184078217</DistanceMeters>
                        <Time>2022-01-15T13:48:19.331Z</Time>
                        <Position>
                            <LatitudeDegrees>30.519216537475586</LatitudeDegrees>
                            <LongitudeDegrees>104.05838775634766</LongitudeDegrees>
                        </Position>
                        <AltitudeMeters>431.6999816894531</AltitudeMeters>
                    </Trackpoint>
                    <Trackpoint>
                        <DistanceMeters>155.72230184078217</DistanceMeters>
                        <Time>2022-01-15T13:48:19.955Z</Time>
                        <Position>
                            <LatitudeDegrees>30.519208908081055</LatitudeDegrees>
                            <LongitudeDegrees>104.05841064453125</LongitudeDegrees>
                        </Position>
                        <AltitudeMeters>431.6999816894531</AltitudeMeters>
                    </Trackpoint>
                    <Trackpoint>
                        <DistanceMeters>155.72230184078217</DistanceMeters>
                        <Time>2022-01-15T13:48:20.578Z</Time>
                        <Position>
                            <LatitudeDegrees>30.519201278686523</LatitudeDegrees>
                            <LongitudeDegrees>104.05843353271484</LongitudeDegrees>
                        </Position>
                        <AltitudeMeters>431.6999816894531</AltitudeMeters>
                    </Trackpoint>
                    <Trackpoint>
                        <DistanceMeters>155.72230184078217</DistanceMeters>
                        <Time>2022-01-15T13:48:21.211Z</Time>
                        <Position>
                            <LatitudeDegrees>30.519197463989258</LatitudeDegrees>
                            <LongitudeDegrees>104.05845642089844</LongitudeDegrees>
                        </Position>
                        <AltitudeMeters>431.6999816894531</AltitudeMeters>
                    </Trackpoint>
                    <Trackpoint>
                        <DistanceMeters>155.72230184078217</DistanceMeters>
                        <Time>2022-01-15T13:48:21.814Z</Time>
                        <Position>
                            <LatitudeDegrees>30.519197463989258</LatitudeDegrees>
                            <LongitudeDegrees>104.0584716796875</LongitudeDegrees>
                        </Position>
                        <AltitudeMeters>431.6999816894531</AltitudeMeters>
                    </Trackpoint>
                    <Trackpoint>
                        <DistanceMeters>155.72230184078217</DistanceMeters>
                        <Time>2022-01-15T13:48:22.720Z</Time>
                        <Position>
                            <LatitudeDegrees>30.519195556640625</LatitudeDegrees>
                            <LongitudeDegrees>104.05848693847656</LongitudeDegrees>
                        </Position>
                        <AltitudeMeters>431.6999816894531</AltitudeMeters>
                    </Trackpoint>
                    <Trackpoint>
                        <DistanceMeters>155.72230184078217</DistanceMeters>
                        <Time>2022-01-15T13:48:23.654Z</Time>
                        <Position>
                            <LatitudeDegrees>30.519195556640625</LatitudeDegrees>
                            <LongitudeDegrees>104.05850219726562</LongitudeDegrees>
                        </Position>
                        <AltitudeMeters>431.6999816894531</AltitudeMeters>
                    </Trackpoint>
                    <Trackpoint>
                        <DistanceMeters>155.72230184078217</DistanceMeters>
                        <Time>2022-01-15T13:48:24.277Z</Time>
                        <Position>
                            <LatitudeDegrees>30.519195556640625</LatitudeDegrees>
                            <LongitudeDegrees>104.05851745605469</LongitudeDegrees>
                        </Position>
                        <AltitudeMeters>431.6999816894531</AltitudeMeters>
                    </Trackpoint>
                    <Trackpoint>
                        <DistanceMeters>155.72230184078217</DistanceMeters>
                        <Time>2022-01-15T13:48:24.788Z</Time>
                        <Position>
                            <LatitudeDegrees>30.519193649291992</LatitudeDegrees>
                            <LongitudeDegrees>104.05853271484375</LongitudeDegrees>
                        </Position>
                        <AltitudeMeters>431.6999816894531</AltitudeMeters>
                    </Trackpoint>
                    <Trackpoint>
                        <DistanceMeters>155.72230184078217</DistanceMeters>
                        <Time>2022-01-15T13:48:25.495Z</Time>
                        <Position>
                            <LatitudeDegrees>30.51919174194336</LatitudeDegrees>
                            <LongitudeDegrees>104.05855560302734</LongitudeDegrees>
                        </Position>
                        <AltitudeMeters>431.6999816894531</AltitudeMeters>
                    </Trackpoint>
                    <Trackpoint>
                        <DistanceMeters>155.72230184078217</DistanceMeters>
                        <Time>2022-01-15T13:48:26.111Z</Time>
                        <Position>
                            <LatitudeDegrees>30.519184112548828</LatitudeDegrees>
                            <LongitudeDegrees>104.0585708618164</LongitudeDegrees>
                        </Position>
                        <AltitudeMeters>431.6999816894531</AltitudeMeters>
                    </Trackpoint>
                    <Trackpoint>
                        <DistanceMeters>155.72230184078217</DistanceMeters>
                        <Time>2022-01-15T13:48:26.694Z</Time>
                        <Position>
                            <LatitudeDegrees>30.51917839050293</LatitudeDegrees>
                            <LongitudeDegrees>104.05858612060547</LongitudeDegrees>
                        </Position>
                        <AltitudeMeters>431.6999816894531</AltitudeMeters>
                    </Trackpoint>
                    <Trackpoint>
                        <DistanceMeters>155.72230184078217</DistanceMeters>
                        <Time>2022-01-15T13:48:27.336Z</Time>
                        <Position>
                            <LatitudeDegrees>30.519174575805664</LatitudeDegrees>
                            <LongitudeDegrees>104.05860900878906</LongitudeDegrees>
                        </Position>
                        <AltitudeMeters>431.6999816894531</AltitudeMeters>
                    </Trackpoint>
                    <Trackpoint>
                        <DistanceMeters>155.72230184078217</DistanceMeters>
                        <Time>2022-01-15T13:48:28.274Z</Time>
                        <Position>
                            <LatitudeDegrees>30.5191707611084</LatitudeDegrees>
                            <LongitudeDegrees>104.05863952636719</LongitudeDegrees>
                        </Position>
                        <AltitudeMeters>431.6999816894531</AltitudeMeters>
                    </Trackpoint>
                    <Trackpoint>
                        <DistanceMeters>155.72230184078217</DistanceMeters>
                        <Time>2022-01-15T13:48:28.572Z</Time>
                        <Position>
                            <LatitudeDegrees>30.519168853759766</LatitudeDegrees>
                            <LongitudeDegrees>104.05865478515625</LongitudeDegrees>
                        </Position>
                        <AltitudeMeters>431.6999816894531</AltitudeMeters>
                    </Trackpoint>
                    <Trackpoint>
                        <DistanceMeters>155.72230184078217</DistanceMeters>
                        <Time>2022-01-15T13:48:29.196Z</Time>
                        <Position>
                            <LatitudeDegrees>30.519166946411133</LatitudeDegrees>
                            <LongitudeDegrees>104.05867767333984</LongitudeDegrees>
                        </Position>
                        <AltitudeMeters>431.6999816894531</AltitudeMeters>
                    </Trackpoint>
                    <Trackpoint>
                        <DistanceMeters>155.72230184078217</DistanceMeters>
                        <Time>2022-01-15T13:48:29.492Z</Time>
                        <Position>
                            <LatitudeDegrees>30.519166946411133</LatitudeDegrees>
                            <LongitudeDegrees>104.0586929321289</LongitudeDegrees>
                        </Position>
                        <AltitudeMeters>431.6999816894531</AltitudeMeters>
                    </Trackpoint>
                    <Trackpoint>
                        <DistanceMeters>248.89703023433685</DistanceMeters>
                        <Time>2022-01-15T13:48:30.413Z</Time>
                        <Position>
                            <LatitudeDegrees>30.519166946411133</LatitudeDegrees>
                            <LongitudeDegrees>104.05873107910156</LongitudeDegrees>
                        </Position>
                        <AltitudeMeters>431.6999816894531</AltitudeMeters>
                    </Trackpoint>
                    <Trackpoint>
                        <DistanceMeters>248.89703023433685</DistanceMeters>
                        <Time>2022-01-15T13:48:30.788Z</Time>
                        <Position>
                            <LatitudeDegrees>30.519166946411133</LatitudeDegrees>
                            <LongitudeDegrees>104.05875396728516</LongitudeDegrees>
                        </Position>
                        <AltitudeMeters>431.6999816894531</AltitudeMeters>
                    </Trackpoint>
                    <Trackpoint>
                        <DistanceMeters>248.89703023433685</DistanceMeters>
                        <Time>2022-01-15T13:48:31.631Z</Time>
                        <Position>
                            <LatitudeDegrees>30.519166946411133</LatitudeDegrees>
                            <LongitudeDegrees>104.05878448486328</LongitudeDegrees>
                        </Position>
                        <AltitudeMeters>431.6999816894531</AltitudeMeters>
                    </Trackpoint>
                    <Trackpoint>
                        <DistanceMeters>248.89703023433685</DistanceMeters>
                        <Time>2022-01-15T13:48:32.271Z</Time>
                        <Position>
                            <LatitudeDegrees>30.519166946411133</LatitudeDegrees>
                            <LongitudeDegrees>104.05880737304688</LongitudeDegrees>
                        </Position>
                        <AltitudeMeters>431.6999816894531</AltitudeMeters>
                    </Trackpoint>
                    <Trackpoint>
                        <DistanceMeters>248.89703023433685</DistanceMeters>
                        <Time>2022-01-15T13:48:32.788Z</Time>
                        <Position>
                            <LatitudeDegrees>30.519166946411133</LatitudeDegrees>
                            <LongitudeDegrees>104.05882263183594</LongitudeDegrees>
                        </Position>
                        <AltitudeMeters>431.6999816894531</AltitudeMeters>
                    </Trackpoint>
                    <Trackpoint>
                        <DistanceMeters>248.89703023433685</DistanceMeters>
                        <Time>2022-01-15T13:48:33.471Z</Time>
                        <Position>
                            <LatitudeDegrees>30.519166946411133</LatitudeDegrees>
                            <LongitudeDegrees>104.05885314941406</LongitudeDegrees>
                        </Position>
                        <AltitudeMeters>431.6999816894531</AltitudeMeters>
                    </Trackpoint>
                    <Trackpoint>
                        <DistanceMeters>248.89703023433685</DistanceMeters>
                        <Time>2022-01-15T13:48:34.095Z</Time>
                        <Position>
                            <LatitudeDegrees>30.519166946411133</LatitudeDegrees>
                            <LongitudeDegrees>104.05888366699219</LongitudeDegrees>
                        </Position>
                        <AltitudeMeters>431.6999816894531</AltitudeMeters>
                    </Trackpoint>
                    <Trackpoint>
                        <DistanceMeters>248.89703023433685</DistanceMeters>
                        <Time>2022-01-15T13:48:34.670Z</Time>
                        <Position>
                            <LatitudeDegrees>30.519166946411133</LatitudeDegrees>
                            <LongitudeDegrees>104.05889892578125</LongitudeDegrees>
                        </Position>
                        <AltitudeMeters>431.6999816894531</AltitudeMeters>
                    </Trackpoint>
                    <Trackpoint>
                        <DistanceMeters>248.89703023433685</DistanceMeters>
                        <Time>2022-01-15T13:48:35.329Z</Time>
                        <Position>
                            <LatitudeDegrees>30.519166946411133</LatitudeDegrees>
                            <LongitudeDegrees>104.05892181396484</LongitudeDegrees>
                        </Position>
                        <AltitudeMeters>431.6999816894531</AltitudeMeters>
                    </Trackpoint>
                    <Trackpoint>
                        <DistanceMeters>248.89703023433685</DistanceMeters>
                        <Time>2022-01-15T13:48:35.954Z</Time>
                        <Position>
                            <LatitudeDegrees>30.5191707611084</LatitudeDegrees>
                            <LongitudeDegrees>104.0589370727539</LongitudeDegrees>
                        </Position>
                        <AltitudeMeters>431.6999816894531</AltitudeMeters>
                    </Trackpoint>
                    <Trackpoint>
                        <DistanceMeters>248.89703023433685</DistanceMeters>
                        <Time>2022-01-15T13:48:36.282Z</Time>
                        <Position>
                            <LatitudeDegrees>30.51917266845703</LatitudeDegrees>
                            <LongitudeDegrees>104.05895233154297</LongitudeDegrees>
                        </Position>
                        <AltitudeMeters>431.6999816894531</AltitudeMeters>
                    </Trackpoint>
                    <Trackpoint>
                        <DistanceMeters>248.89703023433685</DistanceMeters>
                        <Time>2022-01-15T13:48:36.788Z</Time>
                        <Position>
                            <LatitudeDegrees>30.519176483154297</LatitudeDegrees>
                            <LongitudeDegrees>104.05896759033203</LongitudeDegrees>
                        </Position>
                        <AltitudeMeters>431.6999816894531</AltitudeMeters>
                    </Trackpoint>
                    <Trackpoint>
                        <DistanceMeters>248.89703023433685</DistanceMeters>
                        <Time>2022-01-15T13:48:37.335Z</Time>
                        <Position>
                            <LatitudeDegrees>30.519180297851562</LatitudeDegrees>
                            <LongitudeDegrees>104.05897521972656</LongitudeDegrees>
                        </Position>
                        <AltitudeMeters>431.6999816894531</AltitudeMeters>
                    </Trackpoint>
                    <Trackpoint>
                        <DistanceMeters>248.89703023433685</DistanceMeters>
                        <Time>2022-01-15T13:48:38.789Z</Time>
                        <Position>
                            <LatitudeDegrees>30.51917839050293</LatitudeDegrees>
                            <LongitudeDegrees>104.05901336669922</LongitudeDegrees>
                        </Position>
                        <AltitudeMeters>431.6999816894531</AltitudeMeters>
                    </Trackpoint>
                    <Trackpoint>
                        <DistanceMeters>248.89703023433685</DistanceMeters>
                        <Time>2022-01-15T13:48:40.789Z</Time>
                        <Position>
                            <LatitudeDegrees>30.51917266845703</LatitudeDegrees>
                            <LongitudeDegrees>104.0590591430664</LongitudeDegrees>
                        </Position>
                        <AltitudeMeters>431.6999816894531</AltitudeMeters>
                    </Trackpoint>
                    <Trackpoint>
                        <DistanceMeters>248.89703023433685</DistanceMeters>
                        <Time>2022-01-15T13:48:41.716Z</Time>
                        <Position>
                            <LatitudeDegrees>30.5191650390625</LatitudeDegrees>
                            <LongitudeDegrees>104.05908966064453</LongitudeDegrees>
                        </Position>
                        <AltitudeMeters>431.6999816894531</AltitudeMeters>
                    </Trackpoint>
                    <Trackpoint>
                        <DistanceMeters>248.89703023433685</DistanceMeters>
                        <Time>2022-01-15T13:48:42.171Z</Time>
                        <Position>
                            <LatitudeDegrees>30.5191593170166</LatitudeDegrees>
                            <LongitudeDegrees>104.05909729003906</LongitudeDegrees>
                        </Position>
                        <AltitudeMeters>431.6999816894531</AltitudeMeters>
                    </Trackpoint>
                    <Trackpoint>
                        <DistanceMeters>248.89703023433685</DistanceMeters>
                        <Time>2022-01-15T13:48:42.795Z</Time>
                        <Position>
                            <LatitudeDegrees>30.519149780273438</LatitudeDegrees>
                            <LongitudeDegrees>104.05911254882812</LongitudeDegrees>
                        </Position>
                        <AltitudeMeters>431.6999816894531</AltitudeMeters>
                    </Trackpoint>
                    <Trackpoint>
                        <DistanceMeters>248.89703023433685</DistanceMeters>
                        <Time>2022-01-15T13:48:43.389Z</Time>
                        <Position>
                            <LatitudeDegrees>30.51914405822754</LatitudeDegrees>
                            <LongitudeDegrees>104.05912780761719</LongitudeDegrees>
                        </Position>
                        <AltitudeMeters>431.6999816894531</AltitudeMeters>
                    </Trackpoint>
                    <Trackpoint>
                        <DistanceMeters>248.89703023433685</DistanceMeters>
                        <Time>2022-01-15T13:48:44.788Z</Time>
                        <Position>
                            <LatitudeDegrees>30.51914405822754</LatitudeDegrees>
                            <LongitudeDegrees>104.05917358398438</LongitudeDegrees>
                        </Position>
                        <AltitudeMeters>431.6999816894531</AltitudeMeters>
                    </Trackpoint>
                    <Trackpoint>
                        <DistanceMeters>248.89703023433685</DistanceMeters>
                        <Time>2022-01-15T13:48:45.176Z</Time>
                        <Position>
                            <LatitudeDegrees>30.519147872924805</LatitudeDegrees>
                            <LongitudeDegrees>104.05918884277344</LongitudeDegrees>
                        </Position>
                        <AltitudeMeters>431.6999816894531</AltitudeMeters>
                    </Trackpoint>
                    <Trackpoint>
                        <DistanceMeters>248.89703023433685</DistanceMeters>
                        <Time>2022-01-15T13:48:46.788Z</Time>
                        <Position>
                            <LatitudeDegrees>30.519149780273438</LatitudeDegrees>
                            <LongitudeDegrees>104.05923461914062</LongitudeDegrees>
                        </Position>
                        <AltitudeMeters>431.6999816894531</AltitudeMeters>
                    </Trackpoint>
                    <Trackpoint>
                        <DistanceMeters>248.89703023433685</DistanceMeters>
                        <Time>2022-01-15T13:48:48.391Z</Time>
                        <Position>
                            <LatitudeDegrees>30.519153594970703</LatitudeDegrees>
                            <LongitudeDegrees>104.05928802490234</LongitudeDegrees>
                        </Position>
                        <AltitudeMeters>431.6999816894531</AltitudeMeters>
                    </Trackpoint>
                    <Trackpoint>
                        <DistanceMeters>248.89703023433685</DistanceMeters>
                        <Time>2022-01-15T13:48:48.996Z</Time>
                        <Position>
                            <LatitudeDegrees>30.5191650390625</LatitudeDegrees>
                            <LongitudeDegrees>104.0593032836914</LongitudeDegrees>
                        </Position>
                        <AltitudeMeters>431.6999816894531</AltitudeMeters>
                    </Trackpoint>
                    <Trackpoint>
                        <DistanceMeters>248.89703023433685</DistanceMeters>
                        <Time>2022-01-15T13:48:49.609Z</Time>
                        <Position>
                            <LatitudeDegrees>30.51917839050293</LatitudeDegrees>
                            <LongitudeDegrees>104.05931854248047</LongitudeDegrees>
                        </Position>
                        <AltitudeMeters>431.6999816894531</AltitudeMeters>
                    </Trackpoint>
                    <Trackpoint>
                        <DistanceMeters>248.89703023433685</DistanceMeters>
                        <Time>2022-01-15T13:48:50.214Z</Time>
                        <Position>
                            <LatitudeDegrees>30.519189834594727</LatitudeDegrees>
                            <LongitudeDegrees>104.05933380126953</LongitudeDegrees>
                        </Position>
                        <AltitudeMeters>431.6999816894531</AltitudeMeters>
                    </Trackpoint>
                    <Trackpoint>
                        <DistanceMeters>248.89703023433685</DistanceMeters>
                        <Time>2022-01-15T13:48:50.773Z</Time>
                        <Position>
                            <LatitudeDegrees>30.51919937133789</LatitudeDegrees>
                            <LongitudeDegrees>104.0593490600586</LongitudeDegrees>
                        </Position>
                        <AltitudeMeters>431.6999816894531</AltitudeMeters>
                    </Trackpoint>
                    <Trackpoint>
                        <DistanceMeters>248.89703023433685</DistanceMeters>
                        <Time>2022-01-15T13:48:51.477Z</Time>
                        <Position>
                            <LatitudeDegrees>30.51922035217285</LatitudeDegrees>
                            <LongitudeDegrees>104.0593490600586</LongitudeDegrees>
                        </Position>
                        <AltitudeMeters>431.6999816894531</AltitudeMeters>
                    </Trackpoint>
                    <Trackpoint>
                        <DistanceMeters>248.89703023433685</DistanceMeters>
                        <Time>2022-01-15T13:48:52.109Z</Time>
                        <Position>
                            <LatitudeDegrees>30.51923942565918</LatitudeDegrees>
                            <LongitudeDegrees>104.05934143066406</LongitudeDegrees>
                        </Position>
                        <AltitudeMeters>431.6999816894531</AltitudeMeters>
                    </Trackpoint>
                    <Trackpoint>
                        <DistanceMeters>248.89703023433685</DistanceMeters>
                        <Time>2022-01-15T13:48:52.694Z</Time>
                        <Position>
                            <LatitudeDegrees>30.519258499145508</LatitudeDegrees>
                            <LongitudeDegrees>104.059326171875</LongitudeDegrees>
                        </Position>
                        <AltitudeMeters>431.6999816894531</AltitudeMeters>
                    </Trackpoint>
                    <Trackpoint>
                        <DistanceMeters>248.89703023433685</DistanceMeters>
                        <Time>2022-01-15T13:48:53.290Z</Time>
                        <Position>
                            <LatitudeDegrees>30.519283294677734</LatitudeDegrees>
                            <LongitudeDegrees>104.05931854248047</LongitudeDegrees>
                        </Position>
                        <AltitudeMeters>431.6999816894531</AltitudeMeters>
                    </Trackpoint>
                    <Trackpoint>
                        <DistanceMeters>248.89703023433685</DistanceMeters>
                        <Time>2022-01-15T13:48:53.913Z</Time>
                        <Position>
                            <LatitudeDegrees>30.519298553466797</LatitudeDegrees>
                            <LongitudeDegrees>104.05931854248047</LongitudeDegrees>
                        </Position>
                        <AltitudeMeters>431.6999816894531</AltitudeMeters>
                    </Trackpoint>
                    <Trackpoint>
                        <DistanceMeters>248.89703023433685</DistanceMeters>
                        <Time>2022-01-15T13:48:54.490Z</Time>
                        <Position>
                            <LatitudeDegrees>30.519311904907227</LatitudeDegrees>
                            <LongitudeDegrees>104.059326171875</LongitudeDegrees>
                        </Position>
                        <AltitudeMeters>431.6999816894531</AltitudeMeters>
                    </Trackpoint>
                    <Trackpoint>
                        <DistanceMeters>248.89703023433685</DistanceMeters>
                        <Time>2022-01-15T13:48:55.112Z</Time>
                        <Position>
                            <LatitudeDegrees>30.51932144165039</LatitudeDegrees>
                            <LongitudeDegrees>104.05933380126953</LongitudeDegrees>
                        </Position>
                        <AltitudeMeters>431.6999816894531</AltitudeMeters>
                    </Trackpoint>
                    <Trackpoint>
                        <DistanceMeters>248.89703023433685</DistanceMeters>
                        <Time>2022-01-15T13:48:55.754Z</Time>
                        <Position>
                            <LatitudeDegrees>30.51932716369629</LatitudeDegrees>
                            <LongitudeDegrees>104.0593490600586</LongitudeDegrees>
                        </Position>
                        <AltitudeMeters>431.6999816894531</AltitudeMeters>
                    </Trackpoint>
                    <Trackpoint>
                        <DistanceMeters>248.89703023433685</DistanceMeters>
                        <Time>2022-01-15T13:48:56.376Z</Time>
                        <Position>
                            <LatitudeDegrees>30.519332885742188</LatitudeDegrees>
                            <LongitudeDegrees>104.05936431884766</LongitudeDegrees>
                        </Position>
                        <AltitudeMeters>431.6999816894531</AltitudeMeters>
                    </Trackpoint>
                    <Trackpoint>
                        <DistanceMeters>248.89703023433685</DistanceMeters>
                        <Time>2022-01-15T13:48:56.789Z</Time>
                        <Position>
                            <LatitudeDegrees>30.519338607788086</LatitudeDegrees>
                            <LongitudeDegrees>104.05937194824219</LongitudeDegrees>
                        </Position>
                        <AltitudeMeters>431.6999816894531</AltitudeMeters>
                    </Trackpoint>
                    <Trackpoint>
                        <DistanceMeters>248.89703023433685</DistanceMeters>
                        <Time>2022-01-15T13:48:57.296Z</Time>
                        <Position>
                            <LatitudeDegrees>30.51934242248535</LatitudeDegrees>
                            <LongitudeDegrees>104.05938720703125</LongitudeDegrees>
                        </Position>
                        <AltitudeMeters>431.6999816894531</AltitudeMeters>
                    </Trackpoint>
                    <Trackpoint>
                        <DistanceMeters>248.89703023433685</DistanceMeters>
                        <Time>2022-01-15T13:48:58.254Z</Time>
                        <Position>
                            <LatitudeDegrees>30.519350051879883</LatitudeDegrees>
                            <LongitudeDegrees>104.05941772460938</LongitudeDegrees>
                        </Position>
                        <AltitudeMeters>431.6999816894531</AltitudeMeters>
                    </Trackpoint>
                    <Trackpoint>
                        <DistanceMeters>248.89703023433685</DistanceMeters>
                        <Time>2022-01-15T13:48:58.788Z</Time>
                        <Position>
                            <LatitudeDegrees>30.51935577392578</LatitudeDegrees>
                            <LongitudeDegrees>104.05943298339844</LongitudeDegrees>
                        </Position>
                        <AltitudeMeters>431.6999816894531</AltitudeMeters>
                    </Trackpoint>
                    <Trackpoint>
                        <DistanceMeters>248.89703023433685</DistanceMeters>
                        <Time>2022-01-15T13:48:59.476Z</Time>
                        <Position>
                            <LatitudeDegrees>30.51936149597168</LatitudeDegrees>
                            <LongitudeDegrees>104.05945587158203</LongitudeDegrees>
                        </Position>
                        <AltitudeMeters>431.6999816894531</AltitudeMeters>
                    </Trackpoint>
                    <Trackpoint>
                        <DistanceMeters>341.93072164058685</DistanceMeters>
                        <Time>2022-01-15T13:49:00.095Z</Time>
                        <Position>
                            <LatitudeDegrees>30.519365310668945</LatitudeDegrees>
                            <LongitudeDegrees>104.05947875976562</LongitudeDegrees>
                        </Position>
                        <AltitudeMeters>431.6999816894531</AltitudeMeters>
                    </Trackpoint>
                    <Trackpoint>
                        <DistanceMeters>341.93072164058685</DistanceMeters>
                        <Time>2022-01-15T13:49:00.756Z</Time>
                        <Position>
                            <LatitudeDegrees>30.51936912536621</LatitudeDegrees>
                            <LongitudeDegrees>104.05950164794922</LongitudeDegrees>
                        </Position>
                        <AltitudeMeters>431.6999816894531</AltitudeMeters>
                    </Trackpoint>
                    <Trackpoint>
                        <DistanceMeters>341.93072164058685</DistanceMeters>
                        <Time>2022-01-15T13:49:01.351Z</Time>
                        <Position>
                            <LatitudeDegrees>30.51936912536621</LatitudeDegrees>
                            <LongitudeDegrees>104.05952453613281</LongitudeDegrees>
                        </Position>
                        <AltitudeMeters>431.6999816894531</AltitudeMeters>
                    </Trackpoint>
                    <Trackpoint>
                        <DistanceMeters>341.93072164058685</DistanceMeters>
                        <Time>2022-01-15T13:49:01.678Z</Time>
                        <Position>
                            <LatitudeDegrees>30.519367218017578</LatitudeDegrees>
                            <LongitudeDegrees>104.05953979492188</LongitudeDegrees>
                        </Position>
                        <AltitudeMeters>431.6999816894531</AltitudeMeters>
                    </Trackpoint>
                    <Trackpoint>
                        <DistanceMeters>341.93072164058685</DistanceMeters>
                        <Time>2022-01-15T13:49:02.336Z</Time>
                        <Position>
                            <LatitudeDegrees>30.51936149597168</LatitudeDegrees>
                            <LongitudeDegrees>104.05955505371094</LongitudeDegrees>
                        </Position>
                        <AltitudeMeters>431.6999816894531</AltitudeMeters>
                    </Trackpoint>
                    <Trackpoint>
                        <DistanceMeters>341.93072164058685</DistanceMeters>
                        <Time>2022-01-15T13:49:02.789Z</Time>
                        <Position>
                            <LatitudeDegrees>30.51935577392578</LatitudeDegrees>
                            <LongitudeDegrees>104.0595703125</LongitudeDegrees>
                        </Position>
                        <AltitudeMeters>431.6999816894531</AltitudeMeters>
                    </Trackpoint>
                    <Trackpoint>
                        <DistanceMeters>341.93072164058685</DistanceMeters>
                        <Time>2022-01-15T13:49:03.535Z</Time>
                        <Position>
                            <LatitudeDegrees>30.51934242248535</LatitudeDegrees>
                            <LongitudeDegrees>104.0595932006836</LongitudeDegrees>
                        </Position>
                        <AltitudeMeters>431.6999816894531</AltitudeMeters>
                    </Trackpoint>
                    <Trackpoint>
                        <DistanceMeters>341.93072164058685</DistanceMeters>
                        <Time>2022-01-15T13:49:04.456Z</Time>
                        <Position>
                            <LatitudeDegrees>30.519329071044922</LatitudeDegrees>
                            <LongitudeDegrees>104.05960845947266</LongitudeDegrees>
                        </Position>
                        <AltitudeMeters>431.6999816894531</AltitudeMeters>
                    </Trackpoint>
                    <Trackpoint>
                        <DistanceMeters>341.93072164058685</DistanceMeters>
                        <Time>2022-01-15T13:49:05.051Z</Time>
                        <Position>
                            <LatitudeDegrees>30.51931381225586</LatitudeDegrees>
                            <LongitudeDegrees>104.05962371826172</LongitudeDegrees>
                        </Position>
                        <AltitudeMeters>431.6999816894531</AltitudeMeters>
                    </Trackpoint>
                    <Trackpoint>
                        <DistanceMeters>341.93072164058685</DistanceMeters>
                        <Time>2022-01-15T13:49:05.739Z</Time>
                        <Position>
                            <LatitudeDegrees>30.51930046081543</LatitudeDegrees>
                            <LongitudeDegrees>104.05963897705078</LongitudeDegrees>
                        </Position>
                        <AltitudeMeters>431.6999816894531</AltitudeMeters>
                    </Trackpoint>
                    <Trackpoint>
                        <DistanceMeters>341.93072164058685</DistanceMeters>
                        <Time>2022-01-15T13:49:06.351Z</Time>
                        <Position>
                            <LatitudeDegrees>30.519287109375</LatitudeDegrees>
                            <LongitudeDegrees>104.05964660644531</LongitudeDegrees>
                        </Position>
                        <AltitudeMeters>431.6999816894531</AltitudeMeters>
                    </Trackpoint>
                    <Trackpoint>
                        <DistanceMeters>341.93072164058685</DistanceMeters>
                        <Time>2022-01-15T13:49:06.788Z</Time>
                        <Position>
                            <LatitudeDegrees>30.519275665283203</LatitudeDegrees>
                            <LongitudeDegrees>104.05966186523438</LongitudeDegrees>
                        </Position>
                        <AltitudeMeters>431.6999816894531</AltitudeMeters>
                    </Trackpoint>
                    <Trackpoint>
                        <DistanceMeters>341.93072164058685</DistanceMeters>
                        <Time>2022-01-15T13:49:07.290Z</Time>
                        <Position>
                            <LatitudeDegrees>30.519256591796875</LatitudeDegrees>
                            <LongitudeDegrees>104.05967712402344</LongitudeDegrees>
                        </Position>
                        <AltitudeMeters>431.6999816894531</AltitudeMeters>
                    </Trackpoint>
                    <Trackpoint>
                        <DistanceMeters>341.93072164058685</DistanceMeters>
                        <Time>2022-01-15T13:49:07.914Z</Time>
                        <Position>
                            <LatitudeDegrees>30.519235610961914</LatitudeDegrees>
                            <LongitudeDegrees>104.0596923828125</LongitudeDegrees>
                        </Position>
                        <AltitudeMeters>431.6999816894531</AltitudeMeters>
                    </Trackpoint>
                    <Trackpoint>
                        <DistanceMeters>341.93072164058685</DistanceMeters>
                        <Time>2022-01-15T13:49:08.535Z</Time>
                        <Position>
                            <LatitudeDegrees>30.519216537475586</LatitudeDegrees>
                            <LongitudeDegrees>104.05970001220703</LongitudeDegrees>
                        </Position>
                        <AltitudeMeters>431.6999816894531</AltitudeMeters>
                    </Trackpoint>
                    <Trackpoint>
                        <DistanceMeters>341.93072164058685</DistanceMeters>
                        <Time>2022-01-15T13:49:09.476Z</Time>
                        <Position>
                            <LatitudeDegrees>30.519189834594727</LatitudeDegrees>
                            <LongitudeDegrees>104.0597152709961</LongitudeDegrees>
                        </Position>
                        <AltitudeMeters>431.6999816894531</AltitudeMeters>
                    </Trackpoint>
                    <Trackpoint>
                        <DistanceMeters>341.93072164058685</DistanceMeters>
                        <Time>2022-01-15T13:49:10.394Z</Time>
                        <Position>
                            <LatitudeDegrees>30.519176483154297</LatitudeDegrees>
                            <LongitudeDegrees>104.05973052978516</LongitudeDegrees>
                        </Position>
                        <AltitudeMeters>431.6999816894531</AltitudeMeters>
                    </Trackpoint>
                    <Trackpoint>
                        <DistanceMeters>341.93072164058685</DistanceMeters>
                        <Time>2022-01-15T13:49:11.353Z</Time>
                        <Position>
                            <LatitudeDegrees>30.5191593170166</LatitudeDegrees>
                            <LongitudeDegrees>104.05973815917969</LongitudeDegrees>
                        </Position>
                        <AltitudeMeters>431.6999816894531</AltitudeMeters>
                    </Trackpoint>
                    <Trackpoint>
                        <DistanceMeters>341.93072164058685</DistanceMeters>
                        <Time>2022-01-15T13:49:12.309Z</Time>
                        <Position>
                            <LatitudeDegrees>30.519140243530273</LatitudeDegrees>
                            <LongitudeDegrees>104.05975341796875</LongitudeDegrees>
                        </Position>
                        <AltitudeMeters>431.6999816894531</AltitudeMeters>
                    </Trackpoint>
                    <Trackpoint>
                        <DistanceMeters>341.93072164058685</DistanceMeters>
                        <Time>2022-01-15T13:49:12.788Z</Time>
                        <Position>
                            <LatitudeDegrees>30.51913070678711</LatitudeDegrees>
                            <LongitudeDegrees>104.05976104736328</LongitudeDegrees>
                        </Position>
                        <AltitudeMeters>431.6999816894531</AltitudeMeters>
                    </Trackpoint>
                    <Trackpoint>
                        <DistanceMeters>341.93072164058685</DistanceMeters>
                        <Time>2022-01-15T13:49:13.263Z</Time>
                        <Position>
                            <LatitudeDegrees>30.519123077392578</LatitudeDegrees>
                            <LongitudeDegrees>104.05976867675781</LongitudeDegrees>
                        </Position>
                        <AltitudeMeters>431.6999816894531</AltitudeMeters>
                    </Trackpoint>
                    <Trackpoint>
                        <DistanceMeters>341.93072164058685</DistanceMeters>
                        <Time>2022-01-15T13:49:13.875Z</Time>
                        <Position>
                            <LatitudeDegrees>30.51911163330078</LatitudeDegrees>
                            <LongitudeDegrees>104.05978393554688</LongitudeDegrees>
                        </Position>
                        <AltitudeMeters>431.6999816894531</AltitudeMeters>
                    </Trackpoint>
                    <Trackpoint>
                        <DistanceMeters>341.93072164058685</DistanceMeters>
                        <Time>2022-01-15T13:49:14.811Z</Time>
                        <Position>
                            <LatitudeDegrees>30.519102096557617</LatitudeDegrees>
                            <LongitudeDegrees>104.05980682373047</LongitudeDegrees>
                        </Position>
                        <AltitudeMeters>431.6999816894531</AltitudeMeters>
                    </Trackpoint>
                    <Trackpoint>
                        <DistanceMeters>341.93072164058685</DistanceMeters>
                        <Time>2022-01-15T13:49:15.471Z</Time>
                        <Position>
                            <LatitudeDegrees>30.519100189208984</LatitudeDegrees>
                            <LongitudeDegrees>104.05982971191406</LongitudeDegrees>
                        </Position>
                        <AltitudeMeters>431.6999816894531</AltitudeMeters>
                    </Trackpoint>
                    <Trackpoint>
                        <DistanceMeters>341.93072164058685</DistanceMeters>
                        <Time>2022-01-15T13:49:16.390Z</Time>
                        <Position>
                            <LatitudeDegrees>30.51909637451172</LatitudeDegrees>
                            <LongitudeDegrees>104.05985260009766</LongitudeDegrees>
                        </Position>
                        <AltitudeMeters>431.6999816894531</AltitudeMeters>
                    </Trackpoint>
                    <Trackpoint>
                        <DistanceMeters>341.93072164058685</DistanceMeters>
                        <Time>2022-01-15T13:49:16.789Z</Time>
                        <Position>
                            <LatitudeDegrees>30.519094467163086</LatitudeDegrees>
                            <LongitudeDegrees>104.05986022949219</LongitudeDegrees>
                        </Position>
                        <AltitudeMeters>431.6999816894531</AltitudeMeters>
                    </Trackpoint>
                    <Trackpoint>
                        <DistanceMeters>341.93072164058685</DistanceMeters>
                        <Time>2022-01-15T13:49:17.358Z</Time>
                        <Position>
                            <LatitudeDegrees>30.51909828186035</LatitudeDegrees>
                            <LongitudeDegrees>104.05987548828125</LongitudeDegrees>
                        </Position>
                        <AltitudeMeters>431.6999816894531</AltitudeMeters>
                    </Trackpoint>
                    <Trackpoint>
                        <DistanceMeters>341.93072164058685</DistanceMeters>
                        <Time>2022-01-15T13:49:18.316Z</Time>
                        <Position>
                            <LatitudeDegrees>30.519107818603516</LatitudeDegrees>
                            <LongitudeDegrees>104.05989837646484</LongitudeDegrees>
                        </Position>
                        <AltitudeMeters>431.6999816894531</AltitudeMeters>
                    </Trackpoint>
                    <Trackpoint>
                        <DistanceMeters>341.93072164058685</DistanceMeters>
                        <Time>2022-01-15T13:49:18.938Z</Time>
                        <Position>
                            <LatitudeDegrees>30.51911735534668</LatitudeDegrees>
                            <LongitudeDegrees>104.05990600585938</LongitudeDegrees>
                        </Position>
                        <AltitudeMeters>431.6999816894531</AltitudeMeters>
                    </Trackpoint>
                    <Trackpoint>
                        <DistanceMeters>341.93072164058685</DistanceMeters>
                        <Time>2022-01-15T13:49:19.552Z</Time>
                        <Position>
                            <LatitudeDegrees>30.519123077392578</LatitudeDegrees>
                            <LongitudeDegrees>104.0599136352539</LongitudeDegrees>
                        </Position>
                        <AltitudeMeters>431.6999816894531</AltitudeMeters>
                    </Trackpoint>
                    <Trackpoint>
                        <DistanceMeters>341.93072164058685</DistanceMeters>
                        <Time>2022-01-15T13:49:20.194Z</Time>
                        <Position>
                            <LatitudeDegrees>30.519128799438477</LatitudeDegrees>
                            <LongitudeDegrees>104.05992889404297</LongitudeDegrees>
                        </Position>
                        <AltitudeMeters>431.6999816894531</AltitudeMeters>
                    </Trackpoint>
                    <Trackpoint>
                        <DistanceMeters>341.93072164058685</DistanceMeters>
                        <Time>2022-01-15T13:49:21.171Z</Time>
                        <Position>
                            <LatitudeDegrees>30.51913833618164</LatitudeDegrees>
                            <LongitudeDegrees>104.05995178222656</LongitudeDegrees>
                        </Position>
                        <AltitudeMeters>431.6999816894531</AltitudeMeters>
                    </Trackpoint>
                    <Trackpoint>
                        <DistanceMeters>341.93072164058685</DistanceMeters>
                        <Time>2022-01-15T13:49:22.091Z</Time>
                        <Position>
                            <LatitudeDegrees>30.519149780273438</LatitudeDegrees>
                            <LongitudeDegrees>104.05997467041016</LongitudeDegrees>
                        </Position>
                        <AltitudeMeters>431.6999816894531</AltitudeMeters>
                    </Trackpoint>
                    <Trackpoint>
                        <DistanceMeters>341.93072164058685</DistanceMeters>
                        <Time>2022-01-15T13:49:22.731Z</Time>
                        <Position>
                            <LatitudeDegrees>30.5191593170166</LatitudeDegrees>
                            <LongitudeDegrees>104.05998992919922</LongitudeDegrees>
                        </Position>
                        <AltitudeMeters>431.6999816894531</AltitudeMeters>
                    </Trackpoint>
                    <Trackpoint>
                        <DistanceMeters>341.93072164058685</DistanceMeters>
                        <Time>2022-01-15T13:49:23.354Z</Time>
                        <Position>
                            <LatitudeDegrees>30.51917266845703</LatitudeDegrees>
                            <LongitudeDegrees>104.06001281738281</LongitudeDegrees>
                        </Position>
                        <AltitudeMeters>431.6999816894531</AltitudeMeters>
                    </Trackpoint>
                    <Trackpoint>
                        <DistanceMeters>341.93072164058685</DistanceMeters>
                        <Time>2022-01-15T13:49:23.976Z</Time>
                        <Position>
                            <LatitudeDegrees>30.51918601989746</LatitudeDegrees>
                            <LongitudeDegrees>104.06002807617188</LongitudeDegrees>
                        </Position>
                        <AltitudeMeters>431.6999816894531</AltitudeMeters>
                    </Trackpoint>
                    <Trackpoint>
                        <DistanceMeters>341.93072164058685</DistanceMeters>
                        <Time>2022-01-15T13:49:24.616Z</Time>
                        <Position>
                            <LatitudeDegrees>30.51919937133789</LatitudeDegrees>
                            <LongitudeDegrees>104.06005096435547</LongitudeDegrees>
                        </Position>
                        <AltitudeMeters>431.6999816894531</AltitudeMeters>
                    </Trackpoint>
                    <Trackpoint>
                        <DistanceMeters>341.93072164058685</DistanceMeters>
                        <Time>2022-01-15T13:49:25.938Z</Time>
                        <Position>
                            <LatitudeDegrees>30.519224166870117</LatitudeDegrees>
                            <LongitudeDegrees>104.0600814819336</LongitudeDegrees>
                        </Position>
                        <AltitudeMeters>431.6999816894531</AltitudeMeters>
                    </Trackpoint>
                    <Trackpoint>
                        <DistanceMeters>341.93072164058685</DistanceMeters>
                        <Time>2022-01-15T13:49:26.514Z</Time>
                        <Position>
                            <LatitudeDegrees>30.519237518310547</LatitudeDegrees>
                            <LongitudeDegrees>104.06010437011719</LongitudeDegrees>
                        </Position>
                        <AltitudeMeters>431.6999816894531</AltitudeMeters>
                    </Trackpoint>
                    <Trackpoint>
                        <DistanceMeters>341.93072164058685</DistanceMeters>
                        <Time>2022-01-15T13:49:26.793Z</Time>
                        <Position>
                            <LatitudeDegrees>30.519243240356445</LatitudeDegrees>
                            <LongitudeDegrees>104.06011199951172</LongitudeDegrees>
                        </Position>
                        <AltitudeMeters>431.6999816894531</AltitudeMeters>
                    </Trackpoint>
                    <Trackpoint>
                        <DistanceMeters>341.93072164058685</DistanceMeters>
                        <Time>2022-01-15T13:49:27.472Z</Time>
                        <Position>
                            <LatitudeDegrees>30.519262313842773</LatitudeDegrees>
                            <LongitudeDegrees>104.06013488769531</LongitudeDegrees>
                        </Position>
                        <AltitudeMeters>431.6999816894531</AltitudeMeters>
                    </Trackpoint>
                    <Trackpoint>
                        <DistanceMeters>341.93072164058685</DistanceMeters>
                        <Time>2022-01-15T13:49:27.770Z</Time>
                        <Position>
                            <LatitudeDegrees>30.519269943237305</LatitudeDegrees>
                            <LongitudeDegrees>104.06014251708984</LongitudeDegrees>
                        </Position>
                        <AltitudeMeters>431.6999816894531</AltitudeMeters>
                    </Trackpoint>
                    <Trackpoint>
                        <DistanceMeters>341.93072164058685</DistanceMeters>
                        <Time>2022-01-15T13:49:28.373Z</Time>
                        <Position>
                            <LatitudeDegrees>30.519283294677734</LatitudeDegrees>
                            <LongitudeDegrees>104.0601577758789</LongitudeDegrees>
                        </Position>
                        <AltitudeMeters>431.6999816894531</AltitudeMeters>
                    </Trackpoint>
                    <Trackpoint>
                        <DistanceMeters>341.93072164058685</DistanceMeters>
                        <Time>2022-01-15T13:49:29.054Z</Time>
                        <Position>
                            <LatitudeDegrees>30.519298553466797</LatitudeDegrees>
                            <LongitudeDegrees>104.06017303466797</LongitudeDegrees>
                        </Position>
                        <AltitudeMeters>431.6999816894531</AltitudeMeters>
                    </Trackpoint>
                    <Trackpoint>
                        <DistanceMeters>341.93072164058685</DistanceMeters>
                        <Time>2022-01-15T13:49:29.638Z</Time>
                        <Position>
                            <LatitudeDegrees>30.519309997558594</LatitudeDegrees>
                            <LongitudeDegrees>104.0601806640625</LongitudeDegrees>
                        </Position>
                        <AltitudeMeters>431.6999816894531</AltitudeMeters>
                    </Trackpoint>
                    <Trackpoint>
                        <DistanceMeters>412.5917934179306</DistanceMeters>
                        <Time>2022-01-15T13:49:30.250Z</Time>
                        <Position>
                            <LatitudeDegrees>30.519325256347656</LatitudeDegrees>
                            <LongitudeDegrees>104.06019592285156</LongitudeDegrees>
                        </Position>
                        <AltitudeMeters>431.6999816894531</AltitudeMeters>
                    </Trackpoint>
                    <Trackpoint>
                        <DistanceMeters>412.5917934179306</DistanceMeters>
                        <Time>2022-01-15T13:49:30.788Z</Time>
                        <Position>
                            <LatitudeDegrees>30.519336700439453</LatitudeDegrees>
                            <LongitudeDegrees>104.0602035522461</LongitudeDegrees>
                        </Position>
                        <AltitudeMeters>431.6999816894531</AltitudeMeters>
                    </Trackpoint>
                    <Trackpoint>
                        <DistanceMeters>412.5917934179306</DistanceMeters>
                        <Time>2022-01-15T13:49:31.496Z</Time>
                        <Position>
                            <LatitudeDegrees>30.519351959228516</LatitudeDegrees>
                            <LongitudeDegrees>104.06021881103516</LongitudeDegrees>
                        </Position>
                        <AltitudeMeters>431.6999816894531</AltitudeMeters>
                    </Trackpoint>
                    <Trackpoint>
                        <DistanceMeters>412.5917934179306</DistanceMeters>
                        <Time>2022-01-15T13:49:32.156Z</Time>
                        <Position>
                            <LatitudeDegrees>30.519365310668945</LatitudeDegrees>
                            <LongitudeDegrees>104.06022644042969</LongitudeDegrees>
                        </Position>
                        <AltitudeMeters>431.6999816894531</AltitudeMeters>
                    </Trackpoint>
                    <Trackpoint>
                        <DistanceMeters>412.5917934179306</DistanceMeters>
                        <Time>2022-01-15T13:49:32.774Z</Time>
                        <Position>
                            <LatitudeDegrees>30.519380569458008</LatitudeDegrees>
                            <LongitudeDegrees>104.06023406982422</LongitudeDegrees>
                        </Position>
                        <AltitudeMeters>431.6999816894531</AltitudeMeters>
                    </Trackpoint>
                    <Trackpoint>
                        <DistanceMeters>412.5917934179306</DistanceMeters>
                        <Time>2022-01-15T13:49:33.411Z</Time>
                        <Position>
                            <LatitudeDegrees>30.51939582824707</LatitudeDegrees>
                            <LongitudeDegrees>104.06024169921875</LongitudeDegrees>
                        </Position>
                        <AltitudeMeters>431.6999816894531</AltitudeMeters>
                    </Trackpoint>
                    <Trackpoint>
                        <DistanceMeters>412.5917934179306</DistanceMeters>
                        <Time>2022-01-15T13:49:34.033Z</Time>
                        <Position>
                            <LatitudeDegrees>30.5194034576416</LatitudeDegrees>
                            <LongitudeDegrees>104.06024932861328</LongitudeDegrees>
                        </Position>
                        <AltitudeMeters>431.6999816894531</AltitudeMeters>
                    </Trackpoint>
                    <Trackpoint>
                        <DistanceMeters>412.5917934179306</DistanceMeters>
                        <Time>2022-01-15T13:49:34.631Z</Time>
                        <Position>
                            <LatitudeDegrees>30.519412994384766</LatitudeDegrees>
                            <LongitudeDegrees>104.06025695800781</LongitudeDegrees>
                        </Position>
                        <AltitudeMeters>431.6999816894531</AltitudeMeters>
                    </Trackpoint>
                    <Trackpoint>
                        <DistanceMeters>412.5917934179306</DistanceMeters>
                        <Time>2022-01-15T13:49:35.251Z</Time>
                        <Position>
                            <LatitudeDegrees>30.51942253112793</LatitudeDegrees>
                            <LongitudeDegrees>104.06026458740234</LongitudeDegrees>
                        </Position>
                        <AltitudeMeters>431.6999816894531</AltitudeMeters>
                    </Trackpoint>
                    <Trackpoint>
                        <DistanceMeters>412.5917934179306</DistanceMeters>
                        <Time>2022-01-15T13:49:35.875Z</Time>
                        <Position>
                            <LatitudeDegrees>30.519432067871094</LatitudeDegrees>
                            <LongitudeDegrees>104.06027221679688</LongitudeDegrees>
                        </Position>
                        <AltitudeMeters>431.6999816894531</AltitudeMeters>
                    </Trackpoint>
                    <Trackpoint>
                        <DistanceMeters>412.5917934179306</DistanceMeters>
                        <Time>2022-01-15T13:49:36.516Z</Time>
                        <Position>
                            <LatitudeDegrees>30.51944351196289</LatitudeDegrees>
                            <LongitudeDegrees>104.0602798461914</LongitudeDegrees>
                        </Position>
                        <AltitudeMeters>431.6999816894531</AltitudeMeters>
                    </Trackpoint>
                    <Trackpoint>
                        <DistanceMeters>412.5917934179306</DistanceMeters>
                        <Time>2022-01-15T13:49:37.752Z</Time>
                        <Position>
                            <LatitudeDegrees>30.519466400146484</LatitudeDegrees>
                            <LongitudeDegrees>104.060302734375</LongitudeDegrees>
                        </Position>
                        <AltitudeMeters>431.6999816894531</AltitudeMeters>
                    </Trackpoint>
                    <Trackpoint>
                        <DistanceMeters>412.5917934179306</DistanceMeters>
                        <Time>2022-01-15T13:49:38.356Z</Time>
                        <Position>
                            <LatitudeDegrees>30.51947593688965</LatitudeDegrees>
                            <LongitudeDegrees>104.06031799316406</LongitudeDegrees>
                        </Position>
                        <AltitudeMeters>431.6999816894531</AltitudeMeters>
                    </Trackpoint>
                    <Trackpoint>
                        <DistanceMeters>412.5917934179306</DistanceMeters>
                        <Time>2022-01-15T13:49:38.988Z</Time>
                        <Position>
                            <LatitudeDegrees>30.519485473632812</LatitudeDegrees>
                            <LongitudeDegrees>104.06033325195312</LongitudeDegrees>
                        </Position>
                        <AltitudeMeters>431.6999816894531</AltitudeMeters>
                    </Trackpoint>
                    <Trackpoint>
                        <DistanceMeters>412.5917934179306</DistanceMeters>
                        <Time>2022-01-15T13:49:39.891Z</Time>
                        <Position>
                            <LatitudeDegrees>30.519498825073242</LatitudeDegrees>
                            <LongitudeDegrees>104.06035614013672</LongitudeDegrees>
                        </Position>
                        <AltitudeMeters>431.6999816894531</AltitudeMeters>
                    </Trackpoint>
                    <Trackpoint>
                        <DistanceMeters>412.5917934179306</DistanceMeters>
                        <Time>2022-01-15T13:49:40.788Z</Time>
                        <Position>
                            <LatitudeDegrees>30.519512176513672</LatitudeDegrees>
                            <LongitudeDegrees>104.06037902832031</LongitudeDegrees>
                        </Position>
                        <AltitudeMeters>431.6999816894531</AltitudeMeters>
                    </Trackpoint>
                    <Trackpoint>
                        <DistanceMeters>412.5917934179306</DistanceMeters>
                        <Time>2022-01-15T13:49:41.489Z</Time>
                        <Position>
                            <LatitudeDegrees>30.519519805908203</LatitudeDegrees>
                            <LongitudeDegrees>104.06039428710938</LongitudeDegrees>
                        </Position>
                        <AltitudeMeters>431.6999816894531</AltitudeMeters>
                    </Trackpoint>
                    <Trackpoint>
                        <DistanceMeters>412.5917934179306</DistanceMeters>
                        <Time>2022-01-15T13:49:42.438Z</Time>
                        <Position>
                            <LatitudeDegrees>30.519527435302734</LatitudeDegrees>
                            <LongitudeDegrees>104.06040954589844</LongitudeDegrees>
                        </Position>
                        <AltitudeMeters>431.6999816894531</AltitudeMeters>
                    </Trackpoint>
                    <Trackpoint>
                        <DistanceMeters>412.5917934179306</DistanceMeters>
                        <Time>2022-01-15T13:49:43.377Z</Time>
                        <Position>
                            <LatitudeDegrees>30.519533157348633</LatitudeDegrees>
                            <LongitudeDegrees>104.0604248046875</LongitudeDegrees>
                        </Position>
                        <AltitudeMeters>431.6999816894531</AltitudeMeters>
                    </Trackpoint>
                    <Trackpoint>
                        <DistanceMeters>412.5917934179306</DistanceMeters>
                        <Time>2022-01-15T13:49:44.632Z</Time>
                        <Position>
                            <LatitudeDegrees>30.519542694091797</LatitudeDegrees>
                            <LongitudeDegrees>104.06044006347656</LongitudeDegrees>
                        </Position>
                        <AltitudeMeters>431.6999816894531</AltitudeMeters>
                    </Trackpoint>
                    <Trackpoint>
                        <DistanceMeters>412.5917934179306</DistanceMeters>
                        <Time>2022-01-15T13:49:45.272Z</Time>
                        <Position>
                            <LatitudeDegrees>30.519550323486328</LatitudeDegrees>
                            <LongitudeDegrees>104.0604476928711</LongitudeDegrees>
                        </Position>
                        <AltitudeMeters>431.6999816894531</AltitudeMeters>
                    </Trackpoint>
                    <Trackpoint>
                        <DistanceMeters>412.5917934179306</DistanceMeters>
                        <Time>2022-01-15T13:49:46.251Z</Time>
                        <Position>
                            <LatitudeDegrees>30.519567489624023</LatitudeDegrees>
                            <LongitudeDegrees>104.06046295166016</LongitudeDegrees>
                        </Position>
                        <AltitudeMeters>431.6999816894531</AltitudeMeters>
                    </Trackpoint>
                    <Trackpoint>
                        <DistanceMeters>412.5917934179306</DistanceMeters>
                        <Time>2022-01-15T13:49:46.788Z</Time>
                        <Position>
                            <LatitudeDegrees>30.51957893371582</LatitudeDegrees>
                            <LongitudeDegrees>104.06047058105469</LongitudeDegrees>
                        </Position>
                        <AltitudeMeters>431.6999816894531</AltitudeMeters>
                    </Trackpoint>
                    <Trackpoint>
                        <DistanceMeters>412.5917934179306</DistanceMeters>
                        <Time>2022-01-15T13:49:47.475Z</Time>
                        <Position>
                            <LatitudeDegrees>30.519590377807617</LatitudeDegrees>
                            <LongitudeDegrees>104.06048583984375</LongitudeDegrees>
                        </Position>
                        <AltitudeMeters>431.6999816894531</AltitudeMeters>
                    </Trackpoint>
                    <Trackpoint>
                        <DistanceMeters>412.5917934179306</DistanceMeters>
                        <Time>2022-01-15T13:49:48.378Z</Time>
                        <Position>
                            <LatitudeDegrees>30.519609451293945</LatitudeDegrees>
                            <LongitudeDegrees>104.06049346923828</LongitudeDegrees>
                        </Position>
                        <AltitudeMeters>431.6999816894531</AltitudeMeters>
                    </Trackpoint>
                    <Trackpoint>
                        <DistanceMeters>412.5917934179306</DistanceMeters>
                        <Time>2022-01-15T13:49:49.011Z</Time>
                        <Position>
                            <LatitudeDegrees>30.519620895385742</LatitudeDegrees>
                            <LongitudeDegrees>104.06050109863281</LongitudeDegrees>
                        </Position>
                        <AltitudeMeters>431.6999816894531</AltitudeMeters>
                    </Trackpoint>
                    <Trackpoint>
                        <DistanceMeters>412.5917934179306</DistanceMeters>
                        <Time>2022-01-15T13:49:50.260Z</Time>
                        <Position>
                            <LatitudeDegrees>30.519634246826172</LatitudeDegrees>
                            <LongitudeDegrees>104.06051635742188</LongitudeDegrees>
                        </Position>
                        <AltitudeMeters>431.6999816894531</AltitudeMeters>
                    </Trackpoint>
                    <Trackpoint>
                        <DistanceMeters>412.5917934179306</DistanceMeters>
                        <Time>2022-01-15T13:49:51.194Z</Time>
                        <Position>
                            <LatitudeDegrees>30.519643783569336</LatitudeDegrees>
                            <LongitudeDegrees>104.0605239868164</LongitudeDegrees>
                        </Position>
                        <AltitudeMeters>431.6999816894531</AltitudeMeters>
                    </Trackpoint>
                    <Trackpoint>
                        <DistanceMeters>412.5917934179306</DistanceMeters>
                        <Time>2022-01-15T13:49:51.837Z</Time>
                        <Position>
                            <LatitudeDegrees>30.51964569091797</LatitudeDegrees>
                            <LongitudeDegrees>104.06053924560547</LongitudeDegrees>
                        </Position>
                        <AltitudeMeters>431.6999816894531</AltitudeMeters>
                    </Trackpoint>
                    <Trackpoint>
                        <DistanceMeters>412.5917934179306</DistanceMeters>
                        <Time>2022-01-15T13:49:52.448Z</Time>
                        <Position>
                            <LatitudeDegrees>30.519649505615234</LatitudeDegrees>
                            <LongitudeDegrees>104.06055450439453</LongitudeDegrees>
                        </Position>
                        <AltitudeMeters>431.6999816894531</AltitudeMeters>
                    </Trackpoint>
                    <Trackpoint>
                        <DistanceMeters>412.5917934179306</DistanceMeters>
                        <Time>2022-01-15T13:49:53.071Z</Time>
                        <Position>
                            <LatitudeDegrees>30.519651412963867</LatitudeDegrees>
                            <LongitudeDegrees>104.0605697631836</LongitudeDegrees>
                        </Position>
                        <AltitudeMeters>431.6999816894531</AltitudeMeters>
                    </Trackpoint>
                    <Trackpoint>
                        <DistanceMeters>412.5917934179306</DistanceMeters>
                        <Time>2022-01-15T13:49:53.731Z</Time>
                        <Position>
                            <LatitudeDegrees>30.519657135009766</LatitudeDegrees>
                            <LongitudeDegrees>104.06057739257812</LongitudeDegrees>
                        </Position>
                        <AltitudeMeters>431.6999816894531</AltitudeMeters>
                    </Trackpoint>
                    <Trackpoint>
                        <DistanceMeters>412.5917934179306</DistanceMeters>
                        <Time>2022-01-15T13:49:54.639Z</Time>
                        <Position>
                            <LatitudeDegrees>30.519664764404297</LatitudeDegrees>
                            <LongitudeDegrees>104.06060028076172</LongitudeDegrees>
                        </Position>
                        <AltitudeMeters>431.6999816894531</AltitudeMeters>
                    </Trackpoint>
                    <Trackpoint>
                        <DistanceMeters>412.5917934179306</DistanceMeters>
                        <Time>2022-01-15T13:49:55.229Z</Time>
                        <Position>
                            <LatitudeDegrees>30.519672393798828</LatitudeDegrees>
                            <LongitudeDegrees>104.06061553955078</LongitudeDegrees>
                        </Position>
                        <AltitudeMeters>431.6999816894531</AltitudeMeters>
                    </Trackpoint>
                    <Trackpoint>
                        <DistanceMeters>412.5917934179306</DistanceMeters>
                        <Time>2022-01-15T13:49:55.870Z</Time>
                        <Position>
                            <LatitudeDegrees>30.51968002319336</LatitudeDegrees>
                            <LongitudeDegrees>104.06063079833984</LongitudeDegrees>
                        </Position>
                        <AltitudeMeters>431.6999816894531</AltitudeMeters>
                    </Trackpoint>
                    <Trackpoint>
                        <DistanceMeters>412.5917934179306</DistanceMeters>
                        <Time>2022-01-15T13:49:56.809Z</Time>
                        <Position>
                            <LatitudeDegrees>30.519695281982422</LatitudeDegrees>
                            <LongitudeDegrees>104.0606460571289</LongitudeDegrees>
                        </Position>
                        <AltitudeMeters>431.6999816894531</AltitudeMeters>
                    </Trackpoint>
                    <Trackpoint>
                        <DistanceMeters>412.5917934179306</DistanceMeters>
                        <Time>2022-01-15T13:49:57.450Z</Time>
                        <Position>
                            <LatitudeDegrees>30.519702911376953</LatitudeDegrees>
                            <LongitudeDegrees>104.06066131591797</LongitudeDegrees>
                        </Position>
                        <AltitudeMeters>431.6999816894531</AltitudeMeters>
                    </Trackpoint>
                    <Trackpoint>
                        <DistanceMeters>412.5917934179306</DistanceMeters>
                        <Time>2022-01-15T13:49:58.092Z</Time>
                        <Position>
                            <LatitudeDegrees>30.51970863342285</LatitudeDegrees>
                            <LongitudeDegrees>104.06067657470703</LongitudeDegrees>
                        </Position>
                        <AltitudeMeters>431.6999816894531</AltitudeMeters>
                    </Trackpoint>
                    <Trackpoint>
                        <DistanceMeters>412.5917934179306</DistanceMeters>
                        <Time>2022-01-15T13:49:58.714Z</Time>
                        <Position>
                            <LatitudeDegrees>30.51971435546875</LatitudeDegrees>
                            <LongitudeDegrees>104.06068420410156</LongitudeDegrees>
                        </Position>
                        <AltitudeMeters>431.6999816894531</AltitudeMeters>
                    </Trackpoint>
                    <Trackpoint>
                        <DistanceMeters>412.5917934179306</DistanceMeters>
                        <Time>2022-01-15T13:49:59.635Z</Time>
                        <Position>
                            <LatitudeDegrees>30.519718170166016</LatitudeDegrees>
                            <LongitudeDegrees>104.06070709228516</LongitudeDegrees>
                        </Position>
                        <AltitudeMeters>431.6999816894531</AltitudeMeters>
                    </Trackpoint>
                    <Trackpoint>
                        <DistanceMeters>494.5042995214462</DistanceMeters>
                        <Time>2022-01-15T13:50:00.276Z</Time>
                        <Position>
                            <LatitudeDegrees>30.51972007751465</LatitudeDegrees>
                            <LongitudeDegrees>104.06072235107422</LongitudeDegrees>
                        </Position>
                        <AltitudeMeters>431.6999816894531</AltitudeMeters>
                    </Trackpoint>
                    <Trackpoint>
                        <DistanceMeters>494.5042995214462</DistanceMeters>
                        <Time>2022-01-15T13:50:00.789Z</Time>
                        <Position>
                            <LatitudeDegrees>30.519723892211914</LatitudeDegrees>
                            <LongitudeDegrees>104.06073760986328</LongitudeDegrees>
                        </Position>
                        <AltitudeMeters>431.6999816894531</AltitudeMeters>
                    </Trackpoint>
                    <Trackpoint>
                        <DistanceMeters>494.5042995214462</DistanceMeters>
                        <Time>2022-01-15T13:50:01.216Z</Time>
                        <Position>
                            <LatitudeDegrees>30.51972770690918</LatitudeDegrees>
                            <LongitudeDegrees>104.06074523925781</LongitudeDegrees>
                        </Position>
                        <AltitudeMeters>431.6999816894531</AltitudeMeters>
                    </Trackpoint>
                    <Trackpoint>
                        <DistanceMeters>494.5042995214462</DistanceMeters>
                        <Time>2022-01-15T13:50:01.828Z</Time>
                        <Position>
                            <LatitudeDegrees>30.519737243652344</LatitudeDegrees>
                            <LongitudeDegrees>104.06075286865234</LongitudeDegrees>
                        </Position>
                        <AltitudeMeters>431.6999816894531</AltitudeMeters>
                    </Trackpoint>
                    <Trackpoint>
                        <DistanceMeters>494.5042995214462</DistanceMeters>
                        <Time>2022-01-15T13:50:02.470Z</Time>
                        <Position>
                            <LatitudeDegrees>30.51974868774414</LatitudeDegrees>
                            <LongitudeDegrees>104.0607681274414</LongitudeDegrees>
                        </Position>
                        <AltitudeMeters>431.6999816894531</AltitudeMeters>
                    </Trackpoint>
                    <Trackpoint>
                        <DistanceMeters>494.5042995214462</DistanceMeters>
                        <Time>2022-01-15T13:50:03.091Z</Time>
                        <Position>
                            <LatitudeDegrees>30.519758224487305</LatitudeDegrees>
                            <LongitudeDegrees>104.06077575683594</LongitudeDegrees>
                        </Position>
                        <AltitudeMeters>431.6999816894531</AltitudeMeters>
                    </Trackpoint>
                    <Trackpoint>
                        <DistanceMeters>494.5042995214462</DistanceMeters>
                        <Time>2022-01-15T13:50:04.357Z</Time>
                        <Position>
                            <LatitudeDegrees>30.519773483276367</LatitudeDegrees>
                            <LongitudeDegrees>104.06079864501953</LongitudeDegrees>
                        </Position>
                        <AltitudeMeters>431.6999816894531</AltitudeMeters>
                    </Trackpoint>
                    <Trackpoint>
                        <DistanceMeters>494.5042995214462</DistanceMeters>
                        <Time>2022-01-15T13:50:05.296Z</Time>
                        <Position>
                            <LatitudeDegrees>30.51978874206543</LatitudeDegrees>
                            <LongitudeDegrees>104.06082153320312</LongitudeDegrees>
                        </Position>
                        <AltitudeMeters>431.6999816894531</AltitudeMeters>
                    </Trackpoint>
                    <Trackpoint>
                        <DistanceMeters>494.5042995214462</DistanceMeters>
                        <Time>2022-01-15T13:50:05.891Z</Time>
                        <Position>
                            <LatitudeDegrees>30.51979637145996</LatitudeDegrees>
                            <LongitudeDegrees>104.06082916259766</LongitudeDegrees>
                        </Position>
                        <AltitudeMeters>431.6999816894531</AltitudeMeters>
                    </Trackpoint>
                    <Trackpoint>
                        <DistanceMeters>494.5042995214462</DistanceMeters>
                        <Time>2022-01-15T13:50:06.551Z</Time>
                        <Position>
                            <LatitudeDegrees>30.519804000854492</LatitudeDegrees>
                            <LongitudeDegrees>104.06084442138672</LongitudeDegrees>
                        </Position>
                        <AltitudeMeters>431.6999816894531</AltitudeMeters>
                    </Trackpoint>
                    <Trackpoint>
                        <DistanceMeters>494.5042995214462</DistanceMeters>
                        <Time>2022-01-15T13:50:07.470Z</Time>
                        <Position>
                            <LatitudeDegrees>30.519819259643555</LatitudeDegrees>
                            <LongitudeDegrees>104.06085968017578</LongitudeDegrees>
                        </Position>
                        <AltitudeMeters>431.6999816894531</AltitudeMeters>
                    </Trackpoint>
                    <Trackpoint>
                        <DistanceMeters>494.5042995214462</DistanceMeters>
                        <Time>2022-01-15T13:50:08.113Z</Time>
                        <Position>
                            <LatitudeDegrees>30.51982879638672</LatitudeDegrees>
                            <LongitudeDegrees>104.06087493896484</LongitudeDegrees>
                        </Position>
                        <AltitudeMeters>431.6999816894531</AltitudeMeters>
                    </Trackpoint>
                    <Trackpoint>
                        <DistanceMeters>494.5042995214462</DistanceMeters>
                        <Time>2022-01-15T13:50:08.735Z</Time>
                        <Position>
                            <LatitudeDegrees>30.519838333129883</LatitudeDegrees>
                            <LongitudeDegrees>104.0608901977539</LongitudeDegrees>
                        </Position>
                        <AltitudeMeters>431.6999816894531</AltitudeMeters>
                    </Trackpoint>
                    <Trackpoint>
                        <DistanceMeters>494.5042995214462</DistanceMeters>
                        <Time>2022-01-15T13:50:09.051Z</Time>
                        <Position>
                            <LatitudeDegrees>30.519845962524414</LatitudeDegrees>
                            <LongitudeDegrees>104.0608901977539</LongitudeDegrees>
                        </Position>
                        <AltitudeMeters>431.6999816894531</AltitudeMeters>
                    </Trackpoint>
                    <Trackpoint>
                        <DistanceMeters>494.5042995214462</DistanceMeters>
                        <Time>2022-01-15T13:50:10.321Z</Time>
                        <Position>
                            <LatitudeDegrees>30.519866943359375</LatitudeDegrees>
                            <LongitudeDegrees>104.0609130859375</LongitudeDegrees>
                        </Position>
                        <AltitudeMeters>431.6999816894531</AltitudeMeters>
                    </Trackpoint>
                    <Trackpoint>
                        <DistanceMeters>494.5042995214462</DistanceMeters>
                        <Time>2022-01-15T13:50:10.789Z</Time>
                        <Position>
                            <LatitudeDegrees>30.51987648010254</LatitudeDegrees>
                            <LongitudeDegrees>104.06092834472656</LongitudeDegrees>
                        </Position>
                        <AltitudeMeters>431.6999816894531</AltitudeMeters>
                    </Trackpoint>
                    <Trackpoint>
                        <DistanceMeters>494.5042995214462</DistanceMeters>
                        <Time>2022-01-15T13:50:11.535Z</Time>
                        <Position>
                            <LatitudeDegrees>30.51988983154297</LatitudeDegrees>
                            <LongitudeDegrees>104.0609359741211</LongitudeDegrees>
                        </Position>
                        <AltitudeMeters>431.6999816894531</AltitudeMeters>
                    </Trackpoint>
                    <Trackpoint>
                        <DistanceMeters>494.5042995214462</DistanceMeters>
                        <Time>2022-01-15T13:50:12.158Z</Time>
                        <Position>
                            <LatitudeDegrees>30.519899368286133</LatitudeDegrees>
                            <LongitudeDegrees>104.06095123291016</LongitudeDegrees>
                        </Position>
                        <AltitudeMeters>431.6999816894531</AltitudeMeters>
                    </Trackpoint>
                    <Trackpoint>
                        <DistanceMeters>494.5042995214462</DistanceMeters>
                        <Time>2022-01-15T13:50:13.432Z</Time>
                        <Position>
                            <LatitudeDegrees>30.519922256469727</LatitudeDegrees>
                            <LongitudeDegrees>104.06096649169922</LongitudeDegrees>
                        </Position>
                        <AltitudeMeters>431.6999816894531</AltitudeMeters>
                    </Trackpoint>
                    <Trackpoint>
                        <DistanceMeters>494.5042995214462</DistanceMeters>
                        <Time>2022-01-15T13:50:14.036Z</Time>
                        <Position>
                            <LatitudeDegrees>30.519933700561523</LatitudeDegrees>
                            <LongitudeDegrees>104.06097412109375</LongitudeDegrees>
                        </Position>
                        <AltitudeMeters>431.6999816894531</AltitudeMeters>
                    </Trackpoint>
                    <Trackpoint>
                        <DistanceMeters>494.5042995214462</DistanceMeters>
                        <Time>2022-01-15T13:50:14.676Z</Time>
                        <Position>
                            <LatitudeDegrees>30.519947052001953</LatitudeDegrees>
                            <LongitudeDegrees>104.06098937988281</LongitudeDegrees>
                        </Position>
                        <AltitudeMeters>431.6999816894531</AltitudeMeters>
                    </Trackpoint>
                    <Trackpoint>
                        <DistanceMeters>494.5042995214462</DistanceMeters>
                        <Time>2022-01-15T13:50:15.292Z</Time>
                        <Position>
                            <LatitudeDegrees>30.519960403442383</LatitudeDegrees>
                            <LongitudeDegrees>104.06099700927734</LongitudeDegrees>
                        </Position>
                        <AltitudeMeters>431.6999816894531</AltitudeMeters>
                    </Trackpoint>
                    <Trackpoint>
                        <DistanceMeters>494.5042995214462</DistanceMeters>
                        <Time>2022-01-15T13:50:15.930Z</Time>
                        <Position>
                            <LatitudeDegrees>30.519969940185547</LatitudeDegrees>
                            <LongitudeDegrees>104.0610122680664</LongitudeDegrees>
                        </Position>
                        <AltitudeMeters>431.6999816894531</AltitudeMeters>
                    </Trackpoint>
                    <Trackpoint>
                        <DistanceMeters>494.5042995214462</DistanceMeters>
                        <Time>2022-01-15T13:50:16.534Z</Time>
                        <Position>
                            <LatitudeDegrees>30.51997947692871</LatitudeDegrees>
                            <LongitudeDegrees>104.06101989746094</LongitudeDegrees>
                        </Position>
                        <AltitudeMeters>431.6999816894531</AltitudeMeters>
                    </Trackpoint>
                    <Trackpoint>
                        <DistanceMeters>494.5042995214462</DistanceMeters>
                        <Time>2022-01-15T13:50:17.473Z</Time>
                        <Position>
                            <LatitudeDegrees>30.51999855041504</LatitudeDegrees>
                            <LongitudeDegrees>104.06103515625</LongitudeDegrees>
                        </Position>
                        <AltitudeMeters>431.6999816894531</AltitudeMeters>
                    </Trackpoint>
                    <Trackpoint>
                        <DistanceMeters>494.5042995214462</DistanceMeters>
                        <Time>2022-01-15T13:50:18.412Z</Time>
                        <Position>
                            <LatitudeDegrees>30.520015716552734</LatitudeDegrees>
                            <LongitudeDegrees>104.06105041503906</LongitudeDegrees>
                        </Position>
                        <AltitudeMeters>431.6999816894531</AltitudeMeters>
                    </Trackpoint>
                    <Trackpoint>
                        <DistanceMeters>494.5042995214462</DistanceMeters>
                        <Time>2022-01-15T13:50:18.788Z</Time>
                        <Position>
                            <LatitudeDegrees>30.520023345947266</LatitudeDegrees>
                            <LongitudeDegrees>104.0610580444336</LongitudeDegrees>
                        </Position>
                        <AltitudeMeters>431.6999816894531</AltitudeMeters>
                    </Trackpoint>
                    <Trackpoint>
                        <DistanceMeters>494.5042995214462</DistanceMeters>
                        <Time>2022-01-15T13:50:19.313Z</Time>
                        <Position>
                            <LatitudeDegrees>30.520034790039062</LatitudeDegrees>
                            <LongitudeDegrees>104.06106567382812</LongitudeDegrees>
                        </Position>
                        <AltitudeMeters>431.6999816894531</AltitudeMeters>
                    </Trackpoint>
                    <Trackpoint>
                        <DistanceMeters>494.5042995214462</DistanceMeters>
                        <Time>2022-01-15T13:50:19.630Z</Time>
                        <Position>
                            <LatitudeDegrees>30.520042419433594</LatitudeDegrees>
                            <LongitudeDegrees>104.06107330322266</LongitudeDegrees>
                        </Position>
                        <AltitudeMeters>431.6999816894531</AltitudeMeters>
                    </Trackpoint>
                    <Trackpoint>
                        <DistanceMeters>494.5042995214462</DistanceMeters>
                        <Time>2022-01-15T13:50:20.271Z</Time>
                        <Position>
                            <LatitudeDegrees>30.520055770874023</LatitudeDegrees>
                            <LongitudeDegrees>104.06108856201172</LongitudeDegrees>
                        </Position>
                        <AltitudeMeters>431.6999816894531</AltitudeMeters>
                    </Trackpoint>
                    <Trackpoint>
                        <DistanceMeters>494.5042995214462</DistanceMeters>
                        <Time>2022-01-15T13:50:20.789Z</Time>
                        <Position>
                            <LatitudeDegrees>30.52006721496582</LatitudeDegrees>
                            <LongitudeDegrees>104.06110382080078</LongitudeDegrees>
                        </Position>
                        <AltitudeMeters>431.6999816894531</AltitudeMeters>
                    </Trackpoint>
                    <Trackpoint>
                        <DistanceMeters>494.5042995214462</DistanceMeters>
                        <Time>2022-01-15T13:50:21.517Z</Time>
                        <Position>
                            <LatitudeDegrees>30.520084381103516</LatitudeDegrees>
                            <LongitudeDegrees>104.06111907958984</LongitudeDegrees>
                        </Position>
                        <AltitudeMeters>431.6999816894531</AltitudeMeters>
                    </Trackpoint>
                    <Trackpoint>
                        <DistanceMeters>494.5042995214462</DistanceMeters>
                        <Time>2022-01-15T13:50:22.130Z</Time>
                        <Position>
                            <LatitudeDegrees>30.520095825195312</LatitudeDegrees>
                            <LongitudeDegrees>104.0611343383789</LongitudeDegrees>
                        </Position>
                        <AltitudeMeters>431.6999816894531</AltitudeMeters>
                    </Trackpoint>
                    <Trackpoint>
                        <DistanceMeters>494.5042995214462</DistanceMeters>
                        <Time>2022-01-15T13:50:22.456Z</Time>
                        <Position>
                            <LatitudeDegrees>30.520103454589844</LatitudeDegrees>
                            <LongitudeDegrees>104.06114959716797</LongitudeDegrees>
                        </Position>
                        <AltitudeMeters>431.6999816894531</AltitudeMeters>
                    </Trackpoint>
                    <Trackpoint>
                        <DistanceMeters>494.5042995214462</DistanceMeters>
                        <Time>2022-01-15T13:50:23.069Z</Time>
                        <Position>
                            <LatitudeDegrees>30.520116806030273</LatitudeDegrees>
                            <LongitudeDegrees>104.06116485595703</LongitudeDegrees>
                        </Position>
                        <AltitudeMeters>431.6999816894531</AltitudeMeters>
                    </Trackpoint>
                    <Trackpoint>
                        <DistanceMeters>494.5042995214462</DistanceMeters>
                        <Time>2022-01-15T13:50:23.710Z</Time>
                        <Position>
                            <LatitudeDegrees>30.52012825012207</LatitudeDegrees>
                            <LongitudeDegrees>104.0611801147461</LongitudeDegrees>
                        </Position>
                        <AltitudeMeters>431.6999816894531</AltitudeMeters>
                    </Trackpoint>
                    <Trackpoint>
                        <DistanceMeters>494.5042995214462</DistanceMeters>
                        <Time>2022-01-15T13:50:24.612Z</Time>
                        <Position>
                            <LatitudeDegrees>30.520145416259766</LatitudeDegrees>
                            <LongitudeDegrees>104.06120300292969</LongitudeDegrees>
                        </Position>
                        <AltitudeMeters>431.6999816894531</AltitudeMeters>
                    </Trackpoint>
                    <Trackpoint>
                        <DistanceMeters>494.5042995214462</DistanceMeters>
                        <Time>2022-01-15T13:50:25.259Z</Time>
                        <Position>
                            <LatitudeDegrees>30.520160675048828</LatitudeDegrees>
                            <LongitudeDegrees>104.06121826171875</LongitudeDegrees>
                        </Position>
                        <AltitudeMeters>431.6999816894531</AltitudeMeters>
                    </Trackpoint>
                    <Trackpoint>
                        <DistanceMeters>494.5042995214462</DistanceMeters>
                        <Time>2022-01-15T13:50:25.849Z</Time>
                        <Position>
                            <LatitudeDegrees>30.520170211791992</LatitudeDegrees>
                            <LongitudeDegrees>104.06123352050781</LongitudeDegrees>
                        </Position>
                        <AltitudeMeters>431.6999816894531</AltitudeMeters>
                    </Trackpoint>
                    <Trackpoint>
                        <DistanceMeters>494.5042995214462</DistanceMeters>
                        <Time>2022-01-15T13:50:26.491Z</Time>
                        <Position>
                            <LatitudeDegrees>30.520177841186523</LatitudeDegrees>
                            <LongitudeDegrees>104.06124877929688</LongitudeDegrees>
                        </Position>
                        <AltitudeMeters>431.6999816894531</AltitudeMeters>
                    </Trackpoint>
                    <Trackpoint>
                        <DistanceMeters>494.5042995214462</DistanceMeters>
                        <Time>2022-01-15T13:50:27.153Z</Time>
                        <Position>
                            <LatitudeDegrees>30.520187377929688</LatitudeDegrees>
                            <LongitudeDegrees>104.06127166748047</LongitudeDegrees>
                        </Position>
                        <AltitudeMeters>431.6999816894531</AltitudeMeters>
                    </Trackpoint>
                    <Trackpoint>
                        <DistanceMeters>494.5042995214462</DistanceMeters>
                        <Time>2022-01-15T13:50:28.332Z</Time>
                        <Position>
                            <LatitudeDegrees>30.52020263671875</LatitudeDegrees>
                            <LongitudeDegrees>104.06129455566406</LongitudeDegrees>
                        </Position>
                        <AltitudeMeters>431.6999816894531</AltitudeMeters>
                    </Trackpoint>
                    <Trackpoint>
                        <DistanceMeters>494.5042995214462</DistanceMeters>
                        <Time>2022-01-15T13:50:29.315Z</Time>
                        <Position>
                            <LatitudeDegrees>30.520217895507812</LatitudeDegrees>
                            <LongitudeDegrees>104.06130981445312</LongitudeDegrees>
                        </Position>
                        <AltitudeMeters>431.6999816894531</AltitudeMeters>
                    </Trackpoint>
                    <Trackpoint>
                        <DistanceMeters>572.879108786583</DistanceMeters>
                        <Time>2022-01-15T13:50:30.219Z</Time>
                        <Position>
                            <LatitudeDegrees>30.520235061645508</LatitudeDegrees>
                            <LongitudeDegrees>104.06130981445312</LongitudeDegrees>
                        </Position>
                        <AltitudeMeters>431.6999816894531</AltitudeMeters>
                    </Trackpoint>
                    <Trackpoint>
                        <DistanceMeters>572.879108786583</DistanceMeters>
                        <Time>2022-01-15T13:50:30.788Z</Time>
                        <Position>
                            <LatitudeDegrees>30.520244598388672</LatitudeDegrees>
                            <LongitudeDegrees>104.06130981445312</LongitudeDegrees>
                        </Position>
                        <AltitudeMeters>431.6999816894531</AltitudeMeters>
                    </Trackpoint>
                    <Trackpoint>
                        <DistanceMeters>572.879108786583</DistanceMeters>
                        <Time>2022-01-15T13:50:31.538Z</Time>
                        <Position>
                            <LatitudeDegrees>30.5202579498291</LatitudeDegrees>
                            <LongitudeDegrees>104.0613021850586</LongitudeDegrees>
                        </Position>
                        <AltitudeMeters>431.6999816894531</AltitudeMeters>
                    </Trackpoint>
                    <Trackpoint>
                        <DistanceMeters>572.879108786583</DistanceMeters>
                        <Time>2022-01-15T13:50:32.096Z</Time>
                        <Position>
                            <LatitudeDegrees>30.5202693939209</LatitudeDegrees>
                            <LongitudeDegrees>104.06129455566406</LongitudeDegrees>
                        </Position>
                        <AltitudeMeters>431.6999816894531</AltitudeMeters>
                    </Trackpoint>
                    <Trackpoint>
                        <DistanceMeters>572.879108786583</DistanceMeters>
                        <Time>2022-01-15T13:50:32.692Z</Time>
                        <Position>
                            <LatitudeDegrees>30.520278930664062</LatitudeDegrees>
                            <LongitudeDegrees>104.06128692626953</LongitudeDegrees>
                        </Position>
                        <AltitudeMeters>431.6999816894531</AltitudeMeters>
                    </Trackpoint>
                    <Trackpoint>
                        <DistanceMeters>572.879108786583</DistanceMeters>
                        <Time>2022-01-15T13:50:33.334Z</Time>
                        <Position>
                            <LatitudeDegrees>30.520288467407227</LatitudeDegrees>
                            <LongitudeDegrees>104.06129455566406</LongitudeDegrees>
                        </Position>
                        <AltitudeMeters>431.6999816894531</AltitudeMeters>
                    </Trackpoint>
                    <Trackpoint>
                        <DistanceMeters>572.879108786583</DistanceMeters>
                        <Time>2022-01-15T13:50:33.975Z</Time>
                        <Position>
                            <LatitudeDegrees>30.520296096801758</LatitudeDegrees>
                            <LongitudeDegrees>104.0613021850586</LongitudeDegrees>
                        </Position>
                        <AltitudeMeters>431.6999816894531</AltitudeMeters>
                    </Trackpoint>
                    <Trackpoint>
                        <DistanceMeters>572.879108786583</DistanceMeters>
                        <Time>2022-01-15T13:50:34.577Z</Time>
                        <Position>
                            <LatitudeDegrees>30.52030372619629</LatitudeDegrees>
                            <LongitudeDegrees>104.06130981445312</LongitudeDegrees>
                        </Position>
                        <AltitudeMeters>431.6999816894531</AltitudeMeters>
                    </Trackpoint>
                    <Trackpoint>
                        <DistanceMeters>572.879108786583</DistanceMeters>
                        <Time>2022-01-15T13:50:35.257Z</Time>
                        <Position>
                            <LatitudeDegrees>30.520315170288086</LatitudeDegrees>
                            <LongitudeDegrees>104.06132507324219</LongitudeDegrees>
                        </Position>
                        <AltitudeMeters>431.6999816894531</AltitudeMeters>
                    </Trackpoint>
                    <Trackpoint>
                        <DistanceMeters>572.879108786583</DistanceMeters>
                        <Time>2022-01-15T13:50:35.834Z</Time>
                        <Position>
                            <LatitudeDegrees>30.52032470703125</LatitudeDegrees>
                            <LongitudeDegrees>104.06134033203125</LongitudeDegrees>
                        </Position>
                        <AltitudeMeters>431.6999816894531</AltitudeMeters>
                    </Trackpoint>
                    <Trackpoint>
                        <DistanceMeters>572.879108786583</DistanceMeters>
                        <Time>2022-01-15T13:50:36.493Z</Time>
                        <Position>
                            <LatitudeDegrees>30.520336151123047</LatitudeDegrees>
                            <LongitudeDegrees>104.06136322021484</LongitudeDegrees>
                        </Position>
                        <AltitudeMeters>431.6999816894531</AltitudeMeters>
                    </Trackpoint>
                    <Trackpoint>
                        <DistanceMeters>572.879108786583</DistanceMeters>
                        <Time>2022-01-15T13:50:37.071Z</Time>
                        <Position>
                            <LatitudeDegrees>30.52034568786621</LatitudeDegrees>
                            <LongitudeDegrees>104.0613784790039</LongitudeDegrees>
                        </Position>
                        <AltitudeMeters>431.6999816894531</AltitudeMeters>
                    </Trackpoint>
                    <Trackpoint>
                        <DistanceMeters>572.879108786583</DistanceMeters>
                        <Time>2022-01-15T13:50:37.711Z</Time>
                        <Position>
                            <LatitudeDegrees>30.520353317260742</LatitudeDegrees>
                            <LongitudeDegrees>104.0614013671875</LongitudeDegrees>
                        </Position>
                        <AltitudeMeters>431.6999816894531</AltitudeMeters>
                    </Trackpoint>
                    <Trackpoint>
                        <DistanceMeters>572.879108786583</DistanceMeters>
                        <Time>2022-01-15T13:50:38.333Z</Time>
                        <Position>
                            <LatitudeDegrees>30.520360946655273</LatitudeDegrees>
                            <LongitudeDegrees>104.06141662597656</LongitudeDegrees>
                        </Position>
                        <AltitudeMeters>431.6999816894531</AltitudeMeters>
                    </Trackpoint>
                    <Trackpoint>
                        <DistanceMeters>572.879108786583</DistanceMeters>
                        <Time>2022-01-15T13:50:38.789Z</Time>
                        <Position>
                            <LatitudeDegrees>30.52036476135254</LatitudeDegrees>
                            <LongitudeDegrees>104.06143188476562</LongitudeDegrees>
                        </Position>
                        <AltitudeMeters>431.6999816894531</AltitudeMeters>
                    </Trackpoint>
                    <Trackpoint>
                        <DistanceMeters>572.879108786583</DistanceMeters>
                        <Time>2022-01-15T13:50:39.336Z</Time>
                        <Position>
                            <LatitudeDegrees>30.520370483398438</LatitudeDegrees>
                            <LongitudeDegrees>104.06144714355469</LongitudeDegrees>
                        </Position>
                        <AltitudeMeters>431.6999816894531</AltitudeMeters>
                    </Trackpoint>
                    <Trackpoint>
                        <DistanceMeters>572.879108786583</DistanceMeters>
                        <Time>2022-01-15T13:50:39.950Z</Time>
                        <Position>
                            <LatitudeDegrees>30.52037811279297</LatitudeDegrees>
                            <LongitudeDegrees>104.06147003173828</LongitudeDegrees>
                        </Position>
                        <AltitudeMeters>431.6999816894531</AltitudeMeters>
                    </Trackpoint>
                    <Trackpoint>
                        <DistanceMeters>572.879108786583</DistanceMeters>
                        <Time>2022-01-15T13:50:40.279Z</Time>
                        <Position>
                            <LatitudeDegrees>30.520381927490234</LatitudeDegrees>
                            <LongitudeDegrees>104.06148529052734</LongitudeDegrees>
                        </Position>
                        <AltitudeMeters>431.6999816894531</AltitudeMeters>
                    </Trackpoint>
                    <Trackpoint>
                        <DistanceMeters>572.879108786583</DistanceMeters>
                        <Time>2022-01-15T13:50:40.788Z</Time>
                        <Position>
                            <LatitudeDegrees>30.5203914642334</LatitudeDegrees>
                            <LongitudeDegrees>104.0615005493164</LongitudeDegrees>
                        </Position>
                        <AltitudeMeters>431.6999816894531</AltitudeMeters>
                    </Trackpoint>
                    <Trackpoint>
                        <DistanceMeters>572.879108786583</DistanceMeters>
                        <Time>2022-01-15T13:50:41.493Z</Time>
                        <Position>
                            <LatitudeDegrees>30.520401000976562</LatitudeDegrees>
                            <LongitudeDegrees>104.06151580810547</LongitudeDegrees>
                        </Position>
                        <AltitudeMeters>431.6999816894531</AltitudeMeters>
                    </Trackpoint>
                    <Trackpoint>
                        <DistanceMeters>572.879108786583</DistanceMeters>
                        <Time>2022-01-15T13:50:42.172Z</Time>
                        <Position>
                            <LatitudeDegrees>30.52041244506836</LatitudeDegrees>
                            <LongitudeDegrees>104.06153106689453</LongitudeDegrees>
                        </Position>
                        <AltitudeMeters>431.6999816894531</AltitudeMeters>
                    </Trackpoint>
                    <Trackpoint>
                        <DistanceMeters>572.879108786583</DistanceMeters>
                        <Time>2022-01-15T13:50:42.469Z</Time>
                        <Position>
                            <LatitudeDegrees>30.520418167114258</LatitudeDegrees>
                            <LongitudeDegrees>104.06153869628906</LongitudeDegrees>
                        </Position>
                        <AltitudeMeters>431.6999816894531</AltitudeMeters>
                    </Trackpoint>
                    <Trackpoint>
                        <DistanceMeters>572.879108786583</DistanceMeters>
                        <Time>2022-01-15T13:50:43.093Z</Time>
                        <Position>
                            <LatitudeDegrees>30.520429611206055</LatitudeDegrees>
                            <LongitudeDegrees>104.06156158447266</LongitudeDegrees>
                        </Position>
                        <AltitudeMeters>431.6999816894531</AltitudeMeters>
                    </Trackpoint>
                    <Trackpoint>
                        <DistanceMeters>572.879108786583</DistanceMeters>
                        <Time>2022-01-15T13:50:43.696Z</Time>
                        <Position>
                            <LatitudeDegrees>30.52043914794922</LatitudeDegrees>
                            <LongitudeDegrees>104.06157684326172</LongitudeDegrees>
                        </Position>
                        <AltitudeMeters>431.6999816894531</AltitudeMeters>
                    </Trackpoint>
                    <Trackpoint>
                        <DistanceMeters>572.879108786583</DistanceMeters>
                        <Time>2022-01-15T13:50:44.637Z</Time>
                        <Position>
                            <LatitudeDegrees>30.52045440673828</LatitudeDegrees>
                            <LongitudeDegrees>104.06159973144531</LongitudeDegrees>
                        </Position>
                        <AltitudeMeters>431.6999816894531</AltitudeMeters>
                    </Trackpoint>
                    <Trackpoint>
                        <DistanceMeters>572.879108786583</DistanceMeters>
                        <Time>2022-01-15T13:50:45.278Z</Time>
                        <Position>
                            <LatitudeDegrees>30.52046775817871</LatitudeDegrees>
                            <LongitudeDegrees>104.0616226196289</LongitudeDegrees>
                        </Position>
                        <AltitudeMeters>431.6999816894531</AltitudeMeters>
                    </Trackpoint>
                    <Trackpoint>
                        <DistanceMeters>572.879108786583</DistanceMeters>
                        <Time>2022-01-15T13:50:45.892Z</Time>
                        <Position>
                            <LatitudeDegrees>30.520479202270508</LatitudeDegrees>
                            <LongitudeDegrees>104.06163787841797</LongitudeDegrees>
                        </Position>
                        <AltitudeMeters>431.6999816894531</AltitudeMeters>
                    </Trackpoint>
                    <Trackpoint>
                        <DistanceMeters>572.879108786583</DistanceMeters>
                        <Time>2022-01-15T13:50:46.531Z</Time>
                        <Position>
                            <LatitudeDegrees>30.520490646362305</LatitudeDegrees>
                            <LongitudeDegrees>104.0616455078125</LongitudeDegrees>
                        </Position>
                        <AltitudeMeters>431.6999816894531</AltitudeMeters>
                    </Trackpoint>
                    <Trackpoint>
                        <DistanceMeters>572.879108786583</DistanceMeters>
                        <Time>2022-01-15T13:50:47.474Z</Time>
                        <Position>
                            <LatitudeDegrees>30.52050018310547</LatitudeDegrees>
                            <LongitudeDegrees>104.06166076660156</LongitudeDegrees>
                        </Position>
                        <AltitudeMeters>431.6999816894531</AltitudeMeters>
                    </Trackpoint>
                    <Trackpoint>
                        <DistanceMeters>572.879108786583</DistanceMeters>
                        <Time>2022-01-15T13:50:48.410Z</Time>
                        <Position>
                            <LatitudeDegrees>30.520509719848633</LatitudeDegrees>
                            <LongitudeDegrees>104.0616683959961</LongitudeDegrees>
                        </Position>
                        <AltitudeMeters>431.6999816894531</AltitudeMeters>
                    </Trackpoint>
                    <Trackpoint>
                        <DistanceMeters>572.879108786583</DistanceMeters>
                        <Time>2022-01-15T13:50:49.637Z</Time>
                        <Position>
                            <LatitudeDegrees>30.520524978637695</LatitudeDegrees>
                            <LongitudeDegrees>104.06168365478516</LongitudeDegrees>
                        </Position>
                        <AltitudeMeters>431.6999816894531</AltitudeMeters>
                    </Trackpoint>
                    <Trackpoint>
                        <DistanceMeters>572.879108786583</DistanceMeters>
                        <Time>2022-01-15T13:50:50.789Z</Time>
                        <Position>
                            <LatitudeDegrees>30.52054214477539</LatitudeDegrees>
                            <LongitudeDegrees>104.06168365478516</LongitudeDegrees>
                        </Position>
                        <AltitudeMeters>431.6999816894531</AltitudeMeters>
                    </Trackpoint>
                    <Trackpoint>
                        <DistanceMeters>572.879108786583</DistanceMeters>
                        <Time>2022-01-15T13:50:51.832Z</Time>
                        <Position>
                            <LatitudeDegrees>30.520557403564453</LatitudeDegrees>
                            <LongitudeDegrees>104.06167602539062</LongitudeDegrees>
                        </Position>
                        <AltitudeMeters>431.6999816894531</AltitudeMeters>
                    </Trackpoint>
                    <Trackpoint>
                        <DistanceMeters>572.879108786583</DistanceMeters>
                        <Time>2022-01-15T13:50:52.815Z</Time>
                        <Position>
                            <LatitudeDegrees>30.52057647705078</LatitudeDegrees>
                            <LongitudeDegrees>104.0616683959961</LongitudeDegrees>
                        </Position>
                        <AltitudeMeters>431.6999816894531</AltitudeMeters>
                    </Trackpoint>
                    <Trackpoint>
                        <DistanceMeters>572.879108786583</DistanceMeters>
                        <Time>2022-01-15T13:50:53.410Z</Time>
                        <Position>
                            <LatitudeDegrees>30.520586013793945</LatitudeDegrees>
                            <LongitudeDegrees>104.06166076660156</LongitudeDegrees>
                        </Position>
                        <AltitudeMeters>431.6999816894531</AltitudeMeters>
                    </Trackpoint>
                    <Trackpoint>
                        <DistanceMeters>572.879108786583</DistanceMeters>
                        <Time>2022-01-15T13:50:54.675Z</Time>
                        <Position>
                            <LatitudeDegrees>30.520605087280273</LatitudeDegrees>
                            <LongitudeDegrees>104.0616455078125</LongitudeDegrees>
                        </Position>
                        <AltitudeMeters>431.6999816894531</AltitudeMeters>
                    </Trackpoint>
                    <Trackpoint>
                        <DistanceMeters>572.879108786583</DistanceMeters>
                        <Time>2022-01-15T13:50:55.298Z</Time>
                        <Position>
                            <LatitudeDegrees>30.52061653137207</LatitudeDegrees>
                            <LongitudeDegrees>104.06163024902344</LongitudeDegrees>
                        </Position>
                        <AltitudeMeters>431.6999816894531</AltitudeMeters>
                    </Trackpoint>
                    <Trackpoint>
                        <DistanceMeters>572.879108786583</DistanceMeters>
                        <Time>2022-01-15T13:50:55.894Z</Time>
                        <Position>
                            <LatitudeDegrees>30.520627975463867</LatitudeDegrees>
                            <LongitudeDegrees>104.0616226196289</LongitudeDegrees>
                        </Position>
                        <AltitudeMeters>431.6999816894531</AltitudeMeters>
                    </Trackpoint>
                    <Trackpoint>
                        <DistanceMeters>572.879108786583</DistanceMeters>
                        <Time>2022-01-15T13:50:56.533Z</Time>
                        <Position>
                            <LatitudeDegrees>30.520639419555664</LatitudeDegrees>
                            <LongitudeDegrees>104.06161499023438</LongitudeDegrees>
                        </Position>
                        <AltitudeMeters>431.6999816894531</AltitudeMeters>
                    </Trackpoint>
                    <Trackpoint>
                        <DistanceMeters>572.879108786583</DistanceMeters>
                        <Time>2022-01-15T13:50:57.195Z</Time>
                        <Position>
                            <LatitudeDegrees>30.520652770996094</LatitudeDegrees>
                            <LongitudeDegrees>104.06160736083984</LongitudeDegrees>
                        </Position>
                        <AltitudeMeters>431.6999816894531</AltitudeMeters>
                    </Trackpoint>
                    <Trackpoint>
                        <DistanceMeters>572.879108786583</DistanceMeters>
                        <Time>2022-01-15T13:50:57.835Z</Time>
                        <Position>
                            <LatitudeDegrees>30.520666122436523</LatitudeDegrees>
                            <LongitudeDegrees>104.06159973144531</LongitudeDegrees>
                        </Position>
                        <AltitudeMeters>431.6999816894531</AltitudeMeters>
                    </Trackpoint>
                    <Trackpoint>
                        <DistanceMeters>572.879108786583</DistanceMeters>
                        <Time>2022-01-15T13:50:58.431Z</Time>
                        <Position>
                            <LatitudeDegrees>30.52067756652832</LatitudeDegrees>
                            <LongitudeDegrees>104.06159210205078</LongitudeDegrees>
                        </Position>
                        <AltitudeMeters>431.6999816894531</AltitudeMeters>
                    </Trackpoint>
                    <Trackpoint>
                        <DistanceMeters>572.879108786583</DistanceMeters>
                        <Time>2022-01-15T13:50:58.789Z</Time>
                        <Position>
                            <LatitudeDegrees>30.52068519592285</LatitudeDegrees>
                            <LongitudeDegrees>104.06158447265625</LongitudeDegrees>
                        </Position>
                        <AltitudeMeters>431.6999816894531</AltitudeMeters>
                    </Trackpoint>
                    <Trackpoint>
                        <DistanceMeters>572.879108786583</DistanceMeters>
                        <Time>2022-01-15T13:50:59.658Z</Time>
                        <Position>
                            <LatitudeDegrees>30.520706176757812</LatitudeDegrees>
                            <LongitudeDegrees>104.06156921386719</LongitudeDegrees>
                        </Position>
                        <AltitudeMeters>431.6999816894531</AltitudeMeters>
                    </Trackpoint>
                    <Trackpoint>
                        <DistanceMeters>656.0628932714462</DistanceMeters>
                        <Time>2022-01-15T13:51:00.275Z</Time>
                        <Position>
                            <LatitudeDegrees>30.520719528198242</LatitudeDegrees>
                            <LongitudeDegrees>104.06156158447266</LongitudeDegrees>
                        </Position>
                        <AltitudeMeters>431.6999816894531</AltitudeMeters>
                    </Trackpoint>
                    <Trackpoint>
                        <DistanceMeters>656.0628932714462</DistanceMeters>
                        <Time>2022-01-15T13:51:00.789Z</Time>
                        <Position>
                            <LatitudeDegrees>30.520732879638672</LatitudeDegrees>
                            <LongitudeDegrees>104.06155395507812</LongitudeDegrees>
                        </Position>
                        <AltitudeMeters>431.6999816894531</AltitudeMeters>
                    </Trackpoint>
                    <Trackpoint>
                        <DistanceMeters>656.0628932714462</DistanceMeters>
                        <Time>2022-01-15T13:51:01.554Z</Time>
                        <Position>
                            <LatitudeDegrees>30.520748138427734</LatitudeDegrees>
                            <LongitudeDegrees>104.06153869628906</LongitudeDegrees>
                        </Position>
                        <AltitudeMeters>431.6999816894531</AltitudeMeters>
                    </Trackpoint>
                    <Trackpoint>
                        <DistanceMeters>656.0628932714462</DistanceMeters>
                        <Time>2022-01-15T13:51:02.215Z</Time>
                        <Position>
                            <LatitudeDegrees>30.520761489868164</LatitudeDegrees>
                            <LongitudeDegrees>104.0615234375</LongitudeDegrees>
                        </Position>
                        <AltitudeMeters>431.6999816894531</AltitudeMeters>
                    </Trackpoint>
                    <Trackpoint>
                        <DistanceMeters>656.0628932714462</DistanceMeters>
                        <Time>2022-01-15T13:51:02.788Z</Time>
                        <Position>
                            <LatitudeDegrees>30.52077293395996</LatitudeDegrees>
                            <LongitudeDegrees>104.06151580810547</LongitudeDegrees>
                        </Position>
                        <AltitudeMeters>431.6999816894531</AltitudeMeters>
                    </Trackpoint>
                    <Trackpoint>
                        <DistanceMeters>656.0628932714462</DistanceMeters>
                        <Time>2022-01-15T13:51:03.431Z</Time>
                        <Position>
                            <LatitudeDegrees>30.520784378051758</LatitudeDegrees>
                            <LongitudeDegrees>104.06150817871094</LongitudeDegrees>
                        </Position>
                        <AltitudeMeters>431.6999816894531</AltitudeMeters>
                    </Trackpoint>
                    <Trackpoint>
                        <DistanceMeters>656.0628932714462</DistanceMeters>
                        <Time>2022-01-15T13:51:04.354Z</Time>
                        <Position>
                            <LatitudeDegrees>30.520803451538086</LatitudeDegrees>
                            <LongitudeDegrees>104.06149291992188</LongitudeDegrees>
                        </Position>
                        <AltitudeMeters>431.6999816894531</AltitudeMeters>
                    </Trackpoint>
                    <Trackpoint>
                        <DistanceMeters>656.0628932714462</DistanceMeters>
                        <Time>2022-01-15T13:51:04.694Z</Time>
                        <Position>
                            <LatitudeDegrees>30.520811080932617</LatitudeDegrees>
                            <LongitudeDegrees>104.06148529052734</LongitudeDegrees>
                        </Position>
                        <AltitudeMeters>431.6999816894531</AltitudeMeters>
                    </Trackpoint>
                    <Trackpoint>
                        <DistanceMeters>656.0628932714462</DistanceMeters>
                        <Time>2022-01-15T13:51:05.337Z</Time>
                        <Position>
                            <LatitudeDegrees>30.520824432373047</LatitudeDegrees>
                            <LongitudeDegrees>104.06147003173828</LongitudeDegrees>
                        </Position>
                        <AltitudeMeters>431.6999816894531</AltitudeMeters>
                    </Trackpoint>
                    <Trackpoint>
                        <DistanceMeters>656.0628932714462</DistanceMeters>
                        <Time>2022-01-15T13:51:06.591Z</Time>
                        <Position>
                            <LatitudeDegrees>30.520843505859375</LatitudeDegrees>
                            <LongitudeDegrees>104.06147003173828</LongitudeDegrees>
                        </Position>
                        <AltitudeMeters>431.6999816894531</AltitudeMeters>
                    </Trackpoint>
                    <Trackpoint>
                        <DistanceMeters>656.0628932714462</DistanceMeters>
                        <Time>2022-01-15T13:51:08.788Z</Time>
                        <Position>
                            <LatitudeDegrees>30.520875930786133</LatitudeDegrees>
                            <LongitudeDegrees>104.06146240234375</LongitudeDegrees>
                        </Position>
                        <AltitudeMeters>431.6999816894531</AltitudeMeters>
                    </Trackpoint>
                    <Trackpoint>
                        <DistanceMeters>656.0628932714462</DistanceMeters>
                        <Time>2022-01-15T13:51:09.696Z</Time>
                        <Position>
                            <LatitudeDegrees>30.520893096923828</LatitudeDegrees>
                            <LongitudeDegrees>104.06146240234375</LongitudeDegrees>
                        </Position>
                        <AltitudeMeters>431.6999816894531</AltitudeMeters>
                    </Trackpoint>
                    <Trackpoint>
                        <DistanceMeters>656.0628932714462</DistanceMeters>
                        <Time>2022-01-15T13:51:10.395Z</Time>
                        <Position>
                            <LatitudeDegrees>30.520906448364258</LatitudeDegrees>
                            <LongitudeDegrees>104.06146240234375</LongitudeDegrees>
                        </Position>
                        <AltitudeMeters>431.6999816894531</AltitudeMeters>
                    </Trackpoint>
                    <Trackpoint>
                        <DistanceMeters>656.0628932714462</DistanceMeters>
                        <Time>2022-01-15T13:51:10.789Z</Time>
                        <Position>
                            <LatitudeDegrees>30.520915985107422</LatitudeDegrees>
                            <LongitudeDegrees>104.06146240234375</LongitudeDegrees>
                        </Position>
                        <AltitudeMeters>431.6999816894531</AltitudeMeters>
                    </Trackpoint>
                    <Trackpoint>
                        <DistanceMeters>656.0628932714462</DistanceMeters>
                        <Time>2022-01-15T13:51:11.593Z</Time>
                        <Position>
                            <LatitudeDegrees>30.520931243896484</LatitudeDegrees>
                            <LongitudeDegrees>104.06146240234375</LongitudeDegrees>
                        </Position>
                        <AltitudeMeters>431.6999816894531</AltitudeMeters>
                    </Trackpoint>
                    <Trackpoint>
                        <DistanceMeters>656.0628932714462</DistanceMeters>
                        <Time>2022-01-15T13:51:12.198Z</Time>
                        <Position>
                            <LatitudeDegrees>30.52094268798828</LatitudeDegrees>
                            <LongitudeDegrees>104.06146240234375</LongitudeDegrees>
                        </Position>
                        <AltitudeMeters>431.6999816894531</AltitudeMeters>
                    </Trackpoint>
                    <Trackpoint>
                        <DistanceMeters>656.0628932714462</DistanceMeters>
                        <Time>2022-01-15T13:51:12.789Z</Time>
                        <Position>
                            <LatitudeDegrees>30.52095603942871</LatitudeDegrees>
                            <LongitudeDegrees>104.06145477294922</LongitudeDegrees>
                        </Position>
                        <AltitudeMeters>431.6999816894531</AltitudeMeters>
                    </Trackpoint>
                    <Trackpoint>
                        <DistanceMeters>656.0628932714462</DistanceMeters>
                        <Time>2022-01-15T13:51:13.434Z</Time>
                        <Position>
                            <LatitudeDegrees>30.52096939086914</LatitudeDegrees>
                            <LongitudeDegrees>104.06144714355469</LongitudeDegrees>
                        </Position>
                        <AltitudeMeters>431.6999816894531</AltitudeMeters>
                    </Trackpoint>
                    <Trackpoint>
                        <DistanceMeters>656.0628932714462</DistanceMeters>
                        <Time>2022-01-15T13:51:14.789Z</Time>
                        <Position>
                            <LatitudeDegrees>30.520994186401367</LatitudeDegrees>
                            <LongitudeDegrees>104.06143951416016</LongitudeDegrees>
                        </Position>
                        <AltitudeMeters>431.6999816894531</AltitudeMeters>
                    </Trackpoint>
                    <Trackpoint>
                        <DistanceMeters>656.0628932714462</DistanceMeters>
                        <Time>2022-01-15T13:51:16.631Z</Time>
                        <Position>
                            <LatitudeDegrees>30.52103042602539</LatitudeDegrees>
                            <LongitudeDegrees>104.06141662597656</LongitudeDegrees>
                        </Position>
                        <AltitudeMeters>431.6999816894531</AltitudeMeters>
                    </Trackpoint>
                    <Trackpoint>
                        <DistanceMeters>656.0628932714462</DistanceMeters>
                        <Time>2022-01-15T13:51:16.910Z</Time>
                        <Position>
                            <LatitudeDegrees>30.521034240722656</LatitudeDegrees>
                            <LongitudeDegrees>104.0614013671875</LongitudeDegrees>
                        </Position>
                        <AltitudeMeters>431.6999816894531</AltitudeMeters>
                    </Trackpoint>
                    <Trackpoint>
                        <DistanceMeters>656.0628932714462</DistanceMeters>
                        <Time>2022-01-15T13:51:17.551Z</Time>
                        <Position>
                            <LatitudeDegrees>30.521045684814453</LatitudeDegrees>
                            <LongitudeDegrees>104.0613784790039</LongitudeDegrees>
                        </Position>
                        <AltitudeMeters>431.6999816894531</AltitudeMeters>
                    </Trackpoint>
                    <Trackpoint>
                        <DistanceMeters>656.0628932714462</DistanceMeters>
                        <Time>2022-01-15T13:51:18.156Z</Time>
                        <Position>
                            <LatitudeDegrees>30.52105712890625</LatitudeDegrees>
                            <LongitudeDegrees>104.06135559082031</LongitudeDegrees>
                        </Position>
                        <AltitudeMeters>431.6999816894531</AltitudeMeters>
                    </Trackpoint>
                    <Trackpoint>
                        <DistanceMeters>656.0628932714462</DistanceMeters>
                        <Time>2022-01-15T13:51:18.788Z</Time>
                        <Position>
                            <LatitudeDegrees>30.521068572998047</LatitudeDegrees>
                            <LongitudeDegrees>104.06133270263672</LongitudeDegrees>
                        </Position>
                        <AltitudeMeters>431.6999816894531</AltitudeMeters>
                    </Trackpoint>
                    <Trackpoint>
                        <DistanceMeters>656.0628932714462</DistanceMeters>
                        <Time>2022-01-15T13:51:19.736Z</Time>
                        <Position>
                            <LatitudeDegrees>30.521081924438477</LatitudeDegrees>
                            <LongitudeDegrees>104.06130981445312</LongitudeDegrees>
                        </Position>
                        <AltitudeMeters>431.6999816894531</AltitudeMeters>
                    </Trackpoint>
                    <Trackpoint>
                        <DistanceMeters>656.0628932714462</DistanceMeters>
                        <Time>2022-01-15T13:51:20.331Z</Time>
                        <Position>
                            <LatitudeDegrees>30.521089553833008</LatitudeDegrees>
                            <LongitudeDegrees>104.06129455566406</LongitudeDegrees>
                        </Position>
                        <AltitudeMeters>431.6999816894531</AltitudeMeters>
                    </Trackpoint>
                    <Trackpoint>
                        <DistanceMeters>656.0628932714462</DistanceMeters>
                        <Time>2022-01-15T13:51:20.788Z</Time>
                        <Position>
                            <LatitudeDegrees>30.52109718322754</LatitudeDegrees>
                            <LongitudeDegrees>104.06128692626953</LongitudeDegrees>
                        </Position>
                        <AltitudeMeters>431.6999816894531</AltitudeMeters>
                    </Trackpoint>
                    <Trackpoint>
                        <DistanceMeters>656.0628932714462</DistanceMeters>
                        <Time>2022-01-15T13:51:21.561Z</Time>
                        <Position>
                            <LatitudeDegrees>30.5211124420166</LatitudeDegrees>
                            <LongitudeDegrees>104.06127166748047</LongitudeDegrees>
                        </Position>
                        <AltitudeMeters>431.6999816894531</AltitudeMeters>
                    </Trackpoint>
                    <Trackpoint>
                        <DistanceMeters>656.0628932714462</DistanceMeters>
                        <Time>2022-01-15T13:51:22.220Z</Time>
                        <Position>
                            <LatitudeDegrees>30.52112579345703</LatitudeDegrees>
                            <LongitudeDegrees>104.06127166748047</LongitudeDegrees>
                        </Position>
                        <AltitudeMeters>431.6999816894531</AltitudeMeters>
                    </Trackpoint>
                    <Trackpoint>
                        <DistanceMeters>656.0628932714462</DistanceMeters>
                        <Time>2022-01-15T13:51:22.757Z</Time>
                        <Position>
                            <LatitudeDegrees>30.52113914489746</LatitudeDegrees>
                            <LongitudeDegrees>104.06126403808594</LongitudeDegrees>
                        </Position>
                        <AltitudeMeters>431.6999816894531</AltitudeMeters>
                    </Trackpoint>
                    <Trackpoint>
                        <DistanceMeters>656.0628932714462</DistanceMeters>
                        <Time>2022-01-15T13:51:23.075Z</Time>
                        <Position>
                            <LatitudeDegrees>30.521148681640625</LatitudeDegrees>
                            <LongitudeDegrees>104.06126403808594</LongitudeDegrees>
                        </Position>
                        <AltitudeMeters>431.6999816894531</AltitudeMeters>
                    </Trackpoint>
                    <Trackpoint>
                        <DistanceMeters>656.0628932714462</DistanceMeters>
                        <Time>2022-01-15T13:51:23.652Z</Time>
                        <Position>
                            <LatitudeDegrees>30.52116584777832</LatitudeDegrees>
                            <LongitudeDegrees>104.06127166748047</LongitudeDegrees>
                        </Position>
                        <AltitudeMeters>431.6999816894531</AltitudeMeters>
                    </Trackpoint>
                    <Trackpoint>
                        <DistanceMeters>656.0628932714462</DistanceMeters>
                        <Time>2022-01-15T13:51:24.290Z</Time>
                        <Position>
                            <LatitudeDegrees>30.521181106567383</LatitudeDegrees>
                            <LongitudeDegrees>104.06127166748047</LongitudeDegrees>
                        </Position>
                        <AltitudeMeters>431.6999816894531</AltitudeMeters>
                    </Trackpoint>
                    <Trackpoint>
                        <DistanceMeters>656.0628932714462</DistanceMeters>
                        <Time>2022-01-15T13:51:24.788Z</Time>
                        <Position>
                            <LatitudeDegrees>30.52119255065918</LatitudeDegrees>
                            <LongitudeDegrees>104.061279296875</LongitudeDegrees>
                        </Position>
                        <AltitudeMeters>431.6999816894531</AltitudeMeters>
                    </Trackpoint>
                    <Trackpoint>
                        <DistanceMeters>656.0628932714462</DistanceMeters>
                        <Time>2022-01-15T13:51:25.796Z</Time>
                        <Position>
                            <LatitudeDegrees>30.52121353149414</LatitudeDegrees>
                            <LongitudeDegrees>104.06129455566406</LongitudeDegrees>
                        </Position>
                        <AltitudeMeters>431.6999816894531</AltitudeMeters>
                    </Trackpoint>
                    <Trackpoint>
                        <DistanceMeters>656.0628932714462</DistanceMeters>
                        <Time>2022-01-15T13:51:26.412Z</Time>
                        <Position>
                            <LatitudeDegrees>30.521224975585938</LatitudeDegrees>
                            <LongitudeDegrees>104.0613021850586</LongitudeDegrees>
                        </Position>
                        <AltitudeMeters>431.6999816894531</AltitudeMeters>
                    </Trackpoint>
                    <Trackpoint>
                        <DistanceMeters>656.0628932714462</DistanceMeters>
                        <Time>2022-01-15T13:51:27.070Z</Time>
                        <Position>
                            <LatitudeDegrees>30.521236419677734</LatitudeDegrees>
                            <LongitudeDegrees>104.06131744384766</LongitudeDegrees>
                        </Position>
                        <AltitudeMeters>431.6999816894531</AltitudeMeters>
                    </Trackpoint>
                    <Trackpoint>
                        <DistanceMeters>656.0628932714462</DistanceMeters>
                        <Time>2022-01-15T13:51:27.637Z</Time>
                        <Position>
                            <LatitudeDegrees>30.5212459564209</LatitudeDegrees>
                            <LongitudeDegrees>104.06133270263672</LongitudeDegrees>
                        </Position>
                        <AltitudeMeters>431.6999816894531</AltitudeMeters>
                    </Trackpoint>
                    <Trackpoint>
                        <DistanceMeters>656.0628932714462</DistanceMeters>
                        <Time>2022-01-15T13:51:28.244Z</Time>
                        <Position>
                            <LatitudeDegrees>30.521255493164062</LatitudeDegrees>
                            <LongitudeDegrees>104.06134796142578</LongitudeDegrees>
                        </Position>
                        <AltitudeMeters>431.6999816894531</AltitudeMeters>
                    </Trackpoint>
                    <Trackpoint>
                        <DistanceMeters>656.0628932714462</DistanceMeters>
                        <Time>2022-01-15T13:51:28.558Z</Time>
                        <Position>
                            <LatitudeDegrees>30.521259307861328</LatitudeDegrees>
                            <LongitudeDegrees>104.06136322021484</LongitudeDegrees>
                        </Position>
                        <AltitudeMeters>431.6999816894531</AltitudeMeters>
                    </Trackpoint>
                    <Trackpoint>
                        <DistanceMeters>656.0628932714462</DistanceMeters>
                        <Time>2022-01-15T13:51:29.190Z</Time>
                        <Position>
                            <LatitudeDegrees>30.52126693725586</LatitudeDegrees>
                            <LongitudeDegrees>104.06139373779297</LongitudeDegrees>
                        </Position>
                        <AltitudeMeters>431.6999816894531</AltitudeMeters>
                    </Trackpoint>
                    <Trackpoint>
                        <DistanceMeters>656.0628932714462</DistanceMeters>
                        <Time>2022-01-15T13:51:29.831Z</Time>
                        <Position>
                            <LatitudeDegrees>30.52127456665039</LatitudeDegrees>
                            <LongitudeDegrees>104.06141662597656</LongitudeDegrees>
                        </Position>
                        <AltitudeMeters>431.6999816894531</AltitudeMeters>
                    </Trackpoint>
                    <Trackpoint>
                        <DistanceMeters>735.7640346288681</DistanceMeters>
                        <Time>2022-01-15T13:51:30.478Z</Time>
                        <Position>
                            <LatitudeDegrees>30.521284103393555</LatitudeDegrees>
                            <LongitudeDegrees>104.06143951416016</LongitudeDegrees>
                        </Position>
                        <AltitudeMeters>431.6999816894531</AltitudeMeters>
                    </Trackpoint>
                    <Trackpoint>
                        <DistanceMeters>735.7640346288681</DistanceMeters>
                        <Time>2022-01-15T13:51:30.789Z</Time>
                        <Position>
                            <LatitudeDegrees>30.521286010742188</LatitudeDegrees>
                            <LongitudeDegrees>104.06144714355469</LongitudeDegrees>
                        </Position>
                        <AltitudeMeters>431.6999816894531</AltitudeMeters>
                    </Trackpoint>
                    <Trackpoint>
                        <DistanceMeters>735.7640346288681</DistanceMeters>
                        <Time>2022-01-15T13:51:31.412Z</Time>
                        <Position>
                            <LatitudeDegrees>30.521289825439453</LatitudeDegrees>
                            <LongitudeDegrees>104.06147003173828</LongitudeDegrees>
                        </Position>
                        <AltitudeMeters>431.6999816894531</AltitudeMeters>
                    </Trackpoint>
                    <Trackpoint>
                        <DistanceMeters>735.7640346288681</DistanceMeters>
                        <Time>2022-01-15T13:51:32.053Z</Time>
                        <Position>
                            <LatitudeDegrees>30.52129554748535</LatitudeDegrees>
                            <LongitudeDegrees>104.06148529052734</LongitudeDegrees>
                        </Position>
                        <AltitudeMeters>431.6999816894531</AltitudeMeters>
                    </Trackpoint>
                    <Trackpoint>
                        <DistanceMeters>735.7640346288681</DistanceMeters>
                        <Time>2022-01-15T13:51:32.693Z</Time>
                        <Position>
                            <LatitudeDegrees>30.521303176879883</LatitudeDegrees>
                            <LongitudeDegrees>104.0615005493164</LongitudeDegrees>
                        </Position>
                        <AltitudeMeters>431.6999816894531</AltitudeMeters>
                    </Trackpoint>
                    <Trackpoint>
                        <DistanceMeters>735.7640346288681</DistanceMeters>
                        <Time>2022-01-15T13:51:33.336Z</Time>
                        <Position>
                            <LatitudeDegrees>30.52130699157715</LatitudeDegrees>
                            <LongitudeDegrees>104.06151580810547</LongitudeDegrees>
                        </Position>
                        <AltitudeMeters>431.6999816894531</AltitudeMeters>
                    </Trackpoint>
                    <Trackpoint>
                        <DistanceMeters>735.7640346288681</DistanceMeters>
                        <Time>2022-01-15T13:51:34.571Z</Time>
                        <Position>
                            <LatitudeDegrees>30.521318435668945</LatitudeDegrees>
                            <LongitudeDegrees>104.0615234375</LongitudeDegrees>
                        </Position>
                        <AltitudeMeters>431.6999816894531</AltitudeMeters>
                    </Trackpoint>
                    <Trackpoint>
                        <DistanceMeters>735.7640346288681</DistanceMeters>
                        <Time>2022-01-15T13:51:35.260Z</Time>
                        <Position>
                            <LatitudeDegrees>30.52132797241211</LatitudeDegrees>
                            <LongitudeDegrees>104.0615234375</LongitudeDegrees>
                        </Position>
                        <AltitudeMeters>431.6999816894531</AltitudeMeters>
                    </Trackpoint>
                    <Trackpoint>
                        <DistanceMeters>735.7640346288681</DistanceMeters>
                        <Time>2022-01-15T13:51:35.890Z</Time>
                        <Position>
                            <LatitudeDegrees>30.52133560180664</LatitudeDegrees>
                            <LongitudeDegrees>104.06151580810547</LongitudeDegrees>
                        </Position>
                        <AltitudeMeters>431.6999816894531</AltitudeMeters>
                    </Trackpoint>
                    <Trackpoint>
                        <DistanceMeters>735.7640346288681</DistanceMeters>
                        <Time>2022-01-15T13:51:36.533Z</Time>
                        <Position>
                            <LatitudeDegrees>30.521345138549805</LatitudeDegrees>
                            <LongitudeDegrees>104.06151580810547</LongitudeDegrees>
                        </Position>
                        <AltitudeMeters>431.6999816894531</AltitudeMeters>
                    </Trackpoint>
                    <Trackpoint>
                        <DistanceMeters>735.7640346288681</DistanceMeters>
                        <Time>2022-01-15T13:51:37.211Z</Time>
                        <Position>
                            <LatitudeDegrees>30.5213565826416</LatitudeDegrees>
                            <LongitudeDegrees>104.06149291992188</LongitudeDegrees>
                        </Position>
                        <AltitudeMeters>431.6999816894531</AltitudeMeters>
                    </Trackpoint>
                    <Trackpoint>
                        <DistanceMeters>735.7640346288681</DistanceMeters>
                        <Time>2022-01-15T13:51:37.871Z</Time>
                        <Position>
                            <LatitudeDegrees>30.5213680267334</LatitudeDegrees>
                            <LongitudeDegrees>104.06148529052734</LongitudeDegrees>
                        </Position>
                        <AltitudeMeters>431.6999816894531</AltitudeMeters>
                    </Trackpoint>
                    <Trackpoint>
                        <DistanceMeters>735.7640346288681</DistanceMeters>
                        <Time>2022-01-15T13:51:38.181Z</Time>
                        <Position>
                            <LatitudeDegrees>30.52137565612793</LatitudeDegrees>
                            <LongitudeDegrees>104.06147766113281</LongitudeDegrees>
                        </Position>
                        <AltitudeMeters>431.6999816894531</AltitudeMeters>
                    </Trackpoint>
                    <Trackpoint>
                        <DistanceMeters>735.7640346288681</DistanceMeters>
                        <Time>2022-01-15T13:51:38.813Z</Time>
                        <Position>
                            <LatitudeDegrees>30.52138900756836</LatitudeDegrees>
                            <LongitudeDegrees>104.06147003173828</LongitudeDegrees>
                        </Position>
                        <AltitudeMeters>431.6999816894531</AltitudeMeters>
                    </Trackpoint>
                    <Trackpoint>
                        <DistanceMeters>735.7640346288681</DistanceMeters>
                        <Time>2022-01-15T13:51:39.731Z</Time>
                        <Position>
                            <LatitudeDegrees>30.521408081054688</LatitudeDegrees>
                            <LongitudeDegrees>104.06145477294922</LongitudeDegrees>
                        </Position>
                        <AltitudeMeters>431.6999816894531</AltitudeMeters>
                    </Trackpoint>
                    <Trackpoint>
                        <DistanceMeters>735.7640346288681</DistanceMeters>
                        <Time>2022-01-15T13:51:40.408Z</Time>
                        <Position>
                            <LatitudeDegrees>30.521421432495117</LatitudeDegrees>
                            <LongitudeDegrees>104.06144714355469</LongitudeDegrees>
                        </Position>
                        <AltitudeMeters>431.6999816894531</AltitudeMeters>
                    </Trackpoint>
                    <Trackpoint>
                        <DistanceMeters>735.7640346288681</DistanceMeters>
                        <Time>2022-01-15T13:51:41.049Z</Time>
                        <Position>
                            <LatitudeDegrees>30.521432876586914</LatitudeDegrees>
                            <LongitudeDegrees>104.06143188476562</LongitudeDegrees>
                        </Position>
                        <AltitudeMeters>431.6999816894531</AltitudeMeters>
                    </Trackpoint>
                    <Trackpoint>
                        <DistanceMeters>735.7640346288681</DistanceMeters>
                        <Time>2022-01-15T13:51:42.333Z</Time>
                        <Position>
                            <LatitudeDegrees>30.521446228027344</LatitudeDegrees>
                            <LongitudeDegrees>104.0614242553711</LongitudeDegrees>
                        </Position>
                        <AltitudeMeters>431.6999816894531</AltitudeMeters>
                    </Trackpoint>
                    <Trackpoint>
                        <DistanceMeters>735.7640346288681</DistanceMeters>
                        <Time>2022-01-15T13:51:43.553Z</Time>
                        <Position>
                            <LatitudeDegrees>30.52145767211914</LatitudeDegrees>
                            <LongitudeDegrees>104.06140899658203</LongitudeDegrees>
                        </Position>
                        <AltitudeMeters>431.6999816894531</AltitudeMeters>
                    </Trackpoint>
                    <Trackpoint>
                        <DistanceMeters>735.7640346288681</DistanceMeters>
                        <Time>2022-01-15T13:51:44.211Z</Time>
                        <Position>
                            <LatitudeDegrees>30.521467208862305</LatitudeDegrees>
                            <LongitudeDegrees>104.06139373779297</LongitudeDegrees>
                        </Position>
                        <AltitudeMeters>431.6999816894531</AltitudeMeters>
                    </Trackpoint>
                    <Trackpoint>
                        <DistanceMeters>735.7640346288681</DistanceMeters>
                        <Time>2022-01-15T13:51:44.789Z</Time>
                        <Position>
                            <LatitudeDegrees>30.52147674560547</LatitudeDegrees>
                            <LongitudeDegrees>104.06138610839844</LongitudeDegrees>
                        </Position>
                        <AltitudeMeters>431.6999816894531</AltitudeMeters>
                    </Trackpoint>
                    <Trackpoint>
                        <DistanceMeters>735.7640346288681</DistanceMeters>
                        <Time>2022-01-15T13:51:45.532Z</Time>
                        <Position>
                            <LatitudeDegrees>30.521501541137695</LatitudeDegrees>
                            <LongitudeDegrees>104.06131744384766</LongitudeDegrees>
                        </Position>
                        <AltitudeMeters>431.1000061035156</AltitudeMeters>
                    </Trackpoint>
                    <Trackpoint>
                        <DistanceMeters>735.7640346288681</DistanceMeters>
                        <Time>2022-01-15T13:51:45.875Z</Time>
                        <Position>
                            <LatitudeDegrees>30.521514892578125</LatitudeDegrees>
                            <LongitudeDegrees>104.06130981445312</LongitudeDegrees>
                        </Position>
                        <AltitudeMeters>431.1000061035156</AltitudeMeters>
                    </Trackpoint>
                    <Trackpoint>
                        <DistanceMeters>735.7640346288681</DistanceMeters>
                        <Time>2022-01-15T13:51:46.518Z</Time>
                        <Position>
                            <LatitudeDegrees>30.521528244018555</LatitudeDegrees>
                            <LongitudeDegrees>104.06129455566406</LongitudeDegrees>
                        </Position>
                        <AltitudeMeters>431.1000061035156</AltitudeMeters>
                    </Trackpoint>
                    <Trackpoint>
                        <DistanceMeters>735.7640346288681</DistanceMeters>
                        <Time>2022-01-15T13:51:47.177Z</Time>
                        <Position>
                            <LatitudeDegrees>30.52154541015625</LatitudeDegrees>
                            <LongitudeDegrees>104.06128692626953</LongitudeDegrees>
                        </Position>
                        <AltitudeMeters>431.1000061035156</AltitudeMeters>
                    </Trackpoint>
                    <Trackpoint>
                        <DistanceMeters>735.7640346288681</DistanceMeters>
                        <Time>2022-01-15T13:51:47.791Z</Time>
                        <Position>
                            <LatitudeDegrees>30.521560668945312</LatitudeDegrees>
                            <LongitudeDegrees>104.061279296875</LongitudeDegrees>
                        </Position>
                        <AltitudeMeters>431.1000061035156</AltitudeMeters>
                    </Trackpoint>
                    <Trackpoint>
                        <DistanceMeters>735.7640346288681</DistanceMeters>
                        <Time>2022-01-15T13:51:48.789Z</Time>
                        <Position>
                            <LatitudeDegrees>30.521583557128906</LatitudeDegrees>
                            <LongitudeDegrees>104.06126403808594</LongitudeDegrees>
                        </Position>
                        <AltitudeMeters>431.1000061035156</AltitudeMeters>
                    </Trackpoint>
                    <Trackpoint>
                        <DistanceMeters>735.7640346288681</DistanceMeters>
                        <Time>2022-01-15T13:51:50.097Z</Time>
                        <Position>
                            <LatitudeDegrees>30.52161407470703</LatitudeDegrees>
                            <LongitudeDegrees>104.06124114990234</LongitudeDegrees>
                        </Position>
                        <AltitudeMeters>431.1000061035156</AltitudeMeters>
                    </Trackpoint>
                    <Trackpoint>
                        <DistanceMeters>735.7640346288681</DistanceMeters>
                        <Time>2022-01-15T13:51:52.268Z</Time>
                        <Position>
                            <LatitudeDegrees>30.521642684936523</LatitudeDegrees>
                            <LongitudeDegrees>104.06123352050781</LongitudeDegrees>
                        </Position>
                        <AltitudeMeters>431.1000061035156</AltitudeMeters>
                    </Trackpoint>
                    <Trackpoint>
                        <DistanceMeters>735.7640346288681</DistanceMeters>
                        <Time>2022-01-15T13:51:53.259Z</Time>
                        <Position>
                            <LatitudeDegrees>30.521665573120117</LatitudeDegrees>
                            <LongitudeDegrees>104.06122589111328</LongitudeDegrees>
                        </Position>
                        <AltitudeMeters>431.1000061035156</AltitudeMeters>
                    </Trackpoint>
                    <Trackpoint>
                        <DistanceMeters>735.7640346288681</DistanceMeters>
                        <Time>2022-01-15T13:51:53.914Z</Time>
                        <Position>
                            <LatitudeDegrees>30.52168083190918</LatitudeDegrees>
                            <LongitudeDegrees>104.06121826171875</LongitudeDegrees>
                        </Position>
                        <AltitudeMeters>431.1000061035156</AltitudeMeters>
                    </Trackpoint>
                    <Trackpoint>
                        <DistanceMeters>735.7640346288681</DistanceMeters>
                        <Time>2022-01-15T13:51:54.789Z</Time>
                        <Position>
                            <LatitudeDegrees>30.521699905395508</LatitudeDegrees>
                            <LongitudeDegrees>104.06121063232422</LongitudeDegrees>
                        </Position>
                        <AltitudeMeters>431.1000061035156</AltitudeMeters>
                    </Trackpoint>
                    <Trackpoint>
                        <DistanceMeters>735.7640346288681</DistanceMeters>
                        <Time>2022-01-15T13:51:55.877Z</Time>
                        <Position>
                            <LatitudeDegrees>30.5217227935791</LatitudeDegrees>
                            <LongitudeDegrees>104.06119537353516</LongitudeDegrees>
                        </Position>
                        <AltitudeMeters>431.1000061035156</AltitudeMeters>
                    </Trackpoint>
                    <Trackpoint>
                        <DistanceMeters>735.7640346288681</DistanceMeters>
                        <Time>2022-01-15T13:51:56.517Z</Time>
                        <Position>
                            <LatitudeDegrees>30.52173614501953</LatitudeDegrees>
                            <LongitudeDegrees>104.06118774414062</LongitudeDegrees>
                        </Position>
                        <AltitudeMeters>431.1000061035156</AltitudeMeters>
                    </Trackpoint>
                    <Trackpoint>
                        <DistanceMeters>735.7640346288681</DistanceMeters>
                        <Time>2022-01-15T13:51:57.113Z</Time>
                        <Position>
                            <LatitudeDegrees>30.521751403808594</LatitudeDegrees>
                            <LongitudeDegrees>104.06117248535156</LongitudeDegrees>
                        </Position>
                        <AltitudeMeters>431.1000061035156</AltitudeMeters>
                    </Trackpoint>
                    <Trackpoint>
                        <DistanceMeters>735.7640346288681</DistanceMeters>
                        <Time>2022-01-15T13:51:57.754Z</Time>
                        <Position>
                            <LatitudeDegrees>30.52176284790039</LatitudeDegrees>
                            <LongitudeDegrees>104.06116485595703</LongitudeDegrees>
                        </Position>
                        <AltitudeMeters>431.1000061035156</AltitudeMeters>
                    </Trackpoint>
                    <Trackpoint>
                        <DistanceMeters>735.7640346288681</DistanceMeters>
                        <Time>2022-01-15T13:51:58.117Z</Time>
                        <Position>
                            <LatitudeDegrees>30.521770477294922</LatitudeDegrees>
                            <LongitudeDegrees>104.0611572265625</LongitudeDegrees>
                        </Position>
                        <AltitudeMeters>431.1000061035156</AltitudeMeters>
                    </Trackpoint>
                    <Trackpoint>
                        <DistanceMeters>735.7640346288681</DistanceMeters>
                        <Time>2022-01-15T13:51:58.731Z</Time>
                        <Position>
                            <LatitudeDegrees>30.52178192138672</LatitudeDegrees>
                            <LongitudeDegrees>104.06114196777344</LongitudeDegrees>
                        </Position>
                        <AltitudeMeters>431.1000061035156</AltitudeMeters>
                    </Trackpoint>
                    <Trackpoint>
                        <DistanceMeters>735.7640346288681</DistanceMeters>
                        <Time>2022-01-15T13:51:59.417Z</Time>
                        <Position>
                            <LatitudeDegrees>30.52179527282715</LatitudeDegrees>
                            <LongitudeDegrees>104.06112670898438</LongitudeDegrees>
                        </Position>
                        <AltitudeMeters>431.1000061035156</AltitudeMeters>
                    </Trackpoint>
                    <Trackpoint>
                        <DistanceMeters>812.4863170385361</DistanceMeters>
                        <Time>2022-01-15T13:52:00.312Z</Time>
                        <Position>
                            <LatitudeDegrees>30.521808624267578</LatitudeDegrees>
                            <LongitudeDegrees>104.06111145019531</LongitudeDegrees>
                        </Position>
                        <AltitudeMeters>431.1000061035156</AltitudeMeters>
                    </Trackpoint>
                    <Trackpoint>
                        <DistanceMeters>812.4863170385361</DistanceMeters>
                        <Time>2022-01-15T13:52:00.988Z</Time>
                        <Position>
                            <LatitudeDegrees>30.52181625366211</LatitudeDegrees>
                            <LongitudeDegrees>104.06110382080078</LongitudeDegrees>
                        </Position>
                        <AltitudeMeters>431.1000061035156</AltitudeMeters>
                    </Trackpoint>
                    <Trackpoint>
                        <DistanceMeters>812.4863170385361</DistanceMeters>
                        <Time>2022-01-15T13:52:01.695Z</Time>
                        <Position>
                            <LatitudeDegrees>30.521821975708008</LatitudeDegrees>
                            <LongitudeDegrees>104.06108856201172</LongitudeDegrees>
                        </Position>
                        <AltitudeMeters>431.1000061035156</AltitudeMeters>
                    </Trackpoint>
                    <Trackpoint>
                        <DistanceMeters>812.4863170385361</DistanceMeters>
                        <Time>2022-01-15T13:52:02.289Z</Time>
                        <Position>
                            <LatitudeDegrees>30.52182388305664</LatitudeDegrees>
                            <LongitudeDegrees>104.06107330322266</LongitudeDegrees>
                        </Position>
                        <AltitudeMeters>431.1000061035156</AltitudeMeters>
                    </Trackpoint>
                    <Trackpoint>
                        <DistanceMeters>812.4863170385361</DistanceMeters>
                        <Time>2022-01-15T13:52:02.788Z</Time>
                        <Position>
                            <LatitudeDegrees>30.521827697753906</LatitudeDegrees>
                            <LongitudeDegrees>104.0610580444336</LongitudeDegrees>
                        </Position>
                        <AltitudeMeters>431.1000061035156</AltitudeMeters>
                    </Trackpoint>
                    <Trackpoint>
                        <DistanceMeters>812.4863170385361</DistanceMeters>
                        <Time>2022-01-15T13:52:03.657Z</Time>
                        <Position>
                            <LatitudeDegrees>30.521831512451172</LatitudeDegrees>
                            <LongitudeDegrees>104.06104278564453</LongitudeDegrees>
                        </Position>
                        <AltitudeMeters>431.1000061035156</AltitudeMeters>
                    </Trackpoint>
                    <Trackpoint>
                        <DistanceMeters>812.4863170385361</DistanceMeters>
                        <Time>2022-01-15T13:52:04.299Z</Time>
                        <Position>
                            <LatitudeDegrees>30.521835327148438</LatitudeDegrees>
                            <LongitudeDegrees>104.06103515625</LongitudeDegrees>
                        </Position>
                        <AltitudeMeters>431.1000061035156</AltitudeMeters>
                    </Trackpoint>
                    <Trackpoint>
                        <DistanceMeters>812.4863170385361</DistanceMeters>
                        <Time>2022-01-15T13:52:04.933Z</Time>
                        <Position>
                            <LatitudeDegrees>30.52183723449707</LatitudeDegrees>
                            <LongitudeDegrees>104.06101989746094</LongitudeDegrees>
                        </Position>
                        <AltitudeMeters>431.1000061035156</AltitudeMeters>
                    </Trackpoint>
                    <Trackpoint>
                        <DistanceMeters>812.4863170385361</DistanceMeters>
                        <Time>2022-01-15T13:52:05.590Z</Time>
                        <Position>
                            <LatitudeDegrees>30.521841049194336</LatitudeDegrees>
                            <LongitudeDegrees>104.06100463867188</LongitudeDegrees>
                        </Position>
                        <AltitudeMeters>431.1000061035156</AltitudeMeters>
                    </Trackpoint>
                    <Trackpoint>
                        <DistanceMeters>812.4863170385361</DistanceMeters>
                        <Time>2022-01-15T13:52:06.279Z</Time>
                        <Position>
                            <LatitudeDegrees>30.5218448638916</LatitudeDegrees>
                            <LongitudeDegrees>104.06099700927734</LongitudeDegrees>
                        </Position>
                        <AltitudeMeters>431.1000061035156</AltitudeMeters>
                    </Trackpoint>
                    <Trackpoint>
                        <DistanceMeters>812.4863170385361</DistanceMeters>
                        <Time>2022-01-15T13:52:07.515Z</Time>
                        <Position>
                            <LatitudeDegrees>30.521852493286133</LatitudeDegrees>
                            <LongitudeDegrees>104.06097412109375</LongitudeDegrees>
                        </Position>
                        <AltitudeMeters>431.1000061035156</AltitudeMeters>
                    </Trackpoint>
                    <Trackpoint>
                        <DistanceMeters>812.4863170385361</DistanceMeters>
                        <Time>2022-01-15T13:52:08.788Z</Time>
                        <Position>
                            <LatitudeDegrees>30.521848678588867</LatitudeDegrees>
                            <LongitudeDegrees>104.06096649169922</LongitudeDegrees>
                        </Position>
                        <AltitudeMeters>431.1000061035156</AltitudeMeters>
                    </Trackpoint>
                    <Trackpoint>
                        <DistanceMeters>812.4863170385361</DistanceMeters>
                        <Time>2022-01-15T13:52:10.173Z</Time>
                        <Position>
                            <LatitudeDegrees>30.521848678588867</LatitudeDegrees>
                            <LongitudeDegrees>104.06095123291016</LongitudeDegrees>
                        </Position>
                        <AltitudeMeters>431.1000061035156</AltitudeMeters>
                    </Trackpoint>
                    <Trackpoint>
                        <DistanceMeters>812.4863170385361</DistanceMeters>
                        <Time>2022-01-15T13:52:11.791Z</Time>
                        <Position>
                            <LatitudeDegrees>30.52185821533203</LatitudeDegrees>
                            <LongitudeDegrees>104.0609359741211</LongitudeDegrees>
                        </Position>
                        <AltitudeMeters>431.1000061035156</AltitudeMeters>
                    </Trackpoint>
                    <Trackpoint>
                        <DistanceMeters>812.4863170385361</DistanceMeters>
                        <Time>2022-01-15T13:52:12.710Z</Time>
                        <Position>
                            <LatitudeDegrees>30.521875381469727</LatitudeDegrees>
                            <LongitudeDegrees>104.06092834472656</LongitudeDegrees>
                        </Position>
                        <AltitudeMeters>431.1000061035156</AltitudeMeters>
                    </Trackpoint>
                    <Trackpoint>
                        <DistanceMeters>812.4863170385361</DistanceMeters>
                        <Time>2022-01-15T13:52:13.370Z</Time>
                        <Position>
                            <LatitudeDegrees>30.521888732910156</LatitudeDegrees>
                            <LongitudeDegrees>104.06092071533203</LongitudeDegrees>
                        </Position>
                        <AltitudeMeters>431.1000061035156</AltitudeMeters>
                    </Trackpoint>
                    <Trackpoint>
                        <DistanceMeters>812.4863170385361</DistanceMeters>
                        <Time>2022-01-15T13:52:14.355Z</Time>
                        <Position>
                            <LatitudeDegrees>30.521909713745117</LatitudeDegrees>
                            <LongitudeDegrees>104.06092071533203</LongitudeDegrees>
                        </Position>
                        <AltitudeMeters>431.1000061035156</AltitudeMeters>
                    </Trackpoint>
                    <Trackpoint>
                        <DistanceMeters>812.4863170385361</DistanceMeters>
                        <Time>2022-01-15T13:52:15.015Z</Time>
                        <Position>
                            <LatitudeDegrees>30.52192497253418</LatitudeDegrees>
                            <LongitudeDegrees>104.0609130859375</LongitudeDegrees>
                        </Position>
                        <AltitudeMeters>431.1000061035156</AltitudeMeters>
                    </Trackpoint>
                    <Trackpoint>
                        <DistanceMeters>812.4863170385361</DistanceMeters>
                        <Time>2022-01-15T13:52:15.695Z</Time>
                        <Position>
                            <LatitudeDegrees>30.521942138671875</LatitudeDegrees>
                            <LongitudeDegrees>104.06090545654297</LongitudeDegrees>
                        </Position>
                        <AltitudeMeters>431.1000061035156</AltitudeMeters>
                    </Trackpoint>
                    <Trackpoint>
                        <DistanceMeters>812.4863170385361</DistanceMeters>
                        <Time>2022-01-15T13:52:16.010Z</Time>
                        <Position>
                            <LatitudeDegrees>30.521949768066406</LatitudeDegrees>
                            <LongitudeDegrees>104.06089782714844</LongitudeDegrees>
                        </Position>
                        <AltitudeMeters>431.1000061035156</AltitudeMeters>
                    </Trackpoint>
                    <Trackpoint>
                        <DistanceMeters>812.4863170385361</DistanceMeters>
                        <Time>2022-01-15T13:52:16.697Z</Time>
                        <Position>
                            <LatitudeDegrees>30.5219669342041</LatitudeDegrees>
                            <LongitudeDegrees>104.06088256835938</LongitudeDegrees>
                        </Position>
                        <AltitudeMeters>431.1000061035156</AltitudeMeters>
                    </Trackpoint>
                    <Trackpoint>
                        <DistanceMeters>812.4863170385361</DistanceMeters>
                        <Time>2022-01-15T13:52:17.358Z</Time>
                        <Position>
                            <LatitudeDegrees>30.521984100341797</LatitudeDegrees>
                            <LongitudeDegrees>104.06087493896484</LongitudeDegrees>
                        </Position>
                        <AltitudeMeters>431.1000061035156</AltitudeMeters>
                    </Trackpoint>
                    <Trackpoint>
                        <DistanceMeters>812.4863170385361</DistanceMeters>
                        <Time>2022-01-15T13:52:17.952Z</Time>
                        <Position>
                            <LatitudeDegrees>30.521997451782227</LatitudeDegrees>
                            <LongitudeDegrees>104.06086730957031</LongitudeDegrees>
                        </Position>
                        <AltitudeMeters>431.1000061035156</AltitudeMeters>
                    </Trackpoint>
                    <Trackpoint>
                        <DistanceMeters>812.4863170385361</DistanceMeters>
                        <Time>2022-01-15T13:52:18.788Z</Time>
                        <Position>
                            <LatitudeDegrees>30.522016525268555</LatitudeDegrees>
                            <LongitudeDegrees>104.06085968017578</LongitudeDegrees>
                        </Position>
                        <AltitudeMeters>431.1000061035156</AltitudeMeters>
                    </Trackpoint>
                    <Trackpoint>
                        <DistanceMeters>812.4863170385361</DistanceMeters>
                        <Time>2022-01-15T13:52:19.569Z</Time>
                        <Position>
                            <LatitudeDegrees>30.52203369140625</LatitudeDegrees>
                            <LongitudeDegrees>104.06085205078125</LongitudeDegrees>
                        </Position>
                        <AltitudeMeters>431.1000061035156</AltitudeMeters>
                    </Trackpoint>
                    <Trackpoint>
                        <DistanceMeters>812.4863170385361</DistanceMeters>
                        <Time>2022-01-15T13:52:23.176Z</Time>
                        <Position>
                            <LatitudeDegrees>30.52212142944336</LatitudeDegrees>
                            <LongitudeDegrees>104.06078338623047</LongitudeDegrees>
                        </Position>
                        <AltitudeMeters>431.1000061035156</AltitudeMeters>
                    </Trackpoint>
                    <Trackpoint>
                        <DistanceMeters>812.4863170385361</DistanceMeters>
                        <Time>2022-01-15T13:52:23.790Z</Time>
                        <Position>
                            <LatitudeDegrees>30.522140502929688</LatitudeDegrees>
                            <LongitudeDegrees>104.0607681274414</LongitudeDegrees>
                        </Position>
                        <AltitudeMeters>431.1000061035156</AltitudeMeters>
                    </Trackpoint>
                    <Trackpoint>
                        <DistanceMeters>812.4863170385361</DistanceMeters>
                        <Time>2022-01-15T13:52:24.450Z</Time>
                        <Position>
                            <LatitudeDegrees>30.522157669067383</LatitudeDegrees>
                            <LongitudeDegrees>104.06075286865234</LongitudeDegrees>
                        </Position>
                        <AltitudeMeters>431.1000061035156</AltitudeMeters>
                    </Trackpoint>
                    <Trackpoint>
                        <DistanceMeters>812.4863170385361</DistanceMeters>
                        <Time>2022-01-15T13:52:24.794Z</Time>
                        <Position>
                            <LatitudeDegrees>30.522167205810547</LatitudeDegrees>
                            <LongitudeDegrees>104.06074523925781</LongitudeDegrees>
                        </Position>
                        <AltitudeMeters>431.1000061035156</AltitudeMeters>
                    </Trackpoint>
                    <Trackpoint>
                        <DistanceMeters>812.4863170385361</DistanceMeters>
                        <Time>2022-01-15T13:52:25.733Z</Time>
                        <Position>
                            <LatitudeDegrees>30.522192001342773</LatitudeDegrees>
                            <LongitudeDegrees>104.06072998046875</LongitudeDegrees>
                        </Position>
                        <AltitudeMeters>431.1000061035156</AltitudeMeters>
                    </Trackpoint>
                    <Trackpoint>
                        <DistanceMeters>812.4863170385361</DistanceMeters>
                        <Time>2022-01-15T13:52:26.374Z</Time>
                        <Position>
                            <LatitudeDegrees>30.5222110748291</LatitudeDegrees>
                            <LongitudeDegrees>104.06071472167969</LongitudeDegrees>
                        </Position>
                        <AltitudeMeters>431.1000061035156</AltitudeMeters>
                    </Trackpoint>
                    <Trackpoint>
                        <DistanceMeters>812.4863170385361</DistanceMeters>
                        <Time>2022-01-15T13:52:26.788Z</Time>
                        <Position>
                            <LatitudeDegrees>30.5222225189209</LatitudeDegrees>
                            <LongitudeDegrees>104.06069946289062</LongitudeDegrees>
                        </Position>
                        <AltitudeMeters>431.1000061035156</AltitudeMeters>
                    </Trackpoint>
                    <Trackpoint>
                        <DistanceMeters>812.4863170385361</DistanceMeters>
                        <Time>2022-01-15T13:52:27.033Z</Time>
                        <Position>
                            <LatitudeDegrees>30.52223014831543</LatitudeDegrees>
                            <LongitudeDegrees>104.0606918334961</LongitudeDegrees>
                        </Position>
                        <AltitudeMeters>431.1000061035156</AltitudeMeters>
                    </Trackpoint>
                    <Trackpoint>
                        <DistanceMeters>812.4863170385361</DistanceMeters>
                        <Time>2022-01-15T13:52:27.676Z</Time>
                        <Position>
                            <LatitudeDegrees>30.522241592407227</LatitudeDegrees>
                            <LongitudeDegrees>104.06067657470703</LongitudeDegrees>
                        </Position>
                        <AltitudeMeters>431.1000061035156</AltitudeMeters>
                    </Trackpoint>
                    <Trackpoint>
                        <DistanceMeters>812.4863170385361</DistanceMeters>
                        <Time>2022-01-15T13:52:28.318Z</Time>
                        <Position>
                            <LatitudeDegrees>30.522253036499023</LatitudeDegrees>
                            <LongitudeDegrees>104.06065368652344</LongitudeDegrees>
                        </Position>
                        <AltitudeMeters>431.1000061035156</AltitudeMeters>
                    </Trackpoint>
                    <Trackpoint>
                        <DistanceMeters>812.4863170385361</DistanceMeters>
                        <Time>2022-01-15T13:52:28.789Z</Time>
                        <Position>
                            <LatitudeDegrees>30.522260665893555</LatitudeDegrees>
                            <LongitudeDegrees>104.0606460571289</LongitudeDegrees>
                        </Position>
                        <AltitudeMeters>431.1000061035156</AltitudeMeters>
                    </Trackpoint>
                    <Trackpoint>
                        <DistanceMeters>812.4863170385361</DistanceMeters>
                        <Time>2022-01-15T13:52:29.639Z</Time>
                        <Position>
                            <LatitudeDegrees>30.522268295288086</LatitudeDegrees>
                            <LongitudeDegrees>104.06062316894531</LongitudeDegrees>
                        </Position>
                        <AltitudeMeters>431.1000061035156</AltitudeMeters>
                    </Trackpoint>
                    <Trackpoint>
                        <DistanceMeters>896.9137309789658</DistanceMeters>
                        <Time>2022-01-15T13:52:30.789Z</Time>
                        <Position>
                            <LatitudeDegrees>30.522260665893555</LatitudeDegrees>
                            <LongitudeDegrees>104.06059265136719</LongitudeDegrees>
                        </Position>
                        <AltitudeMeters>431.1000061035156</AltitudeMeters>
                    </Trackpoint>
                    <Trackpoint>
                        <DistanceMeters>896.9137309789658</DistanceMeters>
                        <Time>2022-01-15T13:52:31.254Z</Time>
                        <Position>
                            <LatitudeDegrees>30.522253036499023</LatitudeDegrees>
                            <LongitudeDegrees>104.06057739257812</LongitudeDegrees>
                        </Position>
                        <AltitudeMeters>431.1000061035156</AltitudeMeters>
                    </Trackpoint>
                    <Trackpoint>
                        <DistanceMeters>896.9137309789658</DistanceMeters>
                        <Time>2022-01-15T13:52:31.570Z</Time>
                        <Position>
                            <LatitudeDegrees>30.522247314453125</LatitudeDegrees>
                            <LongitudeDegrees>104.0605697631836</LongitudeDegrees>
                        </Position>
                        <AltitudeMeters>431.1000061035156</AltitudeMeters>
                    </Trackpoint>
                    <Trackpoint>
                        <DistanceMeters>896.9137309789658</DistanceMeters>
                        <Time>2022-01-15T13:52:32.175Z</Time>
                        <Position>
                            <LatitudeDegrees>30.522239685058594</LatitudeDegrees>
                            <LongitudeDegrees>104.06055450439453</LongitudeDegrees>
                        </Position>
                        <AltitudeMeters>431.1000061035156</AltitudeMeters>
                    </Trackpoint>
                    <Trackpoint>
                        <DistanceMeters>896.9137309789658</DistanceMeters>
                        <Time>2022-01-15T13:52:32.816Z</Time>
                        <Position>
                            <LatitudeDegrees>30.522232055664062</LatitudeDegrees>
                            <LongitudeDegrees>104.06053924560547</LongitudeDegrees>
                        </Position>
                        <AltitudeMeters>431.1000061035156</AltitudeMeters>
                    </Trackpoint>
                    <Trackpoint>
                        <DistanceMeters>896.9137309789658</DistanceMeters>
                        <Time>2022-01-15T13:52:33.476Z</Time>
                        <Position>
                            <LatitudeDegrees>30.522218704223633</LatitudeDegrees>
                            <LongitudeDegrees>104.06051635742188</LongitudeDegrees>
                        </Position>
                        <AltitudeMeters>431.1000061035156</AltitudeMeters>
                    </Trackpoint>
                    <Trackpoint>
                        <DistanceMeters>896.9137309789658</DistanceMeters>
                        <Time>2022-01-15T13:52:33.831Z</Time>
                        <Position>
                            <LatitudeDegrees>30.5222110748291</LatitudeDegrees>
                            <LongitudeDegrees>104.06050872802734</LongitudeDegrees>
                        </Position>
                        <AltitudeMeters>431.1000061035156</AltitudeMeters>
                    </Trackpoint>
                    <Trackpoint>
                        <DistanceMeters>896.9137309789658</DistanceMeters>
                        <Time>2022-01-15T13:52:34.470Z</Time>
                        <Position>
                            <LatitudeDegrees>30.522197723388672</LatitudeDegrees>
                            <LongitudeDegrees>104.06049346923828</LongitudeDegrees>
                        </Position>
                        <AltitudeMeters>431.1000061035156</AltitudeMeters>
                    </Trackpoint>
                    <Trackpoint>
                        <DistanceMeters>896.9137309789658</DistanceMeters>
                        <Time>2022-01-15T13:52:35.409Z</Time>
                        <Position>
                            <LatitudeDegrees>30.52217674255371</LatitudeDegrees>
                            <LongitudeDegrees>104.06047058105469</LongitudeDegrees>
                        </Position>
                        <AltitudeMeters>431.1000061035156</AltitudeMeters>
                    </Trackpoint>
                    <Trackpoint>
                        <DistanceMeters>896.9137309789658</DistanceMeters>
                        <Time>2022-01-15T13:52:36.050Z</Time>
                        <Position>
                            <LatitudeDegrees>30.522165298461914</LatitudeDegrees>
                            <LongitudeDegrees>104.0604476928711</LongitudeDegrees>
                        </Position>
                        <AltitudeMeters>431.1000061035156</AltitudeMeters>
                    </Trackpoint>
                    <Trackpoint>
                        <DistanceMeters>896.9137309789658</DistanceMeters>
                        <Time>2022-01-15T13:52:36.691Z</Time>
                        <Position>
                            <LatitudeDegrees>30.52215576171875</LatitudeDegrees>
                            <LongitudeDegrees>104.0604248046875</LongitudeDegrees>
                        </Position>
                        <AltitudeMeters>431.1000061035156</AltitudeMeters>
                    </Trackpoint>
                    <Trackpoint>
                        <DistanceMeters>896.9137309789658</DistanceMeters>
                        <Time>2022-01-15T13:52:37.296Z</Time>
                        <Position>
                            <LatitudeDegrees>30.522144317626953</LatitudeDegrees>
                            <LongitudeDegrees>104.06040954589844</LongitudeDegrees>
                        </Position>
                        <AltitudeMeters>431.1000061035156</AltitudeMeters>
                    </Trackpoint>
                    <Trackpoint>
                        <DistanceMeters>896.9137309789658</DistanceMeters>
                        <Time>2022-01-15T13:52:37.976Z</Time>
                        <Position>
                            <LatitudeDegrees>30.522138595581055</LatitudeDegrees>
                            <LongitudeDegrees>104.06038665771484</LongitudeDegrees>
                        </Position>
                        <AltitudeMeters>431.1000061035156</AltitudeMeters>
                    </Trackpoint>
                    <Trackpoint>
                        <DistanceMeters>896.9137309789658</DistanceMeters>
                        <Time>2022-01-15T13:52:38.310Z</Time>
                        <Position>
                            <LatitudeDegrees>30.52213478088379</LatitudeDegrees>
                            <LongitudeDegrees>104.06037902832031</LongitudeDegrees>
                        </Position>
                        <AltitudeMeters>431.1000061035156</AltitudeMeters>
                    </Trackpoint>
                    <Trackpoint>
                        <DistanceMeters>896.9137309789658</DistanceMeters>
                        <Time>2022-01-15T13:52:38.788Z</Time>
                        <Position>
                            <LatitudeDegrees>30.52212905883789</LatitudeDegrees>
                            <LongitudeDegrees>104.06036376953125</LongitudeDegrees>
                        </Position>
                        <AltitudeMeters>431.1000061035156</AltitudeMeters>
                    </Trackpoint>
                    <Trackpoint>
                        <DistanceMeters>896.9137309789658</DistanceMeters>
                        <Time>2022-01-15T13:52:39.610Z</Time>
                        <Position>
                            <LatitudeDegrees>30.522117614746094</LatitudeDegrees>
                            <LongitudeDegrees>104.06034851074219</LongitudeDegrees>
                        </Position>
                        <AltitudeMeters>431.1000061035156</AltitudeMeters>
                    </Trackpoint>
                    <Trackpoint>
                        <DistanceMeters>896.9137309789658</DistanceMeters>
                        <Time>2022-01-15T13:52:40.790Z</Time>
                        <Position>
                            <LatitudeDegrees>30.522104263305664</LatitudeDegrees>
                            <LongitudeDegrees>104.0603256225586</LongitudeDegrees>
                        </Position>
                        <AltitudeMeters>431.1000061035156</AltitudeMeters>
                    </Trackpoint>
                    <Trackpoint>
                        <DistanceMeters>896.9137309789658</DistanceMeters>
                        <Time>2022-01-15T13:52:41.173Z</Time>
                        <Position>
                            <LatitudeDegrees>30.522092819213867</LatitudeDegrees>
                            <LongitudeDegrees>104.06031799316406</LongitudeDegrees>
                        </Position>
                        <AltitudeMeters>431.1000061035156</AltitudeMeters>
                    </Trackpoint>
                    <Trackpoint>
                        <DistanceMeters>896.9137309789658</DistanceMeters>
                        <Time>2022-01-15T13:52:42.436Z</Time>
                        <Position>
                            <LatitudeDegrees>30.522085189819336</LatitudeDegrees>
                            <LongitudeDegrees>104.06029510498047</LongitudeDegrees>
                        </Position>
                        <AltitudeMeters>431.1000061035156</AltitudeMeters>
                    </Trackpoint>
                    <Trackpoint>
                        <DistanceMeters>896.9137309789658</DistanceMeters>
                        <Time>2022-01-15T13:52:42.790Z</Time>
                        <Position>
                            <LatitudeDegrees>30.52208137512207</LatitudeDegrees>
                            <LongitudeDegrees>104.06028747558594</LongitudeDegrees>
                        </Position>
                        <AltitudeMeters>431.1000061035156</AltitudeMeters>
                    </Trackpoint>
                    <Trackpoint>
                        <DistanceMeters>896.9137309789658</DistanceMeters>
                        <Time>2022-01-15T13:52:43.951Z</Time>
                        <Position>
                            <LatitudeDegrees>30.52206802368164</LatitudeDegrees>
                            <LongitudeDegrees>104.06025695800781</LongitudeDegrees>
                        </Position>
                        <AltitudeMeters>431.1000061035156</AltitudeMeters>
                    </Trackpoint>
                    <Trackpoint>
                        <DistanceMeters>896.9137309789658</DistanceMeters>
                        <Time>2022-01-15T13:52:44.397Z</Time>
                        <Position>
                            <LatitudeDegrees>30.52206039428711</LatitudeDegrees>
                            <LongitudeDegrees>104.06024169921875</LongitudeDegrees>
                        </Position>
                        <AltitudeMeters>431.1000061035156</AltitudeMeters>
                    </Trackpoint>
                    <Trackpoint>
                        <DistanceMeters>896.9137309789658</DistanceMeters>
                        <Time>2022-01-15T13:52:45.056Z</Time>
                        <Position>
                            <LatitudeDegrees>30.522050857543945</LatitudeDegrees>
                            <LongitudeDegrees>104.06022644042969</LongitudeDegrees>
                        </Position>
                        <AltitudeMeters>431.1000061035156</AltitudeMeters>
                    </Trackpoint>
                    <Trackpoint>
                        <DistanceMeters>896.9137309789658</DistanceMeters>
                        <Time>2022-01-15T13:52:45.688Z</Time>
                        <Position>
                            <LatitudeDegrees>30.522045135498047</LatitudeDegrees>
                            <LongitudeDegrees>104.06021118164062</LongitudeDegrees>
                        </Position>
                        <AltitudeMeters>431.1000061035156</AltitudeMeters>
                    </Trackpoint>
                    <Trackpoint>
                        <DistanceMeters>896.9137309789658</DistanceMeters>
                        <Time>2022-01-15T13:52:46.350Z</Time>
                        <Position>
                            <LatitudeDegrees>30.52203941345215</LatitudeDegrees>
                            <LongitudeDegrees>104.06018829345703</LongitudeDegrees>
                        </Position>
                        <AltitudeMeters>431.1000061035156</AltitudeMeters>
                    </Trackpoint>
                    <Trackpoint>
                        <DistanceMeters>896.9137309789658</DistanceMeters>
                        <Time>2022-01-15T13:52:46.656Z</Time>
                        <Position>
                            <LatitudeDegrees>30.522037506103516</LatitudeDegrees>
                            <LongitudeDegrees>104.0601806640625</LongitudeDegrees>
                        </Position>
                        <AltitudeMeters>431.1000061035156</AltitudeMeters>
                    </Trackpoint>
                    <Trackpoint>
                        <DistanceMeters>896.9137309789658</DistanceMeters>
                        <Time>2022-01-15T13:52:47.288Z</Time>
                        <Position>
                            <LatitudeDegrees>30.522029876708984</LatitudeDegrees>
                            <LongitudeDegrees>104.06016540527344</LongitudeDegrees>
                        </Position>
                        <AltitudeMeters>431.1000061035156</AltitudeMeters>
                    </Trackpoint>
                    <Trackpoint>
                        <DistanceMeters>896.9137309789658</DistanceMeters>
                        <Time>2022-01-15T13:52:48.292Z</Time>
                        <Position>
                            <LatitudeDegrees>30.522024154663086</LatitudeDegrees>
                            <LongitudeDegrees>104.06014251708984</LongitudeDegrees>
                        </Position>
                        <AltitudeMeters>431.1000061035156</AltitudeMeters>
                    </Trackpoint>
                    <Trackpoint>
                        <DistanceMeters>896.9137309789658</DistanceMeters>
                        <Time>2022-01-15T13:52:48.789Z</Time>
                        <Position>
                            <LatitudeDegrees>30.52202033996582</LatitudeDegrees>
                            <LongitudeDegrees>104.06012725830078</LongitudeDegrees>
                        </Position>
                        <AltitudeMeters>431.1000061035156</AltitudeMeters>
                    </Trackpoint>
                    <Trackpoint>
                        <DistanceMeters>896.9137309789658</DistanceMeters>
                        <Time>2022-01-15T13:52:49.249Z</Time>
                        <Position>
                            <LatitudeDegrees>30.522014617919922</LatitudeDegrees>
                            <LongitudeDegrees>104.06011962890625</LongitudeDegrees>
                        </Position>
                        <AltitudeMeters>431.1000061035156</AltitudeMeters>
                    </Trackpoint>
                    <Trackpoint>
                        <DistanceMeters>896.9137309789658</DistanceMeters>
                        <Time>2022-01-15T13:52:50.773Z</Time>
                        <Position>
                            <LatitudeDegrees>30.522001266479492</LatitudeDegrees>
                            <LongitudeDegrees>104.06008911132812</LongitudeDegrees>
                        </Position>
                        <AltitudeMeters>431.1000061035156</AltitudeMeters>
                    </Trackpoint>
                    <Trackpoint>
                        <DistanceMeters>896.9137309789658</DistanceMeters>
                        <Time>2022-01-15T13:52:51.507Z</Time>
                        <Position>
                            <LatitudeDegrees>30.521982192993164</LatitudeDegrees>
                            <LongitudeDegrees>104.0600814819336</LongitudeDegrees>
                        </Position>
                        <AltitudeMeters>431.1000061035156</AltitudeMeters>
                    </Trackpoint>
                    <Trackpoint>
                        <DistanceMeters>896.9137309789658</DistanceMeters>
                        <Time>2022-01-15T13:52:52.788Z</Time>
                        <Position>
                            <LatitudeDegrees>30.52195167541504</LatitudeDegrees>
                            <LongitudeDegrees>104.06005859375</LongitudeDegrees>
                        </Position>
                        <AltitudeMeters>431.1000061035156</AltitudeMeters>
                    </Trackpoint>
                    <Trackpoint>
                        <DistanceMeters>896.9137309789658</DistanceMeters>
                        <Time>2022-01-15T13:52:53.654Z</Time>
                        <Position>
                            <LatitudeDegrees>30.52193260192871</LatitudeDegrees>
                            <LongitudeDegrees>104.06005096435547</LongitudeDegrees>
                        </Position>
                        <AltitudeMeters>431.1000061035156</AltitudeMeters>
                    </Trackpoint>
                    <Trackpoint>
                        <DistanceMeters>896.9137309789658</DistanceMeters>
                        <Time>2022-01-15T13:52:54.073Z</Time>
                        <Position>
                            <LatitudeDegrees>30.521926879882812</LatitudeDegrees>
                            <LongitudeDegrees>104.06004333496094</LongitudeDegrees>
                        </Position>
                        <AltitudeMeters>431.1000061035156</AltitudeMeters>
                    </Trackpoint>
                    <Trackpoint>
                        <DistanceMeters>896.9137309789658</DistanceMeters>
                        <Time>2022-01-15T13:52:54.789Z</Time>
                        <Position>
                            <LatitudeDegrees>30.521915435791016</LatitudeDegrees>
                            <LongitudeDegrees>104.06002044677734</LongitudeDegrees>
                        </Position>
                        <AltitudeMeters>431.1000061035156</AltitudeMeters>
                    </Trackpoint>
                    <Trackpoint>
                        <DistanceMeters>896.9137309789658</DistanceMeters>
                        <Time>2022-01-15T13:52:56.053Z</Time>
                        <Position>
                            <LatitudeDegrees>30.521902084350586</LatitudeDegrees>
                            <LongitudeDegrees>104.05998992919922</LongitudeDegrees>
                        </Position>
                        <AltitudeMeters>431.1000061035156</AltitudeMeters>
                    </Trackpoint>
                    <Trackpoint>
                        <DistanceMeters>896.9137309789658</DistanceMeters>
                        <Time>2022-01-15T13:52:56.696Z</Time>
                        <Position>
                            <LatitudeDegrees>30.521896362304688</LatitudeDegrees>
                            <LongitudeDegrees>104.05997467041016</LongitudeDegrees>
                        </Position>
                        <AltitudeMeters>431.1000061035156</AltitudeMeters>
                    </Trackpoint>
                    <Trackpoint>
                        <DistanceMeters>896.9137309789658</DistanceMeters>
                        <Time>2022-01-15T13:52:57.309Z</Time>
                        <Position>
                            <LatitudeDegrees>30.521892547607422</LatitudeDegrees>
                            <LongitudeDegrees>104.05995178222656</LongitudeDegrees>
                        </Position>
                        <AltitudeMeters>431.1000061035156</AltitudeMeters>
                    </Trackpoint>
                    <Trackpoint>
                        <DistanceMeters>896.9137309789658</DistanceMeters>
                        <Time>2022-01-15T13:52:57.954Z</Time>
                        <Position>
                            <LatitudeDegrees>30.521892547607422</LatitudeDegrees>
                            <LongitudeDegrees>104.0599365234375</LongitudeDegrees>
                        </Position>
                        <AltitudeMeters>431.1000061035156</AltitudeMeters>
                    </Trackpoint>
                    <Trackpoint>
                        <DistanceMeters>896.9137309789658</DistanceMeters>
                        <Time>2022-01-15T13:52:58.537Z</Time>
                        <Position>
                            <LatitudeDegrees>30.521892547607422</LatitudeDegrees>
                            <LongitudeDegrees>104.05992889404297</LongitudeDegrees>
                        </Position>
                        <AltitudeMeters>431.1000061035156</AltitudeMeters>
                    </Trackpoint>
                    <Trackpoint>
                        <DistanceMeters>896.9137309789658</DistanceMeters>
                        <Time>2022-01-15T13:52:59.267Z</Time>
                        <Position>
                            <LatitudeDegrees>30.521892547607422</LatitudeDegrees>
                            <LongitudeDegrees>104.0599136352539</LongitudeDegrees>
                        </Position>
                        <AltitudeMeters>431.1000061035156</AltitudeMeters>
                    </Trackpoint>
                    <Trackpoint>
                        <DistanceMeters>896.9137309789658</DistanceMeters>
                        <Time>2022-01-15T13:52:59.896Z</Time>
                        <Position>
                            <LatitudeDegrees>30.521888732910156</LatitudeDegrees>
                            <LongitudeDegrees>104.05989837646484</LongitudeDegrees>
                        </Position>
                        <AltitudeMeters>431.1000061035156</AltitudeMeters>
                    </Trackpoint>
                    <Trackpoint>
                        <DistanceMeters>971.4858058691025</DistanceMeters>
                        <Time>2022-01-15T13:53:00.516Z</Time>
                        <Position>
                            <LatitudeDegrees>30.52188491821289</LatitudeDegrees>
                            <LongitudeDegrees>104.05988311767578</LongitudeDegrees>
                        </Position>
                        <AltitudeMeters>431.1000061035156</AltitudeMeters>
                    </Trackpoint>
                    <Trackpoint>
                        <DistanceMeters>971.4858058691025</DistanceMeters>
                        <Time>2022-01-15T13:53:01.195Z</Time>
                        <Position>
                            <LatitudeDegrees>30.521879196166992</LatitudeDegrees>
                            <LongitudeDegrees>104.05986785888672</LongitudeDegrees>
                        </Position>
                        <AltitudeMeters>431.6999816894531</AltitudeMeters>
                    </Trackpoint>
                    <Trackpoint>
                        <DistanceMeters>971.4858058691025</DistanceMeters>
                        <Time>2022-01-15T13:53:01.836Z</Time>
                        <Position>
                            <LatitudeDegrees>30.52187156677246</LatitudeDegrees>
                            <LongitudeDegrees>104.05985260009766</LongitudeDegrees>
                        </Position>
                        <AltitudeMeters>431.6999816894531</AltitudeMeters>
                    </Trackpoint>
                    <Trackpoint>
                        <DistanceMeters>971.4858058691025</DistanceMeters>
                        <Time>2022-01-15T13:53:02.789Z</Time>
                        <Position>
                            <LatitudeDegrees>30.52186393737793</LatitudeDegrees>
                            <LongitudeDegrees>104.05982971191406</LongitudeDegrees>
                        </Position>
                        <AltitudeMeters>431.1000061035156</AltitudeMeters>
                    </Trackpoint>
                    <Trackpoint>
                        <DistanceMeters>971.4858058691025</DistanceMeters>
                        <Time>2022-01-15T13:53:03.696Z</Time>
                        <Position>
                            <LatitudeDegrees>30.521852493286133</LatitudeDegrees>
                            <LongitudeDegrees>104.05980682373047</LongitudeDegrees>
                        </Position>
                        <AltitudeMeters>431.1000061035156</AltitudeMeters>
                    </Trackpoint>
                    <Trackpoint>
                        <DistanceMeters>971.4858058691025</DistanceMeters>
                        <Time>2022-01-15T13:53:04.457Z</Time>
                        <Position>
                            <LatitudeDegrees>30.5218448638916</LatitudeDegrees>
                            <LongitudeDegrees>104.05979919433594</LongitudeDegrees>
                        </Position>
                        <AltitudeMeters>431.1000061035156</AltitudeMeters>
                    </Trackpoint>
                    <Trackpoint>
                        <DistanceMeters>971.4858058691025</DistanceMeters>
                        <Time>2022-01-15T13:53:05.396Z</Time>
                        <Position>
                            <LatitudeDegrees>30.521835327148438</LatitudeDegrees>
                            <LongitudeDegrees>104.05977630615234</LongitudeDegrees>
                        </Position>
                        <AltitudeMeters>431.1000061035156</AltitudeMeters>
                    </Trackpoint>
                    <Trackpoint>
                        <DistanceMeters>971.4858058691025</DistanceMeters>
                        <Time>2022-01-15T13:53:06.010Z</Time>
                        <Position>
                            <LatitudeDegrees>30.52182960510254</LatitudeDegrees>
                            <LongitudeDegrees>104.05976104736328</LongitudeDegrees>
                        </Position>
                        <AltitudeMeters>431.1000061035156</AltitudeMeters>
                    </Trackpoint>
                    <Trackpoint>
                        <DistanceMeters>971.4858058691025</DistanceMeters>
                        <Time>2022-01-15T13:53:06.393Z</Time>
                        <Position>
                            <LatitudeDegrees>30.521825790405273</LatitudeDegrees>
                            <LongitudeDegrees>104.05975341796875</LongitudeDegrees>
                        </Position>
                        <AltitudeMeters>431.1000061035156</AltitudeMeters>
                    </Trackpoint>
                    <Trackpoint>
                        <DistanceMeters>971.4858058691025</DistanceMeters>
                        <Time>2022-01-15T13:53:07.012Z</Time>
                        <Position>
                            <LatitudeDegrees>30.521818161010742</LatitudeDegrees>
                            <LongitudeDegrees>104.05973815917969</LongitudeDegrees>
                        </Position>
                        <AltitudeMeters>431.1000061035156</AltitudeMeters>
                    </Trackpoint>
                    <Trackpoint>
                        <DistanceMeters>971.4858058691025</DistanceMeters>
                        <Time>2022-01-15T13:53:07.653Z</Time>
                        <Position>
                            <LatitudeDegrees>30.521814346313477</LatitudeDegrees>
                            <LongitudeDegrees>104.05972290039062</LongitudeDegrees>
                        </Position>
                        <AltitudeMeters>431.1000061035156</AltitudeMeters>
                    </Trackpoint>
                    <Trackpoint>
                        <DistanceMeters>971.4858058691025</DistanceMeters>
                        <Time>2022-01-15T13:53:08.314Z</Time>
                        <Position>
                            <LatitudeDegrees>30.52181053161621</LatitudeDegrees>
                            <LongitudeDegrees>104.05970764160156</LongitudeDegrees>
                        </Position>
                        <AltitudeMeters>431.1000061035156</AltitudeMeters>
                    </Trackpoint>
                    <Trackpoint>
                        <DistanceMeters>971.4858058691025</DistanceMeters>
                        <Time>2022-01-15T13:53:09.263Z</Time>
                        <Position>
                            <LatitudeDegrees>30.521800994873047</LatitudeDegrees>
                            <LongitudeDegrees>104.05967712402344</LongitudeDegrees>
                        </Position>
                        <AltitudeMeters>431.1000061035156</AltitudeMeters>
                    </Trackpoint>
                    <Trackpoint>
                        <DistanceMeters>971.4858058691025</DistanceMeters>
                        <Time>2022-01-15T13:53:09.893Z</Time>
                        <Position>
                            <LatitudeDegrees>30.52179527282715</LatitudeDegrees>
                            <LongitudeDegrees>104.05966186523438</LongitudeDegrees>
                        </Position>
                        <AltitudeMeters>431.1000061035156</AltitudeMeters>
                    </Trackpoint>
                    <Trackpoint>
                        <DistanceMeters>971.4858058691025</DistanceMeters>
                        <Time>2022-01-15T13:53:10.554Z</Time>
                        <Position>
                            <LatitudeDegrees>30.521785736083984</LatitudeDegrees>
                            <LongitudeDegrees>104.05964660644531</LongitudeDegrees>
                        </Position>
                        <AltitudeMeters>431.1000061035156</AltitudeMeters>
                    </Trackpoint>
                    <Trackpoint>
                        <DistanceMeters>971.4858058691025</DistanceMeters>
                        <Time>2022-01-15T13:53:11.530Z</Time>
                        <Position>
                            <LatitudeDegrees>30.52177619934082</LatitudeDegrees>
                            <LongitudeDegrees>104.05962371826172</LongitudeDegrees>
                        </Position>
                        <AltitudeMeters>431.1000061035156</AltitudeMeters>
                    </Trackpoint>
                    <Trackpoint>
                        <DistanceMeters>971.4858058691025</DistanceMeters>
                        <Time>2022-01-15T13:53:12.171Z</Time>
                        <Position>
                            <LatitudeDegrees>30.521770477294922</LatitudeDegrees>
                            <LongitudeDegrees>104.05960845947266</LongitudeDegrees>
                        </Position>
                        <AltitudeMeters>431.1000061035156</AltitudeMeters>
                    </Trackpoint>
                    <Trackpoint>
                        <DistanceMeters>971.4858058691025</DistanceMeters>
                        <Time>2022-01-15T13:53:12.789Z</Time>
                        <Position>
                            <LatitudeDegrees>30.521766662597656</LatitudeDegrees>
                            <LongitudeDegrees>104.0595932006836</LongitudeDegrees>
                        </Position>
                        <AltitudeMeters>431.1000061035156</AltitudeMeters>
                    </Trackpoint>
                    <Trackpoint>
                        <DistanceMeters>971.4858058691025</DistanceMeters>
                        <Time>2022-01-15T13:53:13.473Z</Time>
                        <Position>
                            <LatitudeDegrees>30.521759033203125</LatitudeDegrees>
                            <LongitudeDegrees>104.0595703125</LongitudeDegrees>
                        </Position>
                        <AltitudeMeters>431.1000061035156</AltitudeMeters>
                    </Trackpoint>
                    <Trackpoint>
                        <DistanceMeters>971.4858058691025</DistanceMeters>
                        <Time>2022-01-15T13:53:14.777Z</Time>
                        <Position>
                            <LatitudeDegrees>30.52174186706543</LatitudeDegrees>
                            <LongitudeDegrees>104.05953979492188</LongitudeDegrees>
                        </Position>
                        <AltitudeMeters>431.1000061035156</AltitudeMeters>
                    </Trackpoint>
                    <Trackpoint>
                        <DistanceMeters>971.4858058691025</DistanceMeters>
                        <Time>2022-01-15T13:53:16.788Z</Time>
                        <Position>
                            <LatitudeDegrees>30.521717071533203</LatitudeDegrees>
                            <LongitudeDegrees>104.05950164794922</LongitudeDegrees>
                        </Position>
                        <AltitudeMeters>431.1000061035156</AltitudeMeters>
                    </Trackpoint>
                    <Trackpoint>
                        <DistanceMeters>971.4858058691025</DistanceMeters>
                        <Time>2022-01-15T13:53:18.788Z</Time>
                        <Position>
                            <LatitudeDegrees>30.521697998046875</LatitudeDegrees>
                            <LongitudeDegrees>104.05946350097656</LongitudeDegrees>
                        </Position>
                        <AltitudeMeters>431.1000061035156</AltitudeMeters>
                    </Trackpoint>
                    <Trackpoint>
                        <DistanceMeters>971.4858058691025</DistanceMeters>
                        <Time>2022-01-15T13:53:19.432Z</Time>
                        <Position>
                            <LatitudeDegrees>30.521690368652344</LatitudeDegrees>
                            <LongitudeDegrees>104.05944061279297</LongitudeDegrees>
                        </Position>
                        <AltitudeMeters>431.1000061035156</AltitudeMeters>
                    </Trackpoint>
                    <Trackpoint>
                        <DistanceMeters>971.4858058691025</DistanceMeters>
                        <Time>2022-01-15T13:53:20.788Z</Time>
                        <Position>
                            <LatitudeDegrees>30.521678924560547</LatitudeDegrees>
                            <LongitudeDegrees>104.05940246582031</LongitudeDegrees>
                        </Position>
                        <AltitudeMeters>431.1000061035156</AltitudeMeters>
                    </Trackpoint>
                    <Trackpoint>
                        <DistanceMeters>971.4858058691025</DistanceMeters>
                        <Time>2022-01-15T13:53:21.673Z</Time>
                        <Position>
                            <LatitudeDegrees>30.521671295166016</LatitudeDegrees>
                            <LongitudeDegrees>104.05937957763672</LongitudeDegrees>
                        </Position>
                        <AltitudeMeters>431.1000061035156</AltitudeMeters>
                    </Trackpoint>
                    <Trackpoint>
                        <DistanceMeters>971.4858058691025</DistanceMeters>
                        <Time>2022-01-15T13:53:22.694Z</Time>
                        <Position>
                            <LatitudeDegrees>30.521665573120117</LatitudeDegrees>
                            <LongitudeDegrees>104.05935668945312</LongitudeDegrees>
                        </Position>
                        <AltitudeMeters>431.1000061035156</AltitudeMeters>
                    </Trackpoint>
                    <Trackpoint>
                        <DistanceMeters>971.4858058691025</DistanceMeters>
                        <Time>2022-01-15T13:53:24.656Z</Time>
                        <Position>
                            <LatitudeDegrees>30.52165412902832</LatitudeDegrees>
                            <LongitudeDegrees>104.05931854248047</LongitudeDegrees>
                        </Position>
                        <AltitudeMeters>431.1000061035156</AltitudeMeters>
                    </Trackpoint>
                    <Trackpoint>
                        <DistanceMeters>971.4858058691025</DistanceMeters>
                        <Time>2022-01-15T13:53:26.789Z</Time>
                        <Position>
                            <LatitudeDegrees>30.521610260009766</LatitudeDegrees>
                            <LongitudeDegrees>104.05928039550781</LongitudeDegrees>
                        </Position>
                        <AltitudeMeters>431.1000061035156</AltitudeMeters>
                    </Trackpoint>
                    <Trackpoint>
                        <DistanceMeters>971.4858058691025</DistanceMeters>
                        <Time>2022-01-15T13:53:27.574Z</Time>
                        <Position>
                            <LatitudeDegrees>30.521596908569336</LatitudeDegrees>
                            <LongitudeDegrees>104.05926513671875</LongitudeDegrees>
                        </Position>
                        <AltitudeMeters>431.1000061035156</AltitudeMeters>
                    </Trackpoint>
                    <Trackpoint>
                        <DistanceMeters>971.4858058691025</DistanceMeters>
                        <Time>2022-01-15T13:53:28.197Z</Time>
                        <Position>
                            <LatitudeDegrees>30.521591186523438</LatitudeDegrees>
                            <LongitudeDegrees>104.05924987792969</LongitudeDegrees>
                        </Position>
                        <AltitudeMeters>431.1000061035156</AltitudeMeters>
                    </Trackpoint>
                    <Trackpoint>
                        <DistanceMeters>971.4858058691025</DistanceMeters>
                        <Time>2022-01-15T13:53:28.810Z</Time>
                        <Position>
                            <LatitudeDegrees>30.521589279174805</LatitudeDegrees>
                            <LongitudeDegrees>104.05923461914062</LongitudeDegrees>
                        </Position>
                        <AltitudeMeters>431.1000061035156</AltitudeMeters>
                    </Trackpoint>
                    <Trackpoint>
                        <DistanceMeters>971.4858058691025</DistanceMeters>
                        <Time>2022-01-15T13:53:29.515Z</Time>
                        <Position>
                            <LatitudeDegrees>30.52158546447754</LatitudeDegrees>
                            <LongitudeDegrees>104.05921936035156</LongitudeDegrees>
                        </Position>
                        <AltitudeMeters>431.1000061035156</AltitudeMeters>
                    </Trackpoint>
                    <Trackpoint>
                        <DistanceMeters>1036.550609946251</DistanceMeters>
                        <Time>2022-01-15T13:53:30.492Z</Time>
                        <Position>
                            <LatitudeDegrees>30.52157974243164</LatitudeDegrees>
                            <LongitudeDegrees>104.05918884277344</LongitudeDegrees>
                        </Position>
                        <AltitudeMeters>431.1000061035156</AltitudeMeters>
                    </Trackpoint>
                    <Trackpoint>
                        <DistanceMeters>1036.550609946251</DistanceMeters>
                        <Time>2022-01-15T13:53:31.133Z</Time>
                        <Position>
                            <LatitudeDegrees>30.521574020385742</LatitudeDegrees>
                            <LongitudeDegrees>104.05917358398438</LongitudeDegrees>
                        </Position>
                        <AltitudeMeters>431.1000061035156</AltitudeMeters>
                    </Trackpoint>
                    <Trackpoint>
                        <DistanceMeters>1036.550609946251</DistanceMeters>
                        <Time>2022-01-15T13:53:32.787Z</Time>
                        <Position>
                            <LatitudeDegrees>30.521556854248047</LatitudeDegrees>
                            <LongitudeDegrees>104.05912780761719</LongitudeDegrees>
                        </Position>
                        <AltitudeMeters>431.1000061035156</AltitudeMeters>
                    </Trackpoint>
                    <Trackpoint>
                        <DistanceMeters>1036.550609946251</DistanceMeters>
                        <Time>2022-01-15T13:53:33.811Z</Time>
                        <Position>
                            <LatitudeDegrees>30.521549224853516</LatitudeDegrees>
                            <LongitudeDegrees>104.05912780761719</LongitudeDegrees>
                        </Position>
                        <AltitudeMeters>431.1000061035156</AltitudeMeters>
                    </Trackpoint>
                    <Trackpoint>
                        <DistanceMeters>1036.550609946251</DistanceMeters>
                        <Time>2022-01-15T13:53:35.754Z</Time>
                        <Position>
                            <LatitudeDegrees>30.521533966064453</LatitudeDegrees>
                            <LongitudeDegrees>104.05912017822266</LongitudeDegrees>
                        </Position>
                        <AltitudeMeters>431.1000061035156</AltitudeMeters>
                    </Trackpoint>
                    <Trackpoint>
                        <DistanceMeters>1036.550609946251</DistanceMeters>
                        <Time>2022-01-15T13:53:36.413Z</Time>
                        <Position>
                            <LatitudeDegrees>30.521528244018555</LatitudeDegrees>
                            <LongitudeDegrees>104.05911254882812</LongitudeDegrees>
                        </Position>
                        <AltitudeMeters>431.1000061035156</AltitudeMeters>
                    </Trackpoint>
                    <Trackpoint>
                        <DistanceMeters>1036.550609946251</DistanceMeters>
                        <Time>2022-01-15T13:53:37.092Z</Time>
                        <Position>
                            <LatitudeDegrees>30.521520614624023</LatitudeDegrees>
                            <LongitudeDegrees>104.0591049194336</LongitudeDegrees>
                        </Position>
                        <AltitudeMeters>431.1000061035156</AltitudeMeters>
                    </Trackpoint>
                    <Trackpoint>
                        <DistanceMeters>1036.550609946251</DistanceMeters>
                        <Time>2022-01-15T13:53:38.478Z</Time>
                        <Position>
                            <LatitudeDegrees>30.521512985229492</LatitudeDegrees>
                            <LongitudeDegrees>104.05908203125</LongitudeDegrees>
                        </Position>
                        <AltitudeMeters>431.1000061035156</AltitudeMeters>
                    </Trackpoint>
                    <Trackpoint>
                        <DistanceMeters>1036.550609946251</DistanceMeters>
                        <Time>2022-01-15T13:53:40.392Z</Time>
                        <Position>
                            <LatitudeDegrees>30.521499633789062</LatitudeDegrees>
                            <LongitudeDegrees>104.05905151367188</LongitudeDegrees>
                        </Position>
                        <AltitudeMeters>431.1000061035156</AltitudeMeters>
                    </Trackpoint>
                    <Trackpoint>
                        <DistanceMeters>1036.550609946251</DistanceMeters>
                        <Time>2022-01-15T13:53:40.788Z</Time>
                        <Position>
                            <LatitudeDegrees>30.521495819091797</LatitudeDegrees>
                            <LongitudeDegrees>104.05903625488281</LongitudeDegrees>
                        </Position>
                        <AltitudeMeters>431.1000061035156</AltitudeMeters>
                    </Trackpoint>
                    <Trackpoint>
                        <DistanceMeters>1036.550609946251</DistanceMeters>
                        <Time>2022-01-15T13:53:41.074Z</Time>
                        <Position>
                            <LatitudeDegrees>30.5214900970459</LatitudeDegrees>
                            <LongitudeDegrees>104.05902862548828</LongitudeDegrees>
                        </Position>
                        <AltitudeMeters>431.1000061035156</AltitudeMeters>
                    </Trackpoint>
                    <Trackpoint>
                        <DistanceMeters>1036.550609946251</DistanceMeters>
                        <Time>2022-01-15T13:53:41.692Z</Time>
                        <Position>
                            <LatitudeDegrees>30.52147674560547</LatitudeDegrees>
                            <LongitudeDegrees>104.05901336669922</LongitudeDegrees>
                        </Position>
                        <AltitudeMeters>431.1000061035156</AltitudeMeters>
                    </Trackpoint>
                    <Trackpoint>
                        <DistanceMeters>1036.550609946251</DistanceMeters>
                        <Time>2022-01-15T13:53:42.316Z</Time>
                        <Position>
                            <LatitudeDegrees>30.52146339416504</LatitudeDegrees>
                            <LongitudeDegrees>104.05899810791016</LongitudeDegrees>
                        </Position>
                        <AltitudeMeters>431.1000061035156</AltitudeMeters>
                    </Trackpoint>
                    <Trackpoint>
                        <DistanceMeters>1036.550609946251</DistanceMeters>
                        <Time>2022-01-15T13:53:42.669Z</Time>
                        <Position>
                            <LatitudeDegrees>30.521453857421875</LatitudeDegrees>
                            <LongitudeDegrees>104.05899047851562</LongitudeDegrees>
                        </Position>
                        <AltitudeMeters>431.1000061035156</AltitudeMeters>
                    </Trackpoint>
                    <Trackpoint>
                        <DistanceMeters>1036.550609946251</DistanceMeters>
                        <Time>2022-01-15T13:53:43.328Z</Time>
                        <Position>
                            <LatitudeDegrees>30.521442413330078</LatitudeDegrees>
                            <LongitudeDegrees>104.05896759033203</LongitudeDegrees>
                        </Position>
                        <AltitudeMeters>431.1000061035156</AltitudeMeters>
                    </Trackpoint>
                    <Trackpoint>
                        <DistanceMeters>1036.550609946251</DistanceMeters>
                        <Time>2022-01-15T13:53:43.992Z</Time>
                        <Position>
                            <LatitudeDegrees>30.521434783935547</LatitudeDegrees>
                            <LongitudeDegrees>104.05895233154297</LongitudeDegrees>
                        </Position>
                        <AltitudeMeters>431.1000061035156</AltitudeMeters>
                    </Trackpoint>
                    <Trackpoint>
                        <DistanceMeters>1036.550609946251</DistanceMeters>
                        <Time>2022-01-15T13:53:44.334Z</Time>
                        <Position>
                            <LatitudeDegrees>30.52142906188965</LatitudeDegrees>
                            <LongitudeDegrees>104.05894470214844</LongitudeDegrees>
                        </Position>
                        <AltitudeMeters>431.1000061035156</AltitudeMeters>
                    </Trackpoint>
                    <Trackpoint>
                        <DistanceMeters>1036.550609946251</DistanceMeters>
                        <Time>2022-01-15T13:53:44.943Z</Time>
                        <Position>
                            <LatitudeDegrees>30.521427154541016</LatitudeDegrees>
                            <LongitudeDegrees>104.05892181396484</LongitudeDegrees>
                        </Position>
                        <AltitudeMeters>431.6999816894531</AltitudeMeters>
                    </Trackpoint>
                    <Trackpoint>
                        <DistanceMeters>1036.550609946251</DistanceMeters>
                        <Time>2022-01-15T13:53:45.653Z</Time>
                        <Position>
                            <LatitudeDegrees>30.521425247192383</LatitudeDegrees>
                            <LongitudeDegrees>104.05890655517578</LongitudeDegrees>
                        </Position>
                        <AltitudeMeters>431.6999816894531</AltitudeMeters>
                    </Trackpoint>
                    <Trackpoint>
                        <DistanceMeters>1036.550609946251</DistanceMeters>
                        <Time>2022-01-15T13:53:46.277Z</Time>
                        <Position>
                            <LatitudeDegrees>30.52142333984375</LatitudeDegrees>
                            <LongitudeDegrees>104.05889892578125</LongitudeDegrees>
                        </Position>
                        <AltitudeMeters>431.6999816894531</AltitudeMeters>
                    </Trackpoint>
                    <Trackpoint>
                        <DistanceMeters>1036.550609946251</DistanceMeters>
                        <Time>2022-01-15T13:53:46.788Z</Time>
                        <Position>
                            <LatitudeDegrees>30.521421432495117</LatitudeDegrees>
                            <LongitudeDegrees>104.05888366699219</LongitudeDegrees>
                        </Position>
                        <AltitudeMeters>431.6999816894531</AltitudeMeters>
                    </Trackpoint>
                    <Trackpoint>
                        <DistanceMeters>1036.550609946251</DistanceMeters>
                        <Time>2022-01-15T13:53:47.252Z</Time>
                        <Position>
                            <LatitudeDegrees>30.521421432495117</LatitudeDegrees>
                            <LongitudeDegrees>104.05887603759766</LongitudeDegrees>
                        </Position>
                        <AltitudeMeters>431.6999816894531</AltitudeMeters>
                    </Trackpoint>
                    <Trackpoint>
                        <DistanceMeters>1036.550609946251</DistanceMeters>
                        <Time>2022-01-15T13:53:47.931Z</Time>
                        <Position>
                            <LatitudeDegrees>30.52141761779785</LatitudeDegrees>
                            <LongitudeDegrees>104.05885314941406</LongitudeDegrees>
                        </Position>
                        <AltitudeMeters>431.6999816894531</AltitudeMeters>
                    </Trackpoint>
                    <Trackpoint>
                        <DistanceMeters>1036.550609946251</DistanceMeters>
                        <Time>2022-01-15T13:53:48.262Z</Time>
                        <Position>
                            <LatitudeDegrees>30.52141571044922</LatitudeDegrees>
                            <LongitudeDegrees>104.05884552001953</LongitudeDegrees>
                        </Position>
                        <AltitudeMeters>431.6999816894531</AltitudeMeters>
                    </Trackpoint>
                    <Trackpoint>
                        <DistanceMeters>1036.550609946251</DistanceMeters>
                        <Time>2022-01-15T13:53:48.788Z</Time>
                        <Position>
                            <LatitudeDegrees>30.52140998840332</LatitudeDegrees>
                            <LongitudeDegrees>104.05883026123047</LongitudeDegrees>
                        </Position>
                        <AltitudeMeters>431.6999816894531</AltitudeMeters>
                    </Trackpoint>
                    <Trackpoint>
                        <DistanceMeters>1036.550609946251</DistanceMeters>
                        <Time>2022-01-15T13:53:49.576Z</Time>
                        <Position>
                            <LatitudeDegrees>30.521404266357422</LatitudeDegrees>
                            <LongitudeDegrees>104.05880737304688</LongitudeDegrees>
                        </Position>
                        <AltitudeMeters>431.6999816894531</AltitudeMeters>
                    </Trackpoint>
                    <Trackpoint>
                        <DistanceMeters>1036.550609946251</DistanceMeters>
                        <Time>2022-01-15T13:53:50.188Z</Time>
                        <Position>
                            <LatitudeDegrees>30.521400451660156</LatitudeDegrees>
                            <LongitudeDegrees>104.05879211425781</LongitudeDegrees>
                        </Position>
                        <AltitudeMeters>431.6999816894531</AltitudeMeters>
                    </Trackpoint>
                    <Trackpoint>
                        <DistanceMeters>1036.550609946251</DistanceMeters>
                        <Time>2022-01-15T13:53:51.195Z</Time>
                        <Position>
                            <LatitudeDegrees>30.521390914916992</LatitudeDegrees>
                            <LongitudeDegrees>104.05876922607422</LongitudeDegrees>
                        </Position>
                        <AltitudeMeters>431.6999816894531</AltitudeMeters>
                    </Trackpoint>
                    <Trackpoint>
                        <DistanceMeters>1036.550609946251</DistanceMeters>
                        <Time>2022-01-15T13:53:51.874Z</Time>
                        <Position>
                            <LatitudeDegrees>30.521387100219727</LatitudeDegrees>
                            <LongitudeDegrees>104.05875396728516</LongitudeDegrees>
                        </Position>
                        <AltitudeMeters>431.6999816894531</AltitudeMeters>
                    </Trackpoint>
                    <Trackpoint>
                        <DistanceMeters>1036.550609946251</DistanceMeters>
                        <Time>2022-01-15T13:53:52.788Z</Time>
                        <Position>
                            <LatitudeDegrees>30.52138328552246</LatitudeDegrees>
                            <LongitudeDegrees>104.05873107910156</LongitudeDegrees>
                        </Position>
                        <AltitudeMeters>431.6999816894531</AltitudeMeters>
                    </Trackpoint>
                    <Trackpoint>
                        <DistanceMeters>1036.550609946251</DistanceMeters>
                        <Time>2022-01-15T13:53:53.473Z</Time>
                        <Position>
                            <LatitudeDegrees>30.521379470825195</LatitudeDegrees>
                            <LongitudeDegrees>104.0587158203125</LongitudeDegrees>
                        </Position>
                        <AltitudeMeters>431.6999816894531</AltitudeMeters>
                    </Trackpoint>
                    <Trackpoint>
                        <DistanceMeters>1036.550609946251</DistanceMeters>
                        <Time>2022-01-15T13:53:54.195Z</Time>
                        <Position>
                            <LatitudeDegrees>30.521373748779297</LatitudeDegrees>
                            <LongitudeDegrees>104.05870056152344</LongitudeDegrees>
                        </Position>
                        <AltitudeMeters>431.6999816894531</AltitudeMeters>
                    </Trackpoint>
                    <Trackpoint>
                        <DistanceMeters>1036.550609946251</DistanceMeters>
                        <Time>2022-01-15T13:53:55.135Z</Time>
                        <Position>
                            <LatitudeDegrees>30.5213623046875</LatitudeDegrees>
                            <LongitudeDegrees>104.05868530273438</LongitudeDegrees>
                        </Position>
                        <AltitudeMeters>431.1000061035156</AltitudeMeters>
                    </Trackpoint>
                    <Trackpoint>
                        <DistanceMeters>1036.550609946251</DistanceMeters>
                        <Time>2022-01-15T13:53:56.129Z</Time>
                        <Position>
                            <LatitudeDegrees>30.52134895324707</LatitudeDegrees>
                            <LongitudeDegrees>104.05867004394531</LongitudeDegrees>
                        </Position>
                        <AltitudeMeters>431.1000061035156</AltitudeMeters>
                    </Trackpoint>
                    <Trackpoint>
                        <DistanceMeters>1036.550609946251</DistanceMeters>
                        <Time>2022-01-15T13:53:56.772Z</Time>
                        <Position>
                            <LatitudeDegrees>30.521339416503906</LatitudeDegrees>
                            <LongitudeDegrees>104.05866241455078</LongitudeDegrees>
                        </Position>
                        <AltitudeMeters>431.1000061035156</AltitudeMeters>
                    </Trackpoint>
                    <Trackpoint>
                        <DistanceMeters>1036.550609946251</DistanceMeters>
                        <Time>2022-01-15T13:53:57.393Z</Time>
                        <Position>
                            <LatitudeDegrees>30.521329879760742</LatitudeDegrees>
                            <LongitudeDegrees>104.05866241455078</LongitudeDegrees>
                        </Position>
                        <AltitudeMeters>431.1000061035156</AltitudeMeters>
                    </Trackpoint>
                    <Trackpoint>
                        <DistanceMeters>1036.550609946251</DistanceMeters>
                        <Time>2022-01-15T13:53:58.492Z</Time>
                        <Position>
                            <LatitudeDegrees>30.521318435668945</LatitudeDegrees>
                            <LongitudeDegrees>104.05865478515625</LongitudeDegrees>
                        </Position>
                        <AltitudeMeters>431.1000061035156</AltitudeMeters>
                    </Trackpoint>
                    <Trackpoint>
                        <DistanceMeters>1106.1669353246689</DistanceMeters>
                        <Time>2022-01-15T13:54:00.747Z</Time>
                        <Position>
                            <LatitudeDegrees>30.52129364013672</LatitudeDegrees>
                            <LongitudeDegrees>104.05863952636719</LongitudeDegrees>
                        </Position>
                        <AltitudeMeters>431.1000061035156</AltitudeMeters>
                    </Trackpoint>
                    <Trackpoint>
                        <DistanceMeters>1106.1669353246689</DistanceMeters>
                        <Time>2022-01-15T13:54:01.911Z</Time>
                        <Position>
                            <LatitudeDegrees>30.521278381347656</LatitudeDegrees>
                            <LongitudeDegrees>104.05863952636719</LongitudeDegrees>
                        </Position>
                        <AltitudeMeters>431.1000061035156</AltitudeMeters>
                    </Trackpoint>
                    <Trackpoint>
                        <DistanceMeters>1106.1669353246689</DistanceMeters>
                        <Time>2022-01-15T13:54:02.788Z</Time>
                        <Position>
                            <LatitudeDegrees>30.52126693725586</LatitudeDegrees>
                            <LongitudeDegrees>104.05863189697266</LongitudeDegrees>
                        </Position>
                        <AltitudeMeters>431.1000061035156</AltitudeMeters>
                    </Trackpoint>
                    <Trackpoint>
                        <DistanceMeters>1106.1669353246689</DistanceMeters>
                        <Time>2022-01-15T13:54:04.788Z</Time>
                        <Position>
                            <LatitudeDegrees>30.52124786376953</LatitudeDegrees>
                            <LongitudeDegrees>104.05863952636719</LongitudeDegrees>
                        </Position>
                        <AltitudeMeters>431.1000061035156</AltitudeMeters>
                    </Trackpoint>
                    <Trackpoint>
                        <DistanceMeters>1106.1669353246689</DistanceMeters>
                        <Time>2022-01-15T13:54:04.951Z</Time>
                        <Position>
                            <LatitudeDegrees>30.521251678466797</LatitudeDegrees>
                            <LongitudeDegrees>104.05864715576172</LongitudeDegrees>
                        </Position>
                        <AltitudeMeters>431.1000061035156</AltitudeMeters>
                    </Trackpoint>
                    <Trackpoint>
                        <DistanceMeters>1106.1669353246689</DistanceMeters>
                        <Time>2022-01-15T13:54:07.208Z</Time>
                        <Position>
                            <LatitudeDegrees>30.521236419677734</LatitudeDegrees>
                            <LongitudeDegrees>104.05866241455078</LongitudeDegrees>
                        </Position>
                        <AltitudeMeters>431.1000061035156</AltitudeMeters>
                    </Trackpoint>
                    <Trackpoint>
                        <DistanceMeters>1106.1669353246689</DistanceMeters>
                        <Time>2022-01-15T13:54:07.972Z</Time>
                        <Position>
                            <LatitudeDegrees>30.52122688293457</LatitudeDegrees>
                            <LongitudeDegrees>104.05866241455078</LongitudeDegrees>
                        </Position>
                        <AltitudeMeters>431.1000061035156</AltitudeMeters>
                    </Trackpoint>
                    <Trackpoint>
                        <DistanceMeters>1106.1669353246689</DistanceMeters>
                        <Time>2022-01-15T13:54:08.974Z</Time>
                        <Position>
                            <LatitudeDegrees>30.521215438842773</LatitudeDegrees>
                            <LongitudeDegrees>104.05867004394531</LongitudeDegrees>
                        </Position>
                        <AltitudeMeters>431.1000061035156</AltitudeMeters>
                    </Trackpoint>
                    <Trackpoint>
                        <DistanceMeters>1106.1669353246689</DistanceMeters>
                        <Time>2022-01-15T13:54:09.652Z</Time>
                        <Position>
                            <LatitudeDegrees>30.52120590209961</LatitudeDegrees>
                            <LongitudeDegrees>104.05867767333984</LongitudeDegrees>
                        </Position>
                        <AltitudeMeters>431.1000061035156</AltitudeMeters>
                    </Trackpoint>
                    <Trackpoint>
                        <DistanceMeters>1106.1669353246689</DistanceMeters>
                        <Time>2022-01-15T13:54:10.630Z</Time>
                        <Position>
                            <LatitudeDegrees>30.521190643310547</LatitudeDegrees>
                            <LongitudeDegrees>104.05870056152344</LongitudeDegrees>
                        </Position>
                        <AltitudeMeters>426.9951477050781</AltitudeMeters>
                    </Trackpoint>
                    <Trackpoint>
                        <DistanceMeters>1106.1669353246689</DistanceMeters>
                        <Time>2022-01-15T13:54:11.265Z</Time>
                        <Position>
                            <LatitudeDegrees>30.521181106567383</LatitudeDegrees>
                            <LongitudeDegrees>104.05870819091797</LongitudeDegrees>
                        </Position>
                        <AltitudeMeters>427.1415100097656</AltitudeMeters>
                    </Trackpoint>
                    <Trackpoint>
                        <DistanceMeters>1106.1669353246689</DistanceMeters>
                        <Time>2022-01-15T13:54:12.311Z</Time>
                        <Position>
                            <LatitudeDegrees>30.52116584777832</LatitudeDegrees>
                            <LongitudeDegrees>104.05872344970703</LongitudeDegrees>
                        </Position>
                        <AltitudeMeters>427.15643310546875</AltitudeMeters>
                    </Trackpoint>
                    <Trackpoint>
                        <DistanceMeters>1106.1669353246689</DistanceMeters>
                        <Time>2022-01-15T13:54:12.788Z</Time>
                        <Position>
                            <LatitudeDegrees>30.52115249633789</LatitudeDegrees>
                            <LongitudeDegrees>104.05873107910156</LongitudeDegrees>
                        </Position>
                        <AltitudeMeters>427.15643310546875</AltitudeMeters>
                    </Trackpoint>
                    <Trackpoint>
                        <DistanceMeters>1106.1669353246689</DistanceMeters>
                        <Time>2022-01-15T13:54:13.557Z</Time>
                        <Position>
                            <LatitudeDegrees>30.521129608154297</LatitudeDegrees>
                            <LongitudeDegrees>104.0587387084961</LongitudeDegrees>
                        </Position>
                        <AltitudeMeters>427.15643310546875</AltitudeMeters>
                    </Trackpoint>
                    <Trackpoint>
                        <DistanceMeters>1106.1669353246689</DistanceMeters>
                        <Time>2022-01-15T13:54:13.874Z</Time>
                        <Position>
                            <LatitudeDegrees>30.5211181640625</LatitudeDegrees>
                            <LongitudeDegrees>104.0587387084961</LongitudeDegrees>
                        </Position>
                        <AltitudeMeters>427.15643310546875</AltitudeMeters>
                    </Trackpoint>
                    <Trackpoint>
                        <DistanceMeters>1106.1669353246689</DistanceMeters>
                        <Time>2022-01-15T13:54:14.516Z</Time>
                        <Position>
                            <LatitudeDegrees>30.521102905273438</LatitudeDegrees>
                            <LongitudeDegrees>104.05874633789062</LongitudeDegrees>
                        </Position>
                        <AltitudeMeters>427.15643310546875</AltitudeMeters>
                    </Trackpoint>
                    <Trackpoint>
                        <DistanceMeters>1106.1669353246689</DistanceMeters>
                        <Time>2022-01-15T13:54:15.538Z</Time>
                        <Position>
                            <LatitudeDegrees>30.52107810974121</LatitudeDegrees>
                            <LongitudeDegrees>104.05875396728516</LongitudeDegrees>
                        </Position>
                        <AltitudeMeters>427.1399230957031</AltitudeMeters>
                    </Trackpoint>
                    <Trackpoint>
                        <DistanceMeters>1106.1669353246689</DistanceMeters>
                        <Time>2022-01-15T13:54:16.151Z</Time>
                        <Position>
                            <LatitudeDegrees>30.521060943603516</LatitudeDegrees>
                            <LongitudeDegrees>104.05875396728516</LongitudeDegrees>
                        </Position>
                        <AltitudeMeters>427.1399230957031</AltitudeMeters>
                    </Trackpoint>
                    <Trackpoint>
                        <DistanceMeters>1106.1669353246689</DistanceMeters>
                        <Time>2022-01-15T13:54:16.789Z</Time>
                        <Position>
                            <LatitudeDegrees>30.521045684814453</LatitudeDegrees>
                            <LongitudeDegrees>104.05876159667969</LongitudeDegrees>
                        </Position>
                        <AltitudeMeters>431.1000061035156</AltitudeMeters>
                    </Trackpoint>
                    <Trackpoint>
                        <DistanceMeters>1106.1669353246689</DistanceMeters>
                        <Time>2022-01-15T13:54:17.471Z</Time>
                        <Position>
                            <LatitudeDegrees>30.521032333374023</LatitudeDegrees>
                            <LongitudeDegrees>104.05876159667969</LongitudeDegrees>
                        </Position>
                        <AltitudeMeters>431.1000061035156</AltitudeMeters>
                    </Trackpoint>
                    <Trackpoint>
                        <DistanceMeters>1106.1669353246689</DistanceMeters>
                        <Time>2022-01-15T13:54:18.130Z</Time>
                        <Position>
                            <LatitudeDegrees>30.521020889282227</LatitudeDegrees>
                            <LongitudeDegrees>104.05875396728516</LongitudeDegrees>
                        </Position>
                        <AltitudeMeters>431.1000061035156</AltitudeMeters>
                    </Trackpoint>
                    <Trackpoint>
                        <DistanceMeters>1106.1669353246689</DistanceMeters>
                        <Time>2022-01-15T13:54:18.477Z</Time>
                        <Position>
                            <LatitudeDegrees>30.521013259887695</LatitudeDegrees>
                            <LongitudeDegrees>104.05874633789062</LongitudeDegrees>
                        </Position>
                        <AltitudeMeters>431.1000061035156</AltitudeMeters>
                    </Trackpoint>
                    <Trackpoint>
                        <DistanceMeters>1106.1669353246689</DistanceMeters>
                        <Time>2022-01-15T13:54:19.116Z</Time>
                        <Position>
                            <LatitudeDegrees>30.52100372314453</LatitudeDegrees>
                            <LongitudeDegrees>104.05873107910156</LongitudeDegrees>
                        </Position>
                        <AltitudeMeters>431.1000061035156</AltitudeMeters>
                    </Trackpoint>
                    <Trackpoint>
                        <DistanceMeters>1106.1669353246689</DistanceMeters>
                        <Time>2022-01-15T13:54:19.452Z</Time>
                        <Position>
                            <LatitudeDegrees>30.520999908447266</LatitudeDegrees>
                            <LongitudeDegrees>104.0587158203125</LongitudeDegrees>
                        </Position>
                        <AltitudeMeters>431.1000061035156</AltitudeMeters>
                    </Trackpoint>
                    <Trackpoint>
                        <DistanceMeters>1106.1669353246689</DistanceMeters>
                        <Time>2022-01-15T13:54:20.074Z</Time>
                        <Position>
                            <LatitudeDegrees>30.520992279052734</LatitudeDegrees>
                            <LongitudeDegrees>104.05870819091797</LongitudeDegrees>
                        </Position>
                        <AltitudeMeters>431.1000061035156</AltitudeMeters>
                    </Trackpoint>
                    <Trackpoint>
                        <DistanceMeters>1106.1669353246689</DistanceMeters>
                        <Time>2022-01-15T13:54:20.677Z</Time>
                        <Position>
                            <LatitudeDegrees>30.520984649658203</LatitudeDegrees>
                            <LongitudeDegrees>104.0586929321289</LongitudeDegrees>
                        </Position>
                        <AltitudeMeters>431.1000061035156</AltitudeMeters>
                    </Trackpoint>
                    <Trackpoint>
                        <DistanceMeters>1106.1669353246689</DistanceMeters>
                        <Time>2022-01-15T13:54:21.412Z</Time>
                        <Position>
                            <LatitudeDegrees>30.520977020263672</LatitudeDegrees>
                            <LongitudeDegrees>104.05867004394531</LongitudeDegrees>
                        </Position>
                        <AltitudeMeters>431.1000061035156</AltitudeMeters>
                    </Trackpoint>
                    <Trackpoint>
                        <DistanceMeters>1106.1669353246689</DistanceMeters>
                        <Time>2022-01-15T13:54:22.035Z</Time>
                        <Position>
                            <LatitudeDegrees>30.520967483520508</LatitudeDegrees>
                            <LongitudeDegrees>104.05865478515625</LongitudeDegrees>
                        </Position>
                        <AltitudeMeters>431.1000061035156</AltitudeMeters>
                    </Trackpoint>
                    <Trackpoint>
                        <DistanceMeters>1106.1669353246689</DistanceMeters>
                        <Time>2022-01-15T13:54:22.678Z</Time>
                        <Position>
                            <LatitudeDegrees>30.520959854125977</LatitudeDegrees>
                            <LongitudeDegrees>104.05863952636719</LongitudeDegrees>
                        </Position>
                        <AltitudeMeters>431.1000061035156</AltitudeMeters>
                    </Trackpoint>
                    <Trackpoint>
                        <DistanceMeters>1106.1669353246689</DistanceMeters>
                        <Time>2022-01-15T13:54:22.994Z</Time>
                        <Position>
                            <LatitudeDegrees>30.520959854125977</LatitudeDegrees>
                            <LongitudeDegrees>104.05862426757812</LongitudeDegrees>
                        </Position>
                        <AltitudeMeters>431.1000061035156</AltitudeMeters>
                    </Trackpoint>
                    <Trackpoint>
                        <DistanceMeters>1106.1669353246689</DistanceMeters>
                        <Time>2022-01-15T13:54:23.674Z</Time>
                        <Position>
                            <LatitudeDegrees>30.520954132080078</LatitudeDegrees>
                            <LongitudeDegrees>104.05860900878906</LongitudeDegrees>
                        </Position>
                        <AltitudeMeters>431.1000061035156</AltitudeMeters>
                    </Trackpoint>
                    <Trackpoint>
                        <DistanceMeters>1106.1669353246689</DistanceMeters>
                        <Time>2022-01-15T13:54:24.789Z</Time>
                        <Position>
                            <LatitudeDegrees>30.52094268798828</LatitudeDegrees>
                            <LongitudeDegrees>104.05857849121094</LongitudeDegrees>
                        </Position>
                        <AltitudeMeters>431.1000061035156</AltitudeMeters>
                    </Trackpoint>
                    <Trackpoint>
                        <DistanceMeters>1106.1669353246689</DistanceMeters>
                        <Time>2022-01-15T13:54:25.264Z</Time>
                        <Position>
                            <LatitudeDegrees>30.520938873291016</LatitudeDegrees>
                            <LongitudeDegrees>104.05856323242188</LongitudeDegrees>
                        </Position>
                        <AltitudeMeters>431.1000061035156</AltitudeMeters>
                    </Trackpoint>
                    <Trackpoint>
                        <DistanceMeters>1106.1669353246689</DistanceMeters>
                        <Time>2022-01-15T13:54:25.875Z</Time>
                        <Position>
                            <LatitudeDegrees>30.520933151245117</LatitudeDegrees>
                            <LongitudeDegrees>104.05855560302734</LongitudeDegrees>
                        </Position>
                        <AltitudeMeters>431.1000061035156</AltitudeMeters>
                    </Trackpoint>
                    <Trackpoint>
                        <DistanceMeters>1106.1669353246689</DistanceMeters>
                        <Time>2022-01-15T13:54:26.572Z</Time>
                        <Position>
                            <LatitudeDegrees>30.520925521850586</LatitudeDegrees>
                            <LongitudeDegrees>104.05854034423828</LongitudeDegrees>
                        </Position>
                        <AltitudeMeters>431.1000061035156</AltitudeMeters>
                    </Trackpoint>
                    <Trackpoint>
                        <DistanceMeters>1106.1669353246689</DistanceMeters>
                        <Time>2022-01-15T13:54:28.789Z</Time>
                        <Position>
                            <LatitudeDegrees>30.520902633666992</LatitudeDegrees>
                            <LongitudeDegrees>104.0584945678711</LongitudeDegrees>
                        </Position>
                        <AltitudeMeters>431.1000061035156</AltitudeMeters>
                    </Trackpoint>
                    <Trackpoint>
                        <DistanceMeters>1106.1669353246689</DistanceMeters>
                        <Time>2022-01-15T13:54:29.815Z</Time>
                        <Position>
                            <LatitudeDegrees>30.52089500427246</LatitudeDegrees>
                            <LongitudeDegrees>104.0584716796875</LongitudeDegrees>
                        </Position>
                        <AltitudeMeters>431.1000061035156</AltitudeMeters>
                    </Trackpoint>
                    <Trackpoint>
                        <DistanceMeters>1183.6625026464462</DistanceMeters>
                        <Time>2022-01-15T13:54:30.789Z</Time>
                        <Position>
                            <LatitudeDegrees>30.52088737487793</LatitudeDegrees>
                            <LongitudeDegrees>104.05844116210938</LongitudeDegrees>
                        </Position>
                        <AltitudeMeters>431.1000061035156</AltitudeMeters>
                    </Trackpoint>
                    <Trackpoint>
                        <DistanceMeters>1183.6625026464462</DistanceMeters>
                        <Time>2022-01-15T13:54:31.834Z</Time>
                        <Position>
                            <LatitudeDegrees>30.5208797454834</LatitudeDegrees>
                            <LongitudeDegrees>104.05841827392578</LongitudeDegrees>
                        </Position>
                        <AltitudeMeters>431.1000061035156</AltitudeMeters>
                    </Trackpoint>
                    <Trackpoint>
                        <DistanceMeters>1183.6625026464462</DistanceMeters>
                        <Time>2022-01-15T13:54:32.475Z</Time>
                        <Position>
                            <LatitudeDegrees>30.520875930786133</LatitudeDegrees>
                            <LongitudeDegrees>104.05840301513672</LongitudeDegrees>
                        </Position>
                        <AltitudeMeters>431.1000061035156</AltitudeMeters>
                    </Trackpoint>
                    <Trackpoint>
                        <DistanceMeters>1183.6625026464462</DistanceMeters>
                        <Time>2022-01-15T13:54:33.078Z</Time>
                        <Position>
                            <LatitudeDegrees>30.520875930786133</LatitudeDegrees>
                            <LongitudeDegrees>104.05838775634766</LongitudeDegrees>
                        </Position>
                        <AltitudeMeters>431.1000061035156</AltitudeMeters>
                    </Trackpoint>
                    <Trackpoint>
                        <DistanceMeters>1183.6625026464462</DistanceMeters>
                        <Time>2022-01-15T13:54:33.691Z</Time>
                        <Position>
                            <LatitudeDegrees>30.5208740234375</LatitudeDegrees>
                            <LongitudeDegrees>104.0583724975586</LongitudeDegrees>
                        </Position>
                        <AltitudeMeters>431.1000061035156</AltitudeMeters>
                    </Trackpoint>
                    <Trackpoint>
                        <DistanceMeters>1183.6625026464462</DistanceMeters>
                        <Time>2022-01-15T13:54:34.659Z</Time>
                        <Position>
                            <LatitudeDegrees>30.520870208740234</LatitudeDegrees>
                            <LongitudeDegrees>104.058349609375</LongitudeDegrees>
                        </Position>
                        <AltitudeMeters>431.1000061035156</AltitudeMeters>
                    </Trackpoint>
                    <Trackpoint>
                        <DistanceMeters>1183.6625026464462</DistanceMeters>
                        <Time>2022-01-15T13:54:35.673Z</Time>
                        <Position>
                            <LatitudeDegrees>30.520872116088867</LatitudeDegrees>
                            <LongitudeDegrees>104.05831909179688</LongitudeDegrees>
                        </Position>
                        <AltitudeMeters>431.1000061035156</AltitudeMeters>
                    </Trackpoint>
                    <Trackpoint>
                        <DistanceMeters>1183.6625026464462</DistanceMeters>
                        <Time>2022-01-15T13:54:36.789Z</Time>
                        <Position>
                            <LatitudeDegrees>30.520854949951172</LatitudeDegrees>
                            <LongitudeDegrees>104.05828094482422</LongitudeDegrees>
                        </Position>
                        <AltitudeMeters>431.1000061035156</AltitudeMeters>
                    </Trackpoint>
                    <Trackpoint>
                        <DistanceMeters>1183.6625026464462</DistanceMeters>
                        <Time>2022-01-15T13:54:38.789Z</Time>
                        <Position>
                            <LatitudeDegrees>30.52082061767578</LatitudeDegrees>
                            <LongitudeDegrees>104.05823516845703</LongitudeDegrees>
                        </Position>
                        <AltitudeMeters>431.1000061035156</AltitudeMeters>
                    </Trackpoint>
                    <Trackpoint>
                        <DistanceMeters>1183.6625026464462</DistanceMeters>
                        <Time>2022-01-15T13:54:39.592Z</Time>
                        <Position>
                            <LatitudeDegrees>30.52080726623535</LatitudeDegrees>
                            <LongitudeDegrees>104.05821990966797</LongitudeDegrees>
                        </Position>
                        <AltitudeMeters>431.1000061035156</AltitudeMeters>
                    </Trackpoint>
                    <Trackpoint>
                        <DistanceMeters>1183.6625026464462</DistanceMeters>
                        <Time>2022-01-15T13:54:40.789Z</Time>
                        <Position>
                            <LatitudeDegrees>30.520795822143555</LatitudeDegrees>
                            <LongitudeDegrees>104.05818939208984</LongitudeDegrees>
                        </Position>
                        <AltitudeMeters>431.1000061035156</AltitudeMeters>
                    </Trackpoint>
                    <Trackpoint>
                        <DistanceMeters>1183.6625026464462</DistanceMeters>
                        <Time>2022-01-15T13:54:42.476Z</Time>
                        <Position>
                            <LatitudeDegrees>30.520780563354492</LatitudeDegrees>
                            <LongitudeDegrees>104.05814361572266</LongitudeDegrees>
                        </Position>
                        <AltitudeMeters>431.1000061035156</AltitudeMeters>
                    </Trackpoint>
                    <Trackpoint>
                        <DistanceMeters>1183.6625026464462</DistanceMeters>
                        <Time>2022-01-15T13:54:43.552Z</Time>
                        <Position>
                            <LatitudeDegrees>30.52075958251953</LatitudeDegrees>
                            <LongitudeDegrees>104.05812072753906</LongitudeDegrees>
                        </Position>
                        <AltitudeMeters>431.1000061035156</AltitudeMeters>
                    </Trackpoint>
                    <Trackpoint>
                        <DistanceMeters>1183.6625026464462</DistanceMeters>
                        <Time>2022-01-15T13:54:44.390Z</Time>
                        <Position>
                            <LatitudeDegrees>30.520742416381836</LatitudeDegrees>
                            <LongitudeDegrees>104.05809783935547</LongitudeDegrees>
                        </Position>
                        <AltitudeMeters>431.1000061035156</AltitudeMeters>
                    </Trackpoint>
                    <Trackpoint>
                        <DistanceMeters>1183.6625026464462</DistanceMeters>
                        <Time>2022-01-15T13:54:44.788Z</Time>
                        <Position>
                            <LatitudeDegrees>30.520732879638672</LatitudeDegrees>
                            <LongitudeDegrees>104.05809020996094</LongitudeDegrees>
                        </Position>
                        <AltitudeMeters>431.1000061035156</AltitudeMeters>
                    </Trackpoint>
                    <Trackpoint>
                        <DistanceMeters>1183.6625026464462</DistanceMeters>
                        <Time>2022-01-15T13:54:45.151Z</Time>
                        <Position>
                            <LatitudeDegrees>30.520723342895508</LatitudeDegrees>
                            <LongitudeDegrees>104.05809020996094</LongitudeDegrees>
                        </Position>
                        <AltitudeMeters>431.1000061035156</AltitudeMeters>
                    </Trackpoint>
                    <Trackpoint>
                        <DistanceMeters>1183.6625026464462</DistanceMeters>
                        <Time>2022-01-15T13:54:46.138Z</Time>
                        <Position>
                            <LatitudeDegrees>30.520706176757812</LatitudeDegrees>
                            <LongitudeDegrees>104.05807495117188</LongitudeDegrees>
                        </Position>
                        <AltitudeMeters>431.1000061035156</AltitudeMeters>
                    </Trackpoint>
                    <Trackpoint>
                        <DistanceMeters>1183.6625026464462</DistanceMeters>
                        <Time>2022-01-15T13:54:46.751Z</Time>
                        <Position>
                            <LatitudeDegrees>30.520694732666016</LatitudeDegrees>
                            <LongitudeDegrees>104.05807495117188</LongitudeDegrees>
                        </Position>
                        <AltitudeMeters>431.1000061035156</AltitudeMeters>
                    </Trackpoint>
                    <Trackpoint>
                        <DistanceMeters>1183.6625026464462</DistanceMeters>
                        <Time>2022-01-15T13:54:48.015Z</Time>
                        <Position>
                            <LatitudeDegrees>30.520689010620117</LatitudeDegrees>
                            <LongitudeDegrees>104.05805206298828</LongitudeDegrees>
                        </Position>
                        <AltitudeMeters>431.1000061035156</AltitudeMeters>
                    </Trackpoint>
                    <Trackpoint>
                        <DistanceMeters>1183.6625026464462</DistanceMeters>
                        <Time>2022-01-15T13:54:48.675Z</Time>
                        <Position>
                            <LatitudeDegrees>30.52068519592285</LatitudeDegrees>
                            <LongitudeDegrees>104.05804443359375</LongitudeDegrees>
                        </Position>
                        <AltitudeMeters>431.1000061035156</AltitudeMeters>
                    </Trackpoint>
                    <Trackpoint>
                        <DistanceMeters>1183.6625026464462</DistanceMeters>
                        <Time>2022-01-15T13:54:49.930Z</Time>
                        <Position>
                            <LatitudeDegrees>30.520675659179688</LatitudeDegrees>
                            <LongitudeDegrees>104.05802154541016</LongitudeDegrees>
                        </Position>
                        <AltitudeMeters>431.1000061035156</AltitudeMeters>
                    </Trackpoint>
                    <Trackpoint>
                        <DistanceMeters>1183.6625026464462</DistanceMeters>
                        <Time>2022-01-15T13:54:50.589Z</Time>
                        <Position>
                            <LatitudeDegrees>30.520671844482422</LatitudeDegrees>
                            <LongitudeDegrees>104.05801391601562</LongitudeDegrees>
                        </Position>
                        <AltitudeMeters>431.1000061035156</AltitudeMeters>
                    </Trackpoint>
                    <Trackpoint>
                        <DistanceMeters>1183.6625026464462</DistanceMeters>
                        <Time>2022-01-15T13:54:51.890Z</Time>
                        <Position>
                            <LatitudeDegrees>30.52066421508789</LatitudeDegrees>
                            <LongitudeDegrees>104.0579833984375</LongitudeDegrees>
                        </Position>
                        <AltitudeMeters>431.1000061035156</AltitudeMeters>
                    </Trackpoint>
                    <Trackpoint>
                        <DistanceMeters>1183.6625026464462</DistanceMeters>
                        <Time>2022-01-15T13:54:52.551Z</Time>
                        <Position>
                            <LatitudeDegrees>30.52066421508789</LatitudeDegrees>
                            <LongitudeDegrees>104.05796813964844</LongitudeDegrees>
                        </Position>
                        <AltitudeMeters>431.1000061035156</AltitudeMeters>
                    </Trackpoint>
                    <Trackpoint>
                        <DistanceMeters>1183.6625026464462</DistanceMeters>
                        <Time>2022-01-15T13:54:53.192Z</Time>
                        <Position>
                            <LatitudeDegrees>30.520660400390625</LatitudeDegrees>
                            <LongitudeDegrees>104.05794525146484</LongitudeDegrees>
                        </Position>
                        <AltitudeMeters>431.1000061035156</AltitudeMeters>
                    </Trackpoint>
                    <Trackpoint>
                        <DistanceMeters>1183.6625026464462</DistanceMeters>
                        <Time>2022-01-15T13:54:53.853Z</Time>
                        <Position>
                            <LatitudeDegrees>30.520652770996094</LatitudeDegrees>
                            <LongitudeDegrees>104.05792999267578</LongitudeDegrees>
                        </Position>
                        <AltitudeMeters>431.1000061035156</AltitudeMeters>
                    </Trackpoint>
                    <Trackpoint>
                        <DistanceMeters>1183.6625026464462</DistanceMeters>
                        <Time>2022-01-15T13:54:54.514Z</Time>
                        <Position>
                            <LatitudeDegrees>30.520647048950195</LatitudeDegrees>
                            <LongitudeDegrees>104.05791473388672</LongitudeDegrees>
                        </Position>
                        <AltitudeMeters>431.1000061035156</AltitudeMeters>
                    </Trackpoint>
                    <Trackpoint>
                        <DistanceMeters>1183.6625026464462</DistanceMeters>
                        <Time>2022-01-15T13:54:54.789Z</Time>
                        <Position>
                            <LatitudeDegrees>30.520645141601562</LatitudeDegrees>
                            <LongitudeDegrees>104.05790710449219</LongitudeDegrees>
                        </Position>
                        <AltitudeMeters>431.1000061035156</AltitudeMeters>
                    </Trackpoint>
                    <Trackpoint>
                        <DistanceMeters>1183.6625026464462</DistanceMeters>
                        <Time>2022-01-15T13:54:55.172Z</Time>
                        <Position>
                            <LatitudeDegrees>30.520641326904297</LatitudeDegrees>
                            <LongitudeDegrees>104.05789184570312</LongitudeDegrees>
                        </Position>
                        <AltitudeMeters>431.1000061035156</AltitudeMeters>
                    </Trackpoint>
                    <Trackpoint>
                        <DistanceMeters>1183.6625026464462</DistanceMeters>
                        <Time>2022-01-15T13:54:55.850Z</Time>
                        <Position>
                            <LatitudeDegrees>30.52063751220703</LatitudeDegrees>
                            <LongitudeDegrees>104.05787658691406</LongitudeDegrees>
                        </Position>
                        <AltitudeMeters>431.1000061035156</AltitudeMeters>
                    </Trackpoint>
                    <Trackpoint>
                        <DistanceMeters>1183.6625026464462</DistanceMeters>
                        <Time>2022-01-15T13:54:56.475Z</Time>
                        <Position>
                            <LatitudeDegrees>30.5206356048584</LatitudeDegrees>
                            <LongitudeDegrees>104.057861328125</LongitudeDegrees>
                        </Position>
                        <AltitudeMeters>431.1000061035156</AltitudeMeters>
                    </Trackpoint>
                    <Trackpoint>
                        <DistanceMeters>1183.6625026464462</DistanceMeters>
                        <Time>2022-01-15T13:54:57.132Z</Time>
                        <Position>
                            <LatitudeDegrees>30.5206356048584</LatitudeDegrees>
                            <LongitudeDegrees>104.0578384399414</LongitudeDegrees>
                        </Position>
                        <AltitudeMeters>431.1000061035156</AltitudeMeters>
                    </Trackpoint>
                    <Trackpoint>
                        <DistanceMeters>1183.6625026464462</DistanceMeters>
                        <Time>2022-01-15T13:54:58.111Z</Time>
                        <Position>
                            <LatitudeDegrees>30.520639419555664</LatitudeDegrees>
                            <LongitudeDegrees>104.05781555175781</LongitudeDegrees>
                        </Position>
                        <AltitudeMeters>431.1000061035156</AltitudeMeters>
                    </Trackpoint>
                    <Trackpoint>
                        <DistanceMeters>1183.6625026464462</DistanceMeters>
                        <Time>2022-01-15T13:54:58.798Z</Time>
                        <Position>
                            <LatitudeDegrees>30.520647048950195</LatitudeDegrees>
                            <LongitudeDegrees>104.05780029296875</LongitudeDegrees>
                        </Position>
                        <AltitudeMeters>431.1000061035156</AltitudeMeters>
                    </Trackpoint>
                    <Trackpoint>
                        <DistanceMeters>1183.6625026464462</DistanceMeters>
                        <Time>2022-01-15T13:54:59.113Z</Time>
                        <Position>
                            <LatitudeDegrees>30.520654678344727</LatitudeDegrees>
                            <LongitudeDegrees>104.05780029296875</LongitudeDegrees>
                        </Position>
                        <AltitudeMeters>431.1000061035156</AltitudeMeters>
                    </Trackpoint>
                    <Trackpoint>
                        <DistanceMeters>1183.6625026464462</DistanceMeters>
                        <Time>2022-01-15T13:54:59.754Z</Time>
                        <Position>
                            <LatitudeDegrees>30.52066421508789</LatitudeDegrees>
                            <LongitudeDegrees>104.05778503417969</LongitudeDegrees>
                        </Position>
                        <AltitudeMeters>431.1000061035156</AltitudeMeters>
                    </Trackpoint>
                    <Trackpoint>
                        <DistanceMeters>1259.536350607872</DistanceMeters>
                        <Time>2022-01-15T13:55:00.415Z</Time>
                        <Position>
                            <LatitudeDegrees>30.520668029785156</LatitudeDegrees>
                            <LongitudeDegrees>104.05777740478516</LongitudeDegrees>
                        </Position>
                        <AltitudeMeters>431.1000061035156</AltitudeMeters>
                    </Trackpoint>
                    <Trackpoint>
                        <DistanceMeters>1259.536350607872</DistanceMeters>
                        <Time>2022-01-15T13:55:02.360Z</Time>
                        <Position>
                            <LatitudeDegrees>30.520675659179688</LatitudeDegrees>
                            <LongitudeDegrees>104.0577392578125</LongitudeDegrees>
                        </Position>
                        <AltitudeMeters>431.1000061035156</AltitudeMeters>
                    </Trackpoint>
                    <Trackpoint>
                        <DistanceMeters>1259.536350607872</DistanceMeters>
                        <Time>2022-01-15T13:55:02.989Z</Time>
                        <Position>
                            <LatitudeDegrees>30.520675659179688</LatitudeDegrees>
                            <LongitudeDegrees>104.05772399902344</LongitudeDegrees>
                        </Position>
                        <AltitudeMeters>431.1000061035156</AltitudeMeters>
                    </Trackpoint>
                    <Trackpoint>
                        <DistanceMeters>1259.536350607872</DistanceMeters>
                        <Time>2022-01-15T13:55:03.992Z</Time>
                        <Position>
                            <LatitudeDegrees>30.520675659179688</LatitudeDegrees>
                            <LongitudeDegrees>104.05770111083984</LongitudeDegrees>
                        </Position>
                        <AltitudeMeters>431.1000061035156</AltitudeMeters>
                    </Trackpoint>
                    <Trackpoint>
                        <DistanceMeters>1259.536350607872</DistanceMeters>
                        <Time>2022-01-15T13:55:04.789Z</Time>
                        <Position>
                            <LatitudeDegrees>30.520673751831055</LatitudeDegrees>
                            <LongitudeDegrees>104.05768585205078</LongitudeDegrees>
                        </Position>
                        <AltitudeMeters>431.1000061035156</AltitudeMeters>
                    </Trackpoint>
                    <Trackpoint>
                        <DistanceMeters>1259.536350607872</DistanceMeters>
                        <Time>2022-01-15T13:55:05.696Z</Time>
                        <Position>
                            <LatitudeDegrees>30.520668029785156</LatitudeDegrees>
                            <LongitudeDegrees>104.05766296386719</LongitudeDegrees>
                        </Position>
                        <AltitudeMeters>431.1000061035156</AltitudeMeters>
                    </Trackpoint>
                    <Trackpoint>
                        <DistanceMeters>1259.536350607872</DistanceMeters>
                        <Time>2022-01-15T13:55:06.578Z</Time>
                        <Position>
                            <LatitudeDegrees>30.520662307739258</LatitudeDegrees>
                            <LongitudeDegrees>104.05764770507812</LongitudeDegrees>
                        </Position>
                        <AltitudeMeters>431.1000061035156</AltitudeMeters>
                    </Trackpoint>
                    <Trackpoint>
                        <DistanceMeters>1259.536350607872</DistanceMeters>
                        <Time>2022-01-15T13:55:06.950Z</Time>
                        <Position>
                            <LatitudeDegrees>30.520652770996094</LatitudeDegrees>
                            <LongitudeDegrees>104.05763244628906</LongitudeDegrees>
                        </Position>
                        <AltitudeMeters>431.1000061035156</AltitudeMeters>
                    </Trackpoint>
                    <Trackpoint>
                        <DistanceMeters>1259.536350607872</DistanceMeters>
                        <Time>2022-01-15T13:55:07.655Z</Time>
                        <Position>
                            <LatitudeDegrees>30.520647048950195</LatitudeDegrees>
                            <LongitudeDegrees>104.0576171875</LongitudeDegrees>
                        </Position>
                        <AltitudeMeters>431.1000061035156</AltitudeMeters>
                    </Trackpoint>
                    <Trackpoint>
                        <DistanceMeters>1259.536350607872</DistanceMeters>
                        <Time>2022-01-15T13:55:08.213Z</Time>
                        <Position>
                            <LatitudeDegrees>30.520639419555664</LatitudeDegrees>
                            <LongitudeDegrees>104.05760192871094</LongitudeDegrees>
                        </Position>
                        <AltitudeMeters>431.1000061035156</AltitudeMeters>
                    </Trackpoint>
                    <Trackpoint>
                        <DistanceMeters>1259.536350607872</DistanceMeters>
                        <Time>2022-01-15T13:55:08.529Z</Time>
                        <Position>
                            <LatitudeDegrees>30.520633697509766</LatitudeDegrees>
                            <LongitudeDegrees>104.0575942993164</LongitudeDegrees>
                        </Position>
                        <AltitudeMeters>431.1000061035156</AltitudeMeters>
                    </Trackpoint>
                    <Trackpoint>
                        <DistanceMeters>1259.536350607872</DistanceMeters>
                        <Time>2022-01-15T13:55:09.217Z</Time>
                        <Position>
                            <LatitudeDegrees>30.52062225341797</LatitudeDegrees>
                            <LongitudeDegrees>104.05757141113281</LongitudeDegrees>
                        </Position>
                        <AltitudeMeters>431.1000061035156</AltitudeMeters>
                    </Trackpoint>
                    <Trackpoint>
                        <DistanceMeters>1259.536350607872</DistanceMeters>
                        <Time>2022-01-15T13:55:10.156Z</Time>
                        <Position>
                            <LatitudeDegrees>30.52061653137207</LatitudeDegrees>
                            <LongitudeDegrees>104.05754089355469</LongitudeDegrees>
                        </Position>
                        <AltitudeMeters>431.1000061035156</AltitudeMeters>
                    </Trackpoint>
                    <Trackpoint>
                        <DistanceMeters>1259.536350607872</DistanceMeters>
                        <Time>2022-01-15T13:55:10.788Z</Time>
                        <Position>
                            <LatitudeDegrees>30.520606994628906</LatitudeDegrees>
                            <LongitudeDegrees>104.05752563476562</LongitudeDegrees>
                        </Position>
                        <AltitudeMeters>431.1000061035156</AltitudeMeters>
                    </Trackpoint>
                    <Trackpoint>
                        <DistanceMeters>1259.536350607872</DistanceMeters>
                        <Time>2022-01-15T13:55:11.532Z</Time>
                        <Position>
                            <LatitudeDegrees>30.52059555053711</LatitudeDegrees>
                            <LongitudeDegrees>104.05750274658203</LongitudeDegrees>
                        </Position>
                        <AltitudeMeters>431.1000061035156</AltitudeMeters>
                    </Trackpoint>
                    <Trackpoint>
                        <DistanceMeters>1259.536350607872</DistanceMeters>
                        <Time>2022-01-15T13:55:12.154Z</Time>
                        <Position>
                            <LatitudeDegrees>30.52058982849121</LatitudeDegrees>
                            <LongitudeDegrees>104.05748748779297</LongitudeDegrees>
                        </Position>
                        <AltitudeMeters>431.1000061035156</AltitudeMeters>
                    </Trackpoint>
                    <Trackpoint>
                        <DistanceMeters>1259.536350607872</DistanceMeters>
                        <Time>2022-01-15T13:55:12.813Z</Time>
                        <Position>
                            <LatitudeDegrees>30.520580291748047</LatitudeDegrees>
                            <LongitudeDegrees>104.0574722290039</LongitudeDegrees>
                        </Position>
                        <AltitudeMeters>431.1000061035156</AltitudeMeters>
                    </Trackpoint>
                    <Trackpoint>
                        <DistanceMeters>1259.536350607872</DistanceMeters>
                        <Time>2022-01-15T13:55:13.410Z</Time>
                        <Position>
                            <LatitudeDegrees>30.52057456970215</LatitudeDegrees>
                            <LongitudeDegrees>104.05745697021484</LongitudeDegrees>
                        </Position>
                        <AltitudeMeters>431.1000061035156</AltitudeMeters>
                    </Trackpoint>
                    <Trackpoint>
                        <DistanceMeters>1259.536350607872</DistanceMeters>
                        <Time>2022-01-15T13:55:14.069Z</Time>
                        <Position>
                            <LatitudeDegrees>30.52056884765625</LatitudeDegrees>
                            <LongitudeDegrees>104.05744171142578</LongitudeDegrees>
                        </Position>
                        <AltitudeMeters>431.1000061035156</AltitudeMeters>
                    </Trackpoint>
                    <Trackpoint>
                        <DistanceMeters>1259.536350607872</DistanceMeters>
                        <Time>2022-01-15T13:55:14.713Z</Time>
                        <Position>
                            <LatitudeDegrees>30.52056121826172</LatitudeDegrees>
                            <LongitudeDegrees>104.05742645263672</LongitudeDegrees>
                        </Position>
                        <AltitudeMeters>431.1000061035156</AltitudeMeters>
                    </Trackpoint>
                    <Trackpoint>
                        <DistanceMeters>1259.536350607872</DistanceMeters>
                        <Time>2022-01-15T13:55:15.388Z</Time>
                        <Position>
                            <LatitudeDegrees>30.520553588867188</LatitudeDegrees>
                            <LongitudeDegrees>104.05741119384766</LongitudeDegrees>
                        </Position>
                        <AltitudeMeters>431.1000061035156</AltitudeMeters>
                    </Trackpoint>
                    <Trackpoint>
                        <DistanceMeters>1259.536350607872</DistanceMeters>
                        <Time>2022-01-15T13:55:15.974Z</Time>
                        <Position>
                            <LatitudeDegrees>30.52054786682129</LatitudeDegrees>
                            <LongitudeDegrees>104.0573959350586</LongitudeDegrees>
                        </Position>
                        <AltitudeMeters>431.1000061035156</AltitudeMeters>
                    </Trackpoint>
                    <Trackpoint>
                        <DistanceMeters>1259.536350607872</DistanceMeters>
                        <Time>2022-01-15T13:55:16.671Z</Time>
                        <Position>
                            <LatitudeDegrees>30.520540237426758</LatitudeDegrees>
                            <LongitudeDegrees>104.05738067626953</LongitudeDegrees>
                        </Position>
                        <AltitudeMeters>431.1000061035156</AltitudeMeters>
                    </Trackpoint>
                    <Trackpoint>
                        <DistanceMeters>1259.536350607872</DistanceMeters>
                        <Time>2022-01-15T13:55:18.355Z</Time>
                        <Position>
                            <LatitudeDegrees>30.520526885986328</LatitudeDegrees>
                            <LongitudeDegrees>104.05734252929688</LongitudeDegrees>
                        </Position>
                        <AltitudeMeters>431.1000061035156</AltitudeMeters>
                    </Trackpoint>
                    <Trackpoint>
                        <DistanceMeters>1259.536350607872</DistanceMeters>
                        <Time>2022-01-15T13:55:18.788Z</Time>
                        <Position>
                            <LatitudeDegrees>30.520523071289062</LatitudeDegrees>
                            <LongitudeDegrees>104.05733489990234</LongitudeDegrees>
                        </Position>
                        <AltitudeMeters>431.1000061035156</AltitudeMeters>
                    </Trackpoint>
                    <Trackpoint>
                        <DistanceMeters>1259.536350607872</DistanceMeters>
                        <Time>2022-01-15T13:55:19.265Z</Time>
                        <Position>
                            <LatitudeDegrees>30.52052116394043</LatitudeDegrees>
                            <LongitudeDegrees>104.05731964111328</LongitudeDegrees>
                        </Position>
                        <AltitudeMeters>431.1000061035156</AltitudeMeters>
                    </Trackpoint>
                    <Trackpoint>
                        <DistanceMeters>1259.536350607872</DistanceMeters>
                        <Time>2022-01-15T13:55:19.899Z</Time>
                        <Position>
                            <LatitudeDegrees>30.520519256591797</LatitudeDegrees>
                            <LongitudeDegrees>104.05730438232422</LongitudeDegrees>
                        </Position>
                        <AltitudeMeters>431.1000061035156</AltitudeMeters>
                    </Trackpoint>
                    <Trackpoint>
                        <DistanceMeters>1259.536350607872</DistanceMeters>
                        <Time>2022-01-15T13:55:20.557Z</Time>
                        <Position>
                            <LatitudeDegrees>30.520519256591797</LatitudeDegrees>
                            <LongitudeDegrees>104.05728149414062</LongitudeDegrees>
                        </Position>
                        <AltitudeMeters>431.1000061035156</AltitudeMeters>
                    </Trackpoint>
                    <Trackpoint>
                        <DistanceMeters>1259.536350607872</DistanceMeters>
                        <Time>2022-01-15T13:55:21.496Z</Time>
                        <Position>
                            <LatitudeDegrees>30.52051544189453</LatitudeDegrees>
                            <LongitudeDegrees>104.05725860595703</LongitudeDegrees>
                        </Position>
                        <AltitudeMeters>431.1000061035156</AltitudeMeters>
                    </Trackpoint>
                    <Trackpoint>
                        <DistanceMeters>1259.536350607872</DistanceMeters>
                        <Time>2022-01-15T13:55:22.139Z</Time>
                        <Position>
                            <LatitudeDegrees>30.520509719848633</LatitudeDegrees>
                            <LongitudeDegrees>104.05724334716797</LongitudeDegrees>
                        </Position>
                        <AltitudeMeters>431.1000061035156</AltitudeMeters>
                    </Trackpoint>
                    <Trackpoint>
                        <DistanceMeters>1259.536350607872</DistanceMeters>
                        <Time>2022-01-15T13:55:22.789Z</Time>
                        <Position>
                            <LatitudeDegrees>30.520505905151367</LatitudeDegrees>
                            <LongitudeDegrees>104.0572280883789</LongitudeDegrees>
                        </Position>
                        <AltitudeMeters>431.1000061035156</AltitudeMeters>
                    </Trackpoint>
                    <Trackpoint>
                        <DistanceMeters>1259.536350607872</DistanceMeters>
                        <Time>2022-01-15T13:55:23.738Z</Time>
                        <Position>
                            <LatitudeDegrees>30.520490646362305</LatitudeDegrees>
                            <LongitudeDegrees>104.05720520019531</LongitudeDegrees>
                        </Position>
                        <AltitudeMeters>431.1000061035156</AltitudeMeters>
                    </Trackpoint>
                    <Trackpoint>
                        <DistanceMeters>1259.536350607872</DistanceMeters>
                        <Time>2022-01-15T13:55:24.377Z</Time>
                        <Position>
                            <LatitudeDegrees>30.520477294921875</LatitudeDegrees>
                            <LongitudeDegrees>104.05719757080078</LongitudeDegrees>
                        </Position>
                        <AltitudeMeters>431.1000061035156</AltitudeMeters>
                    </Trackpoint>
                    <Trackpoint>
                        <DistanceMeters>1259.536350607872</DistanceMeters>
                        <Time>2022-01-15T13:55:24.788Z</Time>
                        <Position>
                            <LatitudeDegrees>30.520469665527344</LatitudeDegrees>
                            <LongitudeDegrees>104.05718994140625</LongitudeDegrees>
                        </Position>
                        <AltitudeMeters>431.1000061035156</AltitudeMeters>
                    </Trackpoint>
                    <Trackpoint>
                        <DistanceMeters>1259.536350607872</DistanceMeters>
                        <Time>2022-01-15T13:55:25.410Z</Time>
                        <Position>
                            <LatitudeDegrees>30.52046012878418</LatitudeDegrees>
                            <LongitudeDegrees>104.05717468261719</LongitudeDegrees>
                        </Position>
                        <AltitudeMeters>431.1000061035156</AltitudeMeters>
                    </Trackpoint>
                    <Trackpoint>
                        <DistanceMeters>1259.536350607872</DistanceMeters>
                        <Time>2022-01-15T13:55:26.051Z</Time>
                        <Position>
                            <LatitudeDegrees>30.520450592041016</LatitudeDegrees>
                            <LongitudeDegrees>104.05716705322266</LongitudeDegrees>
                        </Position>
                        <AltitudeMeters>431.1000061035156</AltitudeMeters>
                    </Trackpoint>
                    <Trackpoint>
                        <DistanceMeters>1259.536350607872</DistanceMeters>
                        <Time>2022-01-15T13:55:27.055Z</Time>
                        <Position>
                            <LatitudeDegrees>30.52043342590332</LatitudeDegrees>
                            <LongitudeDegrees>104.0571517944336</LongitudeDegrees>
                        </Position>
                        <AltitudeMeters>431.1000061035156</AltitudeMeters>
                    </Trackpoint>
                    <Trackpoint>
                        <DistanceMeters>1259.536350607872</DistanceMeters>
                        <Time>2022-01-15T13:55:27.678Z</Time>
                        <Position>
                            <LatitudeDegrees>30.520423889160156</LatitudeDegrees>
                            <LongitudeDegrees>104.05713653564453</LongitudeDegrees>
                        </Position>
                        <AltitudeMeters>431.1000061035156</AltitudeMeters>
                    </Trackpoint>
                    <Trackpoint>
                        <DistanceMeters>1259.536350607872</DistanceMeters>
                        <Time>2022-01-15T13:55:28.338Z</Time>
                        <Position>
                            <LatitudeDegrees>30.520414352416992</LatitudeDegrees>
                            <LongitudeDegrees>104.05712890625</LongitudeDegrees>
                        </Position>
                        <AltitudeMeters>431.1000061035156</AltitudeMeters>
                    </Trackpoint>
                    <Trackpoint>
                        <DistanceMeters>1259.536350607872</DistanceMeters>
                        <Time>2022-01-15T13:55:29.334Z</Time>
                        <Position>
                            <LatitudeDegrees>30.52039909362793</LatitudeDegrees>
                            <LongitudeDegrees>104.05711364746094</LongitudeDegrees>
                        </Position>
                        <AltitudeMeters>431.1000061035156</AltitudeMeters>
                    </Trackpoint>
                    <Trackpoint>
                        <DistanceMeters>1259.536350607872</DistanceMeters>
                        <Time>2022-01-15T13:55:29.994Z</Time>
                        <Position>
                            <LatitudeDegrees>30.520397186279297</LatitudeDegrees>
                            <LongitudeDegrees>104.05709838867188</LongitudeDegrees>
                        </Position>
                        <AltitudeMeters>431.1000061035156</AltitudeMeters>
                    </Trackpoint>
                    <Trackpoint>
                        <DistanceMeters>1331.9649547338486</DistanceMeters>
                        <Time>2022-01-15T13:55:30.934Z</Time>
                        <Position>
                            <LatitudeDegrees>30.520397186279297</LatitudeDegrees>
                            <LongitudeDegrees>104.05707550048828</LongitudeDegrees>
                        </Position>
                        <AltitudeMeters>431.1000061035156</AltitudeMeters>
                    </Trackpoint>
                    <Trackpoint>
                        <DistanceMeters>1331.9649547338486</DistanceMeters>
                        <Time>2022-01-15T13:55:31.595Z</Time>
                        <Position>
                            <LatitudeDegrees>30.5203914642334</LatitudeDegrees>
                            <LongitudeDegrees>104.05706787109375</LongitudeDegrees>
                        </Position>
                        <AltitudeMeters>431.1000061035156</AltitudeMeters>
                    </Trackpoint>
                    <Trackpoint>
                        <DistanceMeters>1331.9649547338486</DistanceMeters>
                        <Time>2022-01-15T13:55:32.273Z</Time>
                        <Position>
                            <LatitudeDegrees>30.520387649536133</LatitudeDegrees>
                            <LongitudeDegrees>104.05705261230469</LongitudeDegrees>
                        </Position>
                        <AltitudeMeters>431.1000061035156</AltitudeMeters>
                    </Trackpoint>
                    <Trackpoint>
                        <DistanceMeters>1331.9649547338486</DistanceMeters>
                        <Time>2022-01-15T13:55:33.273Z</Time>
                        <Position>
                            <LatitudeDegrees>30.52037811279297</LatitudeDegrees>
                            <LongitudeDegrees>104.05703735351562</LongitudeDegrees>
                        </Position>
                        <AltitudeMeters>431.1000061035156</AltitudeMeters>
                    </Trackpoint>
                    <Trackpoint>
                        <DistanceMeters>1331.9649547338486</DistanceMeters>
                        <Time>2022-01-15T13:55:33.914Z</Time>
                        <Position>
                            <LatitudeDegrees>30.520370483398438</LatitudeDegrees>
                            <LongitudeDegrees>104.05702209472656</LongitudeDegrees>
                        </Position>
                        <AltitudeMeters>431.1000061035156</AltitudeMeters>
                    </Trackpoint>
                    <Trackpoint>
                        <DistanceMeters>1331.9649547338486</DistanceMeters>
                        <Time>2022-01-15T13:55:34.788Z</Time>
                        <Position>
                            <LatitudeDegrees>30.52035903930664</LatitudeDegrees>
                            <LongitudeDegrees>104.0570068359375</LongitudeDegrees>
                        </Position>
                        <AltitudeMeters>431.1000061035156</AltitudeMeters>
                    </Trackpoint>
                    <Trackpoint>
                        <DistanceMeters>1331.9649547338486</DistanceMeters>
                        <Time>2022-01-15T13:55:35.495Z</Time>
                        <Position>
                            <LatitudeDegrees>30.520353317260742</LatitudeDegrees>
                            <LongitudeDegrees>104.05699157714844</LongitudeDegrees>
                        </Position>
                        <AltitudeMeters>431.1000061035156</AltitudeMeters>
                    </Trackpoint>
                    <Trackpoint>
                        <DistanceMeters>1331.9649547338486</DistanceMeters>
                        <Time>2022-01-15T13:55:36.155Z</Time>
                        <Position>
                            <LatitudeDegrees>30.520347595214844</LatitudeDegrees>
                            <LongitudeDegrees>104.05697631835938</LongitudeDegrees>
                        </Position>
                        <AltitudeMeters>431.1000061035156</AltitudeMeters>
                    </Trackpoint>
                    <Trackpoint>
                        <DistanceMeters>1331.9649547338486</DistanceMeters>
                        <Time>2022-01-15T13:55:36.797Z</Time>
                        <Position>
                            <LatitudeDegrees>30.520343780517578</LatitudeDegrees>
                            <LongitudeDegrees>104.05696105957031</LongitudeDegrees>
                        </Position>
                        <AltitudeMeters>431.1000061035156</AltitudeMeters>
                    </Trackpoint>
                    <Trackpoint>
                        <DistanceMeters>1331.9649547338486</DistanceMeters>
                        <Time>2022-01-15T13:55:37.792Z</Time>
                        <Position>
                            <LatitudeDegrees>30.52033042907715</LatitudeDegrees>
                            <LongitudeDegrees>104.05695343017578</LongitudeDegrees>
                        </Position>
                        <AltitudeMeters>431.1000061035156</AltitudeMeters>
                    </Trackpoint>
                    <Trackpoint>
                        <DistanceMeters>1331.9649547338486</DistanceMeters>
                        <Time>2022-01-15T13:55:38.758Z</Time>
                        <Position>
                            <LatitudeDegrees>30.520315170288086</LatitudeDegrees>
                            <LongitudeDegrees>104.05693817138672</LongitudeDegrees>
                        </Position>
                        <AltitudeMeters>431.1000061035156</AltitudeMeters>
                    </Trackpoint>
                    <Trackpoint>
                        <DistanceMeters>1331.9649547338486</DistanceMeters>
                        <Time>2022-01-15T13:55:39.421Z</Time>
                        <Position>
                            <LatitudeDegrees>30.52030372619629</LatitudeDegrees>
                            <LongitudeDegrees>104.05693054199219</LongitudeDegrees>
                        </Position>
                        <AltitudeMeters>431.1000061035156</AltitudeMeters>
                    </Trackpoint>
                    <Trackpoint>
                        <DistanceMeters>1331.9649547338486</DistanceMeters>
                        <Time>2022-01-15T13:55:40.031Z</Time>
                        <Position>
                            <LatitudeDegrees>30.520296096801758</LatitudeDegrees>
                            <LongitudeDegrees>104.05692291259766</LongitudeDegrees>
                        </Position>
                        <AltitudeMeters>431.1000061035156</AltitudeMeters>
                    </Trackpoint>
                    <Trackpoint>
                        <DistanceMeters>1331.9649547338486</DistanceMeters>
                        <Time>2022-01-15T13:55:41.035Z</Time>
                        <Position>
                            <LatitudeDegrees>30.520282745361328</LatitudeDegrees>
                            <LongitudeDegrees>104.05690002441406</LongitudeDegrees>
                        </Position>
                        <AltitudeMeters>431.1000061035156</AltitudeMeters>
                    </Trackpoint>
                    <Trackpoint>
                        <DistanceMeters>1331.9649547338486</DistanceMeters>
                        <Time>2022-01-15T13:55:41.992Z</Time>
                        <Position>
                            <LatitudeDegrees>30.520273208618164</LatitudeDegrees>
                            <LongitudeDegrees>104.056884765625</LongitudeDegrees>
                        </Position>
                        <AltitudeMeters>431.1000061035156</AltitudeMeters>
                    </Trackpoint>
                    <Trackpoint>
                        <DistanceMeters>1331.9649547338486</DistanceMeters>
                        <Time>2022-01-15T13:55:42.650Z</Time>
                        <Position>
                            <LatitudeDegrees>30.520267486572266</LatitudeDegrees>
                            <LongitudeDegrees>104.05687713623047</LongitudeDegrees>
                        </Position>
                        <AltitudeMeters>431.1000061035156</AltitudeMeters>
                    </Trackpoint>
                    <Trackpoint>
                        <DistanceMeters>1331.9649547338486</DistanceMeters>
                        <Time>2022-01-15T13:55:43.298Z</Time>
                        <Position>
                            <LatitudeDegrees>30.520261764526367</LatitudeDegrees>
                            <LongitudeDegrees>104.05686950683594</LongitudeDegrees>
                        </Position>
                        <AltitudeMeters>431.1000061035156</AltitudeMeters>
                    </Trackpoint>
                    <Trackpoint>
                        <DistanceMeters>1331.9649547338486</DistanceMeters>
                        <Time>2022-01-15T13:55:44.511Z</Time>
                        <Position>
                            <LatitudeDegrees>30.52025604248047</LatitudeDegrees>
                            <LongitudeDegrees>104.05684661865234</LongitudeDegrees>
                        </Position>
                        <AltitudeMeters>431.1000061035156</AltitudeMeters>
                    </Trackpoint>
                    <Trackpoint>
                        <DistanceMeters>1331.9649547338486</DistanceMeters>
                        <Time>2022-01-15T13:55:45.878Z</Time>
                        <Position>
                            <LatitudeDegrees>30.520246505737305</LatitudeDegrees>
                            <LongitudeDegrees>104.05683135986328</LongitudeDegrees>
                        </Position>
                        <AltitudeMeters>431.1000061035156</AltitudeMeters>
                    </Trackpoint>
                    <Trackpoint>
                        <DistanceMeters>1331.9649547338486</DistanceMeters>
                        <Time>2022-01-15T13:55:46.509Z</Time>
                        <Position>
                            <LatitudeDegrees>30.520240783691406</LatitudeDegrees>
                            <LongitudeDegrees>104.05681610107422</LongitudeDegrees>
                        </Position>
                        <AltitudeMeters>431.1000061035156</AltitudeMeters>
                    </Trackpoint>
                    <Trackpoint>
                        <DistanceMeters>1331.9649547338486</DistanceMeters>
                        <Time>2022-01-15T13:55:47.171Z</Time>
                        <Position>
                            <LatitudeDegrees>30.520235061645508</LatitudeDegrees>
                            <LongitudeDegrees>104.05680084228516</LongitudeDegrees>
                        </Position>
                        <AltitudeMeters>431.1000061035156</AltitudeMeters>
                    </Trackpoint>
                    <Trackpoint>
                        <DistanceMeters>1331.9649547338486</DistanceMeters>
                        <Time>2022-01-15T13:55:47.793Z</Time>
                        <Position>
                            <LatitudeDegrees>30.52022933959961</LatitudeDegrees>
                            <LongitudeDegrees>104.05679321289062</LongitudeDegrees>
                        </Position>
                        <AltitudeMeters>431.1000061035156</AltitudeMeters>
                    </Trackpoint>
                    <Trackpoint>
                        <DistanceMeters>1331.9649547338486</DistanceMeters>
                        <Time>2022-01-15T13:55:48.156Z</Time>
                        <Position>
                            <LatitudeDegrees>30.520225524902344</LatitudeDegrees>
                            <LongitudeDegrees>104.05677795410156</LongitudeDegrees>
                        </Position>
                        <AltitudeMeters>431.1000061035156</AltitudeMeters>
                    </Trackpoint>
                    <Trackpoint>
                        <DistanceMeters>1331.9649547338486</DistanceMeters>
                        <Time>2022-01-15T13:55:48.789Z</Time>
                        <Position>
                            <LatitudeDegrees>30.520219802856445</LatitudeDegrees>
                            <LongitudeDegrees>104.0567626953125</LongitudeDegrees>
                        </Position>
                        <AltitudeMeters>431.1000061035156</AltitudeMeters>
                    </Trackpoint>
                    <Trackpoint>
                        <DistanceMeters>1331.9649547338486</DistanceMeters>
                        <Time>2022-01-15T13:55:49.755Z</Time>
                        <Position>
                            <LatitudeDegrees>30.52020835876465</LatitudeDegrees>
                            <LongitudeDegrees>104.05674743652344</LongitudeDegrees>
                        </Position>
                        <AltitudeMeters>431.1000061035156</AltitudeMeters>
                    </Trackpoint>
                    <Trackpoint>
                        <DistanceMeters>1331.9649547338486</DistanceMeters>
                        <Time>2022-01-15T13:55:50.759Z</Time>
                        <Position>
                            <LatitudeDegrees>30.520193099975586</LatitudeDegrees>
                            <LongitudeDegrees>104.05673217773438</LongitudeDegrees>
                        </Position>
                        <AltitudeMeters>431.1000061035156</AltitudeMeters>
                    </Trackpoint>
                    <Trackpoint>
                        <DistanceMeters>1331.9649547338486</DistanceMeters>
                        <Time>2022-01-15T13:55:51.076Z</Time>
                        <Position>
                            <LatitudeDegrees>30.520183563232422</LatitudeDegrees>
                            <LongitudeDegrees>104.05672454833984</LongitudeDegrees>
                        </Position>
                        <AltitudeMeters>431.1000061035156</AltitudeMeters>
                    </Trackpoint>
                    <Trackpoint>
                        <DistanceMeters>1331.9649547338486</DistanceMeters>
                        <Time>2022-01-15T13:55:51.732Z</Time>
                        <Position>
                            <LatitudeDegrees>30.520170211791992</LatitudeDegrees>
                            <LongitudeDegrees>104.05671691894531</LongitudeDegrees>
                        </Position>
                        <AltitudeMeters>431.1000061035156</AltitudeMeters>
                    </Trackpoint>
                    <Trackpoint>
                        <DistanceMeters>1331.9649547338486</DistanceMeters>
                        <Time>2022-01-15T13:55:52.095Z</Time>
                        <Position>
                            <LatitudeDegrees>30.520160675048828</LatitudeDegrees>
                            <LongitudeDegrees>104.05670928955078</LongitudeDegrees>
                        </Position>
                        <AltitudeMeters>431.1000061035156</AltitudeMeters>
                    </Trackpoint>
                    <Trackpoint>
                        <DistanceMeters>1331.9649547338486</DistanceMeters>
                        <Time>2022-01-15T13:55:52.788Z</Time>
                        <Position>
                            <LatitudeDegrees>30.5201416015625</LatitudeDegrees>
                            <LongitudeDegrees>104.05670166015625</LongitudeDegrees>
                        </Position>
                        <AltitudeMeters>431.1000061035156</AltitudeMeters>
                    </Trackpoint>
                    <Trackpoint>
                        <DistanceMeters>1331.9649547338486</DistanceMeters>
                        <Time>2022-01-15T13:55:53.362Z</Time>
                        <Position>
                            <LatitudeDegrees>30.520124435424805</LatitudeDegrees>
                            <LongitudeDegrees>104.05670166015625</LongitudeDegrees>
                        </Position>
                        <AltitudeMeters>431.1000061035156</AltitudeMeters>
                    </Trackpoint>
                    <Trackpoint>
                        <DistanceMeters>1331.9649547338486</DistanceMeters>
                        <Time>2022-01-15T13:55:54.028Z</Time>
                        <Position>
                            <LatitudeDegrees>30.520109176635742</LatitudeDegrees>
                            <LongitudeDegrees>104.05669403076172</LongitudeDegrees>
                        </Position>
                        <AltitudeMeters>431.1000061035156</AltitudeMeters>
                    </Trackpoint>
                    <Trackpoint>
                        <DistanceMeters>1331.9649547338486</DistanceMeters>
                        <Time>2022-01-15T13:55:54.392Z</Time>
                        <Position>
                            <LatitudeDegrees>30.520097732543945</LatitudeDegrees>
                            <LongitudeDegrees>104.05669403076172</LongitudeDegrees>
                        </Position>
                        <AltitudeMeters>431.1000061035156</AltitudeMeters>
                    </Trackpoint>
                    <Trackpoint>
                        <DistanceMeters>1331.9649547338486</DistanceMeters>
                        <Time>2022-01-15T13:55:59.598Z</Time>
                        <Position>
                            <LatitudeDegrees>30.519941329956055</LatitudeDegrees>
                            <LongitudeDegrees>104.05670166015625</LongitudeDegrees>
                        </Position>
                        <AltitudeMeters>431.1000061035156</AltitudeMeters>
                    </Trackpoint>
                    <Trackpoint>
                        <DistanceMeters>1393.9900974035263</DistanceMeters>
                        <Time>2022-01-15T13:56:00.789Z</Time>
                        <Position>
                            <LatitudeDegrees>30.519916534423828</LatitudeDegrees>
                            <LongitudeDegrees>104.05670166015625</LongitudeDegrees>
                        </Position>
                        <AltitudeMeters>431.1000061035156</AltitudeMeters>
                    </Trackpoint>
                    <Trackpoint>
                        <DistanceMeters>1393.9900974035263</DistanceMeters>
                        <Time>2022-01-15T13:56:01.596Z</Time>
                        <Position>
                            <LatitudeDegrees>30.519906997680664</LatitudeDegrees>
                            <LongitudeDegrees>104.05670928955078</LongitudeDegrees>
                        </Position>
                        <AltitudeMeters>431.1000061035156</AltitudeMeters>
                    </Trackpoint>
                    <Trackpoint>
                        <DistanceMeters>1393.9900974035263</DistanceMeters>
                        <Time>2022-01-15T13:56:02.789Z</Time>
                        <Position>
                            <LatitudeDegrees>30.51988983154297</LatitudeDegrees>
                            <LongitudeDegrees>104.05671691894531</LongitudeDegrees>
                        </Position>
                        <AltitudeMeters>431.1000061035156</AltitudeMeters>
                    </Trackpoint>
                    <Trackpoint>
                        <DistanceMeters>1393.9900974035263</DistanceMeters>
                        <Time>2022-01-15T13:56:03.817Z</Time>
                        <Position>
                            <LatitudeDegrees>30.519880294799805</LatitudeDegrees>
                            <LongitudeDegrees>104.05672454833984</LongitudeDegrees>
                        </Position>
                        <AltitudeMeters>431.1000061035156</AltitudeMeters>
                    </Trackpoint>
                    <Trackpoint>
                        <DistanceMeters>1393.9900974035263</DistanceMeters>
                        <Time>2022-01-15T13:56:04.449Z</Time>
                        <Position>
                            <LatitudeDegrees>30.51987075805664</LatitudeDegrees>
                            <LongitudeDegrees>104.05673217773438</LongitudeDegrees>
                        </Position>
                        <AltitudeMeters>431.1000061035156</AltitudeMeters>
                    </Trackpoint>
                    <Trackpoint>
                        <DistanceMeters>1393.9900974035263</DistanceMeters>
                        <Time>2022-01-15T13:56:05.107Z</Time>
                        <Position>
                            <LatitudeDegrees>30.519861221313477</LatitudeDegrees>
                            <LongitudeDegrees>104.0567398071289</LongitudeDegrees>
                        </Position>
                        <AltitudeMeters>431.1000061035156</AltitudeMeters>
                    </Trackpoint>
                    <Trackpoint>
                        <DistanceMeters>1393.9900974035263</DistanceMeters>
                        <Time>2022-01-15T13:56:06.114Z</Time>
                        <Position>
                            <LatitudeDegrees>30.51984405517578</LatitudeDegrees>
                            <LongitudeDegrees>104.05674743652344</LongitudeDegrees>
                        </Position>
                        <AltitudeMeters>431.1000061035156</AltitudeMeters>
                    </Trackpoint>
                    <Trackpoint>
                        <DistanceMeters>1393.9900974035263</DistanceMeters>
                        <Time>2022-01-15T13:56:06.771Z</Time>
                        <Position>
                            <LatitudeDegrees>30.51983070373535</LatitudeDegrees>
                            <LongitudeDegrees>104.05674743652344</LongitudeDegrees>
                        </Position>
                        <AltitudeMeters>431.1000061035156</AltitudeMeters>
                    </Trackpoint>
                    <Trackpoint>
                        <DistanceMeters>1393.9900974035263</DistanceMeters>
                        <Time>2022-01-15T13:56:07.451Z</Time>
                        <Position>
                            <LatitudeDegrees>30.519819259643555</LatitudeDegrees>
                            <LongitudeDegrees>104.05674743652344</LongitudeDegrees>
                        </Position>
                        <AltitudeMeters>431.1000061035156</AltitudeMeters>
                    </Trackpoint>
                    <Trackpoint>
                        <DistanceMeters>1393.9900974035263</DistanceMeters>
                        <Time>2022-01-15T13:56:08.092Z</Time>
                        <Position>
                            <LatitudeDegrees>30.519807815551758</LatitudeDegrees>
                            <LongitudeDegrees>104.05675506591797</LongitudeDegrees>
                        </Position>
                        <AltitudeMeters>431.1000061035156</AltitudeMeters>
                    </Trackpoint>
                    <Trackpoint>
                        <DistanceMeters>1393.9900974035263</DistanceMeters>
                        <Time>2022-01-15T13:56:08.734Z</Time>
                        <Position>
                            <LatitudeDegrees>30.51979637145996</LatitudeDegrees>
                            <LongitudeDegrees>104.05675506591797</LongitudeDegrees>
                        </Position>
                        <AltitudeMeters>431.1000061035156</AltitudeMeters>
                    </Trackpoint>
                    <Trackpoint>
                        <DistanceMeters>1393.9900974035263</DistanceMeters>
                        <Time>2022-01-15T13:56:09.393Z</Time>
                        <Position>
                            <LatitudeDegrees>30.519784927368164</LatitudeDegrees>
                            <LongitudeDegrees>104.0567626953125</LongitudeDegrees>
                        </Position>
                        <AltitudeMeters>431.1000061035156</AltitudeMeters>
                    </Trackpoint>
                    <Trackpoint>
                        <DistanceMeters>1393.9900974035263</DistanceMeters>
                        <Time>2022-01-15T13:56:10.035Z</Time>
                        <Position>
                            <LatitudeDegrees>30.519773483276367</LatitudeDegrees>
                            <LongitudeDegrees>104.0567626953125</LongitudeDegrees>
                        </Position>
                        <AltitudeMeters>431.1000061035156</AltitudeMeters>
                    </Trackpoint>
                    <Trackpoint>
                        <DistanceMeters>1393.9900974035263</DistanceMeters>
                        <Time>2022-01-15T13:56:11.029Z</Time>
                        <Position>
                            <LatitudeDegrees>30.51975440979004</LatitudeDegrees>
                            <LongitudeDegrees>104.0567626953125</LongitudeDegrees>
                        </Position>
                        <AltitudeMeters>431.1000061035156</AltitudeMeters>
                    </Trackpoint>
                    <Trackpoint>
                        <DistanceMeters>1393.9900974035263</DistanceMeters>
                        <Time>2022-01-15T13:56:11.653Z</Time>
                        <Position>
                            <LatitudeDegrees>30.51974105834961</LatitudeDegrees>
                            <LongitudeDegrees>104.05677032470703</LongitudeDegrees>
                        </Position>
                        <AltitudeMeters>431.1000061035156</AltitudeMeters>
                    </Trackpoint>
                    <Trackpoint>
                        <DistanceMeters>1393.9900974035263</DistanceMeters>
                        <Time>2022-01-15T13:56:12.311Z</Time>
                        <Position>
                            <LatitudeDegrees>30.51972770690918</LatitudeDegrees>
                            <LongitudeDegrees>104.05677795410156</LongitudeDegrees>
                        </Position>
                        <AltitudeMeters>431.1000061035156</AltitudeMeters>
                    </Trackpoint>
                    <Trackpoint>
                        <DistanceMeters>1393.9900974035263</DistanceMeters>
                        <Time>2022-01-15T13:56:13.282Z</Time>
                        <Position>
                            <LatitudeDegrees>30.51970672607422</LatitudeDegrees>
                            <LongitudeDegrees>104.0567855834961</LongitudeDegrees>
                        </Position>
                        <AltitudeMeters>431.1000061035156</AltitudeMeters>
                    </Trackpoint>
                    <Trackpoint>
                        <DistanceMeters>1393.9900974035263</DistanceMeters>
                        <Time>2022-01-15T13:56:13.928Z</Time>
                        <Position>
                            <LatitudeDegrees>30.519695281982422</LatitudeDegrees>
                            <LongitudeDegrees>104.0567855834961</LongitudeDegrees>
                        </Position>
                        <AltitudeMeters>431.1000061035156</AltitudeMeters>
                    </Trackpoint>
                    <Trackpoint>
                        <DistanceMeters>1393.9900974035263</DistanceMeters>
                        <Time>2022-01-15T13:56:14.616Z</Time>
                        <Position>
                            <LatitudeDegrees>30.519681930541992</LatitudeDegrees>
                            <LongitudeDegrees>104.05679321289062</LongitudeDegrees>
                        </Position>
                        <AltitudeMeters>431.1000061035156</AltitudeMeters>
                    </Trackpoint>
                    <Trackpoint>
                        <DistanceMeters>1393.9900974035263</DistanceMeters>
                        <Time>2022-01-15T13:56:15.576Z</Time>
                        <Position>
                            <LatitudeDegrees>30.519664764404297</LatitudeDegrees>
                            <LongitudeDegrees>104.05680084228516</LongitudeDegrees>
                        </Position>
                        <AltitudeMeters>431.1000061035156</AltitudeMeters>
                    </Trackpoint>
                    <Trackpoint>
                        <DistanceMeters>1393.9900974035263</DistanceMeters>
                        <Time>2022-01-15T13:56:16.552Z</Time>
                        <Position>
                            <LatitudeDegrees>30.519643783569336</LatitudeDegrees>
                            <LongitudeDegrees>104.05681610107422</LongitudeDegrees>
                        </Position>
                        <AltitudeMeters>431.1000061035156</AltitudeMeters>
                    </Trackpoint>
                    <Trackpoint>
                        <DistanceMeters>1393.9900974035263</DistanceMeters>
                        <Time>2022-01-15T13:56:17.193Z</Time>
                        <Position>
                            <LatitudeDegrees>30.519634246826172</LatitudeDegrees>
                            <LongitudeDegrees>104.05682373046875</LongitudeDegrees>
                        </Position>
                        <AltitudeMeters>431.1000061035156</AltitudeMeters>
                    </Trackpoint>
                    <Trackpoint>
                        <DistanceMeters>1393.9900974035263</DistanceMeters>
                        <Time>2022-01-15T13:56:17.892Z</Time>
                        <Position>
                            <LatitudeDegrees>30.519622802734375</LatitudeDegrees>
                            <LongitudeDegrees>104.05683135986328</LongitudeDegrees>
                        </Position>
                        <AltitudeMeters>431.1000061035156</AltitudeMeters>
                    </Trackpoint>
                    <Trackpoint>
                        <DistanceMeters>1393.9900974035263</DistanceMeters>
                        <Time>2022-01-15T13:56:18.551Z</Time>
                        <Position>
                            <LatitudeDegrees>30.519611358642578</LatitudeDegrees>
                            <LongitudeDegrees>104.05683898925781</LongitudeDegrees>
                        </Position>
                        <AltitudeMeters>431.1000061035156</AltitudeMeters>
                    </Trackpoint>
                    <Trackpoint>
                        <DistanceMeters>1393.9900974035263</DistanceMeters>
                        <Time>2022-01-15T13:56:19.264Z</Time>
                        <Position>
                            <LatitudeDegrees>30.519601821899414</LatitudeDegrees>
                            <LongitudeDegrees>104.05684661865234</LongitudeDegrees>
                        </Position>
                        <AltitudeMeters>431.1000061035156</AltitudeMeters>
                    </Trackpoint>
                    <Trackpoint>
                        <DistanceMeters>1393.9900974035263</DistanceMeters>
                        <Time>2022-01-15T13:56:19.834Z</Time>
                        <Position>
                            <LatitudeDegrees>30.519590377807617</LatitudeDegrees>
                            <LongitudeDegrees>104.05684661865234</LongitudeDegrees>
                        </Position>
                        <AltitudeMeters>431.1000061035156</AltitudeMeters>
                    </Trackpoint>
                    <Trackpoint>
                        <DistanceMeters>1393.9900974035263</DistanceMeters>
                        <Time>2022-01-15T13:56:20.492Z</Time>
                        <Position>
                            <LatitudeDegrees>30.51957893371582</LatitudeDegrees>
                            <LongitudeDegrees>104.05685424804688</LongitudeDegrees>
                        </Position>
                        <AltitudeMeters>431.1000061035156</AltitudeMeters>
                    </Trackpoint>
                    <Trackpoint>
                        <DistanceMeters>1393.9900974035263</DistanceMeters>
                        <Time>2022-01-15T13:56:21.171Z</Time>
                        <Position>
                            <LatitudeDegrees>30.519569396972656</LatitudeDegrees>
                            <LongitudeDegrees>104.05685424804688</LongitudeDegrees>
                        </Position>
                        <AltitudeMeters>431.1000061035156</AltitudeMeters>
                    </Trackpoint>
                    <Trackpoint>
                        <DistanceMeters>1393.9900974035263</DistanceMeters>
                        <Time>2022-01-15T13:56:21.830Z</Time>
                        <Position>
                            <LatitudeDegrees>30.51955795288086</LatitudeDegrees>
                            <LongitudeDegrees>104.0568618774414</LongitudeDegrees>
                        </Position>
                        <AltitudeMeters>431.1000061035156</AltitudeMeters>
                    </Trackpoint>
                    <Trackpoint>
                        <DistanceMeters>1393.9900974035263</DistanceMeters>
                        <Time>2022-01-15T13:56:22.788Z</Time>
                        <Position>
                            <LatitudeDegrees>30.51954460144043</LatitudeDegrees>
                            <LongitudeDegrees>104.0568618774414</LongitudeDegrees>
                        </Position>
                        <AltitudeMeters>431.1000061035156</AltitudeMeters>
                    </Trackpoint>
                    <Trackpoint>
                        <DistanceMeters>1393.9900974035263</DistanceMeters>
                        <Time>2022-01-15T13:56:23.773Z</Time>
                        <Position>
                            <LatitudeDegrees>30.519527435302734</LatitudeDegrees>
                            <LongitudeDegrees>104.05686950683594</LongitudeDegrees>
                        </Position>
                        <AltitudeMeters>431.1000061035156</AltitudeMeters>
                    </Trackpoint>
                    <Trackpoint>
                        <DistanceMeters>1393.9900974035263</DistanceMeters>
                        <Time>2022-01-15T13:56:24.452Z</Time>
                        <Position>
                            <LatitudeDegrees>30.519514083862305</LatitudeDegrees>
                            <LongitudeDegrees>104.05687713623047</LongitudeDegrees>
                        </Position>
                        <AltitudeMeters>431.1000061035156</AltitudeMeters>
                    </Trackpoint>
                    <Trackpoint>
                        <DistanceMeters>1393.9900974035263</DistanceMeters>
                        <Time>2022-01-15T13:56:25.115Z</Time>
                        <Position>
                            <LatitudeDegrees>30.519498825073242</LatitudeDegrees>
                            <LongitudeDegrees>104.056884765625</LongitudeDegrees>
                        </Position>
                        <AltitudeMeters>431.1000061035156</AltitudeMeters>
                    </Trackpoint>
                    <Trackpoint>
                        <DistanceMeters>1393.9900974035263</DistanceMeters>
                        <Time>2022-01-15T13:56:26.069Z</Time>
                        <Position>
                            <LatitudeDegrees>30.51947593688965</LatitudeDegrees>
                            <LongitudeDegrees>104.056884765625</LongitudeDegrees>
                        </Position>
                        <AltitudeMeters>431.1000061035156</AltitudeMeters>
                    </Trackpoint>
                    <Trackpoint>
                        <DistanceMeters>1393.9900974035263</DistanceMeters>
                        <Time>2022-01-15T13:56:26.741Z</Time>
                        <Position>
                            <LatitudeDegrees>30.519460678100586</LatitudeDegrees>
                            <LongitudeDegrees>104.05689239501953</LongitudeDegrees>
                        </Position>
                        <AltitudeMeters>431.1000061035156</AltitudeMeters>
                    </Trackpoint>
                    <Trackpoint>
                        <DistanceMeters>1393.9900974035263</DistanceMeters>
                        <Time>2022-01-15T13:56:27.772Z</Time>
                        <Position>
                            <LatitudeDegrees>30.519439697265625</LatitudeDegrees>
                            <LongitudeDegrees>104.05689239501953</LongitudeDegrees>
                        </Position>
                        <AltitudeMeters>431.1000061035156</AltitudeMeters>
                    </Trackpoint>
                    <Trackpoint>
                        <DistanceMeters>1393.9900974035263</DistanceMeters>
                        <Time>2022-01-15T13:56:28.789Z</Time>
                        <Position>
                            <LatitudeDegrees>30.519424438476562</LatitudeDegrees>
                            <LongitudeDegrees>104.05689239501953</LongitudeDegrees>
                        </Position>
                        <AltitudeMeters>431.1000061035156</AltitudeMeters>
                    </Trackpoint>
                    <Trackpoint>
                        <DistanceMeters>1458.161178946495</DistanceMeters>
                        <Time>2022-01-15T13:56:30.390Z</Time>
                        <Position>
                            <LatitudeDegrees>30.51939582824707</LatitudeDegrees>
                            <LongitudeDegrees>104.05690002441406</LongitudeDegrees>
                        </Position>
                        <AltitudeMeters>431.1000061035156</AltitudeMeters>
                    </Trackpoint>
                    <Trackpoint>
                        <DistanceMeters>1458.161178946495</DistanceMeters>
                        <Time>2022-01-15T13:56:31.070Z</Time>
                        <Position>
                            <LatitudeDegrees>30.519380569458008</LatitudeDegrees>
                            <LongitudeDegrees>104.05690002441406</LongitudeDegrees>
                        </Position>
                        <AltitudeMeters>431.1000061035156</AltitudeMeters>
                    </Trackpoint>
                    <Trackpoint>
                        <DistanceMeters>1458.161178946495</DistanceMeters>
                        <Time>2022-01-15T13:56:31.731Z</Time>
                        <Position>
                            <LatitudeDegrees>30.51936912536621</LatitudeDegrees>
                            <LongitudeDegrees>104.0569076538086</LongitudeDegrees>
                        </Position>
                        <AltitudeMeters>431.1000061035156</AltitudeMeters>
                    </Trackpoint>
                    <Trackpoint>
                        <DistanceMeters>1458.161178946495</DistanceMeters>
                        <Time>2022-01-15T13:56:32.391Z</Time>
                        <Position>
                            <LatitudeDegrees>30.51935577392578</LatitudeDegrees>
                            <LongitudeDegrees>104.0569076538086</LongitudeDegrees>
                        </Position>
                        <AltitudeMeters>431.1000061035156</AltitudeMeters>
                    </Trackpoint>
                    <Trackpoint>
                        <DistanceMeters>1458.161178946495</DistanceMeters>
                        <Time>2022-01-15T13:56:33.357Z</Time>
                        <Position>
                            <LatitudeDegrees>30.519336700439453</LatitudeDegrees>
                            <LongitudeDegrees>104.05691528320312</LongitudeDegrees>
                        </Position>
                        <AltitudeMeters>431.1000061035156</AltitudeMeters>
                    </Trackpoint>
                    <Trackpoint>
                        <DistanceMeters>1458.161178946495</DistanceMeters>
                        <Time>2022-01-15T13:56:34.015Z</Time>
                        <Position>
                            <LatitudeDegrees>30.51932716369629</LatitudeDegrees>
                            <LongitudeDegrees>104.05691528320312</LongitudeDegrees>
                        </Position>
                        <AltitudeMeters>431.1000061035156</AltitudeMeters>
                    </Trackpoint>
                    <Trackpoint>
                        <DistanceMeters>1458.161178946495</DistanceMeters>
                        <Time>2022-01-15T13:56:34.938Z</Time>
                        <Position>
                            <LatitudeDegrees>30.51931381225586</LatitudeDegrees>
                            <LongitudeDegrees>104.05693054199219</LongitudeDegrees>
                        </Position>
                        <AltitudeMeters>431.1000061035156</AltitudeMeters>
                    </Trackpoint>
                    <Trackpoint>
                        <DistanceMeters>1458.161178946495</DistanceMeters>
                        <Time>2022-01-15T13:56:35.568Z</Time>
                        <Position>
                            <LatitudeDegrees>30.51930809020996</LatitudeDegrees>
                            <LongitudeDegrees>104.05693817138672</LongitudeDegrees>
                        </Position>
                        <AltitudeMeters>431.1000061035156</AltitudeMeters>
                    </Trackpoint>
                    <Trackpoint>
                        <DistanceMeters>1458.161178946495</DistanceMeters>
                        <Time>2022-01-15T13:56:36.254Z</Time>
                        <Position>
                            <LatitudeDegrees>30.519304275512695</LatitudeDegrees>
                            <LongitudeDegrees>104.05694580078125</LongitudeDegrees>
                        </Position>
                        <AltitudeMeters>431.1000061035156</AltitudeMeters>
                    </Trackpoint>
                    <Trackpoint>
                        <DistanceMeters>1458.161178946495</DistanceMeters>
                        <Time>2022-01-15T13:56:37.256Z</Time>
                        <Position>
                            <LatitudeDegrees>30.519304275512695</LatitudeDegrees>
                            <LongitudeDegrees>104.05696868896484</LongitudeDegrees>
                        </Position>
                        <AltitudeMeters>431.1000061035156</AltitudeMeters>
                    </Trackpoint>
                    <Trackpoint>
                        <DistanceMeters>1458.161178946495</DistanceMeters>
                        <Time>2022-01-15T13:56:37.873Z</Time>
                        <Position>
                            <LatitudeDegrees>30.519306182861328</LatitudeDegrees>
                            <LongitudeDegrees>104.0569839477539</LongitudeDegrees>
                        </Position>
                        <AltitudeMeters>431.1000061035156</AltitudeMeters>
                    </Trackpoint>
                    <Trackpoint>
                        <DistanceMeters>1458.161178946495</DistanceMeters>
                        <Time>2022-01-15T13:56:38.789Z</Time>
                        <Position>
                            <LatitudeDegrees>30.51931381225586</LatitudeDegrees>
                            <LongitudeDegrees>104.0570068359375</LongitudeDegrees>
                        </Position>
                        <AltitudeMeters>431.1000061035156</AltitudeMeters>
                    </Trackpoint>
                    <Trackpoint>
                        <DistanceMeters>1458.161178946495</DistanceMeters>
                        <Time>2022-01-15T13:56:39.537Z</Time>
                        <Position>
                            <LatitudeDegrees>30.519323348999023</LatitudeDegrees>
                            <LongitudeDegrees>104.05702209472656</LongitudeDegrees>
                        </Position>
                        <AltitudeMeters>431.1000061035156</AltitudeMeters>
                    </Trackpoint>
                    <Trackpoint>
                        <DistanceMeters>1458.161178946495</DistanceMeters>
                        <Time>2022-01-15T13:56:40.169Z</Time>
                        <Position>
                            <LatitudeDegrees>30.51932716369629</LatitudeDegrees>
                            <LongitudeDegrees>104.0570297241211</LongitudeDegrees>
                        </Position>
                        <AltitudeMeters>431.1000061035156</AltitudeMeters>
                    </Trackpoint>
                    <Trackpoint>
                        <DistanceMeters>1458.161178946495</DistanceMeters>
                        <Time>2022-01-15T13:56:40.789Z</Time>
                        <Position>
                            <LatitudeDegrees>30.519330978393555</LatitudeDegrees>
                            <LongitudeDegrees>104.05704498291016</LongitudeDegrees>
                        </Position>
                        <AltitudeMeters>431.1000061035156</AltitudeMeters>
                    </Trackpoint>
                    <Trackpoint>
                        <DistanceMeters>1458.161178946495</DistanceMeters>
                        <Time>2022-01-15T13:56:41.173Z</Time>
                        <Position>
                            <LatitudeDegrees>30.519338607788086</LatitudeDegrees>
                            <LongitudeDegrees>104.05705261230469</LongitudeDegrees>
                        </Position>
                        <AltitudeMeters>431.1000061035156</AltitudeMeters>
                    </Trackpoint>
                    <Trackpoint>
                        <DistanceMeters>1458.161178946495</DistanceMeters>
                        <Time>2022-01-15T13:56:42.457Z</Time>
                        <Position>
                            <LatitudeDegrees>30.51934814453125</LatitudeDegrees>
                            <LongitudeDegrees>104.05708312988281</LongitudeDegrees>
                        </Position>
                        <AltitudeMeters>431.1000061035156</AltitudeMeters>
                    </Trackpoint>
                    <Trackpoint>
                        <DistanceMeters>1458.161178946495</DistanceMeters>
                        <Time>2022-01-15T13:56:42.809Z</Time>
                        <Position>
                            <LatitudeDegrees>30.51935386657715</LatitudeDegrees>
                            <LongitudeDegrees>104.05709075927734</LongitudeDegrees>
                        </Position>
                        <AltitudeMeters>431.1000061035156</AltitudeMeters>
                    </Trackpoint>
                    <Trackpoint>
                        <DistanceMeters>1458.161178946495</DistanceMeters>
                        <Time>2022-01-15T13:56:43.451Z</Time>
                        <Position>
                            <LatitudeDegrees>30.519363403320312</LatitudeDegrees>
                            <LongitudeDegrees>104.0571060180664</LongitudeDegrees>
                        </Position>
                        <AltitudeMeters>431.1000061035156</AltitudeMeters>
                    </Trackpoint>
                    <Trackpoint>
                        <DistanceMeters>1458.161178946495</DistanceMeters>
                        <Time>2022-01-15T13:56:44.454Z</Time>
                        <Position>
                            <LatitudeDegrees>30.519376754760742</LatitudeDegrees>
                            <LongitudeDegrees>104.05712890625</LongitudeDegrees>
                        </Position>
                        <AltitudeMeters>431.1000061035156</AltitudeMeters>
                    </Trackpoint>
                    <Trackpoint>
                        <DistanceMeters>1458.161178946495</DistanceMeters>
                        <Time>2022-01-15T13:56:45.114Z</Time>
                        <Position>
                            <LatitudeDegrees>30.519386291503906</LatitudeDegrees>
                            <LongitudeDegrees>104.05714416503906</LongitudeDegrees>
                        </Position>
                        <AltitudeMeters>431.1000061035156</AltitudeMeters>
                    </Trackpoint>
                    <Trackpoint>
                        <DistanceMeters>1458.161178946495</DistanceMeters>
                        <Time>2022-01-15T13:56:45.811Z</Time>
                        <Position>
                            <LatitudeDegrees>30.519393920898438</LatitudeDegrees>
                            <LongitudeDegrees>104.05715942382812</LongitudeDegrees>
                        </Position>
                        <AltitudeMeters>431.1000061035156</AltitudeMeters>
                    </Trackpoint>
                    <Trackpoint>
                        <DistanceMeters>1458.161178946495</DistanceMeters>
                        <Time>2022-01-15T13:56:46.815Z</Time>
                        <Position>
                            <LatitudeDegrees>30.5194034576416</LatitudeDegrees>
                            <LongitudeDegrees>104.05718231201172</LongitudeDegrees>
                        </Position>
                        <AltitudeMeters>431.1000061035156</AltitudeMeters>
                    </Trackpoint>
                    <Trackpoint>
                        <DistanceMeters>1458.161178946495</DistanceMeters>
                        <Time>2022-01-15T13:56:47.150Z</Time>
                        <Position>
                            <LatitudeDegrees>30.5194091796875</LatitudeDegrees>
                            <LongitudeDegrees>104.05719757080078</LongitudeDegrees>
                        </Position>
                        <AltitudeMeters>431.1000061035156</AltitudeMeters>
                    </Trackpoint>
                    <Trackpoint>
                        <DistanceMeters>1458.161178946495</DistanceMeters>
                        <Time>2022-01-15T13:56:47.810Z</Time>
                        <Position>
                            <LatitudeDegrees>30.519412994384766</LatitudeDegrees>
                            <LongitudeDegrees>104.05721282958984</LongitudeDegrees>
                        </Position>
                        <AltitudeMeters>431.1000061035156</AltitudeMeters>
                    </Trackpoint>
                    <Trackpoint>
                        <DistanceMeters>1458.161178946495</DistanceMeters>
                        <Time>2022-01-15T13:56:48.473Z</Time>
                        <Position>
                            <LatitudeDegrees>30.51941680908203</LatitudeDegrees>
                            <LongitudeDegrees>104.0572280883789</LongitudeDegrees>
                        </Position>
                        <AltitudeMeters>431.1000061035156</AltitudeMeters>
                    </Trackpoint>
                    <Trackpoint>
                        <DistanceMeters>1458.161178946495</DistanceMeters>
                        <Time>2022-01-15T13:56:49.129Z</Time>
                        <Position>
                            <LatitudeDegrees>30.519420623779297</LatitudeDegrees>
                            <LongitudeDegrees>104.05724334716797</LongitudeDegrees>
                        </Position>
                        <AltitudeMeters>431.1000061035156</AltitudeMeters>
                    </Trackpoint>
                    <Trackpoint>
                        <DistanceMeters>1458.161178946495</DistanceMeters>
                        <Time>2022-01-15T13:56:50.098Z</Time>
                        <Position>
                            <LatitudeDegrees>30.519426345825195</LatitudeDegrees>
                            <LongitudeDegrees>104.05726623535156</LongitudeDegrees>
                        </Position>
                        <AltitudeMeters>431.1000061035156</AltitudeMeters>
                    </Trackpoint>
                    <Trackpoint>
                        <DistanceMeters>1458.161178946495</DistanceMeters>
                        <Time>2022-01-15T13:56:50.757Z</Time>
                        <Position>
                            <LatitudeDegrees>30.519428253173828</LatitudeDegrees>
                            <LongitudeDegrees>104.05728149414062</LongitudeDegrees>
                        </Position>
                        <AltitudeMeters>431.1000061035156</AltitudeMeters>
                    </Trackpoint>
                    <Trackpoint>
                        <DistanceMeters>1458.161178946495</DistanceMeters>
                        <Time>2022-01-15T13:56:51.752Z</Time>
                        <Position>
                            <LatitudeDegrees>30.519432067871094</LatitudeDegrees>
                            <LongitudeDegrees>104.05729675292969</LongitudeDegrees>
                        </Position>
                        <AltitudeMeters>431.1000061035156</AltitudeMeters>
                    </Trackpoint>
                    <Trackpoint>
                        <DistanceMeters>1458.161178946495</DistanceMeters>
                        <Time>2022-01-15T13:56:52.755Z</Time>
                        <Position>
                            <LatitudeDegrees>30.519437789916992</LatitudeDegrees>
                            <LongitudeDegrees>104.05731201171875</LongitudeDegrees>
                        </Position>
                        <AltitudeMeters>431.1000061035156</AltitudeMeters>
                    </Trackpoint>
                    <Trackpoint>
                        <DistanceMeters>1458.161178946495</DistanceMeters>
                        <Time>2022-01-15T13:56:53.397Z</Time>
                        <Position>
                            <LatitudeDegrees>30.519441604614258</LatitudeDegrees>
                            <LongitudeDegrees>104.05731964111328</LongitudeDegrees>
                        </Position>
                        <AltitudeMeters>431.1000061035156</AltitudeMeters>
                    </Trackpoint>
                    <Trackpoint>
                        <DistanceMeters>1458.161178946495</DistanceMeters>
                        <Time>2022-01-15T13:56:54.055Z</Time>
                        <Position>
                            <LatitudeDegrees>30.519445419311523</LatitudeDegrees>
                            <LongitudeDegrees>104.05733489990234</LongitudeDegrees>
                        </Position>
                        <AltitudeMeters>431.1000061035156</AltitudeMeters>
                    </Trackpoint>
                    <Trackpoint>
                        <DistanceMeters>1458.161178946495</DistanceMeters>
                        <Time>2022-01-15T13:56:54.672Z</Time>
                        <Position>
                            <LatitudeDegrees>30.51944923400879</LatitudeDegrees>
                            <LongitudeDegrees>104.0573501586914</LongitudeDegrees>
                        </Position>
                        <AltitudeMeters>431.1000061035156</AltitudeMeters>
                    </Trackpoint>
                    <Trackpoint>
                        <DistanceMeters>1458.161178946495</DistanceMeters>
                        <Time>2022-01-15T13:56:55.990Z</Time>
                        <Position>
                            <LatitudeDegrees>30.519454956054688</LatitudeDegrees>
                            <LongitudeDegrees>104.05736541748047</LongitudeDegrees>
                        </Position>
                        <AltitudeMeters>431.1000061035156</AltitudeMeters>
                    </Trackpoint>
                    <Trackpoint>
                        <DistanceMeters>1458.161178946495</DistanceMeters>
                        <Time>2022-01-15T13:56:56.632Z</Time>
                        <Position>
                            <LatitudeDegrees>30.519458770751953</LatitudeDegrees>
                            <LongitudeDegrees>104.05738067626953</LongitudeDegrees>
                        </Position>
                        <AltitudeMeters>431.1000061035156</AltitudeMeters>
                    </Trackpoint>
                    <Trackpoint>
                        <DistanceMeters>1458.161178946495</DistanceMeters>
                        <Time>2022-01-15T13:56:57.291Z</Time>
                        <Position>
                            <LatitudeDegrees>30.51946258544922</LatitudeDegrees>
                            <LongitudeDegrees>104.05738830566406</LongitudeDegrees>
                        </Position>
                        <AltitudeMeters>431.1000061035156</AltitudeMeters>
                    </Trackpoint>
                    <Trackpoint>
                        <DistanceMeters>1458.161178946495</DistanceMeters>
                        <Time>2022-01-15T13:56:58.789Z</Time>
                        <Position>
                            <LatitudeDegrees>30.519472122192383</LatitudeDegrees>
                            <LongitudeDegrees>104.05741119384766</LongitudeDegrees>
                        </Position>
                        <AltitudeMeters>431.1000061035156</AltitudeMeters>
                    </Trackpoint>
                    <Trackpoint>
                        <DistanceMeters>1535.9428333044052</DistanceMeters>
                        <Time>2022-01-15T13:57:00.013Z</Time>
                        <Position>
                            <LatitudeDegrees>30.519481658935547</LatitudeDegrees>
                            <LongitudeDegrees>104.05743408203125</LongitudeDegrees>
                        </Position>
                        <AltitudeMeters>431.1000061035156</AltitudeMeters>
                    </Trackpoint>
                    <Trackpoint>
                        <DistanceMeters>1535.9428333044052</DistanceMeters>
                        <Time>2022-01-15T13:57:00.655Z</Time>
                        <Position>
                            <LatitudeDegrees>30.519487380981445</LatitudeDegrees>
                            <LongitudeDegrees>104.05744171142578</LongitudeDegrees>
                        </Position>
                        <AltitudeMeters>431.1000061035156</AltitudeMeters>
                    </Trackpoint>
                    <Trackpoint>
                        <DistanceMeters>1535.9428333044052</DistanceMeters>
                        <Time>2022-01-15T13:57:01.317Z</Time>
                        <Position>
                            <LatitudeDegrees>30.519493103027344</LatitudeDegrees>
                            <LongitudeDegrees>104.05745697021484</LongitudeDegrees>
                        </Position>
                        <AltitudeMeters>431.1000061035156</AltitudeMeters>
                    </Trackpoint>
                    <Trackpoint>
                        <DistanceMeters>1535.9428333044052</DistanceMeters>
                        <Time>2022-01-15T13:57:01.893Z</Time>
                        <Position>
                            <LatitudeDegrees>30.51949691772461</LatitudeDegrees>
                            <LongitudeDegrees>104.0574722290039</LongitudeDegrees>
                        </Position>
                        <AltitudeMeters>431.1000061035156</AltitudeMeters>
                    </Trackpoint>
                    <Trackpoint>
                        <DistanceMeters>1535.9428333044052</DistanceMeters>
                        <Time>2022-01-15T13:57:02.533Z</Time>
                        <Position>
                            <LatitudeDegrees>30.519502639770508</LatitudeDegrees>
                            <LongitudeDegrees>104.05748748779297</LongitudeDegrees>
                        </Position>
                        <AltitudeMeters>431.1000061035156</AltitudeMeters>
                    </Trackpoint>
                    <Trackpoint>
                        <DistanceMeters>1535.9428333044052</DistanceMeters>
                        <Time>2022-01-15T13:57:03.872Z</Time>
                        <Position>
                            <LatitudeDegrees>30.519519805908203</LatitudeDegrees>
                            <LongitudeDegrees>104.05752563476562</LongitudeDegrees>
                        </Position>
                        <AltitudeMeters>431.1000061035156</AltitudeMeters>
                    </Trackpoint>
                    <Trackpoint>
                        <DistanceMeters>1535.9428333044052</DistanceMeters>
                        <Time>2022-01-15T13:57:04.513Z</Time>
                        <Position>
                            <LatitudeDegrees>30.51953125</LatitudeDegrees>
                            <LongitudeDegrees>104.05754089355469</LongitudeDegrees>
                        </Position>
                        <AltitudeMeters>431.1000061035156</AltitudeMeters>
                    </Trackpoint>
                    <Trackpoint>
                        <DistanceMeters>1535.9428333044052</DistanceMeters>
                        <Time>2022-01-15T13:57:05.174Z</Time>
                        <Position>
                            <LatitudeDegrees>30.519542694091797</LatitudeDegrees>
                            <LongitudeDegrees>104.05755615234375</LongitudeDegrees>
                        </Position>
                        <AltitudeMeters>431.1000061035156</AltitudeMeters>
                    </Trackpoint>
                    <Trackpoint>
                        <DistanceMeters>1535.9428333044052</DistanceMeters>
                        <Time>2022-01-15T13:57:05.834Z</Time>
                        <Position>
                            <LatitudeDegrees>30.519550323486328</LatitudeDegrees>
                            <LongitudeDegrees>104.05757141113281</LongitudeDegrees>
                        </Position>
                        <AltitudeMeters>431.1000061035156</AltitudeMeters>
                    </Trackpoint>
                    <Trackpoint>
                        <DistanceMeters>1535.9428333044052</DistanceMeters>
                        <Time>2022-01-15T13:57:06.475Z</Time>
                        <Position>
                            <LatitudeDegrees>30.519554138183594</LatitudeDegrees>
                            <LongitudeDegrees>104.05757904052734</LongitudeDegrees>
                        </Position>
                        <AltitudeMeters>431.1000061035156</AltitudeMeters>
                    </Trackpoint>
                    <Trackpoint>
                        <DistanceMeters>1535.9428333044052</DistanceMeters>
                        <Time>2022-01-15T13:57:07.796Z</Time>
                        <Position>
                            <LatitudeDegrees>30.51956558227539</LatitudeDegrees>
                            <LongitudeDegrees>104.05760955810547</LongitudeDegrees>
                        </Position>
                        <AltitudeMeters>431.1000061035156</AltitudeMeters>
                    </Trackpoint>
                    <Trackpoint>
                        <DistanceMeters>1535.9428333044052</DistanceMeters>
                        <Time>2022-01-15T13:57:08.437Z</Time>
                        <Position>
                            <LatitudeDegrees>30.519567489624023</LatitudeDegrees>
                            <LongitudeDegrees>104.05763244628906</LongitudeDegrees>
                        </Position>
                        <AltitudeMeters>431.1000061035156</AltitudeMeters>
                    </Trackpoint>
                    <Trackpoint>
                        <DistanceMeters>1535.9428333044052</DistanceMeters>
                        <Time>2022-01-15T13:57:09.096Z</Time>
                        <Position>
                            <LatitudeDegrees>30.519569396972656</LatitudeDegrees>
                            <LongitudeDegrees>104.05764770507812</LongitudeDegrees>
                        </Position>
                        <AltitudeMeters>431.1000061035156</AltitudeMeters>
                    </Trackpoint>
                    <Trackpoint>
                        <DistanceMeters>1535.9428333044052</DistanceMeters>
                        <Time>2022-01-15T13:57:09.738Z</Time>
                        <Position>
                            <LatitudeDegrees>30.51957130432129</LatitudeDegrees>
                            <LongitudeDegrees>104.05766296386719</LongitudeDegrees>
                        </Position>
                        <AltitudeMeters>431.1000061035156</AltitudeMeters>
                    </Trackpoint>
                    <Trackpoint>
                        <DistanceMeters>1535.9428333044052</DistanceMeters>
                        <Time>2022-01-15T13:57:10.731Z</Time>
                        <Position>
                            <LatitudeDegrees>30.519577026367188</LatitudeDegrees>
                            <LongitudeDegrees>104.05768585205078</LongitudeDegrees>
                        </Position>
                        <AltitudeMeters>431.1000061035156</AltitudeMeters>
                    </Trackpoint>
                    <Trackpoint>
                        <DistanceMeters>1535.9428333044052</DistanceMeters>
                        <Time>2022-01-15T13:57:11.373Z</Time>
                        <Position>
                            <LatitudeDegrees>30.51957893371582</LatitudeDegrees>
                            <LongitudeDegrees>104.05770111083984</LongitudeDegrees>
                        </Position>
                        <AltitudeMeters>431.1000061035156</AltitudeMeters>
                    </Trackpoint>
                    <Trackpoint>
                        <DistanceMeters>1535.9428333044052</DistanceMeters>
                        <Time>2022-01-15T13:57:12.329Z</Time>
                        <Position>
                            <LatitudeDegrees>30.51957893371582</LatitudeDegrees>
                            <LongitudeDegrees>104.05772399902344</LongitudeDegrees>
                        </Position>
                        <AltitudeMeters>431.1000061035156</AltitudeMeters>
                    </Trackpoint>
                    <Trackpoint>
                        <DistanceMeters>1535.9428333044052</DistanceMeters>
                        <Time>2022-01-15T13:57:13.316Z</Time>
                        <Position>
                            <LatitudeDegrees>30.519582748413086</LatitudeDegrees>
                            <LongitudeDegrees>104.05774688720703</LongitudeDegrees>
                        </Position>
                        <AltitudeMeters>431.1000061035156</AltitudeMeters>
                    </Trackpoint>
                    <Trackpoint>
                        <DistanceMeters>1535.9428333044052</DistanceMeters>
                        <Time>2022-01-15T13:57:13.957Z</Time>
                        <Position>
                            <LatitudeDegrees>30.51958656311035</LatitudeDegrees>
                            <LongitudeDegrees>104.0577621459961</LongitudeDegrees>
                        </Position>
                        <AltitudeMeters>431.1000061035156</AltitudeMeters>
                    </Trackpoint>
                    <Trackpoint>
                        <DistanceMeters>1535.9428333044052</DistanceMeters>
                        <Time>2022-01-15T13:57:14.788Z</Time>
                        <Position>
                            <LatitudeDegrees>30.519590377807617</LatitudeDegrees>
                            <LongitudeDegrees>104.05778503417969</LongitudeDegrees>
                        </Position>
                        <AltitudeMeters>431.1000061035156</AltitudeMeters>
                    </Trackpoint>
                    <Trackpoint>
                        <DistanceMeters>1535.9428333044052</DistanceMeters>
                        <Time>2022-01-15T13:57:15.555Z</Time>
                        <Position>
                            <LatitudeDegrees>30.519601821899414</LatitudeDegrees>
                            <LongitudeDegrees>104.05780029296875</LongitudeDegrees>
                        </Position>
                        <AltitudeMeters>431.1000061035156</AltitudeMeters>
                    </Trackpoint>
                    <Trackpoint>
                        <DistanceMeters>1535.9428333044052</DistanceMeters>
                        <Time>2022-01-15T13:57:16.197Z</Time>
                        <Position>
                            <LatitudeDegrees>30.51961326599121</LatitudeDegrees>
                            <LongitudeDegrees>104.05780792236328</LongitudeDegrees>
                        </Position>
                        <AltitudeMeters>431.1000061035156</AltitudeMeters>
                    </Trackpoint>
                    <Trackpoint>
                        <DistanceMeters>1535.9428333044052</DistanceMeters>
                        <Time>2022-01-15T13:57:16.789Z</Time>
                        <Position>
                            <LatitudeDegrees>30.519624710083008</LatitudeDegrees>
                            <LongitudeDegrees>104.05782318115234</LongitudeDegrees>
                        </Position>
                        <AltitudeMeters>431.1000061035156</AltitudeMeters>
                    </Trackpoint>
                    <Trackpoint>
                        <DistanceMeters>1535.9428333044052</DistanceMeters>
                        <Time>2022-01-15T13:57:17.211Z</Time>
                        <Position>
                            <LatitudeDegrees>30.51963233947754</LatitudeDegrees>
                            <LongitudeDegrees>104.05783081054688</LongitudeDegrees>
                        </Position>
                        <AltitudeMeters>431.1000061035156</AltitudeMeters>
                    </Trackpoint>
                    <Trackpoint>
                        <DistanceMeters>1535.9428333044052</DistanceMeters>
                        <Time>2022-01-15T13:57:18.195Z</Time>
                        <Position>
                            <LatitudeDegrees>30.519641876220703</LatitudeDegrees>
                            <LongitudeDegrees>104.05784606933594</LongitudeDegrees>
                        </Position>
                        <AltitudeMeters>431.1000061035156</AltitudeMeters>
                    </Trackpoint>
                    <Trackpoint>
                        <DistanceMeters>1535.9428333044052</DistanceMeters>
                        <Time>2022-01-15T13:57:19.795Z</Time>
                        <Position>
                            <LatitudeDegrees>30.51966094970703</LatitudeDegrees>
                            <LongitudeDegrees>104.0578842163086</LongitudeDegrees>
                        </Position>
                        <AltitudeMeters>431.1000061035156</AltitudeMeters>
                    </Trackpoint>
                    <Trackpoint>
                        <DistanceMeters>1535.9428333044052</DistanceMeters>
                        <Time>2022-01-15T13:57:20.111Z</Time>
                        <Position>
                            <LatitudeDegrees>30.519664764404297</LatitudeDegrees>
                            <LongitudeDegrees>104.05789184570312</LongitudeDegrees>
                        </Position>
                        <AltitudeMeters>431.1000061035156</AltitudeMeters>
                    </Trackpoint>
                    <Trackpoint>
                        <DistanceMeters>1535.9428333044052</DistanceMeters>
                        <Time>2022-01-15T13:57:20.774Z</Time>
                        <Position>
                            <LatitudeDegrees>30.519672393798828</LatitudeDegrees>
                            <LongitudeDegrees>104.05790710449219</LongitudeDegrees>
                        </Position>
                        <AltitudeMeters>431.1000061035156</AltitudeMeters>
                    </Trackpoint>
                    <Trackpoint>
                        <DistanceMeters>1535.9428333044052</DistanceMeters>
                        <Time>2022-01-15T13:57:21.430Z</Time>
                        <Position>
                            <LatitudeDegrees>30.519681930541992</LatitudeDegrees>
                            <LongitudeDegrees>104.05792999267578</LongitudeDegrees>
                        </Position>
                        <AltitudeMeters>431.1000061035156</AltitudeMeters>
                    </Trackpoint>
                    <Trackpoint>
                        <DistanceMeters>1535.9428333044052</DistanceMeters>
                        <Time>2022-01-15T13:57:21.757Z</Time>
                        <Position>
                            <LatitudeDegrees>30.519689559936523</LatitudeDegrees>
                            <LongitudeDegrees>104.05793762207031</LongitudeDegrees>
                        </Position>
                        <AltitudeMeters>431.1000061035156</AltitudeMeters>
                    </Trackpoint>
                    <Trackpoint>
                        <DistanceMeters>1535.9428333044052</DistanceMeters>
                        <Time>2022-01-15T13:57:22.415Z</Time>
                        <Position>
                            <LatitudeDegrees>30.51970100402832</LatitudeDegrees>
                            <LongitudeDegrees>104.05795288085938</LongitudeDegrees>
                        </Position>
                        <AltitudeMeters>431.1000061035156</AltitudeMeters>
                    </Trackpoint>
                    <Trackpoint>
                        <DistanceMeters>1535.9428333044052</DistanceMeters>
                        <Time>2022-01-15T13:57:22.750Z</Time>
                        <Position>
                            <LatitudeDegrees>30.51970863342285</LatitudeDegrees>
                            <LongitudeDegrees>104.0579605102539</LongitudeDegrees>
                        </Position>
                        <AltitudeMeters>431.1000061035156</AltitudeMeters>
                    </Trackpoint>
                    <Trackpoint>
                        <DistanceMeters>1535.9428333044052</DistanceMeters>
                        <Time>2022-01-15T13:57:23.392Z</Time>
                        <Position>
                            <LatitudeDegrees>30.51972007751465</LatitudeDegrees>
                            <LongitudeDegrees>104.05797576904297</LongitudeDegrees>
                        </Position>
                        <AltitudeMeters>431.1000061035156</AltitudeMeters>
                    </Trackpoint>
                    <Trackpoint>
                        <DistanceMeters>1535.9428333044052</DistanceMeters>
                        <Time>2022-01-15T13:57:24.032Z</Time>
                        <Position>
                            <LatitudeDegrees>30.519729614257812</LatitudeDegrees>
                            <LongitudeDegrees>104.0579833984375</LongitudeDegrees>
                        </Position>
                        <AltitudeMeters>431.1000061035156</AltitudeMeters>
                    </Trackpoint>
                    <Trackpoint>
                        <DistanceMeters>1535.9428333044052</DistanceMeters>
                        <Time>2022-01-15T13:57:24.673Z</Time>
                        <Position>
                            <LatitudeDegrees>30.519739151000977</LatitudeDegrees>
                            <LongitudeDegrees>104.05799865722656</LongitudeDegrees>
                        </Position>
                        <AltitudeMeters>431.1000061035156</AltitudeMeters>
                    </Trackpoint>
                    <Trackpoint>
                        <DistanceMeters>1535.9428333044052</DistanceMeters>
                        <Time>2022-01-15T13:57:25.008Z</Time>
                        <Position>
                            <LatitudeDegrees>30.519746780395508</LatitudeDegrees>
                            <LongitudeDegrees>104.0580062866211</LongitudeDegrees>
                        </Position>
                        <AltitudeMeters>431.1000061035156</AltitudeMeters>
                    </Trackpoint>
                    <Trackpoint>
                        <DistanceMeters>1535.9428333044052</DistanceMeters>
                        <Time>2022-01-15T13:57:25.669Z</Time>
                        <Position>
                            <LatitudeDegrees>30.519756317138672</LatitudeDegrees>
                            <LongitudeDegrees>104.05801391601562</LongitudeDegrees>
                        </Position>
                        <AltitudeMeters>431.1000061035156</AltitudeMeters>
                    </Trackpoint>
                    <Trackpoint>
                        <DistanceMeters>1535.9428333044052</DistanceMeters>
                        <Time>2022-01-15T13:57:26.328Z</Time>
                        <Position>
                            <LatitudeDegrees>30.51976776123047</LatitudeDegrees>
                            <LongitudeDegrees>104.05802917480469</LongitudeDegrees>
                        </Position>
                        <AltitudeMeters>431.1000061035156</AltitudeMeters>
                    </Trackpoint>
                    <Trackpoint>
                        <DistanceMeters>1535.9428333044052</DistanceMeters>
                        <Time>2022-01-15T13:57:27.314Z</Time>
                        <Position>
                            <LatitudeDegrees>30.519784927368164</LatitudeDegrees>
                            <LongitudeDegrees>104.05805206298828</LongitudeDegrees>
                        </Position>
                        <AltitudeMeters>431.1000061035156</AltitudeMeters>
                    </Trackpoint>
                    <Trackpoint>
                        <DistanceMeters>1535.9428333044052</DistanceMeters>
                        <Time>2022-01-15T13:57:27.975Z</Time>
                        <Position>
                            <LatitudeDegrees>30.519790649414062</LatitudeDegrees>
                            <LongitudeDegrees>104.05805969238281</LongitudeDegrees>
                        </Position>
                        <AltitudeMeters>431.1000061035156</AltitudeMeters>
                    </Trackpoint>
                    <Trackpoint>
                        <DistanceMeters>1535.9428333044052</DistanceMeters>
                        <Time>2022-01-15T13:57:28.979Z</Time>
                        <Position>
                            <LatitudeDegrees>30.51980209350586</LatitudeDegrees>
                            <LongitudeDegrees>104.0580825805664</LongitudeDegrees>
                        </Position>
                        <AltitudeMeters>431.1000061035156</AltitudeMeters>
                    </Trackpoint>
                    <Trackpoint>
                        <DistanceMeters>1535.9428333044052</DistanceMeters>
                        <Time>2022-01-15T13:57:29.610Z</Time>
                        <Position>
                            <LatitudeDegrees>30.519813537597656</LatitudeDegrees>
                            <LongitudeDegrees>104.05809020996094</LongitudeDegrees>
                        </Position>
                        <AltitudeMeters>431.1000061035156</AltitudeMeters>
                    </Trackpoint>
                    <Trackpoint>
                        <DistanceMeters>1608.9230197668076</DistanceMeters>
                        <Time>2022-01-15T13:57:30.548Z</Time>
                        <Position>
                            <LatitudeDegrees>30.51982879638672</LatitudeDegrees>
                            <LongitudeDegrees>104.05810546875</LongitudeDegrees>
                        </Position>
                        <AltitudeMeters>431.1000061035156</AltitudeMeters>
                    </Trackpoint>
                    <Trackpoint>
                        <DistanceMeters>1608.9230197668076</DistanceMeters>
                        <Time>2022-01-15T13:57:31.257Z</Time>
                        <Position>
                            <LatitudeDegrees>30.519838333129883</LatitudeDegrees>
                            <LongitudeDegrees>104.05812072753906</LongitudeDegrees>
                        </Position>
                        <AltitudeMeters>431.1000061035156</AltitudeMeters>
                    </Trackpoint>
                    <Trackpoint>
                        <DistanceMeters>1608.9230197668076</DistanceMeters>
                        <Time>2022-01-15T13:57:32.231Z</Time>
                        <Position>
                            <LatitudeDegrees>30.519847869873047</LatitudeDegrees>
                            <LongitudeDegrees>104.0581283569336</LongitudeDegrees>
                        </Position>
                        <AltitudeMeters>431.1000061035156</AltitudeMeters>
                    </Trackpoint>
                    <Trackpoint>
                        <DistanceMeters>1608.9230197668076</DistanceMeters>
                        <Time>2022-01-15T13:57:33.570Z</Time>
                        <Position>
                            <LatitudeDegrees>30.519859313964844</LatitudeDegrees>
                            <LongitudeDegrees>104.05814361572266</LongitudeDegrees>
                        </Position>
                        <AltitudeMeters>431.1000061035156</AltitudeMeters>
                    </Trackpoint>
                    <Trackpoint>
                        <DistanceMeters>1608.9230197668076</DistanceMeters>
                        <Time>2022-01-15T13:57:34.536Z</Time>
                        <Position>
                            <LatitudeDegrees>30.519866943359375</LatitudeDegrees>
                            <LongitudeDegrees>104.05816650390625</LongitudeDegrees>
                        </Position>
                        <AltitudeMeters>431.1000061035156</AltitudeMeters>
                    </Trackpoint>
                    <Trackpoint>
                        <DistanceMeters>1608.9230197668076</DistanceMeters>
                        <Time>2022-01-15T13:57:35.218Z</Time>
                        <Position>
                            <LatitudeDegrees>30.519868850708008</LatitudeDegrees>
                            <LongitudeDegrees>104.05817413330078</LongitudeDegrees>
                        </Position>
                        <AltitudeMeters>431.1000061035156</AltitudeMeters>
                    </Trackpoint>
                    <Trackpoint>
                        <DistanceMeters>1608.9230197668076</DistanceMeters>
                        <Time>2022-01-15T13:57:36.190Z</Time>
                        <Position>
                            <LatitudeDegrees>30.51986312866211</LatitudeDegrees>
                            <LongitudeDegrees>104.05818939208984</LongitudeDegrees>
                        </Position>
                        <AltitudeMeters>431.1000061035156</AltitudeMeters>
                    </Trackpoint>
                    <Trackpoint>
                        <DistanceMeters>1608.9230197668076</DistanceMeters>
                        <Time>2022-01-15T13:57:36.789Z</Time>
                        <Position>
                            <LatitudeDegrees>30.519859313964844</LatitudeDegrees>
                            <LongitudeDegrees>104.05819702148438</LongitudeDegrees>
                        </Position>
                        <AltitudeMeters>431.1000061035156</AltitudeMeters>
                    </Trackpoint>
                    <Trackpoint>
                        <DistanceMeters>1608.9230197668076</DistanceMeters>
                        <Time>2022-01-15T13:57:37.791Z</Time>
                        <Position>
                            <LatitudeDegrees>30.51986312866211</LatitudeDegrees>
                            <LongitudeDegrees>104.05821990966797</LongitudeDegrees>
                        </Position>
                        <AltitudeMeters>431.1000061035156</AltitudeMeters>
                    </Trackpoint>
                    <Trackpoint>
                        <DistanceMeters>1608.9230197668076</DistanceMeters>
                        <Time>2022-01-15T13:57:38.432Z</Time>
                        <Position>
                            <LatitudeDegrees>30.519868850708008</LatitudeDegrees>
                            <LongitudeDegrees>104.0582275390625</LongitudeDegrees>
                        </Position>
                        <AltitudeMeters>431.1000061035156</AltitudeMeters>
                    </Trackpoint>
                    <Trackpoint>
                        <DistanceMeters>1608.9230197668076</DistanceMeters>
                        <Time>2022-01-15T13:57:39.074Z</Time>
                        <Position>
                            <LatitudeDegrees>30.519880294799805</LatitudeDegrees>
                            <LongitudeDegrees>104.05824279785156</LongitudeDegrees>
                        </Position>
                        <AltitudeMeters>431.1000061035156</AltitudeMeters>
                    </Trackpoint>
                    <Trackpoint>
                        <DistanceMeters>1608.9230197668076</DistanceMeters>
                        <Time>2022-01-15T13:57:40.792Z</Time>
                        <Position>
                            <LatitudeDegrees>30.519895553588867</LatitudeDegrees>
                            <LongitudeDegrees>104.05827331542969</LongitudeDegrees>
                        </Position>
                        <AltitudeMeters>431.1000061035156</AltitudeMeters>
                    </Trackpoint>
                    <Trackpoint>
                        <DistanceMeters>1608.9230197668076</DistanceMeters>
                        <Time>2022-01-15T13:57:41.395Z</Time>
                        <Position>
                            <LatitudeDegrees>30.5199031829834</LatitudeDegrees>
                            <LongitudeDegrees>104.05828857421875</LongitudeDegrees>
                        </Position>
                        <AltitudeMeters>431.1000061035156</AltitudeMeters>
                    </Trackpoint>
                    <Trackpoint>
                        <DistanceMeters>1608.9230197668076</DistanceMeters>
                        <Time>2022-01-15T13:57:42.789Z</Time>
                        <Position>
                            <LatitudeDegrees>30.51991081237793</LatitudeDegrees>
                            <LongitudeDegrees>104.0583267211914</LongitudeDegrees>
                        </Position>
                        <AltitudeMeters>431.1000061035156</AltitudeMeters>
                    </Trackpoint>
                    <Trackpoint>
                        <DistanceMeters>1608.9230197668076</DistanceMeters>
                        <Time>2022-01-15T13:57:43.654Z</Time>
                        <Position>
                            <LatitudeDegrees>30.519916534423828</LatitudeDegrees>
                            <LongitudeDegrees>104.058349609375</LongitudeDegrees>
                        </Position>
                        <AltitudeMeters>431.1000061035156</AltitudeMeters>
                    </Trackpoint>
                    <Trackpoint>
                        <DistanceMeters>1608.9230197668076</DistanceMeters>
                        <Time>2022-01-15T13:57:44.317Z</Time>
                        <Position>
                            <LatitudeDegrees>30.519920349121094</LatitudeDegrees>
                            <LongitudeDegrees>104.0583724975586</LongitudeDegrees>
                        </Position>
                        <AltitudeMeters>431.1000061035156</AltitudeMeters>
                    </Trackpoint>
                    <Trackpoint>
                        <DistanceMeters>1608.9230197668076</DistanceMeters>
                        <Time>2022-01-15T13:57:44.789Z</Time>
                        <Position>
                            <LatitudeDegrees>30.519922256469727</LatitudeDegrees>
                            <LongitudeDegrees>104.05838775634766</LongitudeDegrees>
                        </Position>
                        <AltitudeMeters>431.1000061035156</AltitudeMeters>
                    </Trackpoint>
                    <Trackpoint>
                        <DistanceMeters>1608.9230197668076</DistanceMeters>
                        <Time>2022-01-15T13:57:46.313Z</Time>
                        <Position>
                            <LatitudeDegrees>30.51993751525879</LatitudeDegrees>
                            <LongitudeDegrees>104.05841064453125</LongitudeDegrees>
                        </Position>
                        <AltitudeMeters>431.1000061035156</AltitudeMeters>
                    </Trackpoint>
                    <Trackpoint>
                        <DistanceMeters>1608.9230197668076</DistanceMeters>
                        <Time>2022-01-15T13:57:47.595Z</Time>
                        <Position>
                            <LatitudeDegrees>30.519954681396484</LatitudeDegrees>
                            <LongitudeDegrees>104.05843353271484</LongitudeDegrees>
                        </Position>
                        <AltitudeMeters>431.1000061035156</AltitudeMeters>
                    </Trackpoint>
                    <Trackpoint>
                        <DistanceMeters>1608.9230197668076</DistanceMeters>
                        <Time>2022-01-15T13:57:47.911Z</Time>
                        <Position>
                            <LatitudeDegrees>30.519962310791016</LatitudeDegrees>
                            <LongitudeDegrees>104.05844116210938</LongitudeDegrees>
                        </Position>
                        <AltitudeMeters>431.1000061035156</AltitudeMeters>
                    </Trackpoint>
                    <Trackpoint>
                        <DistanceMeters>1608.9230197668076</DistanceMeters>
                        <Time>2022-01-15T13:57:48.273Z</Time>
                        <Position>
                            <LatitudeDegrees>30.519969940185547</LatitudeDegrees>
                            <LongitudeDegrees>104.0584487915039</LongitudeDegrees>
                        </Position>
                        <AltitudeMeters>431.1000061035156</AltitudeMeters>
                    </Trackpoint>
                    <Trackpoint>
                        <DistanceMeters>1608.9230197668076</DistanceMeters>
                        <Time>2022-01-15T13:57:48.788Z</Time>
                        <Position>
                            <LatitudeDegrees>30.519981384277344</LatitudeDegrees>
                            <LongitudeDegrees>104.05846405029297</LongitudeDegrees>
                        </Position>
                        <AltitudeMeters>431.1000061035156</AltitudeMeters>
                    </Trackpoint>
                    <Trackpoint>
                        <DistanceMeters>1608.9230197668076</DistanceMeters>
                        <Time>2022-01-15T13:57:49.556Z</Time>
                        <Position>
                            <LatitudeDegrees>30.51999855041504</LatitudeDegrees>
                            <LongitudeDegrees>104.05847930908203</LongitudeDegrees>
                        </Position>
                        <AltitudeMeters>431.1000061035156</AltitudeMeters>
                    </Trackpoint>
                    <Trackpoint>
                        <DistanceMeters>1608.9230197668076</DistanceMeters>
                        <Time>2022-01-15T13:57:50.532Z</Time>
                        <Position>
                            <LatitudeDegrees>30.520017623901367</LatitudeDegrees>
                            <LongitudeDegrees>104.0584945678711</LongitudeDegrees>
                        </Position>
                        <AltitudeMeters>431.1000061035156</AltitudeMeters>
                    </Trackpoint>
                    <Trackpoint>
                        <DistanceMeters>1608.9230197668076</DistanceMeters>
                        <Time>2022-01-15T13:57:51.493Z</Time>
                        <Position>
                            <LatitudeDegrees>30.520029067993164</LatitudeDegrees>
                            <LongitudeDegrees>104.05851745605469</LongitudeDegrees>
                        </Position>
                        <AltitudeMeters>431.1000061035156</AltitudeMeters>
                    </Trackpoint>
                    <Trackpoint>
                        <DistanceMeters>1608.9230197668076</DistanceMeters>
                        <Time>2022-01-15T13:57:52.149Z</Time>
                        <Position>
                            <LatitudeDegrees>30.520030975341797</LatitudeDegrees>
                            <LongitudeDegrees>104.05854034423828</LongitudeDegrees>
                        </Position>
                        <AltitudeMeters>431.1000061035156</AltitudeMeters>
                    </Trackpoint>
                    <Trackpoint>
                        <DistanceMeters>1608.9230197668076</DistanceMeters>
                        <Time>2022-01-15T13:57:52.810Z</Time>
                        <Position>
                            <LatitudeDegrees>30.52003288269043</LatitudeDegrees>
                            <LongitudeDegrees>104.05855560302734</LongitudeDegrees>
                        </Position>
                        <AltitudeMeters>431.1000061035156</AltitudeMeters>
                    </Trackpoint>
                    <Trackpoint>
                        <DistanceMeters>1608.9230197668076</DistanceMeters>
                        <Time>2022-01-15T13:57:53.451Z</Time>
                        <Position>
                            <LatitudeDegrees>30.520030975341797</LatitudeDegrees>
                            <LongitudeDegrees>104.05858612060547</LongitudeDegrees>
                        </Position>
                        <AltitudeMeters>431.1000061035156</AltitudeMeters>
                    </Trackpoint>
                    <Trackpoint>
                        <DistanceMeters>1608.9230197668076</DistanceMeters>
                        <Time>2022-01-15T13:57:53.816Z</Time>
                        <Position>
                            <LatitudeDegrees>30.520030975341797</LatitudeDegrees>
                            <LongitudeDegrees>104.05859375</LongitudeDegrees>
                        </Position>
                        <AltitudeMeters>431.1000061035156</AltitudeMeters>
                    </Trackpoint>
                    <Trackpoint>
                        <DistanceMeters>1608.9230197668076</DistanceMeters>
                        <Time>2022-01-15T13:57:54.436Z</Time>
                        <Position>
                            <LatitudeDegrees>30.520030975341797</LatitudeDegrees>
                            <LongitudeDegrees>104.0586166381836</LongitudeDegrees>
                        </Position>
                        <AltitudeMeters>431.1000061035156</AltitudeMeters>
                    </Trackpoint>
                    <Trackpoint>
                        <DistanceMeters>1608.9230197668076</DistanceMeters>
                        <Time>2022-01-15T13:57:55.432Z</Time>
                        <Position>
                            <LatitudeDegrees>30.52002716064453</LatitudeDegrees>
                            <LongitudeDegrees>104.05864715576172</LongitudeDegrees>
                        </Position>
                        <AltitudeMeters>431.1000061035156</AltitudeMeters>
                    </Trackpoint>
                    <Trackpoint>
                        <DistanceMeters>1608.9230197668076</DistanceMeters>
                        <Time>2022-01-15T13:57:56.110Z</Time>
                        <Position>
                            <LatitudeDegrees>30.5200252532959</LatitudeDegrees>
                            <LongitudeDegrees>104.05866241455078</LongitudeDegrees>
                        </Position>
                        <AltitudeMeters>431.1000061035156</AltitudeMeters>
                    </Trackpoint>
                    <Trackpoint>
                        <DistanceMeters>1608.9230197668076</DistanceMeters>
                        <Time>2022-01-15T13:57:56.771Z</Time>
                        <Position>
                            <LatitudeDegrees>30.520023345947266</LatitudeDegrees>
                            <LongitudeDegrees>104.05867767333984</LongitudeDegrees>
                        </Position>
                        <AltitudeMeters>431.1000061035156</AltitudeMeters>
                    </Trackpoint>
                    <Trackpoint>
                        <DistanceMeters>1608.9230197668076</DistanceMeters>
                        <Time>2022-01-15T13:57:57.094Z</Time>
                        <Position>
                            <LatitudeDegrees>30.52001953125</LatitudeDegrees>
                            <LongitudeDegrees>104.0586929321289</LongitudeDegrees>
                        </Position>
                        <AltitudeMeters>431.1000061035156</AltitudeMeters>
                    </Trackpoint>
                    <Trackpoint>
                        <DistanceMeters>1608.9230197668076</DistanceMeters>
                        <Time>2022-01-15T13:57:57.754Z</Time>
                        <Position>
                            <LatitudeDegrees>30.52001190185547</LatitudeDegrees>
                            <LongitudeDegrees>104.05870819091797</LongitudeDegrees>
                        </Position>
                        <AltitudeMeters>431.1000061035156</AltitudeMeters>
                    </Trackpoint>
                    <Trackpoint>
                        <DistanceMeters>1608.9230197668076</DistanceMeters>
                        <Time>2022-01-15T13:57:58.413Z</Time>
                        <Position>
                            <LatitudeDegrees>30.520004272460938</LatitudeDegrees>
                            <LongitudeDegrees>104.05872344970703</LongitudeDegrees>
                        </Position>
                        <AltitudeMeters>431.1000061035156</AltitudeMeters>
                    </Trackpoint>
                    <Trackpoint>
                        <DistanceMeters>1608.9230197668076</DistanceMeters>
                        <Time>2022-01-15T13:57:59.409Z</Time>
                        <Position>
                            <LatitudeDegrees>30.51999282836914</LatitudeDegrees>
                            <LongitudeDegrees>104.05874633789062</LongitudeDegrees>
                        </Position>
                        <AltitudeMeters>431.1000061035156</AltitudeMeters>
                    </Trackpoint>
                    <Trackpoint>
                        <DistanceMeters>1678.223648428917</DistanceMeters>
                        <Time>2022-01-15T13:58:00.133Z</Time>
                        <Position>
                            <LatitudeDegrees>30.519989013671875</LatitudeDegrees>
                            <LongitudeDegrees>104.05875396728516</LongitudeDegrees>
                        </Position>
                        <AltitudeMeters>431.1000061035156</AltitudeMeters>
                    </Trackpoint>
                    <Trackpoint>
                        <DistanceMeters>1678.223648428917</DistanceMeters>
                        <Time>2022-01-15T13:58:00.776Z</Time>
                        <Position>
                            <LatitudeDegrees>30.519987106323242</LatitudeDegrees>
                            <LongitudeDegrees>104.05876922607422</LongitudeDegrees>
                        </Position>
                        <AltitudeMeters>431.1000061035156</AltitudeMeters>
                    </Trackpoint>
                    <Trackpoint>
                        <DistanceMeters>1678.223648428917</DistanceMeters>
                        <Time>2022-01-15T13:58:01.437Z</Time>
                        <Position>
                            <LatitudeDegrees>30.519983291625977</LatitudeDegrees>
                            <LongitudeDegrees>104.05877685546875</LongitudeDegrees>
                        </Position>
                        <AltitudeMeters>431.1000061035156</AltitudeMeters>
                    </Trackpoint>
                    <Trackpoint>
                        <DistanceMeters>1678.223648428917</DistanceMeters>
                        <Time>2022-01-15T13:58:02.095Z</Time>
                        <Position>
                            <LatitudeDegrees>30.519981384277344</LatitudeDegrees>
                            <LongitudeDegrees>104.05879211425781</LongitudeDegrees>
                        </Position>
                        <AltitudeMeters>431.1000061035156</AltitudeMeters>
                    </Trackpoint>
                    <Trackpoint>
                        <DistanceMeters>1678.223648428917</DistanceMeters>
                        <Time>2022-01-15T13:58:03.417Z</Time>
                        <Position>
                            <LatitudeDegrees>30.519981384277344</LatitudeDegrees>
                            <LongitudeDegrees>104.0588150024414</LongitudeDegrees>
                        </Position>
                        <AltitudeMeters>431.1000061035156</AltitudeMeters>
                    </Trackpoint>
                    <Trackpoint>
                        <DistanceMeters>1678.223648428917</DistanceMeters>
                        <Time>2022-01-15T13:58:04.719Z</Time>
                        <Position>
                            <LatitudeDegrees>30.519983291625977</LatitudeDegrees>
                            <LongitudeDegrees>104.05884552001953</LongitudeDegrees>
                        </Position>
                        <AltitudeMeters>431.1000061035156</AltitudeMeters>
                    </Trackpoint>
                    <Trackpoint>
                        <DistanceMeters>1678.223648428917</DistanceMeters>
                        <Time>2022-01-15T13:58:05.415Z</Time>
                        <Position>
                            <LatitudeDegrees>30.519987106323242</LatitudeDegrees>
                            <LongitudeDegrees>104.0588607788086</LongitudeDegrees>
                        </Position>
                        <AltitudeMeters>431.1000061035156</AltitudeMeters>
                    </Trackpoint>
                    <Trackpoint>
                        <DistanceMeters>1678.223648428917</DistanceMeters>
                        <Time>2022-01-15T13:58:06.075Z</Time>
                        <Position>
                            <LatitudeDegrees>30.519990921020508</LatitudeDegrees>
                            <LongitudeDegrees>104.05887603759766</LongitudeDegrees>
                        </Position>
                        <AltitudeMeters>431.1000061035156</AltitudeMeters>
                    </Trackpoint>
                    <Trackpoint>
                        <DistanceMeters>1678.223648428917</DistanceMeters>
                        <Time>2022-01-15T13:58:06.714Z</Time>
                        <Position>
                            <LatitudeDegrees>30.51999282836914</LatitudeDegrees>
                            <LongitudeDegrees>104.05889129638672</LongitudeDegrees>
                        </Position>
                        <AltitudeMeters>431.1000061035156</AltitudeMeters>
                    </Trackpoint>
                    <Trackpoint>
                        <DistanceMeters>1678.223648428917</DistanceMeters>
                        <Time>2022-01-15T13:58:07.375Z</Time>
                        <Position>
                            <LatitudeDegrees>30.519994735717773</LatitudeDegrees>
                            <LongitudeDegrees>104.05889892578125</LongitudeDegrees>
                        </Position>
                        <AltitudeMeters>431.1000061035156</AltitudeMeters>
                    </Trackpoint>
                    <Trackpoint>
                        <DistanceMeters>1678.223648428917</DistanceMeters>
                        <Time>2022-01-15T13:58:08.675Z</Time>
                        <Position>
                            <LatitudeDegrees>30.519994735717773</LatitudeDegrees>
                            <LongitudeDegrees>104.05892944335938</LongitudeDegrees>
                        </Position>
                        <AltitudeMeters>431.1000061035156</AltitudeMeters>
                    </Trackpoint>
                    <Trackpoint>
                        <DistanceMeters>1678.223648428917</DistanceMeters>
                        <Time>2022-01-15T13:58:09.308Z</Time>
                        <Position>
                            <LatitudeDegrees>30.51999282836914</LatitudeDegrees>
                            <LongitudeDegrees>104.05894470214844</LongitudeDegrees>
                        </Position>
                        <AltitudeMeters>431.1000061035156</AltitudeMeters>
                    </Trackpoint>
                    <Trackpoint>
                        <DistanceMeters>1678.223648428917</DistanceMeters>
                        <Time>2022-01-15T13:58:09.950Z</Time>
                        <Position>
                            <LatitudeDegrees>30.51999282836914</LatitudeDegrees>
                            <LongitudeDegrees>104.0589599609375</LongitudeDegrees>
                        </Position>
                        <AltitudeMeters>431.1000061035156</AltitudeMeters>
                    </Trackpoint>
                    <Trackpoint>
                        <DistanceMeters>1678.223648428917</DistanceMeters>
                        <Time>2022-01-15T13:58:10.572Z</Time>
                        <Position>
                            <LatitudeDegrees>30.51999282836914</LatitudeDegrees>
                            <LongitudeDegrees>104.05897521972656</LongitudeDegrees>
                        </Position>
                        <AltitudeMeters>431.1000061035156</AltitudeMeters>
                    </Trackpoint>
                    <Trackpoint>
                        <DistanceMeters>1678.223648428917</DistanceMeters>
                        <Time>2022-01-15T13:58:11.259Z</Time>
                        <Position>
                            <LatitudeDegrees>30.51999282836914</LatitudeDegrees>
                            <LongitudeDegrees>104.05899047851562</LongitudeDegrees>
                        </Position>
                        <AltitudeMeters>431.1000061035156</AltitudeMeters>
                    </Trackpoint>
                    <Trackpoint>
                        <DistanceMeters>1678.223648428917</DistanceMeters>
                        <Time>2022-01-15T13:58:11.911Z</Time>
                        <Position>
                            <LatitudeDegrees>30.51999282836914</LatitudeDegrees>
                            <LongitudeDegrees>104.05901336669922</LongitudeDegrees>
                        </Position>
                        <AltitudeMeters>431.1000061035156</AltitudeMeters>
                    </Trackpoint>
                    <Trackpoint>
                        <DistanceMeters>1678.223648428917</DistanceMeters>
                        <Time>2022-01-15T13:58:12.534Z</Time>
                        <Position>
                            <LatitudeDegrees>30.51999282836914</LatitudeDegrees>
                            <LongitudeDegrees>104.05902862548828</LongitudeDegrees>
                        </Position>
                        <AltitudeMeters>431.1000061035156</AltitudeMeters>
                    </Trackpoint>
                    <Trackpoint>
                        <DistanceMeters>1678.223648428917</DistanceMeters>
                        <Time>2022-01-15T13:58:13.160Z</Time>
                        <Position>
                            <LatitudeDegrees>30.51999282836914</LatitudeDegrees>
                            <LongitudeDegrees>104.05905151367188</LongitudeDegrees>
                        </Position>
                        <AltitudeMeters>431.1000061035156</AltitudeMeters>
                    </Trackpoint>
                    <Trackpoint>
                        <DistanceMeters>1678.223648428917</DistanceMeters>
                        <Time>2022-01-15T13:58:13.787Z</Time>
                        <Position>
                            <LatitudeDegrees>30.519994735717773</LatitudeDegrees>
                            <LongitudeDegrees>104.05906677246094</LongitudeDegrees>
                        </Position>
                        <AltitudeMeters>431.1000061035156</AltitudeMeters>
                    </Trackpoint>
                    <Trackpoint>
                        <DistanceMeters>1678.223648428917</DistanceMeters>
                        <Time>2022-01-15T13:58:14.216Z</Time>
                        <Position>
                            <LatitudeDegrees>30.519996643066406</LatitudeDegrees>
                            <LongitudeDegrees>104.05908203125</LongitudeDegrees>
                        </Position>
                        <AltitudeMeters>431.1000061035156</AltitudeMeters>
                    </Trackpoint>
                    <Trackpoint>
                        <DistanceMeters>1678.223648428917</DistanceMeters>
                        <Time>2022-01-15T13:58:14.788Z</Time>
                        <Position>
                            <LatitudeDegrees>30.51999855041504</LatitudeDegrees>
                            <LongitudeDegrees>104.05909729003906</LongitudeDegrees>
                        </Position>
                        <AltitudeMeters>431.1000061035156</AltitudeMeters>
                    </Trackpoint>
                    <Trackpoint>
                        <DistanceMeters>1678.223648428917</DistanceMeters>
                        <Time>2022-01-15T13:58:15.813Z</Time>
                        <Position>
                            <LatitudeDegrees>30.520000457763672</LatitudeDegrees>
                            <LongitudeDegrees>104.05912017822266</LongitudeDegrees>
                        </Position>
                        <AltitudeMeters>431.1000061035156</AltitudeMeters>
                    </Trackpoint>
                    <Trackpoint>
                        <DistanceMeters>1678.223648428917</DistanceMeters>
                        <Time>2022-01-15T13:58:17.136Z</Time>
                        <Position>
                            <LatitudeDegrees>30.51999855041504</LatitudeDegrees>
                            <LongitudeDegrees>104.05913543701172</LongitudeDegrees>
                        </Position>
                        <AltitudeMeters>431.1000061035156</AltitudeMeters>
                    </Trackpoint>
                    <Trackpoint>
                        <DistanceMeters>1678.223648428917</DistanceMeters>
                        <Time>2022-01-15T13:58:18.074Z</Time>
                        <Position>
                            <LatitudeDegrees>30.520000457763672</LatitudeDegrees>
                            <LongitudeDegrees>104.05916595458984</LongitudeDegrees>
                        </Position>
                        <AltitudeMeters>431.1000061035156</AltitudeMeters>
                    </Trackpoint>
                    <Trackpoint>
                        <DistanceMeters>1678.223648428917</DistanceMeters>
                        <Time>2022-01-15T13:58:18.777Z</Time>
                        <Position>
                            <LatitudeDegrees>30.51999855041504</LatitudeDegrees>
                            <LongitudeDegrees>104.0591812133789</LongitudeDegrees>
                        </Position>
                        <AltitudeMeters>431.1000061035156</AltitudeMeters>
                    </Trackpoint>
                    <Trackpoint>
                        <DistanceMeters>1678.223648428917</DistanceMeters>
                        <Time>2022-01-15T13:58:19.709Z</Time>
                        <Position>
                            <LatitudeDegrees>30.520000457763672</LatitudeDegrees>
                            <LongitudeDegrees>104.05921173095703</LongitudeDegrees>
                        </Position>
                        <AltitudeMeters>431.1000061035156</AltitudeMeters>
                    </Trackpoint>
                    <Trackpoint>
                        <DistanceMeters>1678.223648428917</DistanceMeters>
                        <Time>2022-01-15T13:58:20.351Z</Time>
                        <Position>
                            <LatitudeDegrees>30.520000457763672</LatitudeDegrees>
                            <LongitudeDegrees>104.0592269897461</LongitudeDegrees>
                        </Position>
                        <AltitudeMeters>431.1000061035156</AltitudeMeters>
                    </Trackpoint>
                    <Trackpoint>
                        <DistanceMeters>1678.223648428917</DistanceMeters>
                        <Time>2022-01-15T13:58:20.732Z</Time>
                        <Position>
                            <LatitudeDegrees>30.51999855041504</LatitudeDegrees>
                            <LongitudeDegrees>104.05923461914062</LongitudeDegrees>
                        </Position>
                        <AltitudeMeters>431.1000061035156</AltitudeMeters>
                    </Trackpoint>
                    <Trackpoint>
                        <DistanceMeters>1678.223648428917</DistanceMeters>
                        <Time>2022-01-15T13:58:21.755Z</Time>
                        <Position>
                            <LatitudeDegrees>30.519989013671875</LatitudeDegrees>
                            <LongitudeDegrees>104.05925750732422</LongitudeDegrees>
                        </Position>
                        <AltitudeMeters>431.1000061035156</AltitudeMeters>
                    </Trackpoint>
                    <Trackpoint>
                        <DistanceMeters>1678.223648428917</DistanceMeters>
                        <Time>2022-01-15T13:58:22.331Z</Time>
                        <Position>
                            <LatitudeDegrees>30.519983291625977</LatitudeDegrees>
                            <LongitudeDegrees>104.05926513671875</LongitudeDegrees>
                        </Position>
                        <AltitudeMeters>431.1000061035156</AltitudeMeters>
                    </Trackpoint>
                    <Trackpoint>
                        <DistanceMeters>1678.223648428917</DistanceMeters>
                        <Time>2022-01-15T13:58:22.789Z</Time>
                        <Position>
                            <LatitudeDegrees>30.519973754882812</LatitudeDegrees>
                            <LongitudeDegrees>104.05927276611328</LongitudeDegrees>
                        </Position>
                        <AltitudeMeters>431.1000061035156</AltitudeMeters>
                    </Trackpoint>
                    <Trackpoint>
                        <DistanceMeters>1678.223648428917</DistanceMeters>
                        <Time>2022-01-15T13:58:23.650Z</Time>
                        <Position>
                            <LatitudeDegrees>30.519947052001953</LatitudeDegrees>
                            <LongitudeDegrees>104.05927276611328</LongitudeDegrees>
                        </Position>
                        <AltitudeMeters>431.1000061035156</AltitudeMeters>
                    </Trackpoint>
                    <Trackpoint>
                        <DistanceMeters>1678.223648428917</DistanceMeters>
                        <Time>2022-01-15T13:58:24.272Z</Time>
                        <Position>
                            <LatitudeDegrees>30.519935607910156</LatitudeDegrees>
                            <LongitudeDegrees>104.05927276611328</LongitudeDegrees>
                        </Position>
                        <AltitudeMeters>431.1000061035156</AltitudeMeters>
                    </Trackpoint>
                    <Trackpoint>
                        <DistanceMeters>1678.223648428917</DistanceMeters>
                        <Time>2022-01-15T13:58:24.788Z</Time>
                        <Position>
                            <LatitudeDegrees>30.519922256469727</LatitudeDegrees>
                            <LongitudeDegrees>104.05928039550781</LongitudeDegrees>
                        </Position>
                        <AltitudeMeters>431.1000061035156</AltitudeMeters>
                    </Trackpoint>
                    <Trackpoint>
                        <DistanceMeters>1678.223648428917</DistanceMeters>
                        <Time>2022-01-15T13:58:25.277Z</Time>
                        <Position>
                            <LatitudeDegrees>30.519912719726562</LatitudeDegrees>
                            <LongitudeDegrees>104.05928039550781</LongitudeDegrees>
                        </Position>
                        <AltitudeMeters>431.1000061035156</AltitudeMeters>
                    </Trackpoint>
                    <Trackpoint>
                        <DistanceMeters>1678.223648428917</DistanceMeters>
                        <Time>2022-01-15T13:58:25.956Z</Time>
                        <Position>
                            <LatitudeDegrees>30.5198974609375</LatitudeDegrees>
                            <LongitudeDegrees>104.05928802490234</LongitudeDegrees>
                        </Position>
                        <AltitudeMeters>431.1000061035156</AltitudeMeters>
                    </Trackpoint>
                    <Trackpoint>
                        <DistanceMeters>1678.223648428917</DistanceMeters>
                        <Time>2022-01-15T13:58:26.598Z</Time>
                        <Position>
                            <LatitudeDegrees>30.519882202148438</LatitudeDegrees>
                            <LongitudeDegrees>104.05928802490234</LongitudeDegrees>
                        </Position>
                        <AltitudeMeters>431.1000061035156</AltitudeMeters>
                    </Trackpoint>
                    <Trackpoint>
                        <DistanceMeters>1678.223648428917</DistanceMeters>
                        <Time>2022-01-15T13:58:26.896Z</Time>
                        <Position>
                            <LatitudeDegrees>30.519872665405273</LatitudeDegrees>
                            <LongitudeDegrees>104.05929565429688</LongitudeDegrees>
                        </Position>
                        <AltitudeMeters>431.1000061035156</AltitudeMeters>
                    </Trackpoint>
                    <Trackpoint>
                        <DistanceMeters>1678.223648428917</DistanceMeters>
                        <Time>2022-01-15T13:58:27.537Z</Time>
                        <Position>
                            <LatitudeDegrees>30.51986312866211</LatitudeDegrees>
                            <LongitudeDegrees>104.0593032836914</LongitudeDegrees>
                        </Position>
                        <AltitudeMeters>431.1000061035156</AltitudeMeters>
                    </Trackpoint>
                    <Trackpoint>
                        <DistanceMeters>1678.223648428917</DistanceMeters>
                        <Time>2022-01-15T13:58:28.214Z</Time>
                        <Position>
                            <LatitudeDegrees>30.519851684570312</LatitudeDegrees>
                            <LongitudeDegrees>104.05931091308594</LongitudeDegrees>
                        </Position>
                        <AltitudeMeters>431.1000061035156</AltitudeMeters>
                    </Trackpoint>
                    <Trackpoint>
                        <DistanceMeters>1678.223648428917</DistanceMeters>
                        <Time>2022-01-15T13:58:28.789Z</Time>
                        <Position>
                            <LatitudeDegrees>30.51984214782715</LatitudeDegrees>
                            <LongitudeDegrees>104.05931854248047</LongitudeDegrees>
                        </Position>
                        <AltitudeMeters>431.1000061035156</AltitudeMeters>
                    </Trackpoint>
                    <Trackpoint>
                        <DistanceMeters>1678.223648428917</DistanceMeters>
                        <Time>2022-01-15T13:58:29.496Z</Time>
                        <Position>
                            <LatitudeDegrees>30.51983070373535</LatitudeDegrees>
                            <LongitudeDegrees>104.059326171875</LongitudeDegrees>
                        </Position>
                        <AltitudeMeters>431.1000061035156</AltitudeMeters>
                    </Trackpoint>
                    <Trackpoint>
                        <DistanceMeters>1755.8183063268661</DistanceMeters>
                        <Time>2022-01-15T13:58:30.157Z</Time>
                        <Position>
                            <LatitudeDegrees>30.519821166992188</LatitudeDegrees>
                            <LongitudeDegrees>104.05933380126953</LongitudeDegrees>
                        </Position>
                        <AltitudeMeters>431.1000061035156</AltitudeMeters>
                    </Trackpoint>
                    <Trackpoint>
                        <DistanceMeters>1755.8183063268661</DistanceMeters>
                        <Time>2022-01-15T13:58:30.790Z</Time>
                        <Position>
                            <LatitudeDegrees>30.51980972290039</LatitudeDegrees>
                            <LongitudeDegrees>104.05934143066406</LongitudeDegrees>
                        </Position>
                        <AltitudeMeters>431.1000061035156</AltitudeMeters>
                    </Trackpoint>
                    <Trackpoint>
                        <DistanceMeters>1755.8183063268661</DistanceMeters>
                        <Time>2022-01-15T13:58:31.449Z</Time>
                        <Position>
                            <LatitudeDegrees>30.519794464111328</LatitudeDegrees>
                            <LongitudeDegrees>104.0593490600586</LongitudeDegrees>
                        </Position>
                        <AltitudeMeters>431.1000061035156</AltitudeMeters>
                    </Trackpoint>
                    <Trackpoint>
                        <DistanceMeters>1755.8183063268661</DistanceMeters>
                        <Time>2022-01-15T13:58:32.110Z</Time>
                        <Position>
                            <LatitudeDegrees>30.519784927368164</LatitudeDegrees>
                            <LongitudeDegrees>104.05936431884766</LongitudeDegrees>
                        </Position>
                        <AltitudeMeters>431.1000061035156</AltitudeMeters>
                    </Trackpoint>
                    <Trackpoint>
                        <DistanceMeters>1755.8183063268661</DistanceMeters>
                        <Time>2022-01-15T13:58:32.453Z</Time>
                        <Position>
                            <LatitudeDegrees>30.519775390625</LatitudeDegrees>
                            <LongitudeDegrees>104.05937194824219</LongitudeDegrees>
                        </Position>
                        <AltitudeMeters>431.1000061035156</AltitudeMeters>
                    </Trackpoint>
                    <Trackpoint>
                        <DistanceMeters>1755.8183063268661</DistanceMeters>
                        <Time>2022-01-15T13:58:33.391Z</Time>
                        <Position>
                            <LatitudeDegrees>30.519758224487305</LatitudeDegrees>
                            <LongitudeDegrees>104.05938720703125</LongitudeDegrees>
                        </Position>
                        <AltitudeMeters>431.1000061035156</AltitudeMeters>
                    </Trackpoint>
                    <Trackpoint>
                        <DistanceMeters>1755.8183063268661</DistanceMeters>
                        <Time>2022-01-15T13:58:34.451Z</Time>
                        <Position>
                            <LatitudeDegrees>30.51974105834961</LatitudeDegrees>
                            <LongitudeDegrees>104.05940246582031</LongitudeDegrees>
                        </Position>
                        <AltitudeMeters>431.1000061035156</AltitudeMeters>
                    </Trackpoint>
                    <Trackpoint>
                        <DistanceMeters>1755.8183063268661</DistanceMeters>
                        <Time>2022-01-15T13:58:35.389Z</Time>
                        <Position>
                            <LatitudeDegrees>30.51972198486328</LatitudeDegrees>
                            <LongitudeDegrees>104.05941009521484</LongitudeDegrees>
                        </Position>
                        <AltitudeMeters>431.1000061035156</AltitudeMeters>
                    </Trackpoint>
                    <Trackpoint>
                        <DistanceMeters>1755.8183063268661</DistanceMeters>
                        <Time>2022-01-15T13:58:36.757Z</Time>
                        <Position>
                            <LatitudeDegrees>30.519702911376953</LatitudeDegrees>
                            <LongitudeDegrees>104.05941772460938</LongitudeDegrees>
                        </Position>
                        <AltitudeMeters>431.1000061035156</AltitudeMeters>
                    </Trackpoint>
                    <Trackpoint>
                        <DistanceMeters>1755.8183063268661</DistanceMeters>
                        <Time>2022-01-15T13:58:37.751Z</Time>
                        <Position>
                            <LatitudeDegrees>30.519689559936523</LatitudeDegrees>
                            <LongitudeDegrees>104.05943298339844</LongitudeDegrees>
                        </Position>
                        <AltitudeMeters>431.1000061035156</AltitudeMeters>
                    </Trackpoint>
                    <Trackpoint>
                        <DistanceMeters>1755.8183063268661</DistanceMeters>
                        <Time>2022-01-15T13:58:38.773Z</Time>
                        <Position>
                            <LatitudeDegrees>30.51967430114746</LatitudeDegrees>
                            <LongitudeDegrees>104.0594482421875</LongitudeDegrees>
                        </Position>
                        <AltitudeMeters>431.1000061035156</AltitudeMeters>
                    </Trackpoint>
                    <Trackpoint>
                        <DistanceMeters>1755.8183063268661</DistanceMeters>
                        <Time>2022-01-15T13:58:39.591Z</Time>
                        <Position>
                            <LatitudeDegrees>30.51966094970703</LatitudeDegrees>
                            <LongitudeDegrees>104.05946350097656</LongitudeDegrees>
                        </Position>
                        <AltitudeMeters>431.1000061035156</AltitudeMeters>
                    </Trackpoint>
                    <Trackpoint>
                        <DistanceMeters>1755.8183063268661</DistanceMeters>
                        <Time>2022-01-15T13:58:40.595Z</Time>
                        <Position>
                            <LatitudeDegrees>30.51964569091797</LatitudeDegrees>
                            <LongitudeDegrees>104.0594711303711</LongitudeDegrees>
                        </Position>
                        <AltitudeMeters>431.1000061035156</AltitudeMeters>
                    </Trackpoint>
                    <Trackpoint>
                        <DistanceMeters>1755.8183063268661</DistanceMeters>
                        <Time>2022-01-15T13:58:41.535Z</Time>
                        <Position>
                            <LatitudeDegrees>30.51962661743164</LatitudeDegrees>
                            <LongitudeDegrees>104.05948638916016</LongitudeDegrees>
                        </Position>
                        <AltitudeMeters>431.1000061035156</AltitudeMeters>
                    </Trackpoint>
                    <Trackpoint>
                        <DistanceMeters>1755.8183063268661</DistanceMeters>
                        <Time>2022-01-15T13:58:42.300Z</Time>
                        <Position>
                            <LatitudeDegrees>30.51961326599121</LatitudeDegrees>
                            <LongitudeDegrees>104.05949401855469</LongitudeDegrees>
                        </Position>
                        <AltitudeMeters>431.1000061035156</AltitudeMeters>
                    </Trackpoint>
                    <Trackpoint>
                        <DistanceMeters>1755.8183063268661</DistanceMeters>
                        <Time>2022-01-15T13:58:42.789Z</Time>
                        <Position>
                            <LatitudeDegrees>30.51960563659668</LatitudeDegrees>
                            <LongitudeDegrees>104.05950164794922</LongitudeDegrees>
                        </Position>
                        <AltitudeMeters>431.1000061035156</AltitudeMeters>
                    </Trackpoint>
                    <Trackpoint>
                        <DistanceMeters>1755.8183063268661</DistanceMeters>
                        <Time>2022-01-15T13:58:43.236Z</Time>
                        <Position>
                            <LatitudeDegrees>30.519594192504883</LatitudeDegrees>
                            <LongitudeDegrees>104.05950164794922</LongitudeDegrees>
                        </Position>
                        <AltitudeMeters>431.1000061035156</AltitudeMeters>
                    </Trackpoint>
                    <Trackpoint>
                        <DistanceMeters>1755.8183063268661</DistanceMeters>
                        <Time>2022-01-15T13:58:44.212Z</Time>
                        <Position>
                            <LatitudeDegrees>30.519580841064453</LatitudeDegrees>
                            <LongitudeDegrees>104.05950164794922</LongitudeDegrees>
                        </Position>
                        <AltitudeMeters>431.1000061035156</AltitudeMeters>
                    </Trackpoint>
                    <Trackpoint>
                        <DistanceMeters>1755.8183063268661</DistanceMeters>
                        <Time>2022-01-15T13:58:44.789Z</Time>
                        <Position>
                            <LatitudeDegrees>30.519573211669922</LatitudeDegrees>
                            <LongitudeDegrees>104.05948638916016</LongitudeDegrees>
                        </Position>
                        <AltitudeMeters>431.1000061035156</AltitudeMeters>
                    </Trackpoint>
                    <Trackpoint>
                        <DistanceMeters>1755.8183063268661</DistanceMeters>
                        <Time>2022-01-15T13:58:45.911Z</Time>
                        <Position>
                            <LatitudeDegrees>30.519556045532227</LatitudeDegrees>
                            <LongitudeDegrees>104.05948638916016</LongitudeDegrees>
                        </Position>
                        <AltitudeMeters>431.1000061035156</AltitudeMeters>
                    </Trackpoint>
                    <Trackpoint>
                        <DistanceMeters>1755.8183063268661</DistanceMeters>
                        <Time>2022-01-15T13:58:46.610Z</Time>
                        <Position>
                            <LatitudeDegrees>30.51954460144043</LatitudeDegrees>
                            <LongitudeDegrees>104.05947875976562</LongitudeDegrees>
                        </Position>
                        <AltitudeMeters>431.1000061035156</AltitudeMeters>
                    </Trackpoint>
                    <Trackpoint>
                        <DistanceMeters>1755.8183063268661</DistanceMeters>
                        <Time>2022-01-15T13:58:47.176Z</Time>
                        <Position>
                            <LatitudeDegrees>30.519535064697266</LatitudeDegrees>
                            <LongitudeDegrees>104.05946350097656</LongitudeDegrees>
                        </Position>
                        <AltitudeMeters>431.1000061035156</AltitudeMeters>
                    </Trackpoint>
                    <Trackpoint>
                        <DistanceMeters>1755.8183063268661</DistanceMeters>
                        <Time>2022-01-15T13:58:47.529Z</Time>
                        <Position>
                            <LatitudeDegrees>30.519535064697266</LatitudeDegrees>
                            <LongitudeDegrees>104.05945587158203</LongitudeDegrees>
                        </Position>
                        <AltitudeMeters>431.1000061035156</AltitudeMeters>
                    </Trackpoint>
                    <Trackpoint>
                        <DistanceMeters>1755.8183063268661</DistanceMeters>
                        <Time>2022-01-15T13:58:48.217Z</Time>
                        <Position>
                            <LatitudeDegrees>30.51953125</LatitudeDegrees>
                            <LongitudeDegrees>104.05944061279297</LongitudeDegrees>
                        </Position>
                        <AltitudeMeters>431.1000061035156</AltitudeMeters>
                    </Trackpoint>
                    <Trackpoint>
                        <DistanceMeters>1755.8183063268661</DistanceMeters>
                        <Time>2022-01-15T13:58:48.788Z</Time>
                        <Position>
                            <LatitudeDegrees>30.51953125</LatitudeDegrees>
                            <LongitudeDegrees>104.05941772460938</LongitudeDegrees>
                        </Position>
                        <AltitudeMeters>431.1000061035156</AltitudeMeters>
                    </Trackpoint>
                    <Trackpoint>
                        <DistanceMeters>1755.8183063268661</DistanceMeters>
                        <Time>2022-01-15T13:58:49.556Z</Time>
                        <Position>
                            <LatitudeDegrees>30.519527435302734</LatitudeDegrees>
                            <LongitudeDegrees>104.05938720703125</LongitudeDegrees>
                        </Position>
                        <AltitudeMeters>431.1000061035156</AltitudeMeters>
                    </Trackpoint>
                    <Trackpoint>
                        <DistanceMeters>1755.8183063268661</DistanceMeters>
                        <Time>2022-01-15T13:58:50.150Z</Time>
                        <Position>
                            <LatitudeDegrees>30.519521713256836</LatitudeDegrees>
                            <LongitudeDegrees>104.05937194824219</LongitudeDegrees>
                        </Position>
                        <AltitudeMeters>431.1000061035156</AltitudeMeters>
                    </Trackpoint>
                    <Trackpoint>
                        <DistanceMeters>1755.8183063268661</DistanceMeters>
                        <Time>2022-01-15T13:58:50.457Z</Time>
                        <Position>
                            <LatitudeDegrees>30.51951789855957</LatitudeDegrees>
                            <LongitudeDegrees>104.05936431884766</LongitudeDegrees>
                        </Position>
                        <AltitudeMeters>431.1000061035156</AltitudeMeters>
                    </Trackpoint>
                    <Trackpoint>
                        <DistanceMeters>1755.8183063268661</DistanceMeters>
                        <Time>2022-01-15T13:58:51.120Z</Time>
                        <Position>
                            <LatitudeDegrees>30.519512176513672</LatitudeDegrees>
                            <LongitudeDegrees>104.05933380126953</LongitudeDegrees>
                        </Position>
                        <AltitudeMeters>431.1000061035156</AltitudeMeters>
                    </Trackpoint>
                    <Trackpoint>
                        <DistanceMeters>1755.8183063268661</DistanceMeters>
                        <Time>2022-01-15T13:58:52.095Z</Time>
                        <Position>
                            <LatitudeDegrees>30.519508361816406</LatitudeDegrees>
                            <LongitudeDegrees>104.05931091308594</LongitudeDegrees>
                        </Position>
                        <AltitudeMeters>431.1000061035156</AltitudeMeters>
                    </Trackpoint>
                    <Trackpoint>
                        <DistanceMeters>1755.8183063268661</DistanceMeters>
                        <Time>2022-01-15T13:58:52.753Z</Time>
                        <Position>
                            <LatitudeDegrees>30.519506454467773</LatitudeDegrees>
                            <LongitudeDegrees>104.05928802490234</LongitudeDegrees>
                        </Position>
                        <AltitudeMeters>431.1000061035156</AltitudeMeters>
                    </Trackpoint>
                    <Trackpoint>
                        <DistanceMeters>1755.8183063268661</DistanceMeters>
                        <Time>2022-01-15T13:58:53.098Z</Time>
                        <Position>
                            <LatitudeDegrees>30.519506454467773</LatitudeDegrees>
                            <LongitudeDegrees>104.05927276611328</LongitudeDegrees>
                        </Position>
                        <AltitudeMeters>431.1000061035156</AltitudeMeters>
                    </Trackpoint>
                    <Trackpoint>
                        <DistanceMeters>1755.8183063268661</DistanceMeters>
                        <Time>2022-01-15T13:58:54.035Z</Time>
                        <Position>
                            <LatitudeDegrees>30.519500732421875</LatitudeDegrees>
                            <LongitudeDegrees>104.05924224853516</LongitudeDegrees>
                        </Position>
                        <AltitudeMeters>431.1000061035156</AltitudeMeters>
                    </Trackpoint>
                    <Trackpoint>
                        <DistanceMeters>1755.8183063268661</DistanceMeters>
                        <Time>2022-01-15T13:58:54.388Z</Time>
                        <Position>
                            <LatitudeDegrees>30.519498825073242</LatitudeDegrees>
                            <LongitudeDegrees>104.0592269897461</LongitudeDegrees>
                        </Position>
                        <AltitudeMeters>431.1000061035156</AltitudeMeters>
                    </Trackpoint>
                    <Trackpoint>
                        <DistanceMeters>1755.8183063268661</DistanceMeters>
                        <Time>2022-01-15T13:58:54.714Z</Time>
                        <Position>
                            <LatitudeDegrees>30.51949691772461</LatitudeDegrees>
                            <LongitudeDegrees>104.05921173095703</LongitudeDegrees>
                        </Position>
                        <AltitudeMeters>431.1000061035156</AltitudeMeters>
                    </Trackpoint>
                    <Trackpoint>
                        <DistanceMeters>1755.8183063268661</DistanceMeters>
                        <Time>2022-01-15T13:58:55.337Z</Time>
                        <Position>
                            <LatitudeDegrees>30.519495010375977</LatitudeDegrees>
                            <LongitudeDegrees>104.05918884277344</LongitudeDegrees>
                        </Position>
                        <AltitudeMeters>431.1000061035156</AltitudeMeters>
                    </Trackpoint>
                    <Trackpoint>
                        <DistanceMeters>1755.8183063268661</DistanceMeters>
                        <Time>2022-01-15T13:58:55.974Z</Time>
                        <Position>
                            <LatitudeDegrees>30.519489288330078</LatitudeDegrees>
                            <LongitudeDegrees>104.0591812133789</LongitudeDegrees>
                        </Position>
                        <AltitudeMeters>431.1000061035156</AltitudeMeters>
                    </Trackpoint>
                    <Trackpoint>
                        <DistanceMeters>1755.8183063268661</DistanceMeters>
                        <Time>2022-01-15T13:58:56.630Z</Time>
                        <Position>
                            <LatitudeDegrees>30.519485473632812</LatitudeDegrees>
                            <LongitudeDegrees>104.05916595458984</LongitudeDegrees>
                        </Position>
                        <AltitudeMeters>431.1000061035156</AltitudeMeters>
                    </Trackpoint>
                    <Trackpoint>
                        <DistanceMeters>1755.8183063268661</DistanceMeters>
                        <Time>2022-01-15T13:58:57.276Z</Time>
                        <Position>
                            <LatitudeDegrees>30.51948356628418</LatitudeDegrees>
                            <LongitudeDegrees>104.05915069580078</LongitudeDegrees>
                        </Position>
                        <AltitudeMeters>431.1000061035156</AltitudeMeters>
                    </Trackpoint>
                    <Trackpoint>
                        <DistanceMeters>1755.8183063268661</DistanceMeters>
                        <Time>2022-01-15T13:58:58.609Z</Time>
                        <Position>
                            <LatitudeDegrees>30.519472122192383</LatitudeDegrees>
                            <LongitudeDegrees>104.05912780761719</LongitudeDegrees>
                        </Position>
                        <AltitudeMeters>431.1000061035156</AltitudeMeters>
                    </Trackpoint>
                    <Trackpoint>
                        <DistanceMeters>1755.8183063268661</DistanceMeters>
                        <Time>2022-01-15T13:58:59.251Z</Time>
                        <Position>
                            <LatitudeDegrees>30.51946449279785</LatitudeDegrees>
                            <LongitudeDegrees>104.05911254882812</LongitudeDegrees>
                        </Position>
                        <AltitudeMeters>431.1000061035156</AltitudeMeters>
                    </Trackpoint>
                    <Trackpoint>
                        <DistanceMeters>1755.8183063268661</DistanceMeters>
                        <Time>2022-01-15T13:58:59.874Z</Time>
                        <Position>
                            <LatitudeDegrees>30.51945686340332</LatitudeDegrees>
                            <LongitudeDegrees>104.05908966064453</LongitudeDegrees>
                        </Position>
                        <AltitudeMeters>431.1000061035156</AltitudeMeters>
                    </Trackpoint>
                    <Trackpoint>
                        <DistanceMeters>1833.1228412389755</DistanceMeters>
                        <Time>2022-01-15T13:59:00.553Z</Time>
                        <Position>
                            <LatitudeDegrees>30.519451141357422</LatitudeDegrees>
                            <LongitudeDegrees>104.05907440185547</LongitudeDegrees>
                        </Position>
                        <AltitudeMeters>431.1000061035156</AltitudeMeters>
                    </Trackpoint>
                    <Trackpoint>
                        <DistanceMeters>1833.1228412389755</DistanceMeters>
                        <Time>2022-01-15T13:59:01.835Z</Time>
                        <Position>
                            <LatitudeDegrees>30.519437789916992</LatitudeDegrees>
                            <LongitudeDegrees>104.05902862548828</LongitudeDegrees>
                        </Position>
                        <AltitudeMeters>431.1000061035156</AltitudeMeters>
                    </Trackpoint>
                    <Trackpoint>
                        <DistanceMeters>1833.1228412389755</DistanceMeters>
                        <Time>2022-01-15T13:59:02.476Z</Time>
                        <Position>
                            <LatitudeDegrees>30.519433975219727</LatitudeDegrees>
                            <LongitudeDegrees>104.05900573730469</LongitudeDegrees>
                        </Position>
                        <AltitudeMeters>431.1000061035156</AltitudeMeters>
                    </Trackpoint>
                    <Trackpoint>
                        <DistanceMeters>1833.1228412389755</DistanceMeters>
                        <Time>2022-01-15T13:59:03.117Z</Time>
                        <Position>
                            <LatitudeDegrees>30.519428253173828</LatitudeDegrees>
                            <LongitudeDegrees>104.05899047851562</LongitudeDegrees>
                        </Position>
                        <AltitudeMeters>431.1000061035156</AltitudeMeters>
                    </Trackpoint>
                    <Trackpoint>
                        <DistanceMeters>1833.1228412389755</DistanceMeters>
                        <Time>2022-01-15T13:59:03.750Z</Time>
                        <Position>
                            <LatitudeDegrees>30.519420623779297</LatitudeDegrees>
                            <LongitudeDegrees>104.0589828491211</LongitudeDegrees>
                        </Position>
                        <AltitudeMeters>431.1000061035156</AltitudeMeters>
                    </Trackpoint>
                    <Trackpoint>
                        <DistanceMeters>1833.1228412389755</DistanceMeters>
                        <Time>2022-01-15T13:59:04.389Z</Time>
                        <Position>
                            <LatitudeDegrees>30.519412994384766</LatitudeDegrees>
                            <LongitudeDegrees>104.05896759033203</LongitudeDegrees>
                        </Position>
                        <AltitudeMeters>431.1000061035156</AltitudeMeters>
                    </Trackpoint>
                    <Trackpoint>
                        <DistanceMeters>1833.1228412389755</DistanceMeters>
                        <Time>2022-01-15T13:59:05.395Z</Time>
                        <Position>
                            <LatitudeDegrees>30.519399642944336</LatitudeDegrees>
                            <LongitudeDegrees>104.05895233154297</LongitudeDegrees>
                        </Position>
                        <AltitudeMeters>431.1000061035156</AltitudeMeters>
                    </Trackpoint>
                    <Trackpoint>
                        <DistanceMeters>1833.1228412389755</DistanceMeters>
                        <Time>2022-01-15T13:59:06.296Z</Time>
                        <Position>
                            <LatitudeDegrees>30.519393920898438</LatitudeDegrees>
                            <LongitudeDegrees>104.05892944335938</LongitudeDegrees>
                        </Position>
                        <AltitudeMeters>431.1000061035156</AltitudeMeters>
                    </Trackpoint>
                    <Trackpoint>
                        <DistanceMeters>1833.1228412389755</DistanceMeters>
                        <Time>2022-01-15T13:59:06.788Z</Time>
                        <Position>
                            <LatitudeDegrees>30.519392013549805</LatitudeDegrees>
                            <LongitudeDegrees>104.05892181396484</LongitudeDegrees>
                        </Position>
                        <AltitudeMeters>431.1000061035156</AltitudeMeters>
                    </Trackpoint>
                    <Trackpoint>
                        <DistanceMeters>1833.1228412389755</DistanceMeters>
                        <Time>2022-01-15T13:59:07.692Z</Time>
                        <Position>
                            <LatitudeDegrees>30.519386291503906</LatitudeDegrees>
                            <LongitudeDegrees>104.05889892578125</LongitudeDegrees>
                        </Position>
                        <AltitudeMeters>431.1000061035156</AltitudeMeters>
                    </Trackpoint>
                    <Trackpoint>
                        <DistanceMeters>1833.1228412389755</DistanceMeters>
                        <Time>2022-01-15T13:59:08.313Z</Time>
                        <Position>
                            <LatitudeDegrees>30.519380569458008</LatitudeDegrees>
                            <LongitudeDegrees>104.05887603759766</LongitudeDegrees>
                        </Position>
                        <AltitudeMeters>431.1000061035156</AltitudeMeters>
                    </Trackpoint>
                    <Trackpoint>
                        <DistanceMeters>1833.1228412389755</DistanceMeters>
                        <Time>2022-01-15T13:59:08.611Z</Time>
                        <Position>
                            <LatitudeDegrees>30.519378662109375</LatitudeDegrees>
                            <LongitudeDegrees>104.05886840820312</LongitudeDegrees>
                        </Position>
                        <AltitudeMeters>431.1000061035156</AltitudeMeters>
                    </Trackpoint>
                    <Trackpoint>
                        <DistanceMeters>1833.1228412389755</DistanceMeters>
                        <Time>2022-01-15T13:59:08.955Z</Time>
                        <Position>
                            <LatitudeDegrees>30.519378662109375</LatitudeDegrees>
                            <LongitudeDegrees>104.05885314941406</LongitudeDegrees>
                        </Position>
                        <AltitudeMeters>431.1000061035156</AltitudeMeters>
                    </Trackpoint>
                    <Trackpoint>
                        <DistanceMeters>1833.1228412389755</DistanceMeters>
                        <Time>2022-01-15T13:59:09.634Z</Time>
                        <Position>
                            <LatitudeDegrees>30.519378662109375</LatitudeDegrees>
                            <LongitudeDegrees>104.058837890625</LongitudeDegrees>
                        </Position>
                        <AltitudeMeters>431.1000061035156</AltitudeMeters>
                    </Trackpoint>
                    <Trackpoint>
                        <DistanceMeters>1833.1228412389755</DistanceMeters>
                        <Time>2022-01-15T13:59:10.257Z</Time>
                        <Position>
                            <LatitudeDegrees>30.519378662109375</LatitudeDegrees>
                            <LongitudeDegrees>104.05882263183594</LongitudeDegrees>
                        </Position>
                        <AltitudeMeters>431.1000061035156</AltitudeMeters>
                    </Trackpoint>
                    <Trackpoint>
                        <DistanceMeters>1833.1228412389755</DistanceMeters>
                        <Time>2022-01-15T13:59:10.789Z</Time>
                        <Position>
                            <LatitudeDegrees>30.519378662109375</LatitudeDegrees>
                            <LongitudeDegrees>104.05880737304688</LongitudeDegrees>
                        </Position>
                        <AltitudeMeters>431.1000061035156</AltitudeMeters>
                    </Trackpoint>
                    <Trackpoint>
                        <DistanceMeters>1833.1228412389755</DistanceMeters>
                        <Time>2022-01-15T13:59:11.874Z</Time>
                        <Position>
                            <LatitudeDegrees>30.51938819885254</LatitudeDegrees>
                            <LongitudeDegrees>104.05878448486328</LongitudeDegrees>
                        </Position>
                        <AltitudeMeters>431.1000061035156</AltitudeMeters>
                    </Trackpoint>
                    <Trackpoint>
                        <DistanceMeters>1833.1228412389755</DistanceMeters>
                        <Time>2022-01-15T13:59:12.514Z</Time>
                        <Position>
                            <LatitudeDegrees>30.519392013549805</LatitudeDegrees>
                            <LongitudeDegrees>104.05876922607422</LongitudeDegrees>
                        </Position>
                        <AltitudeMeters>431.1000061035156</AltitudeMeters>
                    </Trackpoint>
                    <Trackpoint>
                        <DistanceMeters>1833.1228412389755</DistanceMeters>
                        <Time>2022-01-15T13:59:13.492Z</Time>
                        <Position>
                            <LatitudeDegrees>30.51939582824707</LatitudeDegrees>
                            <LongitudeDegrees>104.05874633789062</LongitudeDegrees>
                        </Position>
                        <AltitudeMeters>431.1000061035156</AltitudeMeters>
                    </Trackpoint>
                    <Trackpoint>
                        <DistanceMeters>1833.1228412389755</DistanceMeters>
                        <Time>2022-01-15T13:59:14.114Z</Time>
                        <Position>
                            <LatitudeDegrees>30.519399642944336</LatitudeDegrees>
                            <LongitudeDegrees>104.05873107910156</LongitudeDegrees>
                        </Position>
                        <AltitudeMeters>431.1000061035156</AltitudeMeters>
                    </Trackpoint>
                    <Trackpoint>
                        <DistanceMeters>1833.1228412389755</DistanceMeters>
                        <Time>2022-01-15T13:59:14.756Z</Time>
                        <Position>
                            <LatitudeDegrees>30.5194034576416</LatitudeDegrees>
                            <LongitudeDegrees>104.0587158203125</LongitudeDegrees>
                        </Position>
                        <AltitudeMeters>431.1000061035156</AltitudeMeters>
                    </Trackpoint>
                    <Trackpoint>
                        <DistanceMeters>1833.1228412389755</DistanceMeters>
                        <Time>2022-01-15T13:59:15.713Z</Time>
                        <Position>
                            <LatitudeDegrees>30.519393920898438</LatitudeDegrees>
                            <LongitudeDegrees>104.05870819091797</LongitudeDegrees>
                        </Position>
                        <AltitudeMeters>431.1000061035156</AltitudeMeters>
                    </Trackpoint>
                    <Trackpoint>
                        <DistanceMeters>1833.1228412389755</DistanceMeters>
                        <Time>2022-01-15T13:59:16.789Z</Time>
                        <Position>
                            <LatitudeDegrees>30.51938247680664</LatitudeDegrees>
                            <LongitudeDegrees>104.0586929321289</LongitudeDegrees>
                        </Position>
                        <AltitudeMeters>431.1000061035156</AltitudeMeters>
                    </Trackpoint>
                    <Trackpoint>
                        <DistanceMeters>1833.1228412389755</DistanceMeters>
                        <Time>2022-01-15T13:59:17.990Z</Time>
                        <Position>
                            <LatitudeDegrees>30.519378662109375</LatitudeDegrees>
                            <LongitudeDegrees>104.05868530273438</LongitudeDegrees>
                        </Position>
                        <AltitudeMeters>431.1000061035156</AltitudeMeters>
                    </Trackpoint>
                    <Trackpoint>
                        <DistanceMeters>1833.1228412389755</DistanceMeters>
                        <Time>2022-01-15T13:59:19.690Z</Time>
                        <Position>
                            <LatitudeDegrees>30.519378662109375</LatitudeDegrees>
                            <LongitudeDegrees>104.05867767333984</LongitudeDegrees>
                        </Position>
                        <AltitudeMeters>431.1000061035156</AltitudeMeters>
                    </Trackpoint>
                    <Trackpoint>
                        <DistanceMeters>1833.1228412389755</DistanceMeters>
                        <Time>2022-01-15T13:59:20.676Z</Time>
                        <Position>
                            <LatitudeDegrees>30.519371032714844</LatitudeDegrees>
                            <LongitudeDegrees>104.05866241455078</LongitudeDegrees>
                        </Position>
                        <AltitudeMeters>431.1000061035156</AltitudeMeters>
                    </Trackpoint>
                    <Trackpoint>
                        <DistanceMeters>1833.1228412389755</DistanceMeters>
                        <Time>2022-01-15T13:59:21.317Z</Time>
                        <Position>
                            <LatitudeDegrees>30.51936912536621</LatitudeDegrees>
                            <LongitudeDegrees>104.05865478515625</LongitudeDegrees>
                        </Position>
                        <AltitudeMeters>431.1000061035156</AltitudeMeters>
                    </Trackpoint>
                    <Trackpoint>
                        <DistanceMeters>1833.1228412389755</DistanceMeters>
                        <Time>2022-01-15T13:59:21.979Z</Time>
                        <Position>
                            <LatitudeDegrees>30.519371032714844</LatitudeDegrees>
                            <LongitudeDegrees>104.05863952636719</LongitudeDegrees>
                        </Position>
                        <AltitudeMeters>431.1000061035156</AltitudeMeters>
                    </Trackpoint>
                    <Trackpoint>
                        <DistanceMeters>1833.1228412389755</DistanceMeters>
                        <Time>2022-01-15T13:59:22.973Z</Time>
                        <Position>
                            <LatitudeDegrees>30.51937484741211</LatitudeDegrees>
                            <LongitudeDegrees>104.0586166381836</LongitudeDegrees>
                        </Position>
                        <AltitudeMeters>431.1000061035156</AltitudeMeters>
                    </Trackpoint>
                    <Trackpoint>
                        <DistanceMeters>1833.1228412389755</DistanceMeters>
                        <Time>2022-01-15T13:59:23.652Z</Time>
                        <Position>
                            <LatitudeDegrees>30.519386291503906</LatitudeDegrees>
                            <LongitudeDegrees>104.05859375</LongitudeDegrees>
                        </Position>
                        <AltitudeMeters>431.1000061035156</AltitudeMeters>
                    </Trackpoint>
                    <Trackpoint>
                        <DistanceMeters>1833.1228412389755</DistanceMeters>
                        <Time>2022-01-15T13:59:23.902Z</Time>
                        <Position>
                            <LatitudeDegrees>30.519392013549805</LatitudeDegrees>
                            <LongitudeDegrees>104.05857849121094</LongitudeDegrees>
                        </Position>
                        <AltitudeMeters>419.3077697753906</AltitudeMeters>
                    </Trackpoint>
                    <Trackpoint>
                        <DistanceMeters>1833.1228412389755</DistanceMeters>
                        <Time>2022-01-15T13:59:24.675Z</Time>
                        <Position>
                            <LatitudeDegrees>30.519397735595703</LatitudeDegrees>
                            <LongitudeDegrees>104.05856323242188</LongitudeDegrees>
                        </Position>
                        <AltitudeMeters>419.3077697753906</AltitudeMeters>
                    </Trackpoint>
                    <Trackpoint>
                        <DistanceMeters>1833.1228412389755</DistanceMeters>
                        <Time>2022-01-15T13:59:25.333Z</Time>
                        <Position>
                            <LatitudeDegrees>30.5194149017334</LatitudeDegrees>
                            <LongitudeDegrees>104.05853271484375</LongitudeDegrees>
                        </Position>
                        <AltitudeMeters>419.6890563964844</AltitudeMeters>
                    </Trackpoint>
                    <Trackpoint>
                        <DistanceMeters>1833.1228412389755</DistanceMeters>
                        <Time>2022-01-15T13:59:25.697Z</Time>
                        <Position>
                            <LatitudeDegrees>30.519428253173828</LatitudeDegrees>
                            <LongitudeDegrees>104.05851745605469</LongitudeDegrees>
                        </Position>
                        <AltitudeMeters>419.6890563964844</AltitudeMeters>
                    </Trackpoint>
                    <Trackpoint>
                        <DistanceMeters>1833.1228412389755</DistanceMeters>
                        <Time>2022-01-15T13:59:26.265Z</Time>
                        <Position>
                            <LatitudeDegrees>30.519439697265625</LatitudeDegrees>
                            <LongitudeDegrees>104.05850219726562</LongitudeDegrees>
                        </Position>
                        <AltitudeMeters>419.6890563964844</AltitudeMeters>
                    </Trackpoint>
                    <Trackpoint>
                        <DistanceMeters>1833.1228412389755</DistanceMeters>
                        <Time>2022-01-15T13:59:26.788Z</Time>
                        <Position>
                            <LatitudeDegrees>30.519458770751953</LatitudeDegrees>
                            <LongitudeDegrees>104.05848693847656</LongitudeDegrees>
                        </Position>
                        <AltitudeMeters>419.7092590332031</AltitudeMeters>
                    </Trackpoint>
                    <Trackpoint>
                        <DistanceMeters>1833.1228412389755</DistanceMeters>
                        <Time>2022-01-15T13:59:27.295Z</Time>
                        <Position>
                            <LatitudeDegrees>30.519472122192383</LatitudeDegrees>
                            <LongitudeDegrees>104.0584716796875</LongitudeDegrees>
                        </Position>
                        <AltitudeMeters>419.7092590332031</AltitudeMeters>
                    </Trackpoint>
                    <Trackpoint>
                        <DistanceMeters>1833.1228412389755</DistanceMeters>
                        <Time>2022-01-15T13:59:27.995Z</Time>
                        <Position>
                            <LatitudeDegrees>30.519485473632812</LatitudeDegrees>
                            <LongitudeDegrees>104.05845642089844</LongitudeDegrees>
                        </Position>
                        <AltitudeMeters>419.7092590332031</AltitudeMeters>
                    </Trackpoint>
                    <Trackpoint>
                        <DistanceMeters>1833.1228412389755</DistanceMeters>
                        <Time>2022-01-15T13:59:28.334Z</Time>
                        <Position>
                            <LatitudeDegrees>30.51949119567871</LatitudeDegrees>
                            <LongitudeDegrees>104.0584487915039</LongitudeDegrees>
                        </Position>
                        <AltitudeMeters>419.7092590332031</AltitudeMeters>
                    </Trackpoint>
                    <Trackpoint>
                        <DistanceMeters>1833.1228412389755</DistanceMeters>
                        <Time>2022-01-15T13:59:28.977Z</Time>
                        <Position>
                            <LatitudeDegrees>30.519506454467773</LatitudeDegrees>
                            <LongitudeDegrees>104.05843353271484</LongitudeDegrees>
                        </Position>
                        <AltitudeMeters>419.7092590332031</AltitudeMeters>
                    </Trackpoint>
                    <Trackpoint>
                        <DistanceMeters>1833.1228412389755</DistanceMeters>
                        <Time>2022-01-15T13:59:29.655Z</Time>
                        <Position>
                            <LatitudeDegrees>30.51952362060547</LatitudeDegrees>
                            <LongitudeDegrees>104.05841827392578</LongitudeDegrees>
                        </Position>
                        <AltitudeMeters>419.7092590332031</AltitudeMeters>
                    </Trackpoint>
                    <Trackpoint>
                        <DistanceMeters>1833.1228412389755</DistanceMeters>
                        <Time>2022-01-15T13:59:29.990Z</Time>
                        <Position>
                            <LatitudeDegrees>30.519540786743164</LatitudeDegrees>
                            <LongitudeDegrees>104.05840301513672</LongitudeDegrees>
                        </Position>
                        <AltitudeMeters>419.2375793457031</AltitudeMeters>
                    </Trackpoint>
                    <Trackpoint>
                        <DistanceMeters>1915.0548862218857</DistanceMeters>
                        <Time>2022-01-15T13:59:30.648Z</Time>
                        <Position>
                            <LatitudeDegrees>30.51955223083496</LatitudeDegrees>
                            <LongitudeDegrees>104.05839538574219</LongitudeDegrees>
                        </Position>
                        <AltitudeMeters>419.2375793457031</AltitudeMeters>
                    </Trackpoint>
                    <Trackpoint>
                        <DistanceMeters>1915.0548862218857</DistanceMeters>
                        <Time>2022-01-15T13:59:31.338Z</Time>
                        <Position>
                            <LatitudeDegrees>30.519559860229492</LatitudeDegrees>
                            <LongitudeDegrees>104.05838012695312</LongitudeDegrees>
                        </Position>
                        <AltitudeMeters>419.2168273925781</AltitudeMeters>
                    </Trackpoint>
                    <Trackpoint>
                        <DistanceMeters>1915.0548862218857</DistanceMeters>
                        <Time>2022-01-15T13:59:31.970Z</Time>
                        <Position>
                            <LatitudeDegrees>30.519567489624023</LatitudeDegrees>
                            <LongitudeDegrees>104.05836486816406</LongitudeDegrees>
                        </Position>
                        <AltitudeMeters>419.2168273925781</AltitudeMeters>
                    </Trackpoint>
                    <Trackpoint>
                        <DistanceMeters>1915.0548862218857</DistanceMeters>
                        <Time>2022-01-15T13:59:32.788Z</Time>
                        <Position>
                            <LatitudeDegrees>30.51957893371582</LatitudeDegrees>
                            <LongitudeDegrees>104.058349609375</LongitudeDegrees>
                        </Position>
                        <AltitudeMeters>419.2168273925781</AltitudeMeters>
                    </Trackpoint>
                    <Trackpoint>
                        <DistanceMeters>1915.0548862218857</DistanceMeters>
                        <Time>2022-01-15T13:59:33.336Z</Time>
                        <Position>
                            <LatitudeDegrees>30.51958465576172</LatitudeDegrees>
                            <LongitudeDegrees>104.05834197998047</LongitudeDegrees>
                        </Position>
                        <AltitudeMeters>419.2168273925781</AltitudeMeters>
                    </Trackpoint>
                    <Trackpoint>
                        <DistanceMeters>1915.0548862218857</DistanceMeters>
                        <Time>2022-01-15T13:59:34.331Z</Time>
                        <Position>
                            <LatitudeDegrees>30.519594192504883</LatitudeDegrees>
                            <LongitudeDegrees>104.05831909179688</LongitudeDegrees>
                        </Position>
                        <AltitudeMeters>419.0205993652344</AltitudeMeters>
                    </Trackpoint>
                    <Trackpoint>
                        <DistanceMeters>1915.0548862218857</DistanceMeters>
                        <Time>2022-01-15T13:59:35.016Z</Time>
                        <Position>
                            <LatitudeDegrees>30.519620895385742</LatitudeDegrees>
                            <LongitudeDegrees>104.05828094482422</LongitudeDegrees>
                        </Position>
                        <AltitudeMeters>419.0556945800781</AltitudeMeters>
                    </Trackpoint>
                    <Trackpoint>
                        <DistanceMeters>1915.0548862218857</DistanceMeters>
                        <Time>2022-01-15T13:59:36.076Z</Time>
                        <Position>
                            <LatitudeDegrees>30.51963996887207</LatitudeDegrees>
                            <LongitudeDegrees>104.05825805664062</LongitudeDegrees>
                        </Position>
                        <AltitudeMeters>419.0556945800781</AltitudeMeters>
                    </Trackpoint>
                    <Trackpoint>
                        <DistanceMeters>1915.0548862218857</DistanceMeters>
                        <Time>2022-01-15T13:59:36.374Z</Time>
                        <Position>
                            <LatitudeDegrees>30.5196475982666</LatitudeDegrees>
                            <LongitudeDegrees>104.05824279785156</LongitudeDegrees>
                        </Position>
                        <AltitudeMeters>419.0556945800781</AltitudeMeters>
                    </Trackpoint>
                    <Trackpoint>
                        <DistanceMeters>1915.0548862218857</DistanceMeters>
                        <Time>2022-01-15T13:59:36.736Z</Time>
                        <Position>
                            <LatitudeDegrees>30.519655227661133</LatitudeDegrees>
                            <LongitudeDegrees>104.05823516845703</LongitudeDegrees>
                        </Position>
                        <AltitudeMeters>419.0556945800781</AltitudeMeters>
                    </Trackpoint>
                    <Trackpoint>
                        <DistanceMeters>1915.0548862218857</DistanceMeters>
                        <Time>2022-01-15T13:59:37.351Z</Time>
                        <Position>
                            <LatitudeDegrees>30.519672393798828</LatitudeDegrees>
                            <LongitudeDegrees>104.05821990966797</LongitudeDegrees>
                        </Position>
                        <AltitudeMeters>419.0556945800781</AltitudeMeters>
                    </Trackpoint>
                    <Trackpoint>
                        <DistanceMeters>1915.0548862218857</DistanceMeters>
                        <Time>2022-01-15T13:59:38.010Z</Time>
                        <Position>
                            <LatitudeDegrees>30.519685745239258</LatitudeDegrees>
                            <LongitudeDegrees>104.05821228027344</LongitudeDegrees>
                        </Position>
                        <AltitudeMeters>419.0556945800781</AltitudeMeters>
                    </Trackpoint>
                    <Trackpoint>
                        <DistanceMeters>1915.0548862218857</DistanceMeters>
                        <Time>2022-01-15T13:59:38.672Z</Time>
                        <Position>
                            <LatitudeDegrees>30.519697189331055</LatitudeDegrees>
                            <LongitudeDegrees>104.05819702148438</LongitudeDegrees>
                        </Position>
                        <AltitudeMeters>419.0556945800781</AltitudeMeters>
                    </Trackpoint>
                    <Trackpoint>
                        <DistanceMeters>1915.0548862218857</DistanceMeters>
                        <Time>2022-01-15T13:59:39.034Z</Time>
                        <Position>
                            <LatitudeDegrees>30.51970672607422</LatitudeDegrees>
                            <LongitudeDegrees>104.05818939208984</LongitudeDegrees>
                        </Position>
                        <AltitudeMeters>419.1056823730469</AltitudeMeters>
                    </Trackpoint>
                    <Trackpoint>
                        <DistanceMeters>1915.0548862218857</DistanceMeters>
                        <Time>2022-01-15T13:59:39.712Z</Time>
                        <Position>
                            <LatitudeDegrees>30.51972007751465</LatitudeDegrees>
                            <LongitudeDegrees>104.05817413330078</LongitudeDegrees>
                        </Position>
                        <AltitudeMeters>419.1056823730469</AltitudeMeters>
                    </Trackpoint>
                    <Trackpoint>
                        <DistanceMeters>1915.0548862218857</DistanceMeters>
                        <Time>2022-01-15T13:59:40.373Z</Time>
                        <Position>
                            <LatitudeDegrees>30.519731521606445</LatitudeDegrees>
                            <LongitudeDegrees>104.05816650390625</LongitudeDegrees>
                        </Position>
                        <AltitudeMeters>419.1056823730469</AltitudeMeters>
                    </Trackpoint>
                    <Trackpoint>
                        <DistanceMeters>1915.0548862218857</DistanceMeters>
                        <Time>2022-01-15T13:59:40.718Z</Time>
                        <Position>
                            <LatitudeDegrees>30.519739151000977</LatitudeDegrees>
                            <LongitudeDegrees>104.05815887451172</LongitudeDegrees>
                        </Position>
                        <AltitudeMeters>419.1056823730469</AltitudeMeters>
                    </Trackpoint>
                    <Trackpoint>
                        <DistanceMeters>1915.0548862218857</DistanceMeters>
                        <Time>2022-01-15T13:59:41.394Z</Time>
                        <Position>
                            <LatitudeDegrees>30.519756317138672</LatitudeDegrees>
                            <LongitudeDegrees>104.05814361572266</LongitudeDegrees>
                        </Position>
                        <AltitudeMeters>419.1056823730469</AltitudeMeters>
                    </Trackpoint>
                    <Trackpoint>
                        <DistanceMeters>1915.0548862218857</DistanceMeters>
                        <Time>2022-01-15T13:59:42.018Z</Time>
                        <Position>
                            <LatitudeDegrees>30.5197696685791</LatitudeDegrees>
                            <LongitudeDegrees>104.0581283569336</LongitudeDegrees>
                        </Position>
                        <AltitudeMeters>419.1056823730469</AltitudeMeters>
                    </Trackpoint>
                    <Trackpoint>
                        <DistanceMeters>1915.0548862218857</DistanceMeters>
                        <Time>2022-01-15T13:59:42.715Z</Time>
                        <Position>
                            <LatitudeDegrees>30.519784927368164</LatitudeDegrees>
                            <LongitudeDegrees>104.05812072753906</LongitudeDegrees>
                        </Position>
                        <AltitudeMeters>419.1056823730469</AltitudeMeters>
                    </Trackpoint>
                    <Trackpoint>
                        <DistanceMeters>1915.0548862218857</DistanceMeters>
                        <Time>2022-01-15T13:59:43.355Z</Time>
                        <Position>
                            <LatitudeDegrees>30.519798278808594</LatitudeDegrees>
                            <LongitudeDegrees>104.05810546875</LongitudeDegrees>
                        </Position>
                        <AltitudeMeters>419.1056823730469</AltitudeMeters>
                    </Trackpoint>
                    <Trackpoint>
                        <DistanceMeters>1915.0548862218857</DistanceMeters>
                        <Time>2022-01-15T13:59:44.071Z</Time>
                        <Position>
                            <LatitudeDegrees>30.51980972290039</LatitudeDegrees>
                            <LongitudeDegrees>104.05809020996094</LongitudeDegrees>
                        </Position>
                        <AltitudeMeters>419.1056823730469</AltitudeMeters>
                    </Trackpoint>
                    <Trackpoint>
                        <DistanceMeters>1915.0548862218857</DistanceMeters>
                        <Time>2022-01-15T13:59:44.713Z</Time>
                        <Position>
                            <LatitudeDegrees>30.519819259643555</LatitudeDegrees>
                            <LongitudeDegrees>104.05807495117188</LongitudeDegrees>
                        </Position>
                        <AltitudeMeters>419.1056823730469</AltitudeMeters>
                    </Trackpoint>
                    <Trackpoint>
                        <DistanceMeters>1915.0548862218857</DistanceMeters>
                        <Time>2022-01-15T13:59:45.373Z</Time>
                        <Position>
                            <LatitudeDegrees>30.519821166992188</LatitudeDegrees>
                            <LongitudeDegrees>104.05805969238281</LongitudeDegrees>
                        </Position>
                        <AltitudeMeters>419.1056823730469</AltitudeMeters>
                    </Trackpoint>
                    <Trackpoint>
                        <DistanceMeters>1915.0548862218857</DistanceMeters>
                        <Time>2022-01-15T13:59:46.712Z</Time>
                        <Position>
                            <LatitudeDegrees>30.51983070373535</LatitudeDegrees>
                            <LongitudeDegrees>104.05803680419922</LongitudeDegrees>
                        </Position>
                        <AltitudeMeters>419.1056823730469</AltitudeMeters>
                    </Trackpoint>
                    <Trackpoint>
                        <DistanceMeters>1915.0548862218857</DistanceMeters>
                        <Time>2022-01-15T13:59:47.315Z</Time>
                        <Position>
                            <LatitudeDegrees>30.519826889038086</LatitudeDegrees>
                            <LongitudeDegrees>104.05802154541016</LongitudeDegrees>
                        </Position>
                        <AltitudeMeters>419.1056823730469</AltitudeMeters>
                    </Trackpoint>
                    <Trackpoint>
                        <DistanceMeters>1915.0548862218857</DistanceMeters>
                        <Time>2022-01-15T13:59:48.078Z</Time>
                        <Position>
                            <LatitudeDegrees>30.519826889038086</LatitudeDegrees>
                            <LongitudeDegrees>104.0580062866211</LongitudeDegrees>
                        </Position>
                        <AltitudeMeters>419.1056823730469</AltitudeMeters>
                    </Trackpoint>
                    <Trackpoint>
                        <DistanceMeters>1915.0548862218857</DistanceMeters>
                        <Time>2022-01-15T13:59:48.708Z</Time>
                        <Position>
                            <LatitudeDegrees>30.519824981689453</LatitudeDegrees>
                            <LongitudeDegrees>104.05799865722656</LongitudeDegrees>
                        </Position>
                        <AltitudeMeters>419.1056823730469</AltitudeMeters>
                    </Trackpoint>
                    <Trackpoint>
                        <DistanceMeters>1915.0548862218857</DistanceMeters>
                        <Time>2022-01-15T13:59:49.034Z</Time>
                        <Position>
                            <LatitudeDegrees>30.51981544494629</LatitudeDegrees>
                            <LongitudeDegrees>104.0579833984375</LongitudeDegrees>
                        </Position>
                        <AltitudeMeters>419.1056823730469</AltitudeMeters>
                    </Trackpoint>
                    <Trackpoint>
                        <DistanceMeters>1915.0548862218857</DistanceMeters>
                        <Time>2022-01-15T13:59:50.075Z</Time>
                        <Position>
                            <LatitudeDegrees>30.519800186157227</LatitudeDegrees>
                            <LongitudeDegrees>104.0579605102539</LongitudeDegrees>
                        </Position>
                        <AltitudeMeters>419.1056823730469</AltitudeMeters>
                    </Trackpoint>
                    <Trackpoint>
                        <DistanceMeters>1915.0548862218857</DistanceMeters>
                        <Time>2022-01-15T13:59:50.734Z</Time>
                        <Position>
                            <LatitudeDegrees>30.519792556762695</LatitudeDegrees>
                            <LongitudeDegrees>104.05795288085938</LongitudeDegrees>
                        </Position>
                        <AltitudeMeters>419.1056823730469</AltitudeMeters>
                    </Trackpoint>
                    <Trackpoint>
                        <DistanceMeters>1915.0548862218857</DistanceMeters>
                        <Time>2022-01-15T13:59:51.414Z</Time>
                        <Position>
                            <LatitudeDegrees>30.519784927368164</LatitudeDegrees>
                            <LongitudeDegrees>104.05793762207031</LongitudeDegrees>
                        </Position>
                        <AltitudeMeters>419.1056823730469</AltitudeMeters>
                    </Trackpoint>
                    <Trackpoint>
                        <DistanceMeters>1915.0548862218857</DistanceMeters>
                        <Time>2022-01-15T13:59:52.698Z</Time>
                        <Position>
                            <LatitudeDegrees>30.519773483276367</LatitudeDegrees>
                            <LongitudeDegrees>104.05791473388672</LongitudeDegrees>
                        </Position>
                        <AltitudeMeters>419.1056823730469</AltitudeMeters>
                    </Trackpoint>
                    <Trackpoint>
                        <DistanceMeters>1915.0548862218857</DistanceMeters>
                        <Time>2022-01-15T13:59:53.375Z</Time>
                        <Position>
                            <LatitudeDegrees>30.519760131835938</LatitudeDegrees>
                            <LongitudeDegrees>104.05789947509766</LongitudeDegrees>
                        </Position>
                        <AltitudeMeters>419.1056823730469</AltitudeMeters>
                    </Trackpoint>
                    <Trackpoint>
                        <DistanceMeters>1915.0548862218857</DistanceMeters>
                        <Time>2022-01-15T13:59:54.017Z</Time>
                        <Position>
                            <LatitudeDegrees>30.519750595092773</LatitudeDegrees>
                            <LongitudeDegrees>104.0578842163086</LongitudeDegrees>
                        </Position>
                        <AltitudeMeters>419.1056823730469</AltitudeMeters>
                    </Trackpoint>
                    <Trackpoint>
                        <DistanceMeters>1915.0548862218857</DistanceMeters>
                        <Time>2022-01-15T13:59:54.675Z</Time>
                        <Position>
                            <LatitudeDegrees>30.519742965698242</LatitudeDegrees>
                            <LongitudeDegrees>104.05787658691406</LongitudeDegrees>
                        </Position>
                        <AltitudeMeters>419.1056823730469</AltitudeMeters>
                    </Trackpoint>
                    <Trackpoint>
                        <DistanceMeters>1915.0548862218857</DistanceMeters>
                        <Time>2022-01-15T13:59:55.336Z</Time>
                        <Position>
                            <LatitudeDegrees>30.51972770690918</LatitudeDegrees>
                            <LongitudeDegrees>104.05786895751953</LongitudeDegrees>
                        </Position>
                        <AltitudeMeters>419.1056823730469</AltitudeMeters>
                    </Trackpoint>
                    <Trackpoint>
                        <DistanceMeters>1915.0548862218857</DistanceMeters>
                        <Time>2022-01-15T13:59:56.655Z</Time>
                        <Position>
                            <LatitudeDegrees>30.51970100402832</LatitudeDegrees>
                            <LongitudeDegrees>104.05786895751953</LongitudeDegrees>
                        </Position>
                        <AltitudeMeters>419.1056823730469</AltitudeMeters>
                    </Trackpoint>
                    <Trackpoint>
                        <DistanceMeters>1915.0548862218857</DistanceMeters>
                        <Time>2022-01-15T13:59:57.316Z</Time>
                        <Position>
                            <LatitudeDegrees>30.519681930541992</LatitudeDegrees>
                            <LongitudeDegrees>104.0578842163086</LongitudeDegrees>
                        </Position>
                        <AltitudeMeters>419.1056823730469</AltitudeMeters>
                    </Trackpoint>
                    <Trackpoint>
                        <DistanceMeters>1915.0548862218857</DistanceMeters>
                        <Time>2022-01-15T13:59:57.996Z</Time>
                        <Position>
                            <LatitudeDegrees>30.519668579101562</LatitudeDegrees>
                            <LongitudeDegrees>104.0578842163086</LongitudeDegrees>
                        </Position>
                        <AltitudeMeters>419.1056823730469</AltitudeMeters>
                    </Trackpoint>
                    <Trackpoint>
                        <DistanceMeters>1915.0548862218857</DistanceMeters>
                        <Time>2022-01-15T13:59:59.054Z</Time>
                        <Position>
                            <LatitudeDegrees>30.519641876220703</LatitudeDegrees>
                            <LongitudeDegrees>104.05789947509766</LongitudeDegrees>
                        </Position>
                        <AltitudeMeters>419.1056823730469</AltitudeMeters>
                    </Trackpoint>
                    <Trackpoint>
                        <DistanceMeters>1915.0548862218857</DistanceMeters>
                        <Time>2022-01-15T13:59:59.993Z</Time>
                        <Position>
                            <LatitudeDegrees>30.519620895385742</LatitudeDegrees>
                            <LongitudeDegrees>104.05789947509766</LongitudeDegrees>
                        </Position>
                        <AltitudeMeters>419.1056823730469</AltitudeMeters>
                    </Trackpoint>
                    <Trackpoint>
                        <DistanceMeters>1983.0150989294052</DistanceMeters>
                        <Time>2022-01-15T14:00:00.690Z</Time>
                        <Position>
                            <LatitudeDegrees>30.519601821899414</LatitudeDegrees>
                            <LongitudeDegrees>104.05790710449219</LongitudeDegrees>
                        </Position>
                        <AltitudeMeters>419.1056823730469</AltitudeMeters>
                    </Trackpoint>
                    <Trackpoint>
                        <DistanceMeters>1983.0150989294052</DistanceMeters>
                        <Time>2022-01-15T14:00:01.415Z</Time>
                        <Position>
                            <LatitudeDegrees>30.51957893371582</LatitudeDegrees>
                            <LongitudeDegrees>104.05791473388672</LongitudeDegrees>
                        </Position>
                        <AltitudeMeters>419.1056823730469</AltitudeMeters>
                    </Trackpoint>
                    <Trackpoint>
                        <DistanceMeters>1983.0150989294052</DistanceMeters>
                        <Time>2022-01-15T14:00:01.712Z</Time>
                        <Position>
                            <LatitudeDegrees>30.519569396972656</LatitudeDegrees>
                            <LongitudeDegrees>104.05792236328125</LongitudeDegrees>
                        </Position>
                        <AltitudeMeters>419.1056823730469</AltitudeMeters>
                    </Trackpoint>
                    <Trackpoint>
                        <DistanceMeters>1983.0150989294052</DistanceMeters>
                        <Time>2022-01-15T14:00:02.353Z</Time>
                        <Position>
                            <LatitudeDegrees>30.519548416137695</LatitudeDegrees>
                            <LongitudeDegrees>104.05792999267578</LongitudeDegrees>
                        </Position>
                        <AltitudeMeters>419.1056823730469</AltitudeMeters>
                    </Trackpoint>
                    <Trackpoint>
                        <DistanceMeters>1983.0150989294052</DistanceMeters>
                        <Time>2022-01-15T14:00:02.788Z</Time>
                        <Position>
                            <LatitudeDegrees>30.519535064697266</LatitudeDegrees>
                            <LongitudeDegrees>104.05794525146484</LongitudeDegrees>
                        </Position>
                        <AltitudeMeters>419.1056823730469</AltitudeMeters>
                    </Trackpoint>
                    <Trackpoint>
                        <DistanceMeters>1983.0150989294052</DistanceMeters>
                        <Time>2022-01-15T14:00:04.007Z</Time>
                        <Position>
                            <LatitudeDegrees>30.519508361816406</LatitudeDegrees>
                            <LongitudeDegrees>104.0579605102539</LongitudeDegrees>
                        </Position>
                        <AltitudeMeters>419.1056823730469</AltitudeMeters>
                    </Trackpoint>
                    <Trackpoint>
                        <DistanceMeters>1983.0150989294052</DistanceMeters>
                        <Time>2022-01-15T14:00:04.667Z</Time>
                        <Position>
                            <LatitudeDegrees>30.519495010375977</LatitudeDegrees>
                            <LongitudeDegrees>104.05796813964844</LongitudeDegrees>
                        </Position>
                        <AltitudeMeters>419.1056823730469</AltitudeMeters>
                    </Trackpoint>
                    <Trackpoint>
                        <DistanceMeters>1983.0150989294052</DistanceMeters>
                        <Time>2022-01-15T14:00:05.031Z</Time>
                        <Position>
                            <LatitudeDegrees>30.519485473632812</LatitudeDegrees>
                            <LongitudeDegrees>104.0579833984375</LongitudeDegrees>
                        </Position>
                        <AltitudeMeters>419.1056823730469</AltitudeMeters>
                    </Trackpoint>
                    <Trackpoint>
                        <DistanceMeters>1983.0150989294052</DistanceMeters>
                        <Time>2022-01-15T14:00:06.034Z</Time>
                        <Position>
                            <LatitudeDegrees>30.519466400146484</LatitudeDegrees>
                            <LongitudeDegrees>104.05799865722656</LongitudeDegrees>
                        </Position>
                        <AltitudeMeters>419.1056823730469</AltitudeMeters>
                    </Trackpoint>
                    <Trackpoint>
                        <DistanceMeters>1983.0150989294052</DistanceMeters>
                        <Time>2022-01-15T14:00:06.694Z</Time>
                        <Position>
                            <LatitudeDegrees>30.519451141357422</LatitudeDegrees>
                            <LongitudeDegrees>104.05801391601562</LongitudeDegrees>
                        </Position>
                        <AltitudeMeters>419.1056823730469</AltitudeMeters>
                    </Trackpoint>
                    <Trackpoint>
                        <DistanceMeters>1983.0150989294052</DistanceMeters>
                        <Time>2022-01-15T14:00:07.354Z</Time>
                        <Position>
                            <LatitudeDegrees>30.51943588256836</LatitudeDegrees>
                            <LongitudeDegrees>104.05802154541016</LongitudeDegrees>
                        </Position>
                        <AltitudeMeters>419.1056823730469</AltitudeMeters>
                    </Trackpoint>
                    <Trackpoint>
                        <DistanceMeters>1983.0150989294052</DistanceMeters>
                        <Time>2022-01-15T14:00:07.717Z</Time>
                        <Position>
                            <LatitudeDegrees>30.519426345825195</LatitudeDegrees>
                            <LongitudeDegrees>104.05802917480469</LongitudeDegrees>
                        </Position>
                        <AltitudeMeters>419.1056823730469</AltitudeMeters>
                    </Trackpoint>
                    <Trackpoint>
                        <DistanceMeters>1983.0150989294052</DistanceMeters>
                        <Time>2022-01-15T14:00:08.396Z</Time>
                        <Position>
                            <LatitudeDegrees>30.519412994384766</LatitudeDegrees>
                            <LongitudeDegrees>104.05803680419922</LongitudeDegrees>
                        </Position>
                        <AltitudeMeters>419.1056823730469</AltitudeMeters>
                    </Trackpoint>
                    <Trackpoint>
                        <DistanceMeters>1983.0150989294052</DistanceMeters>
                        <Time>2022-01-15T14:00:09.437Z</Time>
                        <Position>
                            <LatitudeDegrees>30.519392013549805</LatitudeDegrees>
                            <LongitudeDegrees>104.05805206298828</LongitudeDegrees>
                        </Position>
                        <AltitudeMeters>419.1056823730469</AltitudeMeters>
                    </Trackpoint>
                    <Trackpoint>
                        <DistanceMeters>1983.0150989294052</DistanceMeters>
                        <Time>2022-01-15T14:00:10.015Z</Time>
                        <Position>
                            <LatitudeDegrees>30.51938247680664</LatitudeDegrees>
                            <LongitudeDegrees>104.05805969238281</LongitudeDegrees>
                        </Position>
                        <AltitudeMeters>419.1056823730469</AltitudeMeters>
                    </Trackpoint>
                    <Trackpoint>
                        <DistanceMeters>1983.0150989294052</DistanceMeters>
                        <Time>2022-01-15T14:00:10.655Z</Time>
                        <Position>
                            <LatitudeDegrees>30.51936912536621</LatitudeDegrees>
                            <LongitudeDegrees>104.05806732177734</LongitudeDegrees>
                        </Position>
                        <AltitudeMeters>419.1056823730469</AltitudeMeters>
                    </Trackpoint>
                    <Trackpoint>
                        <DistanceMeters>1983.0150989294052</DistanceMeters>
                        <Time>2022-01-15T14:00:11.372Z</Time>
                        <Position>
                            <LatitudeDegrees>30.519359588623047</LatitudeDegrees>
                            <LongitudeDegrees>104.0580825805664</LongitudeDegrees>
                        </Position>
                        <AltitudeMeters>419.1056823730469</AltitudeMeters>
                    </Trackpoint>
                    <Trackpoint>
                        <DistanceMeters>1983.0150989294052</DistanceMeters>
                        <Time>2022-01-15T14:00:12.709Z</Time>
                        <Position>
                            <LatitudeDegrees>30.519344329833984</LatitudeDegrees>
                            <LongitudeDegrees>104.05810546875</LongitudeDegrees>
                        </Position>
                        <AltitudeMeters>419.1056823730469</AltitudeMeters>
                    </Trackpoint>
                    <Trackpoint>
                        <DistanceMeters>1983.0150989294052</DistanceMeters>
                        <Time>2022-01-15T14:00:13.351Z</Time>
                        <Position>
                            <LatitudeDegrees>30.51934242248535</LatitudeDegrees>
                            <LongitudeDegrees>104.05812072753906</LongitudeDegrees>
                        </Position>
                        <AltitudeMeters>419.1056823730469</AltitudeMeters>
                    </Trackpoint>
                    <Trackpoint>
                        <DistanceMeters>1983.0150989294052</DistanceMeters>
                        <Time>2022-01-15T14:00:14.013Z</Time>
                        <Position>
                            <LatitudeDegrees>30.519338607788086</LatitudeDegrees>
                            <LongitudeDegrees>104.05813598632812</LongitudeDegrees>
                        </Position>
                        <AltitudeMeters>419.1056823730469</AltitudeMeters>
                    </Trackpoint>
                    <Trackpoint>
                        <DistanceMeters>1983.0150989294052</DistanceMeters>
                        <Time>2022-01-15T14:00:14.669Z</Time>
                        <Position>
                            <LatitudeDegrees>30.519332885742188</LatitudeDegrees>
                            <LongitudeDegrees>104.05815124511719</LongitudeDegrees>
                        </Position>
                        <AltitudeMeters>419.1056823730469</AltitudeMeters>
                    </Trackpoint>
                    <Trackpoint>
                        <DistanceMeters>1983.0150989294052</DistanceMeters>
                        <Time>2022-01-15T14:00:15.637Z</Time>
                        <Position>
                            <LatitudeDegrees>30.519323348999023</LatitudeDegrees>
                            <LongitudeDegrees>104.05816650390625</LongitudeDegrees>
                        </Position>
                        <AltitudeMeters>419.864013671875</AltitudeMeters>
                    </Trackpoint>
                    <Trackpoint>
                        <DistanceMeters>1983.0150989294052</DistanceMeters>
                        <Time>2022-01-15T14:00:16.131Z</Time>
                        <Position>
                            <LatitudeDegrees>30.519317626953125</LatitudeDegrees>
                            <LongitudeDegrees>104.05818176269531</LongitudeDegrees>
                        </Position>
                        <AltitudeMeters>419.864013671875</AltitudeMeters>
                    </Trackpoint>
                    <Trackpoint>
                        <DistanceMeters>1983.0150989294052</DistanceMeters>
                        <Time>2022-01-15T14:00:16.715Z</Time>
                        <Position>
                            <LatitudeDegrees>30.519309997558594</LatitudeDegrees>
                            <LongitudeDegrees>104.05818939208984</LongitudeDegrees>
                        </Position>
                        <AltitudeMeters>419.864013671875</AltitudeMeters>
                    </Trackpoint>
                    <Trackpoint>
                        <DistanceMeters>1983.0150989294052</DistanceMeters>
                        <Time>2022-01-15T14:00:17.412Z</Time>
                        <Position>
                            <LatitudeDegrees>30.519304275512695</LatitudeDegrees>
                            <LongitudeDegrees>104.0582046508789</LongitudeDegrees>
                        </Position>
                        <AltitudeMeters>419.864013671875</AltitudeMeters>
                    </Trackpoint>
                    <Trackpoint>
                        <DistanceMeters>1983.0150989294052</DistanceMeters>
                        <Time>2022-01-15T14:00:18.369Z</Time>
                        <Position>
                            <LatitudeDegrees>30.51930046081543</LatitudeDegrees>
                            <LongitudeDegrees>104.05821990966797</LongitudeDegrees>
                        </Position>
                        <AltitudeMeters>419.864013671875</AltitudeMeters>
                    </Trackpoint>
                    <Trackpoint>
                        <DistanceMeters>1983.0150989294052</DistanceMeters>
                        <Time>2022-01-15T14:00:19.076Z</Time>
                        <Position>
                            <LatitudeDegrees>30.519296646118164</LatitudeDegrees>
                            <LongitudeDegrees>104.05823516845703</LongitudeDegrees>
                        </Position>
                        <AltitudeMeters>419.864013671875</AltitudeMeters>
                    </Trackpoint>
                    <Trackpoint>
                        <DistanceMeters>1983.0150989294052</DistanceMeters>
                        <Time>2022-01-15T14:00:20.788Z</Time>
                        <Position>
                            <LatitudeDegrees>30.519271850585938</LatitudeDegrees>
                            <LongitudeDegrees>104.0582504272461</LongitudeDegrees>
                        </Position>
                        <AltitudeMeters>419.864013671875</AltitudeMeters>
                    </Trackpoint>
                    <Trackpoint>
                        <DistanceMeters>1983.0150989294052</DistanceMeters>
                        <Time>2022-01-15T14:00:21.855Z</Time>
                        <Position>
                            <LatitudeDegrees>30.519256591796875</LatitudeDegrees>
                            <LongitudeDegrees>104.05825805664062</LongitudeDegrees>
                        </Position>
                        <AltitudeMeters>419.864013671875</AltitudeMeters>
                    </Trackpoint>
                    <Trackpoint>
                        <DistanceMeters>1983.0150989294052</DistanceMeters>
                        <Time>2022-01-15T14:00:22.812Z</Time>
                        <Position>
                            <LatitudeDegrees>30.519243240356445</LatitudeDegrees>
                            <LongitudeDegrees>104.05826568603516</LongitudeDegrees>
                        </Position>
                        <AltitudeMeters>419.864013671875</AltitudeMeters>
                    </Trackpoint>
                    <Trackpoint>
                        <DistanceMeters>1983.0150989294052</DistanceMeters>
                        <Time>2022-01-15T14:00:23.798Z</Time>
                        <Position>
                            <LatitudeDegrees>30.51923179626465</LatitudeDegrees>
                            <LongitudeDegrees>104.05826568603516</LongitudeDegrees>
                        </Position>
                        <AltitudeMeters>419.864013671875</AltitudeMeters>
                    </Trackpoint>
                    <Trackpoint>
                        <DistanceMeters>1983.0150989294052</DistanceMeters>
                        <Time>2022-01-15T14:00:24.792Z</Time>
                        <Position>
                            <LatitudeDegrees>30.519222259521484</LatitudeDegrees>
                            <LongitudeDegrees>104.05825805664062</LongitudeDegrees>
                        </Position>
                        <AltitudeMeters>419.864013671875</AltitudeMeters>
                    </Trackpoint>
                    <Trackpoint>
                        <DistanceMeters>1983.0150989294052</DistanceMeters>
                        <Time>2022-01-15T14:00:25.778Z</Time>
                        <Position>
                            <LatitudeDegrees>30.519216537475586</LatitudeDegrees>
                            <LongitudeDegrees>104.0582504272461</LongitudeDegrees>
                        </Position>
                        <AltitudeMeters>419.864013671875</AltitudeMeters>
                    </Trackpoint>
                    <Trackpoint>
                        <DistanceMeters>1983.0150989294052</DistanceMeters>
                        <Time>2022-01-15T14:00:26.754Z</Time>
                        <Position>
                            <LatitudeDegrees>30.51921272277832</LatitudeDegrees>
                            <LongitudeDegrees>104.05823516845703</LongitudeDegrees>
                        </Position>
                        <AltitudeMeters>419.864013671875</AltitudeMeters>
                    </Trackpoint>
                    <Trackpoint>
                        <DistanceMeters>1983.0150989294052</DistanceMeters>
                        <Time>2022-01-15T14:00:27.729Z</Time>
                        <Position>
                            <LatitudeDegrees>30.51920509338379</LatitudeDegrees>
                            <LongitudeDegrees>104.05821990966797</LongitudeDegrees>
                        </Position>
                        <AltitudeMeters>419.864013671875</AltitudeMeters>
                    </Trackpoint>
                    <Trackpoint>
                        <DistanceMeters>1983.0150989294052</DistanceMeters>
                        <Time>2022-01-15T14:00:28.817Z</Time>
                        <Position>
                            <LatitudeDegrees>30.519193649291992</LatitudeDegrees>
                            <LongitudeDegrees>104.0582046508789</LongitudeDegrees>
                        </Position>
                        <AltitudeMeters>419.864013671875</AltitudeMeters>
                    </Trackpoint>
                    <Trackpoint>
                        <DistanceMeters>1983.0150989294052</DistanceMeters>
                        <Time>2022-01-15T14:00:29.812Z</Time>
                        <Position>
                            <LatitudeDegrees>30.519187927246094</LatitudeDegrees>
                            <LongitudeDegrees>104.05818939208984</LongitudeDegrees>
                        </Position>
                        <AltitudeMeters>419.864013671875</AltitudeMeters>
                    </Trackpoint>
                    <Trackpoint>
                        <DistanceMeters>1995.3060163259506</DistanceMeters>
                        <Time>2022-01-15T14:00:30.789Z</Time>
                        <Position>
                            <LatitudeDegrees>30.519180297851562</LatitudeDegrees>
                            <LongitudeDegrees>104.05818176269531</LongitudeDegrees>
                        </Position>
                        <AltitudeMeters>419.864013671875</AltitudeMeters>
                    </Trackpoint>
                    <Trackpoint>
                        <DistanceMeters>1995.3060163259506</DistanceMeters>
                        <Time>2022-01-15T14:00:32.789Z</Time>
                        <Position>
                            <LatitudeDegrees>30.5191650390625</LatitudeDegrees>
                            <LongitudeDegrees>104.05816650390625</LongitudeDegrees>
                        </Position>
                        <AltitudeMeters>419.864013671875</AltitudeMeters>
                    </Trackpoint>
                    <Trackpoint>
                        <DistanceMeters>1995.3060163259506</DistanceMeters>
                        <Time>2022-01-15T14:00:34.789Z</Time>
                        <Position>
                            <LatitudeDegrees>30.519147872924805</LatitudeDegrees>
                            <LongitudeDegrees>104.05815887451172</LongitudeDegrees>
                        </Position>
                        <AltitudeMeters>419.864013671875</AltitudeMeters>
                    </Trackpoint>
                    <Trackpoint>
                        <DistanceMeters>1995.3060163259506</DistanceMeters>
                        <Time>2022-01-15T14:00:36.532Z</Time>
                        <Position>
                            <LatitudeDegrees>30.519132614135742</LatitudeDegrees>
                            <LongitudeDegrees>104.05816650390625</LongitudeDegrees>
                        </Position>
                        <AltitudeMeters>420.4234619140625</AltitudeMeters>
                    </Trackpoint>
                    <Trackpoint>
                        <DistanceMeters>1995.3060163259506</DistanceMeters>
                        <Time>2022-01-15T14:00:37.452Z</Time>
                        <Position>
                            <LatitudeDegrees>30.519119262695312</LatitudeDegrees>
                            <LongitudeDegrees>104.05817413330078</LongitudeDegrees>
                        </Position>
                        <AltitudeMeters>420.5771789550781</AltitudeMeters>
                    </Trackpoint>
                    <Trackpoint>
                        <DistanceMeters>1995.3060163259506</DistanceMeters>
                        <Time>2022-01-15T14:00:38.788Z</Time>
                        <Position>
                            <LatitudeDegrees>30.519088745117188</LatitudeDegrees>
                            <LongitudeDegrees>104.05817413330078</LongitudeDegrees>
                        </Position>
                        <AltitudeMeters>420.7494812011719</AltitudeMeters>
                    </Trackpoint>
                    <Trackpoint>
                        <DistanceMeters>2005.2906240224838</DistanceMeters>
                        <Time>2022-01-15T14:00:45.420Z</Time>
                    </Trackpoint>
                </Track>
                <DistanceMeters>2005.2906240224838</DistanceMeters>
                <TotalTimeSeconds>798.92352199</TotalTimeSeconds>
                <Calories>138.54994201660156</Calories>
                <Intensity>Active</Intensity>
                <TriggerMethod>Manual</TriggerMethod>
            </Lap>
        </Activity>
    </Activities>
    <Author xsi:type="Application_t">
        <Name>Google Fit</Name>
        <Build>
            <Version>
                <VersionMajor>0</VersionMajor>
                <VersionMinor>0</VersionMinor>
                <BuildMajor>0</BuildMajor>
                <BuildMinor>0</BuildMinor>
            </Version>
        </Build>
        <LangID>en</LangID>
        <PartNumber>000-00000-00</PartNumber>
    </Author>
</TrainingCenterDatabase>
