<?xml version="1.0" encoding="UTF-8"?>
<TrainingCenterDatabase
    xmlns="http://www.garmin.com/xmlschemas/TrainingCenterDatabase/v2"
    xmlns:ns2="http://www.garmin.com/xmlschemas/UserProfile/v2"
    xmlns:ns3="http://www.garmin.com/xmlschemas/ActivityExtension/v2"
    xmlns:ns4="http://www.garmin.com/xmlschemas/ProfileExtension/v1"
    xmlns:ns5="http://www.garmin.com/xmlschemas/ActivityGoals/v1"
    xmlns:xsi="http://www.w3.org/2001/XMLSchema-instance" xsi:schemaLocation="http://www.garmin.com/xmlschemas/TrainingCenterDatabase/v2 http://www.garmin.com/xmlschemas/TrainingCenterDatabasev2.xsd">
    <Activities>
        <Activity Sport="Walking">
            <Id>2022-01-30T01:50:13.384Z</Id>
            <Lap StartTime="2022-01-30T01:50:13.384Z">
                <Track>
                    <Trackpoint>
                        <DistanceMeters>0.0</DistanceMeters>
                        <Time>2022-01-30T01:50:13.384Z</Time>
                    </Trackpoint>
                    <Trackpoint>
                        <DistanceMeters>0.0</DistanceMeters>
                        <Time>2022-01-30T02:27:47.876Z</Time>
                    </Trackpoint>
                    <Trackpoint>
                        <DistanceMeters>61.35236740112305</DistanceMeters>
                        <Time>2022-01-30T02:28:48.509Z</Time>
                    </Trackpoint>
                    <Trackpoint>
                        <DistanceMeters>151.66418075561523</DistanceMeters>
                        <Time>2022-01-30T02:29:06.975Z</Time>
                        <Position>
                            <LatitudeDegrees>30.32782554626465</LatitudeDegrees>
                            <LongitudeDegrees>106.92976379394531</LongitudeDegrees>
                        </Position>
                        <AltitudeMeters>306.5</AltitudeMeters>
                    </Trackpoint>
                    <Trackpoint>
                        <DistanceMeters>151.66418075561523</DistanceMeters>
                        <Time>2022-01-30T02:29:41.475Z</Time>
                        <Position>
                            <LatitudeDegrees>30.32769203186035</LatitudeDegrees>
                            <LongitudeDegrees>106.93148803710938</LongitudeDegrees>
                        </Position>
                        <AltitudeMeters>297.3999938964844</AltitudeMeters>
                    </Trackpoint>
                    <Trackpoint>
                        <DistanceMeters>151.66418075561523</DistanceMeters>
                        <Time>2022-01-30T02:29:48.915Z</Time>
                    </Trackpoint>
                    <Trackpoint>
                        <DistanceMeters>152.7621409893036</DistanceMeters>
                        <Time>2022-01-30T02:29:49.681Z</Time>
                    </Trackpoint>
                </Track>
                <DistanceMeters>152.7621409893036</DistanceMeters>
                <TotalTimeSeconds>2376.297</TotalTimeSeconds>
                <Calories>45.29669380187988</Calories>
                <Intensity>Active</Intensity>
                <TriggerMethod>Manual</TriggerMethod>
            </Lap>
        </Activity>
        <Activity Sport="Walking">
            <Id>2022-01-30T02:29:49.681Z</Id>
            <Lap StartTime="2022-01-30T02:29:49.681Z">
                <Track>
                    <Trackpoint>
                        <DistanceMeters>0.0</DistanceMeters>
                        <Time>2022-01-30T02:29:49.681Z</Time>
                    </Trackpoint>
                    <Trackpoint>
                        <DistanceMeters>62.73814392089844</DistanceMeters>
                        <Time>2022-01-30T02:30:54.452Z</Time>
                        <Position>
                            <LatitudeDegrees>30.327367782592773</LatitudeDegrees>
                            <LongitudeDegrees>106.93092346191406</LongitudeDegrees>
                        </Position>
                        <AltitudeMeters>297.3999938964844</AltitudeMeters>
                    </Trackpoint>
                    <Trackpoint>
                        <DistanceMeters>62.73814392089844</DistanceMeters>
                        <Time>2022-01-30T02:30:56.123Z</Time>
                        <Position>
                            <LatitudeDegrees>30.327373504638672</LatitudeDegrees>
                            <LongitudeDegrees>106.93093872070312</LongitudeDegrees>
                        </Position>
                        <AltitudeMeters>297.3999938964844</AltitudeMeters>
                    </Trackpoint>
                    <Trackpoint>
                        <DistanceMeters>62.73814392089844</DistanceMeters>
                        <Time>2022-01-30T02:30:57.124Z</Time>
                        <Position>
                            <LatitudeDegrees>30.32738494873047</LatitudeDegrees>
                            <LongitudeDegrees>106.93094635009766</LongitudeDegrees>
                        </Position>
                        <AltitudeMeters>297.3999938964844</AltitudeMeters>
                    </Trackpoint>
                    <Trackpoint>
                        <DistanceMeters>62.73814392089844</DistanceMeters>
                        <Time>2022-01-30T02:30:59.130Z</Time>
                        <Position>
                            <LatitudeDegrees>30.327402114868164</LatitudeDegrees>
                            <LongitudeDegrees>106.93093872070312</LongitudeDegrees>
                        </Position>
                        <AltitudeMeters>297.3999938964844</AltitudeMeters>
                    </Trackpoint>
                    <Trackpoint>
                        <DistanceMeters>97.09130477905273</DistanceMeters>
                        <Time>2022-01-30T02:31:01.129Z</Time>
                        <Position>
                            <LatitudeDegrees>30.327417373657227</LatitudeDegrees>
                            <LongitudeDegrees>106.93094635009766</LongitudeDegrees>
                        </Position>
                        <AltitudeMeters>297.3999938964844</AltitudeMeters>
                    </Trackpoint>
                    <Trackpoint>
                        <DistanceMeters>97.09130477905273</DistanceMeters>
                        <Time>2022-01-30T02:31:02.129Z</Time>
                        <Position>
                            <LatitudeDegrees>30.327425003051758</LatitudeDegrees>
                            <LongitudeDegrees>106.93095397949219</LongitudeDegrees>
                        </Position>
                        <AltitudeMeters>297.3999938964844</AltitudeMeters>
                    </Trackpoint>
                    <Trackpoint>
                        <DistanceMeters>97.09130477905273</DistanceMeters>
                        <Time>2022-01-30T02:31:03.129Z</Time>
                        <Position>
                            <LatitudeDegrees>30.327434539794922</LatitudeDegrees>
                            <LongitudeDegrees>106.93095397949219</LongitudeDegrees>
                        </Position>
                        <AltitudeMeters>297.3999938964844</AltitudeMeters>
                    </Trackpoint>
                    <Trackpoint>
                        <DistanceMeters>97.09130477905273</DistanceMeters>
                        <Time>2022-01-30T02:31:04.129Z</Time>
                        <Position>
                            <LatitudeDegrees>30.327444076538086</LatitudeDegrees>
                            <LongitudeDegrees>106.93096160888672</LongitudeDegrees>
                        </Position>
                        <AltitudeMeters>297.3999938964844</AltitudeMeters>
                    </Trackpoint>
                    <Trackpoint>
                        <DistanceMeters>97.09130477905273</DistanceMeters>
                        <Time>2022-01-30T02:31:05.129Z</Time>
                        <Position>
                            <LatitudeDegrees>30.32745361328125</LatitudeDegrees>
                            <LongitudeDegrees>106.93096923828125</LongitudeDegrees>
                        </Position>
                        <AltitudeMeters>297.3999938964844</AltitudeMeters>
                    </Trackpoint>
                    <Trackpoint>
                        <DistanceMeters>97.09130477905273</DistanceMeters>
                        <Time>2022-01-30T02:31:06.129Z</Time>
                        <Position>
                            <LatitudeDegrees>30.327465057373047</LatitudeDegrees>
                            <LongitudeDegrees>106.93097686767578</LongitudeDegrees>
                        </Position>
                        <AltitudeMeters>297.3999938964844</AltitudeMeters>
                    </Trackpoint>
                    <Trackpoint>
                        <DistanceMeters>97.09130477905273</DistanceMeters>
                        <Time>2022-01-30T02:31:07.129Z</Time>
                        <Position>
                            <LatitudeDegrees>30.32747459411621</LatitudeDegrees>
                            <LongitudeDegrees>106.93098449707031</LongitudeDegrees>
                        </Position>
                        <AltitudeMeters>297.3999938964844</AltitudeMeters>
                    </Trackpoint>
                    <Trackpoint>
                        <DistanceMeters>97.09130477905273</DistanceMeters>
                        <Time>2022-01-30T02:31:08.129Z</Time>
                        <Position>
                            <LatitudeDegrees>30.327484130859375</LatitudeDegrees>
                            <LongitudeDegrees>106.93098449707031</LongitudeDegrees>
                        </Position>
                        <AltitudeMeters>297.3999938964844</AltitudeMeters>
                    </Trackpoint>
                    <Trackpoint>
                        <DistanceMeters>97.09130477905273</DistanceMeters>
                        <Time>2022-01-30T02:31:09.129Z</Time>
                        <Position>
                            <LatitudeDegrees>30.327495574951172</LatitudeDegrees>
                            <LongitudeDegrees>106.93099212646484</LongitudeDegrees>
                        </Position>
                        <AltitudeMeters>297.3999938964844</AltitudeMeters>
                    </Trackpoint>
                    <Trackpoint>
                        <DistanceMeters>97.09130477905273</DistanceMeters>
                        <Time>2022-01-30T02:31:10.129Z</Time>
                        <Position>
                            <LatitudeDegrees>30.327505111694336</LatitudeDegrees>
                            <LongitudeDegrees>106.93099975585938</LongitudeDegrees>
                        </Position>
                        <AltitudeMeters>297.3999938964844</AltitudeMeters>
                    </Trackpoint>
                    <Trackpoint>
                        <DistanceMeters>97.09130477905273</DistanceMeters>
                        <Time>2022-01-30T02:31:11.129Z</Time>
                        <Position>
                            <LatitudeDegrees>30.3275146484375</LatitudeDegrees>
                            <LongitudeDegrees>106.9310073852539</LongitudeDegrees>
                        </Position>
                        <AltitudeMeters>297.3999938964844</AltitudeMeters>
                    </Trackpoint>
                    <Trackpoint>
                        <DistanceMeters>97.09130477905273</DistanceMeters>
                        <Time>2022-01-30T02:31:12.129Z</Time>
                        <Position>
                            <LatitudeDegrees>30.32752227783203</LatitudeDegrees>
                            <LongitudeDegrees>106.93101501464844</LongitudeDegrees>
                        </Position>
                        <AltitudeMeters>297.3999938964844</AltitudeMeters>
                    </Trackpoint>
                    <Trackpoint>
                        <DistanceMeters>97.09130477905273</DistanceMeters>
                        <Time>2022-01-30T02:31:13.129Z</Time>
                        <Position>
                            <LatitudeDegrees>30.327529907226562</LatitudeDegrees>
                            <LongitudeDegrees>106.93102264404297</LongitudeDegrees>
                        </Position>
                        <AltitudeMeters>297.3999938964844</AltitudeMeters>
                    </Trackpoint>
                    <Trackpoint>
                        <DistanceMeters>97.09130477905273</DistanceMeters>
                        <Time>2022-01-30T02:31:15.129Z</Time>
                        <Position>
                            <LatitudeDegrees>30.327545166015625</LatitudeDegrees>
                            <LongitudeDegrees>106.93103790283203</LongitudeDegrees>
                        </Position>
                        <AltitudeMeters>297.3999938964844</AltitudeMeters>
                    </Trackpoint>
                    <Trackpoint>
                        <DistanceMeters>97.09130477905273</DistanceMeters>
                        <Time>2022-01-30T02:31:16.129Z</Time>
                        <Position>
                            <LatitudeDegrees>30.327552795410156</LatitudeDegrees>
                            <LongitudeDegrees>106.93104553222656</LongitudeDegrees>
                        </Position>
                        <AltitudeMeters>297.3999938964844</AltitudeMeters>
                    </Trackpoint>
                    <Trackpoint>
                        <DistanceMeters>97.09130477905273</DistanceMeters>
                        <Time>2022-01-30T02:31:17.129Z</Time>
                        <Position>
                            <LatitudeDegrees>30.327564239501953</LatitudeDegrees>
                            <LongitudeDegrees>106.93104553222656</LongitudeDegrees>
                        </Position>
                        <AltitudeMeters>297.3999938964844</AltitudeMeters>
                    </Trackpoint>
                    <Trackpoint>
                        <DistanceMeters>97.09130477905273</DistanceMeters>
                        <Time>2022-01-30T02:31:18.129Z</Time>
                        <Position>
                            <LatitudeDegrees>30.327573776245117</LatitudeDegrees>
                            <LongitudeDegrees>106.9310531616211</LongitudeDegrees>
                        </Position>
                        <AltitudeMeters>297.3999938964844</AltitudeMeters>
                    </Trackpoint>
                    <Trackpoint>
                        <DistanceMeters>97.09130477905273</DistanceMeters>
                        <Time>2022-01-30T02:31:20.129Z</Time>
                        <Position>
                            <LatitudeDegrees>30.32758331298828</LatitudeDegrees>
                            <LongitudeDegrees>106.9310531616211</LongitudeDegrees>
                        </Position>
                        <AltitudeMeters>297.3999938964844</AltitudeMeters>
                    </Trackpoint>
                    <Trackpoint>
                        <DistanceMeters>97.09130477905273</DistanceMeters>
                        <Time>2022-01-30T02:31:22.129Z</Time>
                        <Position>
                            <LatitudeDegrees>30.327598571777344</LatitudeDegrees>
                            <LongitudeDegrees>106.93106842041016</LongitudeDegrees>
                        </Position>
                        <AltitudeMeters>297.3999938964844</AltitudeMeters>
                    </Trackpoint>
                    <Trackpoint>
                        <DistanceMeters>97.09130477905273</DistanceMeters>
                        <Time>2022-01-30T02:31:23.129Z</Time>
                        <Position>
                            <LatitudeDegrees>30.327608108520508</LatitudeDegrees>
                            <LongitudeDegrees>106.93107604980469</LongitudeDegrees>
                        </Position>
                        <AltitudeMeters>297.3999938964844</AltitudeMeters>
                    </Trackpoint>
                    <Trackpoint>
                        <DistanceMeters>97.09130477905273</DistanceMeters>
                        <Time>2022-01-30T02:31:24.129Z</Time>
                        <Position>
                            <LatitudeDegrees>30.327617645263672</LatitudeDegrees>
                            <LongitudeDegrees>106.93108367919922</LongitudeDegrees>
                        </Position>
                        <AltitudeMeters>297.3999938964844</AltitudeMeters>
                    </Trackpoint>
                    <Trackpoint>
                        <DistanceMeters>97.09130477905273</DistanceMeters>
                        <Time>2022-01-30T02:31:25.129Z</Time>
                        <Position>
                            <LatitudeDegrees>30.327627182006836</LatitudeDegrees>
                            <LongitudeDegrees>106.93109130859375</LongitudeDegrees>
                        </Position>
                        <AltitudeMeters>297.3999938964844</AltitudeMeters>
                    </Trackpoint>
                    <Trackpoint>
                        <DistanceMeters>97.09130477905273</DistanceMeters>
                        <Time>2022-01-30T02:31:26.129Z</Time>
                        <Position>
                            <LatitudeDegrees>30.327638626098633</LatitudeDegrees>
                            <LongitudeDegrees>106.93109893798828</LongitudeDegrees>
                        </Position>
                        <AltitudeMeters>297.3999938964844</AltitudeMeters>
                    </Trackpoint>
                    <Trackpoint>
                        <DistanceMeters>97.09130477905273</DistanceMeters>
                        <Time>2022-01-30T02:31:27.128Z</Time>
                        <Position>
                            <LatitudeDegrees>30.327648162841797</LatitudeDegrees>
                            <LongitudeDegrees>106.93109893798828</LongitudeDegrees>
                        </Position>
                        <AltitudeMeters>297.3999938964844</AltitudeMeters>
                    </Trackpoint>
                    <Trackpoint>
                        <DistanceMeters>97.09130477905273</DistanceMeters>
                        <Time>2022-01-30T02:31:29.128Z</Time>
                        <Position>
                            <LatitudeDegrees>30.327665328979492</LatitudeDegrees>
                            <LongitudeDegrees>106.93110656738281</LongitudeDegrees>
                        </Position>
                        <AltitudeMeters>297.3999938964844</AltitudeMeters>
                    </Trackpoint>
                    <Trackpoint>
                        <DistanceMeters>117.28130531311035</DistanceMeters>
                        <Time>2022-01-30T02:31:31.128Z</Time>
                        <Position>
                            <LatitudeDegrees>30.327678680419922</LatitudeDegrees>
                            <LongitudeDegrees>106.93111419677734</LongitudeDegrees>
                        </Position>
                        <AltitudeMeters>297.3999938964844</AltitudeMeters>
                    </Trackpoint>
                    <Trackpoint>
                        <DistanceMeters>117.28130531311035</DistanceMeters>
                        <Time>2022-01-30T02:31:32.128Z</Time>
                        <Position>
                            <LatitudeDegrees>30.327680587768555</LatitudeDegrees>
                            <LongitudeDegrees>106.9311294555664</LongitudeDegrees>
                        </Position>
                        <AltitudeMeters>297.3999938964844</AltitudeMeters>
                    </Trackpoint>
                    <Trackpoint>
                        <DistanceMeters>117.28130531311035</DistanceMeters>
                        <Time>2022-01-30T02:31:34.128Z</Time>
                        <Position>
                            <LatitudeDegrees>30.32769012451172</LatitudeDegrees>
                            <LongitudeDegrees>106.93113708496094</LongitudeDegrees>
                        </Position>
                        <AltitudeMeters>297.3999938964844</AltitudeMeters>
                    </Trackpoint>
                    <Trackpoint>
                        <DistanceMeters>117.28130531311035</DistanceMeters>
                        <Time>2022-01-30T02:31:36.128Z</Time>
                        <Position>
                            <LatitudeDegrees>30.327701568603516</LatitudeDegrees>
                            <LongitudeDegrees>106.93113708496094</LongitudeDegrees>
                        </Position>
                        <AltitudeMeters>297.3999938964844</AltitudeMeters>
                    </Trackpoint>
                    <Trackpoint>
                        <DistanceMeters>117.28130531311035</DistanceMeters>
                        <Time>2022-01-30T02:31:38.128Z</Time>
                        <Position>
                            <LatitudeDegrees>30.32770538330078</LatitudeDegrees>
                            <LongitudeDegrees>106.93115234375</LongitudeDegrees>
                        </Position>
                        <AltitudeMeters>297.3999938964844</AltitudeMeters>
                    </Trackpoint>
                    <Trackpoint>
                        <DistanceMeters>117.28130531311035</DistanceMeters>
                        <Time>2022-01-30T02:31:39.128Z</Time>
                        <Position>
                            <LatitudeDegrees>30.327714920043945</LatitudeDegrees>
                            <LongitudeDegrees>106.93116760253906</LongitudeDegrees>
                        </Position>
                        <AltitudeMeters>297.3999938964844</AltitudeMeters>
                    </Trackpoint>
                    <Trackpoint>
                        <DistanceMeters>117.28130531311035</DistanceMeters>
                        <Time>2022-01-30T02:31:40.128Z</Time>
                        <Position>
                            <LatitudeDegrees>30.327730178833008</LatitudeDegrees>
                            <LongitudeDegrees>106.93119049072266</LongitudeDegrees>
                        </Position>
                        <AltitudeMeters>297.3999938964844</AltitudeMeters>
                    </Trackpoint>
                    <Trackpoint>
                        <DistanceMeters>117.28130531311035</DistanceMeters>
                        <Time>2022-01-30T02:31:41.128Z</Time>
                        <Position>
                            <LatitudeDegrees>30.327747344970703</LatitudeDegrees>
                            <LongitudeDegrees>106.93121337890625</LongitudeDegrees>
                        </Position>
                        <AltitudeMeters>297.3999938964844</AltitudeMeters>
                    </Trackpoint>
                    <Trackpoint>
                        <DistanceMeters>117.28130531311035</DistanceMeters>
                        <Time>2022-01-30T02:31:42.128Z</Time>
                        <Position>
                            <LatitudeDegrees>30.3277645111084</LatitudeDegrees>
                            <LongitudeDegrees>106.93123626708984</LongitudeDegrees>
                        </Position>
                        <AltitudeMeters>297.3999938964844</AltitudeMeters>
                    </Trackpoint>
                    <Trackpoint>
                        <DistanceMeters>117.28130531311035</DistanceMeters>
                        <Time>2022-01-30T02:31:43.128Z</Time>
                        <Position>
                            <LatitudeDegrees>30.327783584594727</LatitudeDegrees>
                            <LongitudeDegrees>106.9312515258789</LongitudeDegrees>
                        </Position>
                        <AltitudeMeters>297.3999938964844</AltitudeMeters>
                    </Trackpoint>
                    <Trackpoint>
                        <DistanceMeters>216.41722297668457</DistanceMeters>
                        <Time>2022-01-30T02:32:52.123Z</Time>
                        <Position>
                            <LatitudeDegrees>30.327775955200195</LatitudeDegrees>
                            <LongitudeDegrees>106.93216705322266</LongitudeDegrees>
                        </Position>
                        <AltitudeMeters>297.3999938964844</AltitudeMeters>
                    </Trackpoint>
                    <Trackpoint>
                        <DistanceMeters>216.41722297668457</DistanceMeters>
                        <Time>2022-01-30T02:32:53.124Z</Time>
                        <Position>
                            <LatitudeDegrees>30.327781677246094</LatitudeDegrees>
                            <LongitudeDegrees>106.93215942382812</LongitudeDegrees>
                        </Position>
                        <AltitudeMeters>297.3999938964844</AltitudeMeters>
                    </Trackpoint>
                    <Trackpoint>
                        <DistanceMeters>216.41722297668457</DistanceMeters>
                        <Time>2022-01-30T02:32:54.125Z</Time>
                        <Position>
                            <LatitudeDegrees>30.327756881713867</LatitudeDegrees>
                            <LongitudeDegrees>106.93216705322266</LongitudeDegrees>
                        </Position>
                        <AltitudeMeters>297.3999938964844</AltitudeMeters>
                    </Trackpoint>
                    <Trackpoint>
                        <DistanceMeters>216.41722297668457</DistanceMeters>
                        <Time>2022-01-30T02:32:55.125Z</Time>
                        <Position>
                            <LatitudeDegrees>30.327770233154297</LatitudeDegrees>
                            <LongitudeDegrees>106.93218994140625</LongitudeDegrees>
                        </Position>
                        <AltitudeMeters>297.3999938964844</AltitudeMeters>
                    </Trackpoint>
                    <Trackpoint>
                        <DistanceMeters>216.41722297668457</DistanceMeters>
                        <Time>2022-01-30T02:32:56.125Z</Time>
                        <Position>
                            <LatitudeDegrees>30.327777862548828</LatitudeDegrees>
                            <LongitudeDegrees>106.93220520019531</LongitudeDegrees>
                        </Position>
                        <AltitudeMeters>297.3999938964844</AltitudeMeters>
                    </Trackpoint>
                    <Trackpoint>
                        <DistanceMeters>216.41722297668457</DistanceMeters>
                        <Time>2022-01-30T02:32:58.125Z</Time>
                        <Position>
                            <LatitudeDegrees>30.32778549194336</LatitudeDegrees>
                            <LongitudeDegrees>106.93222045898438</LongitudeDegrees>
                        </Position>
                        <AltitudeMeters>297.3999938964844</AltitudeMeters>
                    </Trackpoint>
                    <Trackpoint>
                        <DistanceMeters>216.41722297668457</DistanceMeters>
                        <Time>2022-01-30T02:32:59.125Z</Time>
                        <Position>
                            <LatitudeDegrees>30.32778549194336</LatitudeDegrees>
                            <LongitudeDegrees>106.93223571777344</LongitudeDegrees>
                        </Position>
                        <AltitudeMeters>297.3999938964844</AltitudeMeters>
                    </Trackpoint>
                    <Trackpoint>
                        <DistanceMeters>304.4368305206299</DistanceMeters>
                        <Time>2022-01-30T02:34:11.563Z</Time>
                        <Position>
                            <LatitudeDegrees>30.327716827392578</LatitudeDegrees>
                            <LongitudeDegrees>106.93302154541016</LongitudeDegrees>
                        </Position>
                        <AltitudeMeters>297.3999938964844</AltitudeMeters>
                    </Trackpoint>
                    <Trackpoint>
                        <DistanceMeters>304.4368305206299</DistanceMeters>
                        <Time>2022-01-30T02:34:12.124Z</Time>
                        <Position>
                            <LatitudeDegrees>30.32770347595215</LatitudeDegrees>
                            <LongitudeDegrees>106.93303680419922</LongitudeDegrees>
                        </Position>
                        <AltitudeMeters>297.3999938964844</AltitudeMeters>
                    </Trackpoint>
                    <Trackpoint>
                        <DistanceMeters>304.4368305206299</DistanceMeters>
                        <Time>2022-01-30T02:34:14.126Z</Time>
                        <Position>
                            <LatitudeDegrees>30.327672958374023</LatitudeDegrees>
                            <LongitudeDegrees>106.93302917480469</LongitudeDegrees>
                        </Position>
                        <AltitudeMeters>297.3999938964844</AltitudeMeters>
                    </Trackpoint>
                    <Trackpoint>
                        <DistanceMeters>304.4368305206299</DistanceMeters>
                        <Time>2022-01-30T02:34:15.125Z</Time>
                        <Position>
                            <LatitudeDegrees>30.327653884887695</LatitudeDegrees>
                            <LongitudeDegrees>106.93302917480469</LongitudeDegrees>
                        </Position>
                        <AltitudeMeters>297.3999938964844</AltitudeMeters>
                    </Trackpoint>
                    <Trackpoint>
                        <DistanceMeters>304.4368305206299</DistanceMeters>
                        <Time>2022-01-30T02:34:16.125Z</Time>
                        <Position>
                            <LatitudeDegrees>30.3276309967041</LatitudeDegrees>
                            <LongitudeDegrees>106.93302917480469</LongitudeDegrees>
                        </Position>
                        <AltitudeMeters>297.3999938964844</AltitudeMeters>
                    </Trackpoint>
                    <Trackpoint>
                        <DistanceMeters>304.4368305206299</DistanceMeters>
                        <Time>2022-01-30T02:34:17.125Z</Time>
                        <Position>
                            <LatitudeDegrees>30.327613830566406</LatitudeDegrees>
                            <LongitudeDegrees>106.93303680419922</LongitudeDegrees>
                        </Position>
                        <AltitudeMeters>297.3999938964844</AltitudeMeters>
                    </Trackpoint>
                    <Trackpoint>
                        <DistanceMeters>389.40870094299316</DistanceMeters>
                        <Time>2022-01-30T02:35:22.123Z</Time>
                        <Position>
                            <LatitudeDegrees>30.328054428100586</LatitudeDegrees>
                            <LongitudeDegrees>106.9334487915039</LongitudeDegrees>
                        </Position>
                        <AltitudeMeters>297.3999938964844</AltitudeMeters>
                    </Trackpoint>
                    <Trackpoint>
                        <DistanceMeters>389.40870094299316</DistanceMeters>
                        <Time>2022-01-30T02:35:23.123Z</Time>
                        <Position>
                            <LatitudeDegrees>30.328083038330078</LatitudeDegrees>
                            <LongitudeDegrees>106.93339538574219</LongitudeDegrees>
                        </Position>
                        <AltitudeMeters>297.3999938964844</AltitudeMeters>
                    </Trackpoint>
                    <Trackpoint>
                        <DistanceMeters>389.40870094299316</DistanceMeters>
                        <Time>2022-01-30T02:35:24.123Z</Time>
                        <Position>
                            <LatitudeDegrees>30.32809829711914</LatitudeDegrees>
                            <LongitudeDegrees>106.93329620361328</LongitudeDegrees>
                        </Position>
                        <AltitudeMeters>297.3999938964844</AltitudeMeters>
                    </Trackpoint>
                    <Trackpoint>
                        <DistanceMeters>389.40870094299316</DistanceMeters>
                        <Time>2022-01-30T02:35:26.124Z</Time>
                        <Position>
                            <LatitudeDegrees>30.32807731628418</LatitudeDegrees>
                            <LongitudeDegrees>106.93331146240234</LongitudeDegrees>
                        </Position>
                        <AltitudeMeters>297.3999938964844</AltitudeMeters>
                    </Trackpoint>
                    <Trackpoint>
                        <DistanceMeters>389.40870094299316</DistanceMeters>
                        <Time>2022-01-30T02:35:27.124Z</Time>
                        <Position>
                            <LatitudeDegrees>30.32806396484375</LatitudeDegrees>
                            <LongitudeDegrees>106.9333267211914</LongitudeDegrees>
                        </Position>
                        <AltitudeMeters>297.3999938964844</AltitudeMeters>
                    </Trackpoint>
                    <Trackpoint>
                        <DistanceMeters>389.40870094299316</DistanceMeters>
                        <Time>2022-01-30T02:35:29.124Z</Time>
                        <Position>
                            <LatitudeDegrees>30.328067779541016</LatitudeDegrees>
                            <LongitudeDegrees>106.93334197998047</LongitudeDegrees>
                        </Position>
                        <AltitudeMeters>297.3999938964844</AltitudeMeters>
                    </Trackpoint>
                    <Trackpoint>
                        <DistanceMeters>425.3111515045166</DistanceMeters>
                        <Time>2022-01-30T02:35:31.124Z</Time>
                        <Position>
                            <LatitudeDegrees>30.328075408935547</LatitudeDegrees>
                            <LongitudeDegrees>106.93335723876953</LongitudeDegrees>
                        </Position>
                        <AltitudeMeters>297.3999938964844</AltitudeMeters>
                    </Trackpoint>
                    <Trackpoint>
                        <DistanceMeters>425.3111515045166</DistanceMeters>
                        <Time>2022-01-30T02:35:32.124Z</Time>
                        <Position>
                            <LatitudeDegrees>30.32807731628418</LatitudeDegrees>
                            <LongitudeDegrees>106.93336486816406</LongitudeDegrees>
                        </Position>
                        <AltitudeMeters>297.3999938964844</AltitudeMeters>
                    </Trackpoint>
                    <Trackpoint>
                        <DistanceMeters>425.3111515045166</DistanceMeters>
                        <Time>2022-01-30T02:35:33.124Z</Time>
                        <Position>
                            <LatitudeDegrees>30.328075408935547</LatitudeDegrees>
                            <LongitudeDegrees>106.9333724975586</LongitudeDegrees>
                        </Position>
                        <AltitudeMeters>297.3999938964844</AltitudeMeters>
                    </Trackpoint>
                    <Trackpoint>
                        <DistanceMeters>425.3111515045166</DistanceMeters>
                        <Time>2022-01-30T02:35:35.124Z</Time>
                        <Position>
                            <LatitudeDegrees>30.328079223632812</LatitudeDegrees>
                            <LongitudeDegrees>106.93338775634766</LongitudeDegrees>
                        </Position>
                        <AltitudeMeters>297.3999938964844</AltitudeMeters>
                    </Trackpoint>
                    <Trackpoint>
                        <DistanceMeters>425.3111515045166</DistanceMeters>
                        <Time>2022-01-30T02:35:37.124Z</Time>
                        <Position>
                            <LatitudeDegrees>30.328088760375977</LatitudeDegrees>
                            <LongitudeDegrees>106.93339538574219</LongitudeDegrees>
                        </Position>
                        <AltitudeMeters>297.3999938964844</AltitudeMeters>
                    </Trackpoint>
                    <Trackpoint>
                        <DistanceMeters>425.3111515045166</DistanceMeters>
                        <Time>2022-01-30T02:35:39.124Z</Time>
                        <Position>
                            <LatitudeDegrees>30.328100204467773</LatitudeDegrees>
                            <LongitudeDegrees>106.93340301513672</LongitudeDegrees>
                        </Position>
                        <AltitudeMeters>297.3999938964844</AltitudeMeters>
                    </Trackpoint>
                    <Trackpoint>
                        <DistanceMeters>425.3111515045166</DistanceMeters>
                        <Time>2022-01-30T02:35:41.124Z</Time>
                        <Position>
                            <LatitudeDegrees>30.328100204467773</LatitudeDegrees>
                            <LongitudeDegrees>106.93341827392578</LongitudeDegrees>
                        </Position>
                        <AltitudeMeters>297.3999938964844</AltitudeMeters>
                    </Trackpoint>
                    <Trackpoint>
                        <DistanceMeters>425.3111515045166</DistanceMeters>
                        <Time>2022-01-30T02:35:43.124Z</Time>
                        <Position>
                            <LatitudeDegrees>30.328107833862305</LatitudeDegrees>
                            <LongitudeDegrees>106.93344116210938</LongitudeDegrees>
                        </Position>
                        <AltitudeMeters>297.3999938964844</AltitudeMeters>
                    </Trackpoint>
                    <Trackpoint>
                        <DistanceMeters>425.3111515045166</DistanceMeters>
                        <Time>2022-01-30T02:35:45.124Z</Time>
                        <Position>
                            <LatitudeDegrees>30.328126907348633</LatitudeDegrees>
                            <LongitudeDegrees>106.9334487915039</LongitudeDegrees>
                        </Position>
                        <AltitudeMeters>297.3999938964844</AltitudeMeters>
                    </Trackpoint>
                    <Trackpoint>
                        <DistanceMeters>425.3111515045166</DistanceMeters>
                        <Time>2022-01-30T02:35:46.124Z</Time>
                        <Position>
                            <LatitudeDegrees>30.32813835144043</LatitudeDegrees>
                            <LongitudeDegrees>106.93345642089844</LongitudeDegrees>
                        </Position>
                        <AltitudeMeters>318.681396484375</AltitudeMeters>
                    </Trackpoint>
                    <Trackpoint>
                        <DistanceMeters>425.3111515045166</DistanceMeters>
                        <Time>2022-01-30T02:35:47.124Z</Time>
                        <Position>
                            <LatitudeDegrees>30.328149795532227</LatitudeDegrees>
                            <LongitudeDegrees>106.93346405029297</LongitudeDegrees>
                        </Position>
                        <AltitudeMeters>319.215576171875</AltitudeMeters>
                    </Trackpoint>
                    <Trackpoint>
                        <DistanceMeters>425.3111515045166</DistanceMeters>
                        <Time>2022-01-30T02:35:48.124Z</Time>
                        <Position>
                            <LatitudeDegrees>30.328157424926758</LatitudeDegrees>
                            <LongitudeDegrees>106.9334716796875</LongitudeDegrees>
                        </Position>
                        <AltitudeMeters>318.722900390625</AltitudeMeters>
                    </Trackpoint>
                    <Trackpoint>
                        <DistanceMeters>425.3111515045166</DistanceMeters>
                        <Time>2022-01-30T02:35:49.124Z</Time>
                        <Position>
                            <LatitudeDegrees>30.328163146972656</LatitudeDegrees>
                            <LongitudeDegrees>106.93348693847656</LongitudeDegrees>
                        </Position>
                        <AltitudeMeters>317.42291259765625</AltitudeMeters>
                    </Trackpoint>
                    <Trackpoint>
                        <DistanceMeters>425.3111515045166</DistanceMeters>
                        <Time>2022-01-30T02:35:50.124Z</Time>
                        <Position>
                            <LatitudeDegrees>30.32816505432129</LatitudeDegrees>
                            <LongitudeDegrees>106.9334945678711</LongitudeDegrees>
                        </Position>
                        <AltitudeMeters>317.03570556640625</AltitudeMeters>
                    </Trackpoint>
                    <Trackpoint>
                        <DistanceMeters>425.3111515045166</DistanceMeters>
                        <Time>2022-01-30T02:35:51.124Z</Time>
                        <Position>
                            <LatitudeDegrees>30.32815933227539</LatitudeDegrees>
                            <LongitudeDegrees>106.93352508544922</LongitudeDegrees>
                        </Position>
                        <AltitudeMeters>316.103271484375</AltitudeMeters>
                    </Trackpoint>
                    <Trackpoint>
                        <DistanceMeters>425.3111515045166</DistanceMeters>
                        <Time>2022-01-30T02:35:52.124Z</Time>
                        <Position>
                            <LatitudeDegrees>30.328149795532227</LatitudeDegrees>
                            <LongitudeDegrees>106.93355560302734</LongitudeDegrees>
                        </Position>
                        <AltitudeMeters>315.9576416015625</AltitudeMeters>
                    </Trackpoint>
                    <Trackpoint>
                        <DistanceMeters>425.3111515045166</DistanceMeters>
                        <Time>2022-01-30T02:35:53.124Z</Time>
                        <Position>
                            <LatitudeDegrees>30.328147888183594</LatitudeDegrees>
                            <LongitudeDegrees>106.93357849121094</LongitudeDegrees>
                        </Position>
                        <AltitudeMeters>315.89306640625</AltitudeMeters>
                    </Trackpoint>
                    <Trackpoint>
                        <DistanceMeters>425.3111515045166</DistanceMeters>
                        <Time>2022-01-30T02:35:54.124Z</Time>
                        <Position>
                            <LatitudeDegrees>30.328153610229492</LatitudeDegrees>
                            <LongitudeDegrees>106.93359375</LongitudeDegrees>
                        </Position>
                        <AltitudeMeters>316.6129150390625</AltitudeMeters>
                    </Trackpoint>
                    <Trackpoint>
                        <DistanceMeters>425.3111515045166</DistanceMeters>
                        <Time>2022-01-30T02:35:55.124Z</Time>
                        <Position>
                            <LatitudeDegrees>30.328163146972656</LatitudeDegrees>
                            <LongitudeDegrees>106.93360137939453</LongitudeDegrees>
                        </Position>
                        <AltitudeMeters>317.13641357421875</AltitudeMeters>
                    </Trackpoint>
                    <Trackpoint>
                        <DistanceMeters>425.3111515045166</DistanceMeters>
                        <Time>2022-01-30T02:35:56.124Z</Time>
                        <Position>
                            <LatitudeDegrees>30.328174591064453</LatitudeDegrees>
                            <LongitudeDegrees>106.93360137939453</LongitudeDegrees>
                        </Position>
                        <AltitudeMeters>315.81048583984375</AltitudeMeters>
                    </Trackpoint>
                    <Trackpoint>
                        <DistanceMeters>425.3111515045166</DistanceMeters>
                        <Time>2022-01-30T02:35:57.124Z</Time>
                        <Position>
                            <LatitudeDegrees>30.328184127807617</LatitudeDegrees>
                            <LongitudeDegrees>106.93360137939453</LongitudeDegrees>
                        </Position>
                        <AltitudeMeters>315.298828125</AltitudeMeters>
                    </Trackpoint>
                    <Trackpoint>
                        <DistanceMeters>425.3111515045166</DistanceMeters>
                        <Time>2022-01-30T02:35:58.124Z</Time>
                        <Position>
                            <LatitudeDegrees>30.32819366455078</LatitudeDegrees>
                            <LongitudeDegrees>106.93359375</LongitudeDegrees>
                        </Position>
                        <AltitudeMeters>315.386474609375</AltitudeMeters>
                    </Trackpoint>
                    <Trackpoint>
                        <DistanceMeters>425.3111515045166</DistanceMeters>
                        <Time>2022-01-30T02:35:59.124Z</Time>
                        <Position>
                            <LatitudeDegrees>30.328201293945312</LatitudeDegrees>
                            <LongitudeDegrees>106.93358612060547</LongitudeDegrees>
                        </Position>
                        <AltitudeMeters>314.28759765625</AltitudeMeters>
                    </Trackpoint>
                    <Trackpoint>
                        <DistanceMeters>454.0826950073242</DistanceMeters>
                        <Time>2022-01-30T02:36:00.123Z</Time>
                        <Position>
                            <LatitudeDegrees>30.328210830688477</LatitudeDegrees>
                            <LongitudeDegrees>106.93358612060547</LongitudeDegrees>
                        </Position>
                        <AltitudeMeters>314.2928466796875</AltitudeMeters>
                    </Trackpoint>
                    <Trackpoint>
                        <DistanceMeters>454.0826950073242</DistanceMeters>
                        <Time>2022-01-30T02:36:01.124Z</Time>
                        <Position>
                            <LatitudeDegrees>30.328214645385742</LatitudeDegrees>
                            <LongitudeDegrees>106.93359375</LongitudeDegrees>
                        </Position>
                        <AltitudeMeters>313.956298828125</AltitudeMeters>
                    </Trackpoint>
                    <Trackpoint>
                        <DistanceMeters>454.0826950073242</DistanceMeters>
                        <Time>2022-01-30T02:36:02.124Z</Time>
                        <Position>
                            <LatitudeDegrees>30.328216552734375</LatitudeDegrees>
                            <LongitudeDegrees>106.93360900878906</LongitudeDegrees>
                        </Position>
                        <AltitudeMeters>312.6529541015625</AltitudeMeters>
                    </Trackpoint>
                    <Trackpoint>
                        <DistanceMeters>454.0826950073242</DistanceMeters>
                        <Time>2022-01-30T02:36:03.124Z</Time>
                        <Position>
                            <LatitudeDegrees>30.328216552734375</LatitudeDegrees>
                            <LongitudeDegrees>106.93362426757812</LongitudeDegrees>
                        </Position>
                        <AltitudeMeters>312.35723876953125</AltitudeMeters>
                    </Trackpoint>
                    <Trackpoint>
                        <DistanceMeters>454.0826950073242</DistanceMeters>
                        <Time>2022-01-30T02:36:04.124Z</Time>
                        <Position>
                            <LatitudeDegrees>30.328216552734375</LatitudeDegrees>
                            <LongitudeDegrees>106.93363952636719</LongitudeDegrees>
                        </Position>
                        <AltitudeMeters>312.40679931640625</AltitudeMeters>
                    </Trackpoint>
                    <Trackpoint>
                        <DistanceMeters>454.0826950073242</DistanceMeters>
                        <Time>2022-01-30T02:36:05.124Z</Time>
                        <Position>
                            <LatitudeDegrees>30.328216552734375</LatitudeDegrees>
                            <LongitudeDegrees>106.93365478515625</LongitudeDegrees>
                        </Position>
                        <AltitudeMeters>311.8165283203125</AltitudeMeters>
                    </Trackpoint>
                    <Trackpoint>
                        <DistanceMeters>454.0826950073242</DistanceMeters>
                        <Time>2022-01-30T02:36:06.124Z</Time>
                        <Position>
                            <LatitudeDegrees>30.328216552734375</LatitudeDegrees>
                            <LongitudeDegrees>106.93367004394531</LongitudeDegrees>
                        </Position>
                        <AltitudeMeters>311.03143310546875</AltitudeMeters>
                    </Trackpoint>
                    <Trackpoint>
                        <DistanceMeters>454.0826950073242</DistanceMeters>
                        <Time>2022-01-30T02:36:07.124Z</Time>
                        <Position>
                            <LatitudeDegrees>30.32821273803711</LatitudeDegrees>
                            <LongitudeDegrees>106.93368530273438</LongitudeDegrees>
                        </Position>
                        <AltitudeMeters>310.9351806640625</AltitudeMeters>
                    </Trackpoint>
                    <Trackpoint>
                        <DistanceMeters>454.0826950073242</DistanceMeters>
                        <Time>2022-01-30T02:36:08.124Z</Time>
                        <Position>
                            <LatitudeDegrees>30.328208923339844</LatitudeDegrees>
                            <LongitudeDegrees>106.93370056152344</LongitudeDegrees>
                        </Position>
                        <AltitudeMeters>310.2235107421875</AltitudeMeters>
                    </Trackpoint>
                    <Trackpoint>
                        <DistanceMeters>454.0826950073242</DistanceMeters>
                        <Time>2022-01-30T02:36:09.124Z</Time>
                        <Position>
                            <LatitudeDegrees>30.328205108642578</LatitudeDegrees>
                            <LongitudeDegrees>106.9337158203125</LongitudeDegrees>
                        </Position>
                        <AltitudeMeters>310.3616943359375</AltitudeMeters>
                    </Trackpoint>
                    <Trackpoint>
                        <DistanceMeters>454.0826950073242</DistanceMeters>
                        <Time>2022-01-30T02:36:10.124Z</Time>
                        <Position>
                            <LatitudeDegrees>30.328201293945312</LatitudeDegrees>
                            <LongitudeDegrees>106.93372344970703</LongitudeDegrees>
                        </Position>
                        <AltitudeMeters>309.596435546875</AltitudeMeters>
                    </Trackpoint>
                    <Trackpoint>
                        <DistanceMeters>454.0826950073242</DistanceMeters>
                        <Time>2022-01-30T02:36:11.124Z</Time>
                        <Position>
                            <LatitudeDegrees>30.328197479248047</LatitudeDegrees>
                            <LongitudeDegrees>106.9337387084961</LongitudeDegrees>
                        </Position>
                        <AltitudeMeters>309.5513916015625</AltitudeMeters>
                    </Trackpoint>
                    <Trackpoint>
                        <DistanceMeters>454.0826950073242</DistanceMeters>
                        <Time>2022-01-30T02:36:15.124Z</Time>
                        <Position>
                            <LatitudeDegrees>30.328205108642578</LatitudeDegrees>
                            <LongitudeDegrees>106.93379211425781</LongitudeDegrees>
                        </Position>
                        <AltitudeMeters>303.79998779296875</AltitudeMeters>
                    </Trackpoint>
                    <Trackpoint>
                        <DistanceMeters>454.0826950073242</DistanceMeters>
                        <Time>2022-01-30T02:36:16.124Z</Time>
                        <Position>
                            <LatitudeDegrees>30.32820701599121</LatitudeDegrees>
                            <LongitudeDegrees>106.93379974365234</LongitudeDegrees>
                        </Position>
                        <AltitudeMeters>303.3999938964844</AltitudeMeters>
                    </Trackpoint>
                    <Trackpoint>
                        <DistanceMeters>454.0826950073242</DistanceMeters>
                        <Time>2022-01-30T02:36:17.124Z</Time>
                        <Position>
                            <LatitudeDegrees>30.32820701599121</LatitudeDegrees>
                            <LongitudeDegrees>106.9338150024414</LongitudeDegrees>
                        </Position>
                        <AltitudeMeters>303.3999938964844</AltitudeMeters>
                    </Trackpoint>
                    <Trackpoint>
                        <DistanceMeters>454.0826950073242</DistanceMeters>
                        <Time>2022-01-30T02:36:18.124Z</Time>
                        <Position>
                            <LatitudeDegrees>30.328208923339844</LatitudeDegrees>
                            <LongitudeDegrees>106.93383026123047</LongitudeDegrees>
                        </Position>
                        <AltitudeMeters>303.3999938964844</AltitudeMeters>
                    </Trackpoint>
                    <Trackpoint>
                        <DistanceMeters>454.0826950073242</DistanceMeters>
                        <Time>2022-01-30T02:36:19.124Z</Time>
                        <Position>
                            <LatitudeDegrees>30.328216552734375</LatitudeDegrees>
                            <LongitudeDegrees>106.933837890625</LongitudeDegrees>
                        </Position>
                        <AltitudeMeters>303.3999938964844</AltitudeMeters>
                    </Trackpoint>
                    <Trackpoint>
                        <DistanceMeters>454.0826950073242</DistanceMeters>
                        <Time>2022-01-30T02:36:20.124Z</Time>
                        <Position>
                            <LatitudeDegrees>30.32822608947754</LatitudeDegrees>
                            <LongitudeDegrees>106.93384552001953</LongitudeDegrees>
                        </Position>
                        <AltitudeMeters>303.3999938964844</AltitudeMeters>
                    </Trackpoint>
                    <Trackpoint>
                        <DistanceMeters>454.0826950073242</DistanceMeters>
                        <Time>2022-01-30T02:36:21.124Z</Time>
                        <Position>
                            <LatitudeDegrees>30.328235626220703</LatitudeDegrees>
                            <LongitudeDegrees>106.93385314941406</LongitudeDegrees>
                        </Position>
                        <AltitudeMeters>303.3999938964844</AltitudeMeters>
                    </Trackpoint>
                    <Trackpoint>
                        <DistanceMeters>574.2442779541016</DistanceMeters>
                        <Time>2022-01-30T02:38:29.125Z</Time>
                        <Position>
                            <LatitudeDegrees>30.329044342041016</LatitudeDegrees>
                            <LongitudeDegrees>106.93468475341797</LongitudeDegrees>
                        </Position>
                        <AltitudeMeters>303.3999938964844</AltitudeMeters>
                    </Trackpoint>
                    <Trackpoint>
                        <DistanceMeters>611.1284484863281</DistanceMeters>
                        <Time>2022-01-30T02:38:30.124Z</Time>
                        <Position>
                            <LatitudeDegrees>30.329084396362305</LatitudeDegrees>
                            <LongitudeDegrees>106.93463134765625</LongitudeDegrees>
                        </Position>
                        <AltitudeMeters>303.3999938964844</AltitudeMeters>
                    </Trackpoint>
                    <Trackpoint>
                        <DistanceMeters>611.1284484863281</DistanceMeters>
                        <Time>2022-01-30T02:38:31.126Z</Time>
                        <Position>
                            <LatitudeDegrees>30.3291072845459</LatitudeDegrees>
                            <LongitudeDegrees>106.93462371826172</LongitudeDegrees>
                        </Position>
                        <AltitudeMeters>303.3999938964844</AltitudeMeters>
                    </Trackpoint>
                    <Trackpoint>
                        <DistanceMeters>611.1284484863281</DistanceMeters>
                        <Time>2022-01-30T02:38:32.124Z</Time>
                        <Position>
                            <LatitudeDegrees>30.329120635986328</LatitudeDegrees>
                            <LongitudeDegrees>106.93462371826172</LongitudeDegrees>
                        </Position>
                        <AltitudeMeters>303.3999938964844</AltitudeMeters>
                    </Trackpoint>
                    <Trackpoint>
                        <DistanceMeters>611.1284484863281</DistanceMeters>
                        <Time>2022-01-30T02:38:33.125Z</Time>
                        <Position>
                            <LatitudeDegrees>30.329132080078125</LatitudeDegrees>
                            <LongitudeDegrees>106.93462371826172</LongitudeDegrees>
                        </Position>
                        <AltitudeMeters>303.3999938964844</AltitudeMeters>
                    </Trackpoint>
                    <Trackpoint>
                        <DistanceMeters>611.1284484863281</DistanceMeters>
                        <Time>2022-01-30T02:38:35.124Z</Time>
                        <Position>
                            <LatitudeDegrees>30.329153060913086</LatitudeDegrees>
                            <LongitudeDegrees>106.93462371826172</LongitudeDegrees>
                        </Position>
                        <AltitudeMeters>303.3999938964844</AltitudeMeters>
                    </Trackpoint>
                    <Trackpoint>
                        <DistanceMeters>611.1284484863281</DistanceMeters>
                        <Time>2022-01-30T02:38:36.124Z</Time>
                        <Position>
                            <LatitudeDegrees>30.32916831970215</LatitudeDegrees>
                            <LongitudeDegrees>106.93462371826172</LongitudeDegrees>
                        </Position>
                        <AltitudeMeters>303.3999938964844</AltitudeMeters>
                    </Trackpoint>
                    <Trackpoint>
                        <DistanceMeters>611.1284484863281</DistanceMeters>
                        <Time>2022-01-30T02:38:37.124Z</Time>
                        <Position>
                            <LatitudeDegrees>30.329185485839844</LatitudeDegrees>
                            <LongitudeDegrees>106.93462371826172</LongitudeDegrees>
                        </Position>
                        <AltitudeMeters>303.3999938964844</AltitudeMeters>
                    </Trackpoint>
                    <Trackpoint>
                        <DistanceMeters>611.1284484863281</DistanceMeters>
                        <Time>2022-01-30T02:38:38.124Z</Time>
                        <Position>
                            <LatitudeDegrees>30.329204559326172</LatitudeDegrees>
                            <LongitudeDegrees>106.93460845947266</LongitudeDegrees>
                        </Position>
                        <AltitudeMeters>303.3999938964844</AltitudeMeters>
                    </Trackpoint>
                    <Trackpoint>
                        <DistanceMeters>611.1284484863281</DistanceMeters>
                        <Time>2022-01-30T02:38:39.124Z</Time>
                        <Position>
                            <LatitudeDegrees>30.329221725463867</LatitudeDegrees>
                            <LongitudeDegrees>106.93460083007812</LongitudeDegrees>
                        </Position>
                        <AltitudeMeters>303.3999938964844</AltitudeMeters>
                    </Trackpoint>
                    <Trackpoint>
                        <DistanceMeters>611.1284484863281</DistanceMeters>
                        <Time>2022-01-30T02:38:40.124Z</Time>
                        <Position>
                            <LatitudeDegrees>30.329238891601562</LatitudeDegrees>
                            <LongitudeDegrees>106.93458557128906</LongitudeDegrees>
                        </Position>
                        <AltitudeMeters>303.3999938964844</AltitudeMeters>
                    </Trackpoint>
                    <Trackpoint>
                        <DistanceMeters>611.1284484863281</DistanceMeters>
                        <Time>2022-01-30T02:38:41.124Z</Time>
                        <Position>
                            <LatitudeDegrees>30.329252243041992</LatitudeDegrees>
                            <LongitudeDegrees>106.9345703125</LongitudeDegrees>
                        </Position>
                        <AltitudeMeters>303.3999938964844</AltitudeMeters>
                    </Trackpoint>
                    <Trackpoint>
                        <DistanceMeters>611.1284484863281</DistanceMeters>
                        <Time>2022-01-30T02:38:42.124Z</Time>
                        <Position>
                            <LatitudeDegrees>30.329267501831055</LatitudeDegrees>
                            <LongitudeDegrees>106.93456268310547</LongitudeDegrees>
                        </Position>
                        <AltitudeMeters>303.3999938964844</AltitudeMeters>
                    </Trackpoint>
                    <Trackpoint>
                        <DistanceMeters>611.1284484863281</DistanceMeters>
                        <Time>2022-01-30T02:38:43.124Z</Time>
                        <Position>
                            <LatitudeDegrees>30.329280853271484</LatitudeDegrees>
                            <LongitudeDegrees>106.93455505371094</LongitudeDegrees>
                        </Position>
                        <AltitudeMeters>303.3999938964844</AltitudeMeters>
                    </Trackpoint>
                    <Trackpoint>
                        <DistanceMeters>611.1284484863281</DistanceMeters>
                        <Time>2022-01-30T02:38:44.124Z</Time>
                        <Position>
                            <LatitudeDegrees>30.329294204711914</LatitudeDegrees>
                            <LongitudeDegrees>106.9345474243164</LongitudeDegrees>
                        </Position>
                        <AltitudeMeters>303.3999938964844</AltitudeMeters>
                    </Trackpoint>
                    <Trackpoint>
                        <DistanceMeters>611.1284484863281</DistanceMeters>
                        <Time>2022-01-30T02:38:45.124Z</Time>
                        <Position>
                            <LatitudeDegrees>30.32930564880371</LatitudeDegrees>
                            <LongitudeDegrees>106.9345474243164</LongitudeDegrees>
                        </Position>
                        <AltitudeMeters>303.3999938964844</AltitudeMeters>
                    </Trackpoint>
                    <Trackpoint>
                        <DistanceMeters>611.1284484863281</DistanceMeters>
                        <Time>2022-01-30T02:38:46.124Z</Time>
                        <Position>
                            <LatitudeDegrees>30.329315185546875</LatitudeDegrees>
                            <LongitudeDegrees>106.93455505371094</LongitudeDegrees>
                        </Position>
                        <AltitudeMeters>303.3999938964844</AltitudeMeters>
                    </Trackpoint>
                    <Trackpoint>
                        <DistanceMeters>611.1284484863281</DistanceMeters>
                        <Time>2022-01-30T02:38:48.124Z</Time>
                        <Position>
                            <LatitudeDegrees>30.329326629638672</LatitudeDegrees>
                            <LongitudeDegrees>106.9345703125</LongitudeDegrees>
                        </Position>
                        <AltitudeMeters>303.3999938964844</AltitudeMeters>
                    </Trackpoint>
                    <Trackpoint>
                        <DistanceMeters>704.0942687988281</DistanceMeters>
                        <Time>2022-01-30T02:39:30.123Z</Time>
                        <Position>
                            <LatitudeDegrees>30.329614639282227</LatitudeDegrees>
                            <LongitudeDegrees>106.93457794189453</LongitudeDegrees>
                        </Position>
                        <AltitudeMeters>303.3999938964844</AltitudeMeters>
                    </Trackpoint>
                    <Trackpoint>
                        <DistanceMeters>704.0942687988281</DistanceMeters>
                        <Time>2022-01-30T02:39:31.123Z</Time>
                        <Position>
                            <LatitudeDegrees>30.329551696777344</LatitudeDegrees>
                            <LongitudeDegrees>106.9346694946289</LongitudeDegrees>
                        </Position>
                        <AltitudeMeters>303.3999938964844</AltitudeMeters>
                    </Trackpoint>
                    <Trackpoint>
                        <DistanceMeters>704.0942687988281</DistanceMeters>
                        <Time>2022-01-30T02:39:32.123Z</Time>
                        <Position>
                            <LatitudeDegrees>30.329565048217773</LatitudeDegrees>
                            <LongitudeDegrees>106.93468475341797</LongitudeDegrees>
                        </Position>
                        <AltitudeMeters>303.3999938964844</AltitudeMeters>
                    </Trackpoint>
                    <Trackpoint>
                        <DistanceMeters>704.0942687988281</DistanceMeters>
                        <Time>2022-01-30T02:39:33.122Z</Time>
                        <Position>
                            <LatitudeDegrees>30.329574584960938</LatitudeDegrees>
                            <LongitudeDegrees>106.93468475341797</LongitudeDegrees>
                        </Position>
                        <AltitudeMeters>303.3999938964844</AltitudeMeters>
                    </Trackpoint>
                    <Trackpoint>
                        <DistanceMeters>704.0942687988281</DistanceMeters>
                        <Time>2022-01-30T02:39:34.123Z</Time>
                        <Position>
                            <LatitudeDegrees>30.3295841217041</LatitudeDegrees>
                            <LongitudeDegrees>106.9346923828125</LongitudeDegrees>
                        </Position>
                        <AltitudeMeters>303.3999938964844</AltitudeMeters>
                    </Trackpoint>
                    <Trackpoint>
                        <DistanceMeters>704.0942687988281</DistanceMeters>
                        <Time>2022-01-30T02:39:35.123Z</Time>
                        <Position>
                            <LatitudeDegrees>30.329599380493164</LatitudeDegrees>
                            <LongitudeDegrees>106.93470001220703</LongitudeDegrees>
                        </Position>
                        <AltitudeMeters>303.3999938964844</AltitudeMeters>
                    </Trackpoint>
                    <Trackpoint>
                        <DistanceMeters>704.0942687988281</DistanceMeters>
                        <Time>2022-01-30T02:39:36.123Z</Time>
                        <Position>
                            <LatitudeDegrees>30.329622268676758</LatitudeDegrees>
                            <LongitudeDegrees>106.9346923828125</LongitudeDegrees>
                        </Position>
                        <AltitudeMeters>303.3999938964844</AltitudeMeters>
                    </Trackpoint>
                    <Trackpoint>
                        <DistanceMeters>704.0942687988281</DistanceMeters>
                        <Time>2022-01-30T02:39:56.122Z</Time>
                        <Position>
                            <LatitudeDegrees>30.3299503326416</LatitudeDegrees>
                            <LongitudeDegrees>106.93462371826172</LongitudeDegrees>
                        </Position>
                        <AltitudeMeters>303.3999938964844</AltitudeMeters>
                    </Trackpoint>
                    <Trackpoint>
                        <DistanceMeters>704.0942687988281</DistanceMeters>
                        <Time>2022-01-30T02:39:57.123Z</Time>
                        <Position>
                            <LatitudeDegrees>30.329965591430664</LatitudeDegrees>
                            <LongitudeDegrees>106.93461608886719</LongitudeDegrees>
                        </Position>
                        <AltitudeMeters>303.3999938964844</AltitudeMeters>
                    </Trackpoint>
                    <Trackpoint>
                        <DistanceMeters>704.0942687988281</DistanceMeters>
                        <Time>2022-01-30T02:39:59.123Z</Time>
                        <Position>
                            <LatitudeDegrees>30.32998275756836</LatitudeDegrees>
                            <LongitudeDegrees>106.93461608886719</LongitudeDegrees>
                        </Position>
                        <AltitudeMeters>303.3999938964844</AltitudeMeters>
                    </Trackpoint>
                    <Trackpoint>
                        <DistanceMeters>744.3365821838379</DistanceMeters>
                        <Time>2022-01-30T02:40:01.124Z</Time>
                        <Position>
                            <LatitudeDegrees>30.329999923706055</LatitudeDegrees>
                            <LongitudeDegrees>106.93461608886719</LongitudeDegrees>
                        </Position>
                        <AltitudeMeters>303.3999938964844</AltitudeMeters>
                    </Trackpoint>
                    <Trackpoint>
                        <DistanceMeters>744.3365821838379</DistanceMeters>
                        <Time>2022-01-30T02:40:02.124Z</Time>
                        <Position>
                            <LatitudeDegrees>30.330005645751953</LatitudeDegrees>
                            <LongitudeDegrees>106.93462371826172</LongitudeDegrees>
                        </Position>
                        <AltitudeMeters>303.3999938964844</AltitudeMeters>
                    </Trackpoint>
                    <Trackpoint>
                        <DistanceMeters>744.3365821838379</DistanceMeters>
                        <Time>2022-01-30T02:40:03.124Z</Time>
                        <Position>
                            <LatitudeDegrees>30.33000946044922</LatitudeDegrees>
                            <LongitudeDegrees>106.93463897705078</LongitudeDegrees>
                        </Position>
                        <AltitudeMeters>303.3999938964844</AltitudeMeters>
                    </Trackpoint>
                    <Trackpoint>
                        <DistanceMeters>744.3365821838379</DistanceMeters>
                        <Time>2022-01-30T02:40:04.124Z</Time>
                        <Position>
                            <LatitudeDegrees>30.33001136779785</LatitudeDegrees>
                            <LongitudeDegrees>106.93465423583984</LongitudeDegrees>
                        </Position>
                        <AltitudeMeters>303.3999938964844</AltitudeMeters>
                    </Trackpoint>
                    <Trackpoint>
                        <DistanceMeters>744.3365821838379</DistanceMeters>
                        <Time>2022-01-30T02:40:24.122Z</Time>
                        <Position>
                            <LatitudeDegrees>30.329980850219727</LatitudeDegrees>
                            <LongitudeDegrees>106.93484497070312</LongitudeDegrees>
                        </Position>
                        <AltitudeMeters>303.3999938964844</AltitudeMeters>
                    </Trackpoint>
                    <Trackpoint>
                        <DistanceMeters>744.3365821838379</DistanceMeters>
                        <Time>2022-01-30T02:40:25.124Z</Time>
                        <Position>
                            <LatitudeDegrees>30.329994201660156</LatitudeDegrees>
                            <LongitudeDegrees>106.93484497070312</LongitudeDegrees>
                        </Position>
                        <AltitudeMeters>303.3999938964844</AltitudeMeters>
                    </Trackpoint>
                    <Trackpoint>
                        <DistanceMeters>744.3365821838379</DistanceMeters>
                        <Time>2022-01-30T02:40:26.123Z</Time>
                        <Position>
                            <LatitudeDegrees>30.330028533935547</LatitudeDegrees>
                            <LongitudeDegrees>106.93486022949219</LongitudeDegrees>
                        </Position>
                        <AltitudeMeters>303.3999938964844</AltitudeMeters>
                    </Trackpoint>
                    <Trackpoint>
                        <DistanceMeters>744.3365821838379</DistanceMeters>
                        <Time>2022-01-30T02:40:27.123Z</Time>
                        <Position>
                            <LatitudeDegrees>30.330053329467773</LatitudeDegrees>
                            <LongitudeDegrees>106.93489837646484</LongitudeDegrees>
                        </Position>
                        <AltitudeMeters>303.3999938964844</AltitudeMeters>
                    </Trackpoint>
                    <Trackpoint>
                        <DistanceMeters>744.3365821838379</DistanceMeters>
                        <Time>2022-01-30T02:40:28.125Z</Time>
                        <Position>
                            <LatitudeDegrees>30.330078125</LatitudeDegrees>
                            <LongitudeDegrees>106.93489837646484</LongitudeDegrees>
                        </Position>
                        <AltitudeMeters>303.3999938964844</AltitudeMeters>
                    </Trackpoint>
                    <Trackpoint>
                        <DistanceMeters>744.3365821838379</DistanceMeters>
                        <Time>2022-01-30T02:40:29.125Z</Time>
                        <Position>
                            <LatitudeDegrees>30.330102920532227</LatitudeDegrees>
                            <LongitudeDegrees>106.93489074707031</LongitudeDegrees>
                        </Position>
                        <AltitudeMeters>303.3999938964844</AltitudeMeters>
                    </Trackpoint>
                    <Trackpoint>
                        <DistanceMeters>804.6209259033203</DistanceMeters>
                        <Time>2022-01-30T02:40:30.125Z</Time>
                        <Position>
                            <LatitudeDegrees>30.330127716064453</LatitudeDegrees>
                            <LongitudeDegrees>106.93487548828125</LongitudeDegrees>
                        </Position>
                        <AltitudeMeters>303.3999938964844</AltitudeMeters>
                    </Trackpoint>
                    <Trackpoint>
                        <DistanceMeters>804.6209259033203</DistanceMeters>
                        <Time>2022-01-30T02:40:31.125Z</Time>
                        <Position>
                            <LatitudeDegrees>30.33015251159668</LatitudeDegrees>
                            <LongitudeDegrees>106.93486022949219</LongitudeDegrees>
                        </Position>
                        <AltitudeMeters>303.3999938964844</AltitudeMeters>
                    </Trackpoint>
                    <Trackpoint>
                        <DistanceMeters>804.6209259033203</DistanceMeters>
                        <Time>2022-01-30T02:40:32.125Z</Time>
                        <Position>
                            <LatitudeDegrees>30.330175399780273</LatitudeDegrees>
                            <LongitudeDegrees>106.93485260009766</LongitudeDegrees>
                        </Position>
                        <AltitudeMeters>303.3999938964844</AltitudeMeters>
                    </Trackpoint>
                    <Trackpoint>
                        <DistanceMeters>804.6209259033203</DistanceMeters>
                        <Time>2022-01-30T02:40:33.125Z</Time>
                        <Position>
                            <LatitudeDegrees>30.3302001953125</LatitudeDegrees>
                            <LongitudeDegrees>106.93484497070312</LongitudeDegrees>
                        </Position>
                        <AltitudeMeters>303.3999938964844</AltitudeMeters>
                    </Trackpoint>
                    <Trackpoint>
                        <DistanceMeters>804.6209259033203</DistanceMeters>
                        <Time>2022-01-30T02:40:34.125Z</Time>
                        <Position>
                            <LatitudeDegrees>30.330224990844727</LatitudeDegrees>
                            <LongitudeDegrees>106.9348373413086</LongitudeDegrees>
                        </Position>
                        <AltitudeMeters>303.3999938964844</AltitudeMeters>
                    </Trackpoint>
                    <Trackpoint>
                        <DistanceMeters>804.6209259033203</DistanceMeters>
                        <Time>2022-01-30T02:40:35.125Z</Time>
                        <Position>
                            <LatitudeDegrees>30.33024787902832</LatitudeDegrees>
                            <LongitudeDegrees>106.93482971191406</LongitudeDegrees>
                        </Position>
                        <AltitudeMeters>303.3999938964844</AltitudeMeters>
                    </Trackpoint>
                    <Trackpoint>
                        <DistanceMeters>804.6209259033203</DistanceMeters>
                        <Time>2022-01-30T02:40:36.125Z</Time>
                        <Position>
                            <LatitudeDegrees>30.330270767211914</LatitudeDegrees>
                            <LongitudeDegrees>106.93482971191406</LongitudeDegrees>
                        </Position>
                        <AltitudeMeters>303.3999938964844</AltitudeMeters>
                    </Trackpoint>
                    <Trackpoint>
                        <DistanceMeters>804.6209259033203</DistanceMeters>
                        <Time>2022-01-30T02:40:37.125Z</Time>
                        <Position>
                            <LatitudeDegrees>30.330289840698242</LatitudeDegrees>
                            <LongitudeDegrees>106.93482971191406</LongitudeDegrees>
                        </Position>
                        <AltitudeMeters>303.3999938964844</AltitudeMeters>
                    </Trackpoint>
                    <Trackpoint>
                        <DistanceMeters>804.6209259033203</DistanceMeters>
                        <Time>2022-01-30T02:40:38.125Z</Time>
                        <Position>
                            <LatitudeDegrees>30.330303192138672</LatitudeDegrees>
                            <LongitudeDegrees>106.93482971191406</LongitudeDegrees>
                        </Position>
                        <AltitudeMeters>303.3999938964844</AltitudeMeters>
                    </Trackpoint>
                    <Trackpoint>
                        <DistanceMeters>804.6209259033203</DistanceMeters>
                        <Time>2022-01-30T02:40:39.125Z</Time>
                        <Position>
                            <LatitudeDegrees>30.33031463623047</LatitudeDegrees>
                            <LongitudeDegrees>106.9348373413086</LongitudeDegrees>
                        </Position>
                        <AltitudeMeters>303.3999938964844</AltitudeMeters>
                    </Trackpoint>
                    <Trackpoint>
                        <DistanceMeters>804.6209259033203</DistanceMeters>
                        <Time>2022-01-30T02:40:40.125Z</Time>
                        <Position>
                            <LatitudeDegrees>30.330322265625</LatitudeDegrees>
                            <LongitudeDegrees>106.93484497070312</LongitudeDegrees>
                        </Position>
                        <AltitudeMeters>303.3999938964844</AltitudeMeters>
                    </Trackpoint>
                    <Trackpoint>
                        <DistanceMeters>804.6209259033203</DistanceMeters>
                        <Time>2022-01-30T02:40:41.125Z</Time>
                        <Position>
                            <LatitudeDegrees>30.330331802368164</LatitudeDegrees>
                            <LongitudeDegrees>106.93486022949219</LongitudeDegrees>
                        </Position>
                        <AltitudeMeters>303.3999938964844</AltitudeMeters>
                    </Trackpoint>
                    <Trackpoint>
                        <DistanceMeters>804.6209259033203</DistanceMeters>
                        <Time>2022-01-30T02:40:42.125Z</Time>
                        <Position>
                            <LatitudeDegrees>30.330347061157227</LatitudeDegrees>
                            <LongitudeDegrees>106.93486022949219</LongitudeDegrees>
                        </Position>
                        <AltitudeMeters>303.3999938964844</AltitudeMeters>
                    </Trackpoint>
                    <Trackpoint>
                        <DistanceMeters>804.6209259033203</DistanceMeters>
                        <Time>2022-01-30T02:40:43.125Z</Time>
                        <Position>
                            <LatitudeDegrees>30.33036231994629</LatitudeDegrees>
                            <LongitudeDegrees>106.93486785888672</LongitudeDegrees>
                        </Position>
                        <AltitudeMeters>303.3999938964844</AltitudeMeters>
                    </Trackpoint>
                    <Trackpoint>
                        <DistanceMeters>804.6209259033203</DistanceMeters>
                        <Time>2022-01-30T02:40:44.125Z</Time>
                        <Position>
                            <LatitudeDegrees>30.330379486083984</LatitudeDegrees>
                            <LongitudeDegrees>106.93486785888672</LongitudeDegrees>
                        </Position>
                        <AltitudeMeters>303.3999938964844</AltitudeMeters>
                    </Trackpoint>
                    <Trackpoint>
                        <DistanceMeters>804.6209259033203</DistanceMeters>
                        <Time>2022-01-30T02:40:45.125Z</Time>
                        <Position>
                            <LatitudeDegrees>30.33039665222168</LatitudeDegrees>
                            <LongitudeDegrees>106.93487548828125</LongitudeDegrees>
                        </Position>
                        <AltitudeMeters>303.3999938964844</AltitudeMeters>
                    </Trackpoint>
                    <Trackpoint>
                        <DistanceMeters>804.6209259033203</DistanceMeters>
                        <Time>2022-01-30T02:40:46.125Z</Time>
                        <Position>
                            <LatitudeDegrees>30.33041000366211</LatitudeDegrees>
                            <LongitudeDegrees>106.93488311767578</LongitudeDegrees>
                        </Position>
                        <AltitudeMeters>303.3999938964844</AltitudeMeters>
                    </Trackpoint>
                    <Trackpoint>
                        <DistanceMeters>804.6209259033203</DistanceMeters>
                        <Time>2022-01-30T02:40:47.125Z</Time>
                        <Position>
                            <LatitudeDegrees>30.33042335510254</LatitudeDegrees>
                            <LongitudeDegrees>106.93489074707031</LongitudeDegrees>
                        </Position>
                        <AltitudeMeters>303.3999938964844</AltitudeMeters>
                    </Trackpoint>
                    <Trackpoint>
                        <DistanceMeters>804.6209259033203</DistanceMeters>
                        <Time>2022-01-30T02:40:48.125Z</Time>
                        <Position>
                            <LatitudeDegrees>30.330434799194336</LatitudeDegrees>
                            <LongitudeDegrees>106.93489837646484</LongitudeDegrees>
                        </Position>
                        <AltitudeMeters>303.3999938964844</AltitudeMeters>
                    </Trackpoint>
                    <Trackpoint>
                        <DistanceMeters>804.6209259033203</DistanceMeters>
                        <Time>2022-01-30T02:40:49.125Z</Time>
                        <Position>
                            <LatitudeDegrees>30.330448150634766</LatitudeDegrees>
                            <LongitudeDegrees>106.93490600585938</LongitudeDegrees>
                        </Position>
                        <AltitudeMeters>303.3999938964844</AltitudeMeters>
                    </Trackpoint>
                    <Trackpoint>
                        <DistanceMeters>804.6209259033203</DistanceMeters>
                        <Time>2022-01-30T02:40:50.125Z</Time>
                        <Position>
                            <LatitudeDegrees>30.33045768737793</LatitudeDegrees>
                            <LongitudeDegrees>106.93492126464844</LongitudeDegrees>
                        </Position>
                        <AltitudeMeters>303.3999938964844</AltitudeMeters>
                    </Trackpoint>
                    <Trackpoint>
                        <DistanceMeters>804.6209259033203</DistanceMeters>
                        <Time>2022-01-30T02:40:51.125Z</Time>
                        <Position>
                            <LatitudeDegrees>30.33046531677246</LatitudeDegrees>
                            <LongitudeDegrees>106.9349365234375</LongitudeDegrees>
                        </Position>
                        <AltitudeMeters>303.3999938964844</AltitudeMeters>
                    </Trackpoint>
                    <Trackpoint>
                        <DistanceMeters>804.6209259033203</DistanceMeters>
                        <Time>2022-01-30T02:40:52.125Z</Time>
                        <Position>
                            <LatitudeDegrees>30.330476760864258</LatitudeDegrees>
                            <LongitudeDegrees>106.93494415283203</LongitudeDegrees>
                        </Position>
                        <AltitudeMeters>303.3999938964844</AltitudeMeters>
                    </Trackpoint>
                    <Trackpoint>
                        <DistanceMeters>804.6209259033203</DistanceMeters>
                        <Time>2022-01-30T02:40:53.125Z</Time>
                        <Position>
                            <LatitudeDegrees>30.33049201965332</LatitudeDegrees>
                            <LongitudeDegrees>106.93495178222656</LongitudeDegrees>
                        </Position>
                        <AltitudeMeters>303.3999938964844</AltitudeMeters>
                    </Trackpoint>
                    <Trackpoint>
                        <DistanceMeters>804.6209259033203</DistanceMeters>
                        <Time>2022-01-30T02:40:54.125Z</Time>
                        <Position>
                            <LatitudeDegrees>30.330509185791016</LatitudeDegrees>
                            <LongitudeDegrees>106.93496704101562</LongitudeDegrees>
                        </Position>
                        <AltitudeMeters>303.3999938964844</AltitudeMeters>
                    </Trackpoint>
                    <Trackpoint>
                        <DistanceMeters>804.6209259033203</DistanceMeters>
                        <Time>2022-01-30T02:40:56.296Z</Time>
                        <Position>
                            <LatitudeDegrees>30.330533981323242</LatitudeDegrees>
                            <LongitudeDegrees>106.93496704101562</LongitudeDegrees>
                        </Position>
                        <AltitudeMeters>303.3999938964844</AltitudeMeters>
                    </Trackpoint>
                    <Trackpoint>
                        <DistanceMeters>804.6209259033203</DistanceMeters>
                        <Time>2022-01-30T02:40:57.123Z</Time>
                        <Position>
                            <LatitudeDegrees>30.33055305480957</LatitudeDegrees>
                            <LongitudeDegrees>106.93496704101562</LongitudeDegrees>
                        </Position>
                        <AltitudeMeters>303.3999938964844</AltitudeMeters>
                    </Trackpoint>
                    <Trackpoint>
                        <DistanceMeters>804.6209259033203</DistanceMeters>
                        <Time>2022-01-30T02:40:58.123Z</Time>
                        <Position>
                            <LatitudeDegrees>30.330568313598633</LatitudeDegrees>
                            <LongitudeDegrees>106.9349594116211</LongitudeDegrees>
                        </Position>
                        <AltitudeMeters>303.3999938964844</AltitudeMeters>
                    </Trackpoint>
                    <Trackpoint>
                        <DistanceMeters>804.6209259033203</DistanceMeters>
                        <Time>2022-01-30T02:40:59.122Z</Time>
                        <Position>
                            <LatitudeDegrees>30.330591201782227</LatitudeDegrees>
                            <LongitudeDegrees>106.93496704101562</LongitudeDegrees>
                        </Position>
                        <AltitudeMeters>303.3999938964844</AltitudeMeters>
                    </Trackpoint>
                    <Trackpoint>
                        <DistanceMeters>864.1881065368652</DistanceMeters>
                        <Time>2022-01-30T02:41:00.124Z</Time>
                        <Position>
                            <LatitudeDegrees>30.330612182617188</LatitudeDegrees>
                            <LongitudeDegrees>106.93496704101562</LongitudeDegrees>
                        </Position>
                        <AltitudeMeters>303.3999938964844</AltitudeMeters>
                    </Trackpoint>
                    <Trackpoint>
                        <DistanceMeters>864.1881065368652</DistanceMeters>
                        <Time>2022-01-30T02:41:01.123Z</Time>
                        <Position>
                            <LatitudeDegrees>30.33063316345215</LatitudeDegrees>
                            <LongitudeDegrees>106.93497467041016</LongitudeDegrees>
                        </Position>
                        <AltitudeMeters>303.3999938964844</AltitudeMeters>
                    </Trackpoint>
                    <Trackpoint>
                        <DistanceMeters>864.1881065368652</DistanceMeters>
                        <Time>2022-01-30T02:41:02.125Z</Time>
                        <Position>
                            <LatitudeDegrees>30.330652236938477</LatitudeDegrees>
                            <LongitudeDegrees>106.93497467041016</LongitudeDegrees>
                        </Position>
                        <AltitudeMeters>303.3999938964844</AltitudeMeters>
                    </Trackpoint>
                    <Trackpoint>
                        <DistanceMeters>864.1881065368652</DistanceMeters>
                        <Time>2022-01-30T02:41:03.125Z</Time>
                        <Position>
                            <LatitudeDegrees>30.33066749572754</LatitudeDegrees>
                            <LongitudeDegrees>106.93497467041016</LongitudeDegrees>
                        </Position>
                        <AltitudeMeters>303.3999938964844</AltitudeMeters>
                    </Trackpoint>
                    <Trackpoint>
                        <DistanceMeters>864.1881065368652</DistanceMeters>
                        <Time>2022-01-30T02:41:04.125Z</Time>
                        <Position>
                            <LatitudeDegrees>30.330678939819336</LatitudeDegrees>
                            <LongitudeDegrees>106.93497467041016</LongitudeDegrees>
                        </Position>
                        <AltitudeMeters>303.3999938964844</AltitudeMeters>
                    </Trackpoint>
                    <Trackpoint>
                        <DistanceMeters>864.1881065368652</DistanceMeters>
                        <Time>2022-01-30T02:41:05.125Z</Time>
                        <Position>
                            <LatitudeDegrees>30.33069610595703</LatitudeDegrees>
                            <LongitudeDegrees>106.93497467041016</LongitudeDegrees>
                        </Position>
                        <AltitudeMeters>303.3999938964844</AltitudeMeters>
                    </Trackpoint>
                    <Trackpoint>
                        <DistanceMeters>864.1881065368652</DistanceMeters>
                        <Time>2022-01-30T02:41:06.125Z</Time>
                        <Position>
                            <LatitudeDegrees>30.330713272094727</LatitudeDegrees>
                            <LongitudeDegrees>106.93497467041016</LongitudeDegrees>
                        </Position>
                        <AltitudeMeters>303.3999938964844</AltitudeMeters>
                    </Trackpoint>
                    <Trackpoint>
                        <DistanceMeters>864.1881065368652</DistanceMeters>
                        <Time>2022-01-30T02:41:07.125Z</Time>
                        <Position>
                            <LatitudeDegrees>30.330730438232422</LatitudeDegrees>
                            <LongitudeDegrees>106.93496704101562</LongitudeDegrees>
                        </Position>
                        <AltitudeMeters>303.3999938964844</AltitudeMeters>
                    </Trackpoint>
                    <Trackpoint>
                        <DistanceMeters>864.1881065368652</DistanceMeters>
                        <Time>2022-01-30T02:41:08.125Z</Time>
                        <Position>
                            <LatitudeDegrees>30.33074951171875</LatitudeDegrees>
                            <LongitudeDegrees>106.9349594116211</LongitudeDegrees>
                        </Position>
                        <AltitudeMeters>303.3999938964844</AltitudeMeters>
                    </Trackpoint>
                    <Trackpoint>
                        <DistanceMeters>864.1881065368652</DistanceMeters>
                        <Time>2022-01-30T02:41:09.125Z</Time>
                        <Position>
                            <LatitudeDegrees>30.330768585205078</LatitudeDegrees>
                            <LongitudeDegrees>106.93494415283203</LongitudeDegrees>
                        </Position>
                        <AltitudeMeters>303.3999938964844</AltitudeMeters>
                    </Trackpoint>
                    <Trackpoint>
                        <DistanceMeters>864.1881065368652</DistanceMeters>
                        <Time>2022-01-30T02:41:10.125Z</Time>
                        <Position>
                            <LatitudeDegrees>30.33078384399414</LatitudeDegrees>
                            <LongitudeDegrees>106.93492889404297</LongitudeDegrees>
                        </Position>
                        <AltitudeMeters>303.3999938964844</AltitudeMeters>
                    </Trackpoint>
                    <Trackpoint>
                        <DistanceMeters>864.1881065368652</DistanceMeters>
                        <Time>2022-01-30T02:41:11.125Z</Time>
                        <Position>
                            <LatitudeDegrees>30.330795288085938</LatitudeDegrees>
                            <LongitudeDegrees>106.9349136352539</LongitudeDegrees>
                        </Position>
                        <AltitudeMeters>314.0439453125</AltitudeMeters>
                    </Trackpoint>
                    <Trackpoint>
                        <DistanceMeters>864.1881065368652</DistanceMeters>
                        <Time>2022-01-30T02:41:12.126Z</Time>
                        <Position>
                            <LatitudeDegrees>30.3308048248291</LatitudeDegrees>
                            <LongitudeDegrees>106.93489074707031</LongitudeDegrees>
                        </Position>
                        <AltitudeMeters>312.67724609375</AltitudeMeters>
                    </Trackpoint>
                    <Trackpoint>
                        <DistanceMeters>864.1881065368652</DistanceMeters>
                        <Time>2022-01-30T02:41:13.126Z</Time>
                        <Position>
                            <LatitudeDegrees>30.330814361572266</LatitudeDegrees>
                            <LongitudeDegrees>106.93486785888672</LongitudeDegrees>
                        </Position>
                        <AltitudeMeters>311.2296142578125</AltitudeMeters>
                    </Trackpoint>
                    <Trackpoint>
                        <DistanceMeters>864.1881065368652</DistanceMeters>
                        <Time>2022-01-30T02:41:14.126Z</Time>
                        <Position>
                            <LatitudeDegrees>30.330825805664062</LatitudeDegrees>
                            <LongitudeDegrees>106.93485260009766</LongitudeDegrees>
                        </Position>
                        <AltitudeMeters>309.53369140625</AltitudeMeters>
                    </Trackpoint>
                    <Trackpoint>
                        <DistanceMeters>864.1881065368652</DistanceMeters>
                        <Time>2022-01-30T02:41:15.126Z</Time>
                        <Position>
                            <LatitudeDegrees>30.330835342407227</LatitudeDegrees>
                            <LongitudeDegrees>106.93482971191406</LongitudeDegrees>
                        </Position>
                        <AltitudeMeters>308.5704345703125</AltitudeMeters>
                    </Trackpoint>
                    <Trackpoint>
                        <DistanceMeters>864.1881065368652</DistanceMeters>
                        <Time>2022-01-30T02:41:16.126Z</Time>
                        <Position>
                            <LatitudeDegrees>30.330846786499023</LatitudeDegrees>
                            <LongitudeDegrees>106.93480682373047</LongitudeDegrees>
                        </Position>
                        <AltitudeMeters>307.3223876953125</AltitudeMeters>
                    </Trackpoint>
                    <Trackpoint>
                        <DistanceMeters>864.1881065368652</DistanceMeters>
                        <Time>2022-01-30T02:41:17.126Z</Time>
                        <Position>
                            <LatitudeDegrees>30.330860137939453</LatitudeDegrees>
                            <LongitudeDegrees>106.93478393554688</LongitudeDegrees>
                        </Position>
                        <AltitudeMeters>306.704833984375</AltitudeMeters>
                    </Trackpoint>
                    <Trackpoint>
                        <DistanceMeters>864.1881065368652</DistanceMeters>
                        <Time>2022-01-30T02:41:18.126Z</Time>
                        <Position>
                            <LatitudeDegrees>30.33087158203125</LatitudeDegrees>
                            <LongitudeDegrees>106.93475341796875</LongitudeDegrees>
                        </Position>
                        <AltitudeMeters>305.1661376953125</AltitudeMeters>
                    </Trackpoint>
                    <Trackpoint>
                        <DistanceMeters>864.1881065368652</DistanceMeters>
                        <Time>2022-01-30T02:41:19.126Z</Time>
                        <Position>
                            <LatitudeDegrees>30.330881118774414</LatitudeDegrees>
                            <LongitudeDegrees>106.93473052978516</LongitudeDegrees>
                        </Position>
                        <AltitudeMeters>303.662109375</AltitudeMeters>
                    </Trackpoint>
                    <Trackpoint>
                        <DistanceMeters>864.1881065368652</DistanceMeters>
                        <Time>2022-01-30T02:41:20.126Z</Time>
                        <Position>
                            <LatitudeDegrees>30.33089256286621</LatitudeDegrees>
                            <LongitudeDegrees>106.9347152709961</LongitudeDegrees>
                        </Position>
                        <AltitudeMeters>302.60546875</AltitudeMeters>
                    </Trackpoint>
                    <Trackpoint>
                        <DistanceMeters>864.1881065368652</DistanceMeters>
                        <Time>2022-01-30T02:41:21.126Z</Time>
                        <Position>
                            <LatitudeDegrees>30.330902099609375</LatitudeDegrees>
                            <LongitudeDegrees>106.9346923828125</LongitudeDegrees>
                        </Position>
                        <AltitudeMeters>300.9451904296875</AltitudeMeters>
                    </Trackpoint>
                    <Trackpoint>
                        <DistanceMeters>864.1881065368652</DistanceMeters>
                        <Time>2022-01-30T02:41:22.126Z</Time>
                        <Position>
                            <LatitudeDegrees>30.33091163635254</LatitudeDegrees>
                            <LongitudeDegrees>106.93467712402344</LongitudeDegrees>
                        </Position>
                        <AltitudeMeters>299.561767578125</AltitudeMeters>
                    </Trackpoint>
                    <Trackpoint>
                        <DistanceMeters>864.1881065368652</DistanceMeters>
                        <Time>2022-01-30T02:41:23.126Z</Time>
                        <Position>
                            <LatitudeDegrees>30.330915451049805</LatitudeDegrees>
                            <LongitudeDegrees>106.93465423583984</LongitudeDegrees>
                        </Position>
                        <AltitudeMeters>296.42877197265625</AltitudeMeters>
                    </Trackpoint>
                    <Trackpoint>
                        <DistanceMeters>864.1881065368652</DistanceMeters>
                        <Time>2022-01-30T02:41:24.126Z</Time>
                        <Position>
                            <LatitudeDegrees>30.33091926574707</LatitudeDegrees>
                            <LongitudeDegrees>106.93463897705078</LongitudeDegrees>
                        </Position>
                        <AltitudeMeters>292.8858642578125</AltitudeMeters>
                    </Trackpoint>
                    <Trackpoint>
                        <DistanceMeters>864.1881065368652</DistanceMeters>
                        <Time>2022-01-30T02:41:25.126Z</Time>
                        <Position>
                            <LatitudeDegrees>30.33091926574707</LatitudeDegrees>
                            <LongitudeDegrees>106.93461608886719</LongitudeDegrees>
                        </Position>
                        <AltitudeMeters>291.2900390625</AltitudeMeters>
                    </Trackpoint>
                    <Trackpoint>
                        <DistanceMeters>864.1881065368652</DistanceMeters>
                        <Time>2022-01-30T02:41:26.126Z</Time>
                        <Position>
                            <LatitudeDegrees>30.330923080444336</LatitudeDegrees>
                            <LongitudeDegrees>106.93460083007812</LongitudeDegrees>
                        </Position>
                        <AltitudeMeters>288.87310791015625</AltitudeMeters>
                    </Trackpoint>
                    <Trackpoint>
                        <DistanceMeters>864.1881065368652</DistanceMeters>
                        <Time>2022-01-30T02:41:27.126Z</Time>
                        <Position>
                            <LatitudeDegrees>30.330930709838867</LatitudeDegrees>
                            <LongitudeDegrees>106.9345932006836</LongitudeDegrees>
                        </Position>
                        <AltitudeMeters>288.49371337890625</AltitudeMeters>
                    </Trackpoint>
                    <Trackpoint>
                        <DistanceMeters>898.2183685302734</DistanceMeters>
                        <Time>2022-01-30T02:41:47.123Z</Time>
                        <Position>
                            <LatitudeDegrees>30.33135986328125</LatitudeDegrees>
                            <LongitudeDegrees>106.93546295166016</LongitudeDegrees>
                        </Position>
                        <AltitudeMeters>341.9388427734375</AltitudeMeters>
                    </Trackpoint>
                    <Trackpoint>
                        <DistanceMeters>898.2183685302734</DistanceMeters>
                        <Time>2022-01-30T02:41:48.123Z</Time>
                        <Position>
                            <LatitudeDegrees>30.33133316040039</LatitudeDegrees>
                            <LongitudeDegrees>106.93534851074219</LongitudeDegrees>
                        </Position>
                        <AltitudeMeters>335.42578125</AltitudeMeters>
                    </Trackpoint>
                    <Trackpoint>
                        <DistanceMeters>898.2183685302734</DistanceMeters>
                        <Time>2022-01-30T02:41:49.124Z</Time>
                        <Position>
                            <LatitudeDegrees>30.331321716308594</LatitudeDegrees>
                            <LongitudeDegrees>106.93525695800781</LongitudeDegrees>
                        </Position>
                        <AltitudeMeters>331.560302734375</AltitudeMeters>
                    </Trackpoint>
                    <Trackpoint>
                        <DistanceMeters>931.3048782348633</DistanceMeters>
                        <Time>2022-01-30T02:46:31.482Z</Time>
                        <Position>
                            <LatitudeDegrees>30.3310546875</LatitudeDegrees>
                            <LongitudeDegrees>106.93510437011719</LongitudeDegrees>
                        </Position>
                        <AltitudeMeters>310.29296875</AltitudeMeters>
                    </Trackpoint>
                    <Trackpoint>
                        <DistanceMeters>949.5572299957275</DistanceMeters>
                        <Time>2022-01-30T02:47:10.235Z</Time>
                        <Position>
                            <LatitudeDegrees>30.33089256286621</LatitudeDegrees>
                            <LongitudeDegrees>106.93513488769531</LongitudeDegrees>
                        </Position>
                        <AltitudeMeters>310.29296875</AltitudeMeters>
                    </Trackpoint>
                    <Trackpoint>
                        <DistanceMeters>980.7488708496094</DistanceMeters>
                        <Time>2022-01-30T02:48:01.881Z</Time>
                    </Trackpoint>
                    <Trackpoint>
                        <DistanceMeters>1465.8983459472656</DistanceMeters>
                        <Time>2022-01-30T02:56:03.570Z</Time>
                    </Trackpoint>
                    <Trackpoint>
                        <DistanceMeters>1484.0933418273926</DistanceMeters>
                        <Time>2022-01-30T02:57:03.626Z</Time>
                        <Position>
                            <LatitudeDegrees>30.327880859375</LatitudeDegrees>
                            <LongitudeDegrees>106.9314193725586</LongitudeDegrees>
                        </Position>
                        <AltitudeMeters>297.5</AltitudeMeters>
                    </Trackpoint>
                    <Trackpoint>
                        <DistanceMeters>1496.00914478302</DistanceMeters>
                        <Time>2022-01-30T02:57:43.519Z</Time>
                        <Position>
                            <LatitudeDegrees>30.327808380126953</LatitudeDegrees>
                            <LongitudeDegrees>106.93132781982422</LongitudeDegrees>
                        </Position>
                        <AltitudeMeters>297.3999938964844</AltitudeMeters>
                    </Trackpoint>
                    <Trackpoint>
                        <DistanceMeters>1543.6012048721313</DistanceMeters>
                        <Time>2022-01-30T02:58:40.344Z</Time>
                        <Position>
                            <LatitudeDegrees>30.32816505432129</LatitudeDegrees>
                            <LongitudeDegrees>106.93160247802734</LongitudeDegrees>
                        </Position>
                        <AltitudeMeters>297.8999938964844</AltitudeMeters>
                    </Trackpoint>
                    <Trackpoint>
                        <DistanceMeters>1574.2774229049683</DistanceMeters>
                        <Time>2022-01-30T02:59:17.874Z</Time>
                        <Position>
                            <LatitudeDegrees>30.32839584350586</LatitudeDegrees>
                            <LongitudeDegrees>106.93177795410156</LongitudeDegrees>
                        </Position>
                        <AltitudeMeters>297.6999816894531</AltitudeMeters>
                    </Trackpoint>
                    <Trackpoint>
                        <DistanceMeters>1577.6373028755188</DistanceMeters>
                        <Time>2022-01-30T02:59:46.617Z</Time>
                    </Trackpoint>
                </Track>
                <DistanceMeters>1577.6373028755188</DistanceMeters>
                <TotalTimeSeconds>1796.936</TotalTimeSeconds>
                <Calories>119.30656433105469</Calories>
                <Intensity>Active</Intensity>
                <TriggerMethod>Manual</TriggerMethod>
            </Lap>
        </Activity>
        <Activity Sport="Walking">
            <Id>2022-01-30T02:59:46.617Z</Id>
            <Lap StartTime="2022-01-30T02:59:46.617Z">
                <Track>
                    <Trackpoint>
                        <DistanceMeters>0.0</DistanceMeters>
                        <Time>2022-01-30T02:59:46.617Z</Time>
                    </Trackpoint>
                    <Trackpoint>
                        <DistanceMeters>0.0</DistanceMeters>
                        <Time>2022-01-30T03:05:08.619Z</Time>
                    </Trackpoint>
                    <Trackpoint>
                        <DistanceMeters>1.7363600730895996</DistanceMeters>
                        <Time>2022-01-30T03:05:13.679Z</Time>
                    </Trackpoint>
                </Track>
                <DistanceMeters>1.7363600730895996</DistanceMeters>
                <TotalTimeSeconds>327.062</TotalTimeSeconds>
                <Calories>5.650461822748184</Calories>
                <Intensity>Active</Intensity>
                <TriggerMethod>Manual</TriggerMethod>
            </Lap>
        </Activity>
        <Activity Sport="Walking">
            <Id>2022-01-30T03:05:13.679Z</Id>
            <Lap StartTime="2022-01-30T03:05:13.679Z">
                <Track>
                    <Trackpoint>
                        <DistanceMeters>0.0</DistanceMeters>
                        <Time>2022-01-30T03:05:13.679Z</Time>
                    </Trackpoint>
                    <Trackpoint>
                        <DistanceMeters>25.892105102539062</DistanceMeters>
                        <Time>2022-01-30T03:06:06.123Z</Time>
                        <Position>
                            <LatitudeDegrees>30.328306198120117</LatitudeDegrees>
                            <LongitudeDegrees>106.93162536621094</LongitudeDegrees>
                        </Position>
                        <AltitudeMeters>297.6000061035156</AltitudeMeters>
                    </Trackpoint>
                    <Trackpoint>
                        <DistanceMeters>25.892105102539062</DistanceMeters>
                        <Time>2022-01-30T03:06:08.125Z</Time>
                        <Position>
                            <LatitudeDegrees>30.328292846679688</LatitudeDegrees>
                            <LongitudeDegrees>106.9316177368164</LongitudeDegrees>
                        </Position>
                        <AltitudeMeters>297.79998779296875</AltitudeMeters>
                    </Trackpoint>
                    <Trackpoint>
                        <DistanceMeters>25.892105102539062</DistanceMeters>
                        <Time>2022-01-30T03:06:11.125Z</Time>
                        <Position>
                            <LatitudeDegrees>30.328277587890625</LatitudeDegrees>
                            <LongitudeDegrees>106.9316177368164</LongitudeDegrees>
                        </Position>
                        <AltitudeMeters>297.79998779296875</AltitudeMeters>
                    </Trackpoint>
                    <Trackpoint>
                        <DistanceMeters>25.892105102539062</DistanceMeters>
                        <Time>2022-01-30T03:06:13.124Z</Time>
                        <Position>
                            <LatitudeDegrees>30.328264236450195</LatitudeDegrees>
                            <LongitudeDegrees>106.93161010742188</LongitudeDegrees>
                        </Position>
                        <AltitudeMeters>297.79998779296875</AltitudeMeters>
                    </Trackpoint>
                    <Trackpoint>
                        <DistanceMeters>25.892105102539062</DistanceMeters>
                        <Time>2022-01-30T03:06:15.126Z</Time>
                        <Position>
                            <LatitudeDegrees>30.328258514404297</LatitudeDegrees>
                            <LongitudeDegrees>106.93159484863281</LongitudeDegrees>
                        </Position>
                        <AltitudeMeters>297.79998779296875</AltitudeMeters>
                    </Trackpoint>
                    <Trackpoint>
                        <DistanceMeters>25.892105102539062</DistanceMeters>
                        <Time>2022-01-30T03:06:22.125Z</Time>
                        <Position>
                            <LatitudeDegrees>30.328245162963867</LatitudeDegrees>
                            <LongitudeDegrees>106.93159484863281</LongitudeDegrees>
                        </Position>
                        <AltitudeMeters>297.79998779296875</AltitudeMeters>
                    </Trackpoint>
                    <Trackpoint>
                        <DistanceMeters>25.892105102539062</DistanceMeters>
                        <Time>2022-01-30T03:06:24.125Z</Time>
                        <Position>
                            <LatitudeDegrees>30.328231811523438</LatitudeDegrees>
                            <LongitudeDegrees>106.93158721923828</LongitudeDegrees>
                        </Position>
                        <AltitudeMeters>297.79998779296875</AltitudeMeters>
                    </Trackpoint>
                    <Trackpoint>
                        <DistanceMeters>25.892105102539062</DistanceMeters>
                        <Time>2022-01-30T03:06:26.127Z</Time>
                        <Position>
                            <LatitudeDegrees>30.328214645385742</LatitudeDegrees>
                            <LongitudeDegrees>106.93157958984375</LongitudeDegrees>
                        </Position>
                        <AltitudeMeters>297.79998779296875</AltitudeMeters>
                    </Trackpoint>
                    <Trackpoint>
                        <DistanceMeters>25.892105102539062</DistanceMeters>
                        <Time>2022-01-30T03:06:27.130Z</Time>
                        <Position>
                            <LatitudeDegrees>30.328205108642578</LatitudeDegrees>
                            <LongitudeDegrees>106.93157958984375</LongitudeDegrees>
                        </Position>
                        <AltitudeMeters>297.79998779296875</AltitudeMeters>
                    </Trackpoint>
                    <Trackpoint>
                        <DistanceMeters>25.892105102539062</DistanceMeters>
                        <Time>2022-01-30T03:06:29.127Z</Time>
                        <Position>
                            <LatitudeDegrees>30.328189849853516</LatitudeDegrees>
                            <LongitudeDegrees>106.93158721923828</LongitudeDegrees>
                        </Position>
                        <AltitudeMeters>297.79998779296875</AltitudeMeters>
                    </Trackpoint>
                    <Trackpoint>
                        <DistanceMeters>37.2664852142334</DistanceMeters>
                        <Time>2022-01-30T03:06:31.133Z</Time>
                        <Position>
                            <LatitudeDegrees>30.32818031311035</LatitudeDegrees>
                            <LongitudeDegrees>106.93158721923828</LongitudeDegrees>
                        </Position>
                        <AltitudeMeters>297.79998779296875</AltitudeMeters>
                    </Trackpoint>
                    <Trackpoint>
                        <DistanceMeters>37.2664852142334</DistanceMeters>
                        <Time>2022-01-30T03:06:33.127Z</Time>
                        <Position>
                            <LatitudeDegrees>30.328170776367188</LatitudeDegrees>
                            <LongitudeDegrees>106.93160247802734</LongitudeDegrees>
                        </Position>
                        <AltitudeMeters>297.79998779296875</AltitudeMeters>
                    </Trackpoint>
                    <Trackpoint>
                        <DistanceMeters>37.2664852142334</DistanceMeters>
                        <Time>2022-01-30T03:06:35.130Z</Time>
                        <Position>
                            <LatitudeDegrees>30.32816505432129</LatitudeDegrees>
                            <LongitudeDegrees>106.93161010742188</LongitudeDegrees>
                        </Position>
                        <AltitudeMeters>297.79998779296875</AltitudeMeters>
                    </Trackpoint>
                    <Trackpoint>
                        <DistanceMeters>37.2664852142334</DistanceMeters>
                        <Time>2022-01-30T03:06:37.130Z</Time>
                        <Position>
                            <LatitudeDegrees>30.328157424926758</LatitudeDegrees>
                            <LongitudeDegrees>106.93162536621094</LongitudeDegrees>
                        </Position>
                        <AltitudeMeters>297.79998779296875</AltitudeMeters>
                    </Trackpoint>
                    <Trackpoint>
                        <DistanceMeters>37.2664852142334</DistanceMeters>
                        <Time>2022-01-30T03:06:39.127Z</Time>
                        <Position>
                            <LatitudeDegrees>30.328149795532227</LatitudeDegrees>
                            <LongitudeDegrees>106.931640625</LongitudeDegrees>
                        </Position>
                        <AltitudeMeters>297.79998779296875</AltitudeMeters>
                    </Trackpoint>
                    <Trackpoint>
                        <DistanceMeters>37.2664852142334</DistanceMeters>
                        <Time>2022-01-30T03:06:41.125Z</Time>
                        <Position>
                            <LatitudeDegrees>30.32813835144043</LatitudeDegrees>
                            <LongitudeDegrees>106.931640625</LongitudeDegrees>
                        </Position>
                        <AltitudeMeters>297.79998779296875</AltitudeMeters>
                    </Trackpoint>
                    <Trackpoint>
                        <DistanceMeters>37.2664852142334</DistanceMeters>
                        <Time>2022-01-30T03:06:44.125Z</Time>
                        <Position>
                            <LatitudeDegrees>30.328128814697266</LatitudeDegrees>
                            <LongitudeDegrees>106.93163299560547</LongitudeDegrees>
                        </Position>
                        <AltitudeMeters>297.79998779296875</AltitudeMeters>
                    </Trackpoint>
                    <Trackpoint>
                        <DistanceMeters>37.2664852142334</DistanceMeters>
                        <Time>2022-01-30T03:06:50.129Z</Time>
                        <Position>
                            <LatitudeDegrees>30.328123092651367</LatitudeDegrees>
                            <LongitudeDegrees>106.9316177368164</LongitudeDegrees>
                        </Position>
                        <AltitudeMeters>297.79998779296875</AltitudeMeters>
                    </Trackpoint>
                    <Trackpoint>
                        <DistanceMeters>90.62401390075684</DistanceMeters>
                        <Time>2022-01-30T03:08:05.128Z</Time>
                        <Position>
                            <LatitudeDegrees>30.327960968017578</LatitudeDegrees>
                            <LongitudeDegrees>106.93131256103516</LongitudeDegrees>
                        </Position>
                        <AltitudeMeters>298.1999816894531</AltitudeMeters>
                    </Trackpoint>
                    <Trackpoint>
                        <DistanceMeters>90.62401390075684</DistanceMeters>
                        <Time>2022-01-30T03:08:08.130Z</Time>
                        <Position>
                            <LatitudeDegrees>30.327945709228516</LatitudeDegrees>
                            <LongitudeDegrees>106.93131256103516</LongitudeDegrees>
                        </Position>
                        <AltitudeMeters>301.6000061035156</AltitudeMeters>
                    </Trackpoint>
                    <Trackpoint>
                        <DistanceMeters>90.62401390075684</DistanceMeters>
                        <Time>2022-01-30T03:08:10.129Z</Time>
                        <Position>
                            <LatitudeDegrees>30.32793426513672</LatitudeDegrees>
                            <LongitudeDegrees>106.9312973022461</LongitudeDegrees>
                        </Position>
                        <AltitudeMeters>301.6000061035156</AltitudeMeters>
                    </Trackpoint>
                    <Trackpoint>
                        <DistanceMeters>90.62401390075684</DistanceMeters>
                        <Time>2022-01-30T03:08:11.127Z</Time>
                        <Position>
                            <LatitudeDegrees>30.327926635742188</LatitudeDegrees>
                            <LongitudeDegrees>106.93128967285156</LongitudeDegrees>
                        </Position>
                        <AltitudeMeters>301.6000061035156</AltitudeMeters>
                    </Trackpoint>
                    <Trackpoint>
                        <DistanceMeters>90.62401390075684</DistanceMeters>
                        <Time>2022-01-30T03:08:12.127Z</Time>
                        <Position>
                            <LatitudeDegrees>30.32792091369629</LatitudeDegrees>
                            <LongitudeDegrees>106.93128204345703</LongitudeDegrees>
                        </Position>
                        <AltitudeMeters>301.6000061035156</AltitudeMeters>
                    </Trackpoint>
                    <Trackpoint>
                        <DistanceMeters>90.62401390075684</DistanceMeters>
                        <Time>2022-01-30T03:08:13.129Z</Time>
                        <Position>
                            <LatitudeDegrees>30.327911376953125</LatitudeDegrees>
                            <LongitudeDegrees>106.93128204345703</LongitudeDegrees>
                        </Position>
                        <AltitudeMeters>301.6000061035156</AltitudeMeters>
                    </Trackpoint>
                    <Trackpoint>
                        <DistanceMeters>90.62401390075684</DistanceMeters>
                        <Time>2022-01-30T03:08:14.128Z</Time>
                        <Position>
                            <LatitudeDegrees>30.327903747558594</LatitudeDegrees>
                            <LongitudeDegrees>106.9312744140625</LongitudeDegrees>
                        </Position>
                        <AltitudeMeters>301.6000061035156</AltitudeMeters>
                    </Trackpoint>
                    <Trackpoint>
                        <DistanceMeters>90.62401390075684</DistanceMeters>
                        <Time>2022-01-30T03:08:16.128Z</Time>
                        <Position>
                            <LatitudeDegrees>30.32788848876953</LatitudeDegrees>
                            <LongitudeDegrees>106.93126678466797</LongitudeDegrees>
                        </Position>
                        <AltitudeMeters>301.6000061035156</AltitudeMeters>
                    </Trackpoint>
                    <Trackpoint>
                        <DistanceMeters>90.62401390075684</DistanceMeters>
                        <Time>2022-01-30T03:08:17.129Z</Time>
                        <Position>
                            <LatitudeDegrees>30.327880859375</LatitudeDegrees>
                            <LongitudeDegrees>106.93125915527344</LongitudeDegrees>
                        </Position>
                        <AltitudeMeters>301.6000061035156</AltitudeMeters>
                    </Trackpoint>
                    <Trackpoint>
                        <DistanceMeters>90.62401390075684</DistanceMeters>
                        <Time>2022-01-30T03:08:18.125Z</Time>
                        <Position>
                            <LatitudeDegrees>30.32787322998047</LatitudeDegrees>
                            <LongitudeDegrees>106.9312515258789</LongitudeDegrees>
                        </Position>
                        <AltitudeMeters>301.6000061035156</AltitudeMeters>
                    </Trackpoint>
                    <Trackpoint>
                        <DistanceMeters>90.62401390075684</DistanceMeters>
                        <Time>2022-01-30T03:08:19.125Z</Time>
                        <Position>
                            <LatitudeDegrees>30.327863693237305</LatitudeDegrees>
                            <LongitudeDegrees>106.93124389648438</LongitudeDegrees>
                        </Position>
                        <AltitudeMeters>301.6000061035156</AltitudeMeters>
                    </Trackpoint>
                    <Trackpoint>
                        <DistanceMeters>90.62401390075684</DistanceMeters>
                        <Time>2022-01-30T03:08:20.129Z</Time>
                        <Position>
                            <LatitudeDegrees>30.327856063842773</LatitudeDegrees>
                            <LongitudeDegrees>106.93123626708984</LongitudeDegrees>
                        </Position>
                        <AltitudeMeters>301.6000061035156</AltitudeMeters>
                    </Trackpoint>
                    <Trackpoint>
                        <DistanceMeters>90.62401390075684</DistanceMeters>
                        <Time>2022-01-30T03:08:21.131Z</Time>
                        <Position>
                            <LatitudeDegrees>30.32784652709961</LatitudeDegrees>
                            <LongitudeDegrees>106.93123626708984</LongitudeDegrees>
                        </Position>
                        <AltitudeMeters>301.6000061035156</AltitudeMeters>
                    </Trackpoint>
                    <Trackpoint>
                        <DistanceMeters>90.62401390075684</DistanceMeters>
                        <Time>2022-01-30T03:08:22.130Z</Time>
                        <Position>
                            <LatitudeDegrees>30.327838897705078</LatitudeDegrees>
                            <LongitudeDegrees>106.93122863769531</LongitudeDegrees>
                        </Position>
                        <AltitudeMeters>301.6000061035156</AltitudeMeters>
                    </Trackpoint>
                    <Trackpoint>
                        <DistanceMeters>90.62401390075684</DistanceMeters>
                        <Time>2022-01-30T03:08:23.129Z</Time>
                        <Position>
                            <LatitudeDegrees>30.327829360961914</LatitudeDegrees>
                            <LongitudeDegrees>106.93122100830078</LongitudeDegrees>
                        </Position>
                        <AltitudeMeters>301.6000061035156</AltitudeMeters>
                    </Trackpoint>
                    <Trackpoint>
                        <DistanceMeters>90.62401390075684</DistanceMeters>
                        <Time>2022-01-30T03:08:24.130Z</Time>
                        <Position>
                            <LatitudeDegrees>30.327821731567383</LatitudeDegrees>
                            <LongitudeDegrees>106.93121337890625</LongitudeDegrees>
                        </Position>
                        <AltitudeMeters>301.6000061035156</AltitudeMeters>
                    </Trackpoint>
                    <Trackpoint>
                        <DistanceMeters>209.6132106781006</DistanceMeters>
                        <Time>2022-01-30T03:09:04.489Z</Time>
                        <Position>
                            <LatitudeDegrees>30.32756233215332</LatitudeDegrees>
                            <LongitudeDegrees>106.93099212646484</LongitudeDegrees>
                        </Position>
                        <AltitudeMeters>297.3999938964844</AltitudeMeters>
                    </Trackpoint>
                    <Trackpoint>
                        <DistanceMeters>209.6132106781006</DistanceMeters>
                        <Time>2022-01-30T03:09:08.418Z</Time>
                        <Position>
                            <LatitudeDegrees>30.3273868560791</LatitudeDegrees>
                            <LongitudeDegrees>106.93054962158203</LongitudeDegrees>
                        </Position>
                        <AltitudeMeters>297.3999938964844</AltitudeMeters>
                    </Trackpoint>
                    <Trackpoint>
                        <DistanceMeters>209.6132106781006</DistanceMeters>
                        <Time>2022-01-30T03:09:09.129Z</Time>
                        <Position>
                            <LatitudeDegrees>30.32740020751953</LatitudeDegrees>
                            <LongitudeDegrees>106.93054962158203</LongitudeDegrees>
                        </Position>
                        <AltitudeMeters>297.3999938964844</AltitudeMeters>
                    </Trackpoint>
                    <Trackpoint>
                        <DistanceMeters>209.6132106781006</DistanceMeters>
                        <Time>2022-01-30T03:09:10.127Z</Time>
                        <Position>
                            <LatitudeDegrees>30.32742691040039</LatitudeDegrees>
                            <LongitudeDegrees>106.93052673339844</LongitudeDegrees>
                        </Position>
                        <AltitudeMeters>297.3999938964844</AltitudeMeters>
                    </Trackpoint>
                    <Trackpoint>
                        <DistanceMeters>209.6132106781006</DistanceMeters>
                        <Time>2022-01-30T03:09:11.126Z</Time>
                        <Position>
                            <LatitudeDegrees>30.327455520629883</LatitudeDegrees>
                            <LongitudeDegrees>106.9305191040039</LongitudeDegrees>
                        </Position>
                        <AltitudeMeters>297.3999938964844</AltitudeMeters>
                    </Trackpoint>
                    <Trackpoint>
                        <DistanceMeters>209.6132106781006</DistanceMeters>
                        <Time>2022-01-30T03:09:12.125Z</Time>
                        <Position>
                            <LatitudeDegrees>30.327465057373047</LatitudeDegrees>
                            <LongitudeDegrees>106.93052673339844</LongitudeDegrees>
                        </Position>
                        <AltitudeMeters>297.3999938964844</AltitudeMeters>
                    </Trackpoint>
                    <Trackpoint>
                        <DistanceMeters>209.6132106781006</DistanceMeters>
                        <Time>2022-01-30T03:09:13.125Z</Time>
                        <Position>
                            <LatitudeDegrees>30.32743263244629</LatitudeDegrees>
                            <LongitudeDegrees>106.9305419921875</LongitudeDegrees>
                        </Position>
                        <AltitudeMeters>297.3999938964844</AltitudeMeters>
                    </Trackpoint>
                    <Trackpoint>
                        <DistanceMeters>209.6132106781006</DistanceMeters>
                        <Time>2022-01-30T03:09:14.126Z</Time>
                        <Position>
                            <LatitudeDegrees>30.32740592956543</LatitudeDegrees>
                            <LongitudeDegrees>106.93054962158203</LongitudeDegrees>
                        </Position>
                        <AltitudeMeters>297.3999938964844</AltitudeMeters>
                    </Trackpoint>
                    <Trackpoint>
                        <DistanceMeters>209.6132106781006</DistanceMeters>
                        <Time>2022-01-30T03:09:15.128Z</Time>
                        <Position>
                            <LatitudeDegrees>30.327381134033203</LatitudeDegrees>
                            <LongitudeDegrees>106.93054962158203</LongitudeDegrees>
                        </Position>
                        <AltitudeMeters>297.3999938964844</AltitudeMeters>
                    </Trackpoint>
                    <Trackpoint>
                        <DistanceMeters>209.6132106781006</DistanceMeters>
                        <Time>2022-01-30T03:09:16.125Z</Time>
                        <Position>
                            <LatitudeDegrees>30.327373504638672</LatitudeDegrees>
                            <LongitudeDegrees>106.93055725097656</LongitudeDegrees>
                        </Position>
                        <AltitudeMeters>297.3999938964844</AltitudeMeters>
                    </Trackpoint>
                    <Trackpoint>
                        <DistanceMeters>209.6132106781006</DistanceMeters>
                        <Time>2022-01-30T03:09:17.125Z</Time>
                        <Position>
                            <LatitudeDegrees>30.327373504638672</LatitudeDegrees>
                            <LongitudeDegrees>106.93057250976562</LongitudeDegrees>
                        </Position>
                        <AltitudeMeters>297.3999938964844</AltitudeMeters>
                    </Trackpoint>
                    <Trackpoint>
                        <DistanceMeters>209.6132106781006</DistanceMeters>
                        <Time>2022-01-30T03:09:18.125Z</Time>
                        <Position>
                            <LatitudeDegrees>30.327375411987305</LatitudeDegrees>
                            <LongitudeDegrees>106.93059539794922</LongitudeDegrees>
                        </Position>
                        <AltitudeMeters>297.3999938964844</AltitudeMeters>
                    </Trackpoint>
                    <Trackpoint>
                        <DistanceMeters>209.6132106781006</DistanceMeters>
                        <Time>2022-01-30T03:09:19.125Z</Time>
                        <Position>
                            <LatitudeDegrees>30.327381134033203</LatitudeDegrees>
                            <LongitudeDegrees>106.93061828613281</LongitudeDegrees>
                        </Position>
                        <AltitudeMeters>297.3999938964844</AltitudeMeters>
                    </Trackpoint>
                    <Trackpoint>
                        <DistanceMeters>209.6132106781006</DistanceMeters>
                        <Time>2022-01-30T03:09:20.124Z</Time>
                        <Position>
                            <LatitudeDegrees>30.3273868560791</LatitudeDegrees>
                            <LongitudeDegrees>106.9306411743164</LongitudeDegrees>
                        </Position>
                        <AltitudeMeters>297.3999938964844</AltitudeMeters>
                    </Trackpoint>
                    <Trackpoint>
                        <DistanceMeters>209.6132106781006</DistanceMeters>
                        <Time>2022-01-30T03:09:21.130Z</Time>
                        <Position>
                            <LatitudeDegrees>30.327394485473633</LatitudeDegrees>
                            <LongitudeDegrees>106.93065643310547</LongitudeDegrees>
                        </Position>
                        <AltitudeMeters>297.3999938964844</AltitudeMeters>
                    </Trackpoint>
                    <Trackpoint>
                        <DistanceMeters>209.6132106781006</DistanceMeters>
                        <Time>2022-01-30T03:09:22.135Z</Time>
                        <Position>
                            <LatitudeDegrees>30.327402114868164</LatitudeDegrees>
                            <LongitudeDegrees>106.93067169189453</LongitudeDegrees>
                        </Position>
                        <AltitudeMeters>297.3999938964844</AltitudeMeters>
                    </Trackpoint>
                    <Trackpoint>
                        <DistanceMeters>209.6132106781006</DistanceMeters>
                        <Time>2022-01-30T03:09:23.130Z</Time>
                        <Position>
                            <LatitudeDegrees>30.327409744262695</LatitudeDegrees>
                            <LongitudeDegrees>106.93067932128906</LongitudeDegrees>
                        </Position>
                        <AltitudeMeters>297.3999938964844</AltitudeMeters>
                    </Trackpoint>
                    <Trackpoint>
                        <DistanceMeters>209.6132106781006</DistanceMeters>
                        <Time>2022-01-30T03:09:24.127Z</Time>
                        <Position>
                            <LatitudeDegrees>30.32741928100586</LatitudeDegrees>
                            <LongitudeDegrees>106.9306869506836</LongitudeDegrees>
                        </Position>
                        <AltitudeMeters>297.3999938964844</AltitudeMeters>
                    </Trackpoint>
                    <Trackpoint>
                        <DistanceMeters>209.6132106781006</DistanceMeters>
                        <Time>2022-01-30T03:09:29.132Z</Time>
                        <Position>
                            <LatitudeDegrees>30.327402114868164</LatitudeDegrees>
                            <LongitudeDegrees>106.9306869506836</LongitudeDegrees>
                        </Position>
                        <AltitudeMeters>297.3999938964844</AltitudeMeters>
                    </Trackpoint>
                    <Trackpoint>
                        <DistanceMeters>256.1232166290283</DistanceMeters>
                        <Time>2022-01-30T03:09:30.130Z</Time>
                        <Position>
                            <LatitudeDegrees>30.32738494873047</LatitudeDegrees>
                            <LongitudeDegrees>106.9306869506836</LongitudeDegrees>
                        </Position>
                        <AltitudeMeters>297.3999938964844</AltitudeMeters>
                    </Trackpoint>
                    <Trackpoint>
                        <DistanceMeters>256.1232166290283</DistanceMeters>
                        <Time>2022-01-30T03:09:31.127Z</Time>
                        <Position>
                            <LatitudeDegrees>30.32736587524414</LatitudeDegrees>
                            <LongitudeDegrees>106.9306869506836</LongitudeDegrees>
                        </Position>
                        <AltitudeMeters>297.3999938964844</AltitudeMeters>
                    </Trackpoint>
                    <Trackpoint>
                        <DistanceMeters>256.1232166290283</DistanceMeters>
                        <Time>2022-01-30T03:09:32.128Z</Time>
                        <Position>
                            <LatitudeDegrees>30.327348709106445</LatitudeDegrees>
                            <LongitudeDegrees>106.9306869506836</LongitudeDegrees>
                        </Position>
                        <AltitudeMeters>297.3999938964844</AltitudeMeters>
                    </Trackpoint>
                    <Trackpoint>
                        <DistanceMeters>256.1232166290283</DistanceMeters>
                        <Time>2022-01-30T03:09:33.127Z</Time>
                        <Position>
                            <LatitudeDegrees>30.327329635620117</LatitudeDegrees>
                            <LongitudeDegrees>106.93069458007812</LongitudeDegrees>
                        </Position>
                        <AltitudeMeters>297.3999938964844</AltitudeMeters>
                    </Trackpoint>
                    <Trackpoint>
                        <DistanceMeters>256.1232166290283</DistanceMeters>
                        <Time>2022-01-30T03:09:34.125Z</Time>
                        <Position>
                            <LatitudeDegrees>30.327314376831055</LatitudeDegrees>
                            <LongitudeDegrees>106.93070220947266</LongitudeDegrees>
                        </Position>
                        <AltitudeMeters>297.3999938964844</AltitudeMeters>
                    </Trackpoint>
                    <Trackpoint>
                        <DistanceMeters>256.1232166290283</DistanceMeters>
                        <Time>2022-01-30T03:09:35.125Z</Time>
                        <Position>
                            <LatitudeDegrees>30.327299118041992</LatitudeDegrees>
                            <LongitudeDegrees>106.93070220947266</LongitudeDegrees>
                        </Position>
                        <AltitudeMeters>297.3999938964844</AltitudeMeters>
                    </Trackpoint>
                    <Trackpoint>
                        <DistanceMeters>256.1232166290283</DistanceMeters>
                        <Time>2022-01-30T03:09:36.127Z</Time>
                        <Position>
                            <LatitudeDegrees>30.327287673950195</LatitudeDegrees>
                            <LongitudeDegrees>106.93070983886719</LongitudeDegrees>
                        </Position>
                        <AltitudeMeters>297.3999938964844</AltitudeMeters>
                    </Trackpoint>
                    <Trackpoint>
                        <DistanceMeters>256.1232166290283</DistanceMeters>
                        <Time>2022-01-30T03:09:37.127Z</Time>
                        <Position>
                            <LatitudeDegrees>30.32727813720703</LatitudeDegrees>
                            <LongitudeDegrees>106.93071746826172</LongitudeDegrees>
                        </Position>
                        <AltitudeMeters>297.3999938964844</AltitudeMeters>
                    </Trackpoint>
                    <Trackpoint>
                        <DistanceMeters>256.1232166290283</DistanceMeters>
                        <Time>2022-01-30T03:09:38.127Z</Time>
                        <Position>
                            <LatitudeDegrees>30.3272647857666</LatitudeDegrees>
                            <LongitudeDegrees>106.93072509765625</LongitudeDegrees>
                        </Position>
                        <AltitudeMeters>297.3999938964844</AltitudeMeters>
                    </Trackpoint>
                    <Trackpoint>
                        <DistanceMeters>256.1232166290283</DistanceMeters>
                        <Time>2022-01-30T03:09:39.128Z</Time>
                        <Position>
                            <LatitudeDegrees>30.32724952697754</LatitudeDegrees>
                            <LongitudeDegrees>106.93074035644531</LongitudeDegrees>
                        </Position>
                        <AltitudeMeters>297.3999938964844</AltitudeMeters>
                    </Trackpoint>
                    <Trackpoint>
                        <DistanceMeters>256.1232166290283</DistanceMeters>
                        <Time>2022-01-30T03:09:40.127Z</Time>
                        <Position>
                            <LatitudeDegrees>30.32723617553711</LatitudeDegrees>
                            <LongitudeDegrees>106.93075561523438</LongitudeDegrees>
                        </Position>
                        <AltitudeMeters>297.3999938964844</AltitudeMeters>
                    </Trackpoint>
                    <Trackpoint>
                        <DistanceMeters>256.1232166290283</DistanceMeters>
                        <Time>2022-01-30T03:09:41.128Z</Time>
                        <Position>
                            <LatitudeDegrees>30.327220916748047</LatitudeDegrees>
                            <LongitudeDegrees>106.93077850341797</LongitudeDegrees>
                        </Position>
                        <AltitudeMeters>297.3999938964844</AltitudeMeters>
                    </Trackpoint>
                    <Trackpoint>
                        <DistanceMeters>256.1232166290283</DistanceMeters>
                        <Time>2022-01-30T03:09:42.130Z</Time>
                        <Position>
                            <LatitudeDegrees>30.327211380004883</LatitudeDegrees>
                            <LongitudeDegrees>106.93079376220703</LongitudeDegrees>
                        </Position>
                        <AltitudeMeters>297.3999938964844</AltitudeMeters>
                    </Trackpoint>
                    <Trackpoint>
                        <DistanceMeters>256.1232166290283</DistanceMeters>
                        <Time>2022-01-30T03:09:43.123Z</Time>
                        <Position>
                            <LatitudeDegrees>30.32720184326172</LatitudeDegrees>
                            <LongitudeDegrees>106.9308090209961</LongitudeDegrees>
                        </Position>
                        <AltitudeMeters>297.3999938964844</AltitudeMeters>
                    </Trackpoint>
                    <Trackpoint>
                        <DistanceMeters>256.1232166290283</DistanceMeters>
                        <Time>2022-01-30T03:09:44.126Z</Time>
                        <Position>
                            <LatitudeDegrees>30.327194213867188</LatitudeDegrees>
                            <LongitudeDegrees>106.93082427978516</LongitudeDegrees>
                        </Position>
                        <AltitudeMeters>297.3999938964844</AltitudeMeters>
                    </Trackpoint>
                    <Trackpoint>
                        <DistanceMeters>256.1232166290283</DistanceMeters>
                        <Time>2022-01-30T03:09:45.126Z</Time>
                        <Position>
                            <LatitudeDegrees>30.327186584472656</LatitudeDegrees>
                            <LongitudeDegrees>106.93083190917969</LongitudeDegrees>
                        </Position>
                        <AltitudeMeters>297.3999938964844</AltitudeMeters>
                    </Trackpoint>
                    <Trackpoint>
                        <DistanceMeters>256.1232166290283</DistanceMeters>
                        <Time>2022-01-30T03:09:46.126Z</Time>
                        <Position>
                            <LatitudeDegrees>30.327177047729492</LatitudeDegrees>
                            <LongitudeDegrees>106.93083953857422</LongitudeDegrees>
                        </Position>
                        <AltitudeMeters>297.3999938964844</AltitudeMeters>
                    </Trackpoint>
                    <Trackpoint>
                        <DistanceMeters>256.1232166290283</DistanceMeters>
                        <Time>2022-01-30T03:09:47.128Z</Time>
                        <Position>
                            <LatitudeDegrees>30.327167510986328</LatitudeDegrees>
                            <LongitudeDegrees>106.93084716796875</LongitudeDegrees>
                        </Position>
                        <AltitudeMeters>297.3999938964844</AltitudeMeters>
                    </Trackpoint>
                    <Trackpoint>
                        <DistanceMeters>256.1232166290283</DistanceMeters>
                        <Time>2022-01-30T03:09:48.126Z</Time>
                        <Position>
                            <LatitudeDegrees>30.327159881591797</LatitudeDegrees>
                            <LongitudeDegrees>106.93085479736328</LongitudeDegrees>
                        </Position>
                        <AltitudeMeters>297.3999938964844</AltitudeMeters>
                    </Trackpoint>
                    <Trackpoint>
                        <DistanceMeters>256.1232166290283</DistanceMeters>
                        <Time>2022-01-30T03:09:49.123Z</Time>
                        <Position>
                            <LatitudeDegrees>30.32715606689453</LatitudeDegrees>
                            <LongitudeDegrees>106.93087005615234</LongitudeDegrees>
                        </Position>
                        <AltitudeMeters>297.3999938964844</AltitudeMeters>
                    </Trackpoint>
                    <Trackpoint>
                        <DistanceMeters>256.1232166290283</DistanceMeters>
                        <Time>2022-01-30T03:09:50.125Z</Time>
                        <Position>
                            <LatitudeDegrees>30.327152252197266</LatitudeDegrees>
                            <LongitudeDegrees>106.9308853149414</LongitudeDegrees>
                        </Position>
                        <AltitudeMeters>297.3999938964844</AltitudeMeters>
                    </Trackpoint>
                    <Trackpoint>
                        <DistanceMeters>256.1232166290283</DistanceMeters>
                        <Time>2022-01-30T03:09:51.128Z</Time>
                        <Position>
                            <LatitudeDegrees>30.3271484375</LatitudeDegrees>
                            <LongitudeDegrees>106.93090057373047</LongitudeDegrees>
                        </Position>
                        <AltitudeMeters>297.3999938964844</AltitudeMeters>
                    </Trackpoint>
                    <Trackpoint>
                        <DistanceMeters>256.1232166290283</DistanceMeters>
                        <Time>2022-01-30T03:09:52.129Z</Time>
                        <Position>
                            <LatitudeDegrees>30.3271427154541</LatitudeDegrees>
                            <LongitudeDegrees>106.930908203125</LongitudeDegrees>
                        </Position>
                        <AltitudeMeters>297.3999938964844</AltitudeMeters>
                    </Trackpoint>
                    <Trackpoint>
                        <DistanceMeters>256.1232166290283</DistanceMeters>
                        <Time>2022-01-30T03:09:53.124Z</Time>
                        <Position>
                            <LatitudeDegrees>30.3271427154541</LatitudeDegrees>
                            <LongitudeDegrees>106.93092346191406</LongitudeDegrees>
                        </Position>
                        <AltitudeMeters>297.3999938964844</AltitudeMeters>
                    </Trackpoint>
                    <Trackpoint>
                        <DistanceMeters>256.1232166290283</DistanceMeters>
                        <Time>2022-01-30T03:09:54.124Z</Time>
                        <Position>
                            <LatitudeDegrees>30.3271427154541</LatitudeDegrees>
                            <LongitudeDegrees>106.93093872070312</LongitudeDegrees>
                        </Position>
                        <AltitudeMeters>297.3999938964844</AltitudeMeters>
                    </Trackpoint>
                    <Trackpoint>
                        <DistanceMeters>256.1232166290283</DistanceMeters>
                        <Time>2022-01-30T03:09:55.126Z</Time>
                        <Position>
                            <LatitudeDegrees>30.32714080810547</LatitudeDegrees>
                            <LongitudeDegrees>106.93095397949219</LongitudeDegrees>
                        </Position>
                        <AltitudeMeters>297.3999938964844</AltitudeMeters>
                    </Trackpoint>
                    <Trackpoint>
                        <DistanceMeters>256.1232166290283</DistanceMeters>
                        <Time>2022-01-30T03:09:56.126Z</Time>
                        <Position>
                            <LatitudeDegrees>30.327136993408203</LatitudeDegrees>
                            <LongitudeDegrees>106.93096923828125</LongitudeDegrees>
                        </Position>
                        <AltitudeMeters>297.3999938964844</AltitudeMeters>
                    </Trackpoint>
                    <Trackpoint>
                        <DistanceMeters>256.1232166290283</DistanceMeters>
                        <Time>2022-01-30T03:09:57.124Z</Time>
                        <Position>
                            <LatitudeDegrees>30.327129364013672</LatitudeDegrees>
                            <LongitudeDegrees>106.93098449707031</LongitudeDegrees>
                        </Position>
                        <AltitudeMeters>297.3999938964844</AltitudeMeters>
                    </Trackpoint>
                    <Trackpoint>
                        <DistanceMeters>263.64434242248535</DistanceMeters>
                        <Time>2022-01-30T03:10:03.038Z</Time>
                    </Trackpoint>
                    <Trackpoint>
                        <DistanceMeters>272.4973039627075</DistanceMeters>
                        <Time>2022-01-30T03:10:09.954Z</Time>
                    </Trackpoint>
                    <Trackpoint>
                        <DistanceMeters>329.26394748687744</DistanceMeters>
                        <Time>2022-01-30T03:10:52.121Z</Time>
                    </Trackpoint>
                    <Trackpoint>
                        <DistanceMeters>396.32440280914307</DistanceMeters>
                        <Time>2022-01-30T03:12:01.749Z</Time>
                    </Trackpoint>
                    <Trackpoint>
                        <DistanceMeters>456.84212589263916</DistanceMeters>
                        <Time>2022-01-30T03:13:36.099Z</Time>
                    </Trackpoint>
                </Track>
                <DistanceMeters>456.84212589263916</DistanceMeters>
                <TotalTimeSeconds>502.42</TotalTimeSeconds>
                <Calories>33.3578987121582</Calories>
                <Intensity>Active</Intensity>
                <TriggerMethod>Manual</TriggerMethod>
            </Lap>
        </Activity>
    </Activities>
    <Author xsi:type="Application_t">
        <Name>Google Fit</Name>
        <Build>
            <Version>
                <VersionMajor>0</VersionMajor>
                <VersionMinor>0</VersionMinor>
                <BuildMajor>0</BuildMajor>
                <BuildMinor>0</BuildMinor>
            </Version>
        </Build>
        <LangID>en</LangID>
        <PartNumber>000-00000-00</PartNumber>
    </Author>
</TrainingCenterDatabase>
