<?xml version="1.0" encoding="UTF-8"?>
<TrainingCenterDatabase
    xmlns="http://www.garmin.com/xmlschemas/TrainingCenterDatabase/v2"
    xmlns:ns2="http://www.garmin.com/xmlschemas/UserProfile/v2"
    xmlns:ns3="http://www.garmin.com/xmlschemas/ActivityExtension/v2"
    xmlns:ns4="http://www.garmin.com/xmlschemas/ProfileExtension/v1"
    xmlns:ns5="http://www.garmin.com/xmlschemas/ActivityGoals/v1"
    xmlns:xsi="http://www.w3.org/2001/XMLSchema-instance" xsi:schemaLocation="http://www.garmin.com/xmlschemas/TrainingCenterDatabase/v2 http://www.garmin.com/xmlschemas/TrainingCenterDatabasev2.xsd">
    <Activities>
        <Activity Sport="Running">
            <Id>2022-05-07T13:51:53.875Z</Id>
            <Lap StartTime="2022-05-07T13:51:53.875Z">
                <Track>
                    <Trackpoint>
                        <DistanceMeters>0.0</DistanceMeters>
                        <Time>2022-05-07T13:51:53.875Z</Time>
                    </Trackpoint>
                    <Trackpoint>
                        <DistanceMeters>27.284244537353516</DistanceMeters>
                        <Time>2022-05-07T13:52:04.962Z</Time>
                    </Trackpoint>
                    <Trackpoint>
                        <DistanceMeters>27.284244537353516</DistanceMeters>
                        <Time>2022-05-07T13:52:07.085Z</Time>
                        <Position>
                            <LatitudeDegrees>30.518329620361328</LatitudeDegrees>
                            <LongitudeDegrees>104.05760955810547</LongitudeDegrees>
                        </Position>
                        <AltitudeMeters>443.9888916015625</AltitudeMeters>
                    </Trackpoint>
                    <Trackpoint>
                        <DistanceMeters>65.95086669921875</DistanceMeters>
                        <Time>2022-05-07T13:52:07.660Z</Time>
                        <Position>
                            <LatitudeDegrees>30.518321990966797</LatitudeDegrees>
                            <LongitudeDegrees>104.05760192871094</LongitudeDegrees>
                        </Position>
                        <AltitudeMeters>444.9232177734375</AltitudeMeters>
                    </Trackpoint>
                    <Trackpoint>
                        <DistanceMeters>65.95086669921875</DistanceMeters>
                        <Time>2022-05-07T13:52:09.660Z</Time>
                        <Position>
                            <LatitudeDegrees>30.518312454223633</LatitudeDegrees>
                            <LongitudeDegrees>104.05755615234375</LongitudeDegrees>
                        </Position>
                        <AltitudeMeters>449.94091796875</AltitudeMeters>
                    </Trackpoint>
                    <Trackpoint>
                        <DistanceMeters>65.95086669921875</DistanceMeters>
                        <Time>2022-05-07T13:52:11.660Z</Time>
                        <Position>
                            <LatitudeDegrees>30.518312454223633</LatitudeDegrees>
                            <LongitudeDegrees>104.0575180053711</LongitudeDegrees>
                        </Position>
                        <AltitudeMeters>449.3636474609375</AltitudeMeters>
                    </Trackpoint>
                    <Trackpoint>
                        <DistanceMeters>65.95086669921875</DistanceMeters>
                        <Time>2022-05-07T13:52:13.256Z</Time>
                        <Position>
                            <LatitudeDegrees>30.518314361572266</LatitudeDegrees>
                            <LongitudeDegrees>104.0574951171875</LongitudeDegrees>
                        </Position>
                        <AltitudeMeters>449.3636474609375</AltitudeMeters>
                    </Trackpoint>
                    <Trackpoint>
                        <DistanceMeters>65.95086669921875</DistanceMeters>
                        <Time>2022-05-07T13:52:14.264Z</Time>
                        <Position>
                            <LatitudeDegrees>30.51831817626953</LatitudeDegrees>
                            <LongitudeDegrees>104.05747985839844</LongitudeDegrees>
                        </Position>
                        <AltitudeMeters>449.4869384765625</AltitudeMeters>
                    </Trackpoint>
                    <Trackpoint>
                        <DistanceMeters>65.95086669921875</DistanceMeters>
                        <Time>2022-05-07T13:52:15.622Z</Time>
                        <Position>
                            <LatitudeDegrees>30.5183162689209</LatitudeDegrees>
                            <LongitudeDegrees>104.05746459960938</LongitudeDegrees>
                        </Position>
                        <AltitudeMeters>449.4869384765625</AltitudeMeters>
                    </Trackpoint>
                    <Trackpoint>
                        <DistanceMeters>65.95086669921875</DistanceMeters>
                        <Time>2022-05-07T13:52:16.522Z</Time>
                        <Position>
                            <LatitudeDegrees>30.51831817626953</LatitudeDegrees>
                            <LongitudeDegrees>104.05744171142578</LongitudeDegrees>
                        </Position>
                        <AltitudeMeters>451.2359619140625</AltitudeMeters>
                    </Trackpoint>
                    <Trackpoint>
                        <DistanceMeters>65.95086669921875</DistanceMeters>
                        <Time>2022-05-07T13:52:17.625Z</Time>
                        <Position>
                            <LatitudeDegrees>30.518320083618164</LatitudeDegrees>
                            <LongitudeDegrees>104.05741882324219</LongitudeDegrees>
                        </Position>
                        <AltitudeMeters>451.2359619140625</AltitudeMeters>
                    </Trackpoint>
                    <Trackpoint>
                        <DistanceMeters>65.95086669921875</DistanceMeters>
                        <Time>2022-05-07T13:52:18.304Z</Time>
                        <Position>
                            <LatitudeDegrees>30.518325805664062</LatitudeDegrees>
                            <LongitudeDegrees>104.0573959350586</LongitudeDegrees>
                        </Position>
                        <AltitudeMeters>450.34320068359375</AltitudeMeters>
                    </Trackpoint>
                    <Trackpoint>
                        <DistanceMeters>65.95086669921875</DistanceMeters>
                        <Time>2022-05-07T13:52:18.947Z</Time>
                        <Position>
                            <LatitudeDegrees>30.518327713012695</LatitudeDegrees>
                            <LongitudeDegrees>104.05738830566406</LongitudeDegrees>
                        </Position>
                        <AltitudeMeters>450.34320068359375</AltitudeMeters>
                    </Trackpoint>
                    <Trackpoint>
                        <DistanceMeters>65.95086669921875</DistanceMeters>
                        <Time>2022-05-07T13:52:19.645Z</Time>
                        <Position>
                            <LatitudeDegrees>30.518329620361328</LatitudeDegrees>
                            <LongitudeDegrees>104.057373046875</LongitudeDegrees>
                        </Position>
                        <AltitudeMeters>450.34320068359375</AltitudeMeters>
                    </Trackpoint>
                    <Trackpoint>
                        <DistanceMeters>65.95086669921875</DistanceMeters>
                        <Time>2022-05-07T13:52:20.306Z</Time>
                        <Position>
                            <LatitudeDegrees>30.518327713012695</LatitudeDegrees>
                            <LongitudeDegrees>104.05735778808594</LongitudeDegrees>
                        </Position>
                        <AltitudeMeters>448.93389892578125</AltitudeMeters>
                    </Trackpoint>
                    <Trackpoint>
                        <DistanceMeters>65.95086669921875</DistanceMeters>
                        <Time>2022-05-07T13:52:21.205Z</Time>
                        <Position>
                            <LatitudeDegrees>30.518329620361328</LatitudeDegrees>
                            <LongitudeDegrees>104.05734252929688</LongitudeDegrees>
                        </Position>
                        <AltitudeMeters>448.93389892578125</AltitudeMeters>
                    </Trackpoint>
                    <Trackpoint>
                        <DistanceMeters>65.95086669921875</DistanceMeters>
                        <Time>2022-05-07T13:52:23.005Z</Time>
                        <Position>
                            <LatitudeDegrees>30.518342971801758</LatitudeDegrees>
                            <LongitudeDegrees>104.05731201171875</LongitudeDegrees>
                        </Position>
                        <AltitudeMeters>448.5162353515625</AltitudeMeters>
                    </Trackpoint>
                    <Trackpoint>
                        <DistanceMeters>65.95086669921875</DistanceMeters>
                        <Time>2022-05-07T13:52:23.925Z</Time>
                        <Position>
                            <LatitudeDegrees>30.518346786499023</LatitudeDegrees>
                            <LongitudeDegrees>104.05729675292969</LongitudeDegrees>
                        </Position>
                        <AltitudeMeters>449.1826171875</AltitudeMeters>
                    </Trackpoint>
                    <Trackpoint>
                        <DistanceMeters>65.95086669921875</DistanceMeters>
                        <Time>2022-05-07T13:52:24.981Z</Time>
                        <Position>
                            <LatitudeDegrees>30.518356323242188</LatitudeDegrees>
                            <LongitudeDegrees>104.05728149414062</LongitudeDegrees>
                        </Position>
                        <AltitudeMeters>449.1826171875</AltitudeMeters>
                    </Trackpoint>
                    <Trackpoint>
                        <DistanceMeters>65.95086669921875</DistanceMeters>
                        <Time>2022-05-07T13:52:26.665Z</Time>
                        <Position>
                            <LatitudeDegrees>30.51836585998535</LatitudeDegrees>
                            <LongitudeDegrees>104.05726623535156</LongitudeDegrees>
                        </Position>
                        <AltitudeMeters>449.6865234375</AltitudeMeters>
                    </Trackpoint>
                    <Trackpoint>
                        <DistanceMeters>65.95086669921875</DistanceMeters>
                        <Time>2022-05-07T13:52:27.739Z</Time>
                        <Position>
                            <LatitudeDegrees>30.51837158203125</LatitudeDegrees>
                            <LongitudeDegrees>104.05725860595703</LongitudeDegrees>
                        </Position>
                        <AltitudeMeters>449.19189453125</AltitudeMeters>
                    </Trackpoint>
                    <Trackpoint>
                        <DistanceMeters>65.95086669921875</DistanceMeters>
                        <Time>2022-05-07T13:52:28.399Z</Time>
                        <Position>
                            <LatitudeDegrees>30.518381118774414</LatitudeDegrees>
                            <LongitudeDegrees>104.0572509765625</LongitudeDegrees>
                        </Position>
                        <AltitudeMeters>449.19189453125</AltitudeMeters>
                    </Trackpoint>
                    <Trackpoint>
                        <DistanceMeters>65.95086669921875</DistanceMeters>
                        <Time>2022-05-07T13:52:29.660Z</Time>
                        <Position>
                            <LatitudeDegrees>30.518394470214844</LatitudeDegrees>
                            <LongitudeDegrees>104.05724334716797</LongitudeDegrees>
                        </Position>
                        <AltitudeMeters>449.526611328125</AltitudeMeters>
                    </Trackpoint>
                    <Trackpoint>
                        <DistanceMeters>117.71134948730469</DistanceMeters>
                        <Time>2022-05-07T13:52:30.527Z</Time>
                        <Position>
                            <LatitudeDegrees>30.51839828491211</LatitudeDegrees>
                            <LongitudeDegrees>104.05723571777344</LongitudeDegrees>
                        </Position>
                        <AltitudeMeters>449.526611328125</AltitudeMeters>
                    </Trackpoint>
                    <Trackpoint>
                        <DistanceMeters>117.71134948730469</DistanceMeters>
                        <Time>2022-05-07T13:52:31.224Z</Time>
                        <Position>
                            <LatitudeDegrees>30.518409729003906</LatitudeDegrees>
                            <LongitudeDegrees>104.05723571777344</LongitudeDegrees>
                        </Position>
                        <AltitudeMeters>449.526611328125</AltitudeMeters>
                    </Trackpoint>
                    <Trackpoint>
                        <DistanceMeters>117.71134948730469</DistanceMeters>
                        <Time>2022-05-07T13:52:31.924Z</Time>
                        <Position>
                            <LatitudeDegrees>30.518417358398438</LatitudeDegrees>
                            <LongitudeDegrees>104.0572280883789</LongitudeDegrees>
                        </Position>
                        <AltitudeMeters>449.33892822265625</AltitudeMeters>
                    </Trackpoint>
                    <Trackpoint>
                        <DistanceMeters>117.71134948730469</DistanceMeters>
                        <Time>2022-05-07T13:52:32.585Z</Time>
                        <Position>
                            <LatitudeDegrees>30.51842498779297</LatitudeDegrees>
                            <LongitudeDegrees>104.0572280883789</LongitudeDegrees>
                        </Position>
                        <AltitudeMeters>449.33892822265625</AltitudeMeters>
                    </Trackpoint>
                    <Trackpoint>
                        <DistanceMeters>117.71134948730469</DistanceMeters>
                        <Time>2022-05-07T13:52:32.901Z</Time>
                        <Position>
                            <LatitudeDegrees>30.518428802490234</LatitudeDegrees>
                            <LongitudeDegrees>104.0572280883789</LongitudeDegrees>
                        </Position>
                        <AltitudeMeters>449.33892822265625</AltitudeMeters>
                    </Trackpoint>
                    <Trackpoint>
                        <DistanceMeters>117.71134948730469</DistanceMeters>
                        <Time>2022-05-07T13:52:33.581Z</Time>
                        <Position>
                            <LatitudeDegrees>30.518436431884766</LatitudeDegrees>
                            <LongitudeDegrees>104.05722045898438</LongitudeDegrees>
                        </Position>
                        <AltitudeMeters>449.33892822265625</AltitudeMeters>
                    </Trackpoint>
                    <Trackpoint>
                        <DistanceMeters>117.71134948730469</DistanceMeters>
                        <Time>2022-05-07T13:52:34.244Z</Time>
                        <Position>
                            <LatitudeDegrees>30.518444061279297</LatitudeDegrees>
                            <LongitudeDegrees>104.05722045898438</LongitudeDegrees>
                        </Position>
                        <AltitudeMeters>450.64984130859375</AltitudeMeters>
                    </Trackpoint>
                    <Trackpoint>
                        <DistanceMeters>117.71134948730469</DistanceMeters>
                        <Time>2022-05-07T13:52:35.266Z</Time>
                        <Position>
                            <LatitudeDegrees>30.51845932006836</LatitudeDegrees>
                            <LongitudeDegrees>104.05721282958984</LongitudeDegrees>
                        </Position>
                        <AltitudeMeters>450.64984130859375</AltitudeMeters>
                    </Trackpoint>
                    <Trackpoint>
                        <DistanceMeters>117.71134948730469</DistanceMeters>
                        <Time>2022-05-07T13:52:36.627Z</Time>
                        <Position>
                            <LatitudeDegrees>30.51847267150879</LatitudeDegrees>
                            <LongitudeDegrees>104.05721282958984</LongitudeDegrees>
                        </Position>
                        <AltitudeMeters>448.8314208984375</AltitudeMeters>
                    </Trackpoint>
                    <Trackpoint>
                        <DistanceMeters>117.71134948730469</DistanceMeters>
                        <Time>2022-05-07T13:52:37.660Z</Time>
                        <Position>
                            <LatitudeDegrees>30.51848602294922</LatitudeDegrees>
                            <LongitudeDegrees>104.05721282958984</LongitudeDegrees>
                        </Position>
                        <AltitudeMeters>447.91766357421875</AltitudeMeters>
                    </Trackpoint>
                    <Trackpoint>
                        <DistanceMeters>117.71134948730469</DistanceMeters>
                        <Time>2022-05-07T13:52:38.821Z</Time>
                        <Position>
                            <LatitudeDegrees>30.518503189086914</LatitudeDegrees>
                            <LongitudeDegrees>104.05721282958984</LongitudeDegrees>
                        </Position>
                        <AltitudeMeters>447.91766357421875</AltitudeMeters>
                    </Trackpoint>
                    <Trackpoint>
                        <DistanceMeters>117.71134948730469</DistanceMeters>
                        <Time>2022-05-07T13:52:39.902Z</Time>
                        <Position>
                            <LatitudeDegrees>30.51852035522461</LatitudeDegrees>
                            <LongitudeDegrees>104.05721282958984</LongitudeDegrees>
                        </Position>
                        <AltitudeMeters>448.53900146484375</AltitudeMeters>
                    </Trackpoint>
                    <Trackpoint>
                        <DistanceMeters>117.71134948730469</DistanceMeters>
                        <Time>2022-05-07T13:52:40.562Z</Time>
                        <Position>
                            <LatitudeDegrees>30.51852798461914</LatitudeDegrees>
                            <LongitudeDegrees>104.05720520019531</LongitudeDegrees>
                        </Position>
                        <AltitudeMeters>448.53900146484375</AltitudeMeters>
                    </Trackpoint>
                    <Trackpoint>
                        <DistanceMeters>117.71134948730469</DistanceMeters>
                        <Time>2022-05-07T13:52:41.659Z</Time>
                        <Position>
                            <LatitudeDegrees>30.518543243408203</LatitudeDegrees>
                            <LongitudeDegrees>104.05719757080078</LongitudeDegrees>
                        </Position>
                        <AltitudeMeters>448.319580078125</AltitudeMeters>
                    </Trackpoint>
                    <Trackpoint>
                        <DistanceMeters>117.71134948730469</DistanceMeters>
                        <Time>2022-05-07T13:52:42.526Z</Time>
                        <Position>
                            <LatitudeDegrees>30.5185546875</LatitudeDegrees>
                            <LongitudeDegrees>104.05719757080078</LongitudeDegrees>
                        </Position>
                        <AltitudeMeters>448.319580078125</AltitudeMeters>
                    </Trackpoint>
                    <Trackpoint>
                        <DistanceMeters>117.71134948730469</DistanceMeters>
                        <Time>2022-05-07T13:52:43.660Z</Time>
                        <Position>
                            <LatitudeDegrees>30.518566131591797</LatitudeDegrees>
                            <LongitudeDegrees>104.05718994140625</LongitudeDegrees>
                        </Position>
                        <AltitudeMeters>448.2972412109375</AltitudeMeters>
                    </Trackpoint>
                    <Trackpoint>
                        <DistanceMeters>117.71134948730469</DistanceMeters>
                        <Time>2022-05-07T13:52:44.481Z</Time>
                        <Position>
                            <LatitudeDegrees>30.518577575683594</LatitudeDegrees>
                            <LongitudeDegrees>104.05718994140625</LongitudeDegrees>
                        </Position>
                        <AltitudeMeters>448.2972412109375</AltitudeMeters>
                    </Trackpoint>
                    <Trackpoint>
                        <DistanceMeters>117.71134948730469</DistanceMeters>
                        <Time>2022-05-07T13:52:45.659Z</Time>
                        <Position>
                            <LatitudeDegrees>30.518596649169922</LatitudeDegrees>
                            <LongitudeDegrees>104.05718231201172</LongitudeDegrees>
                        </Position>
                        <AltitudeMeters>448.39227294921875</AltitudeMeters>
                    </Trackpoint>
                    <Trackpoint>
                        <DistanceMeters>117.71134948730469</DistanceMeters>
                        <Time>2022-05-07T13:52:46.462Z</Time>
                        <Position>
                            <LatitudeDegrees>30.51861000061035</LatitudeDegrees>
                            <LongitudeDegrees>104.05718231201172</LongitudeDegrees>
                        </Position>
                        <AltitudeMeters>448.39227294921875</AltitudeMeters>
                    </Trackpoint>
                    <Trackpoint>
                        <DistanceMeters>117.71134948730469</DistanceMeters>
                        <Time>2022-05-07T13:52:47.402Z</Time>
                        <Position>
                            <LatitudeDegrees>30.518625259399414</LatitudeDegrees>
                            <LongitudeDegrees>104.05717468261719</LongitudeDegrees>
                        </Position>
                        <AltitudeMeters>448.39227294921875</AltitudeMeters>
                    </Trackpoint>
                    <Trackpoint>
                        <DistanceMeters>117.71134948730469</DistanceMeters>
                        <Time>2022-05-07T13:52:48.399Z</Time>
                        <Position>
                            <LatitudeDegrees>30.518646240234375</LatitudeDegrees>
                            <LongitudeDegrees>104.05716705322266</LongitudeDegrees>
                        </Position>
                        <AltitudeMeters>447.2208251953125</AltitudeMeters>
                    </Trackpoint>
                    <Trackpoint>
                        <DistanceMeters>117.71134948730469</DistanceMeters>
                        <Time>2022-05-07T13:52:49.059Z</Time>
                        <Position>
                            <LatitudeDegrees>30.518657684326172</LatitudeDegrees>
                            <LongitudeDegrees>104.05716705322266</LongitudeDegrees>
                        </Position>
                        <AltitudeMeters>447.2208251953125</AltitudeMeters>
                    </Trackpoint>
                    <Trackpoint>
                        <DistanceMeters>117.71134948730469</DistanceMeters>
                        <Time>2022-05-07T13:52:49.548Z</Time>
                        <Position>
                            <LatitudeDegrees>30.518667221069336</LatitudeDegrees>
                            <LongitudeDegrees>104.05715942382812</LongitudeDegrees>
                        </Position>
                        <AltitudeMeters>447.2208251953125</AltitudeMeters>
                    </Trackpoint>
                    <Trackpoint>
                        <DistanceMeters>117.71134948730469</DistanceMeters>
                        <Time>2022-05-07T13:52:50.162Z</Time>
                        <Position>
                            <LatitudeDegrees>30.5186767578125</LatitudeDegrees>
                            <LongitudeDegrees>104.05715942382812</LongitudeDegrees>
                        </Position>
                        <AltitudeMeters>446.8858642578125</AltitudeMeters>
                    </Trackpoint>
                    <Trackpoint>
                        <DistanceMeters>117.71134948730469</DistanceMeters>
                        <Time>2022-05-07T13:52:51.060Z</Time>
                        <Position>
                            <LatitudeDegrees>30.518692016601562</LatitudeDegrees>
                            <LongitudeDegrees>104.0571517944336</LongitudeDegrees>
                        </Position>
                        <AltitudeMeters>446.8858642578125</AltitudeMeters>
                    </Trackpoint>
                    <Trackpoint>
                        <DistanceMeters>117.71134948730469</DistanceMeters>
                        <Time>2022-05-07T13:52:51.684Z</Time>
                        <Position>
                            <LatitudeDegrees>30.518701553344727</LatitudeDegrees>
                            <LongitudeDegrees>104.0571517944336</LongitudeDegrees>
                        </Position>
                        <AltitudeMeters>446.8858642578125</AltitudeMeters>
                    </Trackpoint>
                    <Trackpoint>
                        <DistanceMeters>117.71134948730469</DistanceMeters>
                        <Time>2022-05-07T13:52:52.381Z</Time>
                        <Position>
                            <LatitudeDegrees>30.51871109008789</LatitudeDegrees>
                            <LongitudeDegrees>104.05714416503906</LongitudeDegrees>
                        </Position>
                        <AltitudeMeters>446.431396484375</AltitudeMeters>
                    </Trackpoint>
                    <Trackpoint>
                        <DistanceMeters>117.71134948730469</DistanceMeters>
                        <Time>2022-05-07T13:52:53.062Z</Time>
                        <Position>
                            <LatitudeDegrees>30.518720626831055</LatitudeDegrees>
                            <LongitudeDegrees>104.05713653564453</LongitudeDegrees>
                        </Position>
                        <AltitudeMeters>446.431396484375</AltitudeMeters>
                    </Trackpoint>
                    <Trackpoint>
                        <DistanceMeters>117.71134948730469</DistanceMeters>
                        <Time>2022-05-07T13:52:54.402Z</Time>
                        <Position>
                            <LatitudeDegrees>30.518739700317383</LatitudeDegrees>
                            <LongitudeDegrees>104.05712890625</LongitudeDegrees>
                        </Position>
                        <AltitudeMeters>446.68536376953125</AltitudeMeters>
                    </Trackpoint>
                    <Trackpoint>
                        <DistanceMeters>117.71134948730469</DistanceMeters>
                        <Time>2022-05-07T13:52:55.302Z</Time>
                        <Position>
                            <LatitudeDegrees>30.518756866455078</LatitudeDegrees>
                            <LongitudeDegrees>104.05712127685547</LongitudeDegrees>
                        </Position>
                        <AltitudeMeters>446.68536376953125</AltitudeMeters>
                    </Trackpoint>
                    <Trackpoint>
                        <DistanceMeters>117.71134948730469</DistanceMeters>
                        <Time>2022-05-07T13:52:56.644Z</Time>
                        <Position>
                            <LatitudeDegrees>30.518781661987305</LatitudeDegrees>
                            <LongitudeDegrees>104.05711364746094</LongitudeDegrees>
                        </Position>
                        <AltitudeMeters>445.921630859375</AltitudeMeters>
                    </Trackpoint>
                    <Trackpoint>
                        <DistanceMeters>117.71134948730469</DistanceMeters>
                        <Time>2022-05-07T13:52:57.660Z</Time>
                        <Position>
                            <LatitudeDegrees>30.518798828125</LatitudeDegrees>
                            <LongitudeDegrees>104.0571060180664</LongitudeDegrees>
                        </Position>
                        <AltitudeMeters>444.8043212890625</AltitudeMeters>
                    </Trackpoint>
                    <Trackpoint>
                        <DistanceMeters>117.71134948730469</DistanceMeters>
                        <Time>2022-05-07T13:52:59.038Z</Time>
                        <Position>
                            <LatitudeDegrees>30.51881980895996</LatitudeDegrees>
                            <LongitudeDegrees>104.0571060180664</LongitudeDegrees>
                        </Position>
                        <AltitudeMeters>444.8043212890625</AltitudeMeters>
                    </Trackpoint>
                    <Trackpoint>
                        <DistanceMeters>117.71134948730469</DistanceMeters>
                        <Time>2022-05-07T13:52:59.682Z</Time>
                        <Position>
                            <LatitudeDegrees>30.518829345703125</LatitudeDegrees>
                            <LongitudeDegrees>104.0571060180664</LongitudeDegrees>
                        </Position>
                        <AltitudeMeters>444.8043212890625</AltitudeMeters>
                    </Trackpoint>
                    <Trackpoint>
                        <DistanceMeters>171.22270965576172</DistanceMeters>
                        <Time>2022-05-07T13:53:00.361Z</Time>
                        <Position>
                            <LatitudeDegrees>30.518842697143555</LatitudeDegrees>
                            <LongitudeDegrees>104.05709838867188</LongitudeDegrees>
                        </Position>
                        <AltitudeMeters>445.1104736328125</AltitudeMeters>
                    </Trackpoint>
                    <Trackpoint>
                        <DistanceMeters>171.22270965576172</DistanceMeters>
                        <Time>2022-05-07T13:53:01.021Z</Time>
                        <Position>
                            <LatitudeDegrees>30.51885414123535</LatitudeDegrees>
                            <LongitudeDegrees>104.05709838867188</LongitudeDegrees>
                        </Position>
                        <AltitudeMeters>445.1104736328125</AltitudeMeters>
                    </Trackpoint>
                    <Trackpoint>
                        <DistanceMeters>171.22270965576172</DistanceMeters>
                        <Time>2022-05-07T13:53:01.660Z</Time>
                        <Position>
                            <LatitudeDegrees>30.51886558532715</LatitudeDegrees>
                            <LongitudeDegrees>104.05709838867188</LongitudeDegrees>
                        </Position>
                        <AltitudeMeters>444.5169677734375</AltitudeMeters>
                    </Trackpoint>
                    <Trackpoint>
                        <DistanceMeters>171.22270965576172</DistanceMeters>
                        <Time>2022-05-07T13:53:03.004Z</Time>
                        <Position>
                            <LatitudeDegrees>30.518884658813477</LatitudeDegrees>
                            <LongitudeDegrees>104.05709075927734</LongitudeDegrees>
                        </Position>
                        <AltitudeMeters>444.5169677734375</AltitudeMeters>
                    </Trackpoint>
                    <Trackpoint>
                        <DistanceMeters>171.22270965576172</DistanceMeters>
                        <Time>2022-05-07T13:53:03.706Z</Time>
                        <Position>
                            <LatitudeDegrees>30.518896102905273</LatitudeDegrees>
                            <LongitudeDegrees>104.05708312988281</LongitudeDegrees>
                        </Position>
                        <AltitudeMeters>444.5169677734375</AltitudeMeters>
                    </Trackpoint>
                    <Trackpoint>
                        <DistanceMeters>171.22270965576172</DistanceMeters>
                        <Time>2022-05-07T13:53:04.566Z</Time>
                        <Position>
                            <LatitudeDegrees>30.518911361694336</LatitudeDegrees>
                            <LongitudeDegrees>104.05708312988281</LongitudeDegrees>
                        </Position>
                        <AltitudeMeters>444.93695068359375</AltitudeMeters>
                    </Trackpoint>
                    <Trackpoint>
                        <DistanceMeters>171.22270965576172</DistanceMeters>
                        <Time>2022-05-07T13:53:05.178Z</Time>
                        <Position>
                            <LatitudeDegrees>30.5189208984375</LatitudeDegrees>
                            <LongitudeDegrees>104.05707550048828</LongitudeDegrees>
                        </Position>
                        <AltitudeMeters>444.93695068359375</AltitudeMeters>
                    </Trackpoint>
                    <Trackpoint>
                        <DistanceMeters>171.22270965576172</DistanceMeters>
                        <Time>2022-05-07T13:53:06.365Z</Time>
                        <Position>
                            <LatitudeDegrees>30.51894187927246</LatitudeDegrees>
                            <LongitudeDegrees>104.05706787109375</LongitudeDegrees>
                        </Position>
                        <AltitudeMeters>444.4266357421875</AltitudeMeters>
                    </Trackpoint>
                    <Trackpoint>
                        <DistanceMeters>171.22270965576172</DistanceMeters>
                        <Time>2022-05-07T13:53:07.046Z</Time>
                        <Position>
                            <LatitudeDegrees>30.518953323364258</LatitudeDegrees>
                            <LongitudeDegrees>104.05706787109375</LongitudeDegrees>
                        </Position>
                        <AltitudeMeters>444.4266357421875</AltitudeMeters>
                    </Trackpoint>
                    <Trackpoint>
                        <DistanceMeters>171.22270965576172</DistanceMeters>
                        <Time>2022-05-07T13:53:07.659Z</Time>
                        <Position>
                            <LatitudeDegrees>30.518964767456055</LatitudeDegrees>
                            <LongitudeDegrees>104.05706024169922</LongitudeDegrees>
                        </Position>
                        <AltitudeMeters>444.373046875</AltitudeMeters>
                    </Trackpoint>
                    <Trackpoint>
                        <DistanceMeters>171.22270965576172</DistanceMeters>
                        <Time>2022-05-07T13:53:08.558Z</Time>
                        <Position>
                            <LatitudeDegrees>30.51897621154785</LatitudeDegrees>
                            <LongitudeDegrees>104.05706024169922</LongitudeDegrees>
                        </Position>
                        <AltitudeMeters>444.373046875</AltitudeMeters>
                    </Trackpoint>
                    <Trackpoint>
                        <DistanceMeters>171.22270965576172</DistanceMeters>
                        <Time>2022-05-07T13:53:09.346Z</Time>
                        <Position>
                            <LatitudeDegrees>30.518985748291016</LatitudeDegrees>
                            <LongitudeDegrees>104.05705261230469</LongitudeDegrees>
                        </Position>
                        <AltitudeMeters>444.373046875</AltitudeMeters>
                    </Trackpoint>
                    <Trackpoint>
                        <DistanceMeters>171.22270965576172</DistanceMeters>
                        <Time>2022-05-07T13:53:10.723Z</Time>
                        <Position>
                            <LatitudeDegrees>30.51900291442871</LatitudeDegrees>
                            <LongitudeDegrees>104.05704498291016</LongitudeDegrees>
                        </Position>
                        <AltitudeMeters>443.75665283203125</AltitudeMeters>
                    </Trackpoint>
                    <Trackpoint>
                        <DistanceMeters>171.22270965576172</DistanceMeters>
                        <Time>2022-05-07T13:53:11.660Z</Time>
                        <Position>
                            <LatitudeDegrees>30.51901626586914</LatitudeDegrees>
                            <LongitudeDegrees>104.05704498291016</LongitudeDegrees>
                        </Position>
                        <AltitudeMeters>443.65087890625</AltitudeMeters>
                    </Trackpoint>
                    <Trackpoint>
                        <DistanceMeters>171.22270965576172</DistanceMeters>
                        <Time>2022-05-07T13:53:12.381Z</Time>
                        <Position>
                            <LatitudeDegrees>30.519027709960938</LatitudeDegrees>
                            <LongitudeDegrees>104.05704498291016</LongitudeDegrees>
                        </Position>
                        <AltitudeMeters>443.65087890625</AltitudeMeters>
                    </Trackpoint>
                    <Trackpoint>
                        <DistanceMeters>171.22270965576172</DistanceMeters>
                        <Time>2022-05-07T13:53:13.369Z</Time>
                        <Position>
                            <LatitudeDegrees>30.519041061401367</LatitudeDegrees>
                            <LongitudeDegrees>104.05703735351562</LongitudeDegrees>
                        </Position>
                        <AltitudeMeters>443.65087890625</AltitudeMeters>
                    </Trackpoint>
                    <Trackpoint>
                        <DistanceMeters>171.22270965576172</DistanceMeters>
                        <Time>2022-05-07T13:53:14.422Z</Time>
                        <Position>
                            <LatitudeDegrees>30.519054412841797</LatitudeDegrees>
                            <LongitudeDegrees>104.05703735351562</LongitudeDegrees>
                        </Position>
                        <AltitudeMeters>443.0196533203125</AltitudeMeters>
                    </Trackpoint>
                    <Trackpoint>
                        <DistanceMeters>171.22270965576172</DistanceMeters>
                        <Time>2022-05-07T13:53:15.484Z</Time>
                        <Position>
                            <LatitudeDegrees>30.51906967163086</LatitudeDegrees>
                            <LongitudeDegrees>104.0570297241211</LongitudeDegrees>
                        </Position>
                        <AltitudeMeters>443.0196533203125</AltitudeMeters>
                    </Trackpoint>
                    <Trackpoint>
                        <DistanceMeters>171.22270965576172</DistanceMeters>
                        <Time>2022-05-07T13:53:16.481Z</Time>
                        <Position>
                            <LatitudeDegrees>30.519084930419922</LatitudeDegrees>
                            <LongitudeDegrees>104.0570297241211</LongitudeDegrees>
                        </Position>
                        <AltitudeMeters>443.9619140625</AltitudeMeters>
                    </Trackpoint>
                    <Trackpoint>
                        <DistanceMeters>171.22270965576172</DistanceMeters>
                        <Time>2022-05-07T13:53:17.660Z</Time>
                        <Position>
                            <LatitudeDegrees>30.519100189208984</LatitudeDegrees>
                            <LongitudeDegrees>104.05702209472656</LongitudeDegrees>
                        </Position>
                        <AltitudeMeters>444.409423828125</AltitudeMeters>
                    </Trackpoint>
                    <Trackpoint>
                        <DistanceMeters>171.22270965576172</DistanceMeters>
                        <Time>2022-05-07T13:53:18.540Z</Time>
                        <Position>
                            <LatitudeDegrees>30.51911163330078</LatitudeDegrees>
                            <LongitudeDegrees>104.05702209472656</LongitudeDegrees>
                        </Position>
                        <AltitudeMeters>444.409423828125</AltitudeMeters>
                    </Trackpoint>
                    <Trackpoint>
                        <DistanceMeters>171.22270965576172</DistanceMeters>
                        <Time>2022-05-07T13:53:19.660Z</Time>
                        <Position>
                            <LatitudeDegrees>30.519126892089844</LatitudeDegrees>
                            <LongitudeDegrees>104.05702209472656</LongitudeDegrees>
                        </Position>
                        <AltitudeMeters>443.680908203125</AltitudeMeters>
                    </Trackpoint>
                    <Trackpoint>
                        <DistanceMeters>171.22270965576172</DistanceMeters>
                        <Time>2022-05-07T13:53:20.225Z</Time>
                        <Position>
                            <LatitudeDegrees>30.519134521484375</LatitudeDegrees>
                            <LongitudeDegrees>104.05702209472656</LongitudeDegrees>
                        </Position>
                        <AltitudeMeters>443.680908203125</AltitudeMeters>
                    </Trackpoint>
                    <Trackpoint>
                        <DistanceMeters>171.22270965576172</DistanceMeters>
                        <Time>2022-05-07T13:53:20.924Z</Time>
                        <Position>
                            <LatitudeDegrees>30.519145965576172</LatitudeDegrees>
                            <LongitudeDegrees>104.05701446533203</LongitudeDegrees>
                        </Position>
                        <AltitudeMeters>443.680908203125</AltitudeMeters>
                    </Trackpoint>
                    <Trackpoint>
                        <DistanceMeters>171.22270965576172</DistanceMeters>
                        <Time>2022-05-07T13:53:21.661Z</Time>
                        <Position>
                            <LatitudeDegrees>30.519153594970703</LatitudeDegrees>
                            <LongitudeDegrees>104.05701446533203</LongitudeDegrees>
                        </Position>
                        <AltitudeMeters>443.3636474609375</AltitudeMeters>
                    </Trackpoint>
                    <Trackpoint>
                        <DistanceMeters>171.22270965576172</DistanceMeters>
                        <Time>2022-05-07T13:53:22.580Z</Time>
                        <Position>
                            <LatitudeDegrees>30.519168853759766</LatitudeDegrees>
                            <LongitudeDegrees>104.0570068359375</LongitudeDegrees>
                        </Position>
                        <AltitudeMeters>443.3636474609375</AltitudeMeters>
                    </Trackpoint>
                    <Trackpoint>
                        <DistanceMeters>171.22270965576172</DistanceMeters>
                        <Time>2022-05-07T13:53:23.260Z</Time>
                        <Position>
                            <LatitudeDegrees>30.51917839050293</LatitudeDegrees>
                            <LongitudeDegrees>104.05699920654297</LongitudeDegrees>
                        </Position>
                        <AltitudeMeters>443.3636474609375</AltitudeMeters>
                    </Trackpoint>
                    <Trackpoint>
                        <DistanceMeters>171.22270965576172</DistanceMeters>
                        <Time>2022-05-07T13:53:24.640Z</Time>
                        <Position>
                            <LatitudeDegrees>30.51919937133789</LatitudeDegrees>
                            <LongitudeDegrees>104.05697631835938</LongitudeDegrees>
                        </Position>
                        <AltitudeMeters>443.1580810546875</AltitudeMeters>
                    </Trackpoint>
                    <Trackpoint>
                        <DistanceMeters>171.22270965576172</DistanceMeters>
                        <Time>2022-05-07T13:53:25.060Z</Time>
                        <Position>
                            <LatitudeDegrees>30.519208908081055</LatitudeDegrees>
                            <LongitudeDegrees>104.05696868896484</LongitudeDegrees>
                        </Position>
                        <AltitudeMeters>443.1580810546875</AltitudeMeters>
                    </Trackpoint>
                    <Trackpoint>
                        <DistanceMeters>171.22270965576172</DistanceMeters>
                        <Time>2022-05-07T13:53:26.105Z</Time>
                        <Position>
                            <LatitudeDegrees>30.519224166870117</LatitudeDegrees>
                            <LongitudeDegrees>104.05695343017578</LongitudeDegrees>
                        </Position>
                        <AltitudeMeters>442.7435302734375</AltitudeMeters>
                    </Trackpoint>
                    <Trackpoint>
                        <DistanceMeters>171.22270965576172</DistanceMeters>
                        <Time>2022-05-07T13:53:26.805Z</Time>
                        <Position>
                            <LatitudeDegrees>30.51923179626465</LatitudeDegrees>
                            <LongitudeDegrees>104.05694580078125</LongitudeDegrees>
                        </Position>
                        <AltitudeMeters>442.7435302734375</AltitudeMeters>
                    </Trackpoint>
                    <Trackpoint>
                        <DistanceMeters>171.22270965576172</DistanceMeters>
                        <Time>2022-05-07T13:53:27.121Z</Time>
                        <Position>
                            <LatitudeDegrees>30.519235610961914</LatitudeDegrees>
                            <LongitudeDegrees>104.05693817138672</LongitudeDegrees>
                        </Position>
                        <AltitudeMeters>442.7435302734375</AltitudeMeters>
                    </Trackpoint>
                    <Trackpoint>
                        <DistanceMeters>171.22270965576172</DistanceMeters>
                        <Time>2022-05-07T13:53:27.660Z</Time>
                        <Position>
                            <LatitudeDegrees>30.519241333007812</LatitudeDegrees>
                            <LongitudeDegrees>104.05693054199219</LongitudeDegrees>
                        </Position>
                        <AltitudeMeters>441.529541015625</AltitudeMeters>
                    </Trackpoint>
                    <Trackpoint>
                        <DistanceMeters>171.22270965576172</DistanceMeters>
                        <Time>2022-05-07T13:53:28.221Z</Time>
                        <Position>
                            <LatitudeDegrees>30.519245147705078</LatitudeDegrees>
                            <LongitudeDegrees>104.05691528320312</LongitudeDegrees>
                        </Position>
                        <AltitudeMeters>441.529541015625</AltitudeMeters>
                    </Trackpoint>
                    <Trackpoint>
                        <DistanceMeters>171.22270965576172</DistanceMeters>
                        <Time>2022-05-07T13:53:29.103Z</Time>
                        <Position>
                            <LatitudeDegrees>30.51925277709961</LatitudeDegrees>
                            <LongitudeDegrees>104.0569076538086</LongitudeDegrees>
                        </Position>
                        <AltitudeMeters>441.529541015625</AltitudeMeters>
                    </Trackpoint>
                    <Trackpoint>
                        <DistanceMeters>220.9382438659668</DistanceMeters>
                        <Time>2022-05-07T13:53:31.037Z</Time>
                        <Position>
                            <LatitudeDegrees>30.519268035888672</LatitudeDegrees>
                            <LongitudeDegrees>104.056884765625</LongitudeDegrees>
                        </Position>
                        <AltitudeMeters>441.2318115234375</AltitudeMeters>
                    </Trackpoint>
                    <Trackpoint>
                        <DistanceMeters>220.9382438659668</DistanceMeters>
                        <Time>2022-05-07T13:53:32.120Z</Time>
                        <Position>
                            <LatitudeDegrees>30.519275665283203</LatitudeDegrees>
                            <LongitudeDegrees>104.05686950683594</LongitudeDegrees>
                        </Position>
                        <AltitudeMeters>441.18914794921875</AltitudeMeters>
                    </Trackpoint>
                    <Trackpoint>
                        <DistanceMeters>220.9382438659668</DistanceMeters>
                        <Time>2022-05-07T13:53:33.442Z</Time>
                        <Position>
                            <LatitudeDegrees>30.51927947998047</LatitudeDegrees>
                            <LongitudeDegrees>104.05685424804688</LongitudeDegrees>
                        </Position>
                        <AltitudeMeters>441.18914794921875</AltitudeMeters>
                    </Trackpoint>
                    <Trackpoint>
                        <DistanceMeters>220.9382438659668</DistanceMeters>
                        <Time>2022-05-07T13:53:34.658Z</Time>
                        <Position>
                            <LatitudeDegrees>30.51927947998047</LatitudeDegrees>
                            <LongitudeDegrees>104.05683898925781</LongitudeDegrees>
                        </Position>
                        <AltitudeMeters>441.2470703125</AltitudeMeters>
                    </Trackpoint>
                    <Trackpoint>
                        <DistanceMeters>220.9382438659668</DistanceMeters>
                        <Time>2022-05-07T13:53:35.659Z</Time>
                        <Position>
                            <LatitudeDegrees>30.51927947998047</LatitudeDegrees>
                            <LongitudeDegrees>104.05683135986328</LongitudeDegrees>
                        </Position>
                        <AltitudeMeters>440.925048828125</AltitudeMeters>
                    </Trackpoint>
                    <Trackpoint>
                        <DistanceMeters>220.9382438659668</DistanceMeters>
                        <Time>2022-05-07T13:53:36.882Z</Time>
                        <Position>
                            <LatitudeDegrees>30.51927947998047</LatitudeDegrees>
                            <LongitudeDegrees>104.05680847167969</LongitudeDegrees>
                        </Position>
                        <AltitudeMeters>440.925048828125</AltitudeMeters>
                    </Trackpoint>
                    <Trackpoint>
                        <DistanceMeters>220.9382438659668</DistanceMeters>
                        <Time>2022-05-07T13:53:38.021Z</Time>
                        <Position>
                            <LatitudeDegrees>30.519275665283203</LatitudeDegrees>
                            <LongitudeDegrees>104.05680084228516</LongitudeDegrees>
                        </Position>
                        <AltitudeMeters>439.869384765625</AltitudeMeters>
                    </Trackpoint>
                    <Trackpoint>
                        <DistanceMeters>220.9382438659668</DistanceMeters>
                        <Time>2022-05-07T13:53:39.283Z</Time>
                        <Position>
                            <LatitudeDegrees>30.519269943237305</LatitudeDegrees>
                            <LongitudeDegrees>104.0567855834961</LongitudeDegrees>
                        </Position>
                        <AltitudeMeters>439.869384765625</AltitudeMeters>
                    </Trackpoint>
                    <Trackpoint>
                        <DistanceMeters>220.9382438659668</DistanceMeters>
                        <Time>2022-05-07T13:53:40.041Z</Time>
                        <Position>
                            <LatitudeDegrees>30.519262313842773</LatitudeDegrees>
                            <LongitudeDegrees>104.05677032470703</LongitudeDegrees>
                        </Position>
                        <AltitudeMeters>438.50927734375</AltitudeMeters>
                    </Trackpoint>
                    <Trackpoint>
                        <DistanceMeters>220.9382438659668</DistanceMeters>
                        <Time>2022-05-07T13:53:41.439Z</Time>
                        <Position>
                            <LatitudeDegrees>30.519254684448242</LatitudeDegrees>
                            <LongitudeDegrees>104.0567626953125</LongitudeDegrees>
                        </Position>
                        <AltitudeMeters>438.50927734375</AltitudeMeters>
                    </Trackpoint>
                    <Trackpoint>
                        <DistanceMeters>220.9382438659668</DistanceMeters>
                        <Time>2022-05-07T13:53:42.118Z</Time>
                        <Position>
                            <LatitudeDegrees>30.519250869750977</LatitudeDegrees>
                            <LongitudeDegrees>104.05674743652344</LongitudeDegrees>
                        </Position>
                        <AltitudeMeters>438.05218505859375</AltitudeMeters>
                    </Trackpoint>
                    <Trackpoint>
                        <DistanceMeters>220.9382438659668</DistanceMeters>
                        <Time>2022-05-07T13:53:42.781Z</Time>
                        <Position>
                            <LatitudeDegrees>30.519248962402344</LatitudeDegrees>
                            <LongitudeDegrees>104.0567398071289</LongitudeDegrees>
                        </Position>
                        <AltitudeMeters>438.05218505859375</AltitudeMeters>
                    </Trackpoint>
                    <Trackpoint>
                        <DistanceMeters>220.9382438659668</DistanceMeters>
                        <Time>2022-05-07T13:53:43.442Z</Time>
                        <Position>
                            <LatitudeDegrees>30.519248962402344</LatitudeDegrees>
                            <LongitudeDegrees>104.05671691894531</LongitudeDegrees>
                        </Position>
                        <AltitudeMeters>438.05218505859375</AltitudeMeters>
                    </Trackpoint>
                    <Trackpoint>
                        <DistanceMeters>220.9382438659668</DistanceMeters>
                        <Time>2022-05-07T13:53:44.082Z</Time>
                        <Position>
                            <LatitudeDegrees>30.51924705505371</LatitudeDegrees>
                            <LongitudeDegrees>104.05670928955078</LongitudeDegrees>
                        </Position>
                        <AltitudeMeters>436.4061279296875</AltitudeMeters>
                    </Trackpoint>
                    <Trackpoint>
                        <DistanceMeters>220.9382438659668</DistanceMeters>
                        <Time>2022-05-07T13:53:44.744Z</Time>
                        <Position>
                            <LatitudeDegrees>30.519243240356445</LatitudeDegrees>
                            <LongitudeDegrees>104.05669403076172</LongitudeDegrees>
                        </Position>
                        <AltitudeMeters>436.4061279296875</AltitudeMeters>
                    </Trackpoint>
                    <Trackpoint>
                        <DistanceMeters>220.9382438659668</DistanceMeters>
                        <Time>2022-05-07T13:53:45.424Z</Time>
                        <Position>
                            <LatitudeDegrees>30.51923942565918</LatitudeDegrees>
                            <LongitudeDegrees>104.05668640136719</LongitudeDegrees>
                        </Position>
                        <AltitudeMeters>436.4061279296875</AltitudeMeters>
                    </Trackpoint>
                    <Trackpoint>
                        <DistanceMeters>220.9382438659668</DistanceMeters>
                        <Time>2022-05-07T13:53:46.782Z</Time>
                        <Position>
                            <LatitudeDegrees>30.519229888916016</LatitudeDegrees>
                            <LongitudeDegrees>104.0566635131836</LongitudeDegrees>
                        </Position>
                        <AltitudeMeters>436.294921875</AltitudeMeters>
                    </Trackpoint>
                    <Trackpoint>
                        <DistanceMeters>220.9382438659668</DistanceMeters>
                        <Time>2022-05-07T13:53:47.443Z</Time>
                        <Position>
                            <LatitudeDegrees>30.519227981567383</LatitudeDegrees>
                            <LongitudeDegrees>104.05665588378906</LongitudeDegrees>
                        </Position>
                        <AltitudeMeters>436.294921875</AltitudeMeters>
                    </Trackpoint>
                    <Trackpoint>
                        <DistanceMeters>220.9382438659668</DistanceMeters>
                        <Time>2022-05-07T13:53:48.104Z</Time>
                        <Position>
                            <LatitudeDegrees>30.519227981567383</LatitudeDegrees>
                            <LongitudeDegrees>104.056640625</LongitudeDegrees>
                        </Position>
                        <AltitudeMeters>436.07696533203125</AltitudeMeters>
                    </Trackpoint>
                    <Trackpoint>
                        <DistanceMeters>220.9382438659668</DistanceMeters>
                        <Time>2022-05-07T13:53:49.024Z</Time>
                        <Position>
                            <LatitudeDegrees>30.51922607421875</LatitudeDegrees>
                            <LongitudeDegrees>104.05662536621094</LongitudeDegrees>
                        </Position>
                        <AltitudeMeters>436.07696533203125</AltitudeMeters>
                    </Trackpoint>
                    <Trackpoint>
                        <DistanceMeters>220.9382438659668</DistanceMeters>
                        <Time>2022-05-07T13:53:49.660Z</Time>
                        <Position>
                            <LatitudeDegrees>30.51922607421875</LatitudeDegrees>
                            <LongitudeDegrees>104.0566177368164</LongitudeDegrees>
                        </Position>
                        <AltitudeMeters>435.786865234375</AltitudeMeters>
                    </Trackpoint>
                    <Trackpoint>
                        <DistanceMeters>220.9382438659668</DistanceMeters>
                        <Time>2022-05-07T13:53:50.365Z</Time>
                        <Position>
                            <LatitudeDegrees>30.519227981567383</LatitudeDegrees>
                            <LongitudeDegrees>104.05660247802734</LongitudeDegrees>
                        </Position>
                        <AltitudeMeters>435.786865234375</AltitudeMeters>
                    </Trackpoint>
                    <Trackpoint>
                        <DistanceMeters>220.9382438659668</DistanceMeters>
                        <Time>2022-05-07T13:53:50.958Z</Time>
                        <Position>
                            <LatitudeDegrees>30.519227981567383</LatitudeDegrees>
                            <LongitudeDegrees>104.05659484863281</LongitudeDegrees>
                        </Position>
                        <AltitudeMeters>435.786865234375</AltitudeMeters>
                    </Trackpoint>
                    <Trackpoint>
                        <DistanceMeters>220.9382438659668</DistanceMeters>
                        <Time>2022-05-07T13:53:52.080Z</Time>
                        <Position>
                            <LatitudeDegrees>30.51923179626465</LatitudeDegrees>
                            <LongitudeDegrees>104.05657196044922</LongitudeDegrees>
                        </Position>
                        <AltitudeMeters>435.794921875</AltitudeMeters>
                    </Trackpoint>
                    <Trackpoint>
                        <DistanceMeters>220.9382438659668</DistanceMeters>
                        <Time>2022-05-07T13:53:52.741Z</Time>
                        <Position>
                            <LatitudeDegrees>30.51923370361328</LatitudeDegrees>
                            <LongitudeDegrees>104.05655670166016</LongitudeDegrees>
                        </Position>
                        <AltitudeMeters>435.794921875</AltitudeMeters>
                    </Trackpoint>
                    <Trackpoint>
                        <DistanceMeters>220.9382438659668</DistanceMeters>
                        <Time>2022-05-07T13:53:53.661Z</Time>
                        <Position>
                            <LatitudeDegrees>30.519237518310547</LatitudeDegrees>
                            <LongitudeDegrees>104.05653381347656</LongitudeDegrees>
                        </Position>
                        <AltitudeMeters>436.0452880859375</AltitudeMeters>
                    </Trackpoint>
                    <Trackpoint>
                        <DistanceMeters>220.9382438659668</DistanceMeters>
                        <Time>2022-05-07T13:53:54.685Z</Time>
                        <Position>
                            <LatitudeDegrees>30.519245147705078</LatitudeDegrees>
                            <LongitudeDegrees>104.0565185546875</LongitudeDegrees>
                        </Position>
                        <AltitudeMeters>436.0452880859375</AltitudeMeters>
                    </Trackpoint>
                    <Trackpoint>
                        <DistanceMeters>220.9382438659668</DistanceMeters>
                        <Time>2022-05-07T13:53:55.443Z</Time>
                        <Position>
                            <LatitudeDegrees>30.51925277709961</LatitudeDegrees>
                            <LongitudeDegrees>104.05651092529297</LongitudeDegrees>
                        </Position>
                        <AltitudeMeters>436.0452880859375</AltitudeMeters>
                    </Trackpoint>
                    <Trackpoint>
                        <DistanceMeters>220.9382438659668</DistanceMeters>
                        <Time>2022-05-07T13:53:56.065Z</Time>
                        <Position>
                            <LatitudeDegrees>30.51926612854004</LatitudeDegrees>
                            <LongitudeDegrees>104.05650329589844</LongitudeDegrees>
                        </Position>
                        <AltitudeMeters>435.719482421875</AltitudeMeters>
                    </Trackpoint>
                    <Trackpoint>
                        <DistanceMeters>220.9382438659668</DistanceMeters>
                        <Time>2022-05-07T13:53:56.984Z</Time>
                        <Position>
                            <LatitudeDegrees>30.519283294677734</LatitudeDegrees>
                            <LongitudeDegrees>104.0564956665039</LongitudeDegrees>
                        </Position>
                        <AltitudeMeters>435.719482421875</AltitudeMeters>
                    </Trackpoint>
                    <Trackpoint>
                        <DistanceMeters>220.9382438659668</DistanceMeters>
                        <Time>2022-05-07T13:53:57.660Z</Time>
                        <Position>
                            <LatitudeDegrees>30.519296646118164</LatitudeDegrees>
                            <LongitudeDegrees>104.0564956665039</LongitudeDegrees>
                        </Position>
                        <AltitudeMeters>435.761962890625</AltitudeMeters>
                    </Trackpoint>
                    <Trackpoint>
                        <DistanceMeters>220.9382438659668</DistanceMeters>
                        <Time>2022-05-07T13:53:58.681Z</Time>
                        <Position>
                            <LatitudeDegrees>30.519315719604492</LatitudeDegrees>
                            <LongitudeDegrees>104.05648803710938</LongitudeDegrees>
                        </Position>
                        <AltitudeMeters>435.761962890625</AltitudeMeters>
                    </Trackpoint>
                    <Trackpoint>
                        <DistanceMeters>220.9382438659668</DistanceMeters>
                        <Time>2022-05-07T13:53:59.398Z</Time>
                        <Position>
                            <LatitudeDegrees>30.51932716369629</LatitudeDegrees>
                            <LongitudeDegrees>104.05648803710938</LongitudeDegrees>
                        </Position>
                        <AltitudeMeters>435.761962890625</AltitudeMeters>
                    </Trackpoint>
                    <Trackpoint>
                        <DistanceMeters>280.97061920166016</DistanceMeters>
                        <Time>2022-05-07T13:54:00.078Z</Time>
                        <Position>
                            <LatitudeDegrees>30.51934051513672</LatitudeDegrees>
                            <LongitudeDegrees>104.05648803710938</LongitudeDegrees>
                        </Position>
                        <AltitudeMeters>435.0819091796875</AltitudeMeters>
                    </Trackpoint>
                    <Trackpoint>
                        <DistanceMeters>280.97061920166016</DistanceMeters>
                        <Time>2022-05-07T13:54:00.661Z</Time>
                        <Position>
                            <LatitudeDegrees>30.519350051879883</LatitudeDegrees>
                            <LongitudeDegrees>104.05648803710938</LongitudeDegrees>
                        </Position>
                        <AltitudeMeters>435.0819091796875</AltitudeMeters>
                    </Trackpoint>
                    <Trackpoint>
                        <DistanceMeters>280.97061920166016</DistanceMeters>
                        <Time>2022-05-07T13:54:01.660Z</Time>
                        <Position>
                            <LatitudeDegrees>30.519365310668945</LatitudeDegrees>
                            <LongitudeDegrees>104.05648803710938</LongitudeDegrees>
                        </Position>
                        <AltitudeMeters>434.8035888671875</AltitudeMeters>
                    </Trackpoint>
                    <Trackpoint>
                        <DistanceMeters>280.97061920166016</DistanceMeters>
                        <Time>2022-05-07T13:54:02.726Z</Time>
                        <Position>
                            <LatitudeDegrees>30.519386291503906</LatitudeDegrees>
                            <LongitudeDegrees>104.05648803710938</LongitudeDegrees>
                        </Position>
                        <AltitudeMeters>434.8035888671875</AltitudeMeters>
                    </Trackpoint>
                    <Trackpoint>
                        <DistanceMeters>280.97061920166016</DistanceMeters>
                        <Time>2022-05-07T13:54:03.402Z</Time>
                        <Position>
                            <LatitudeDegrees>30.519397735595703</LatitudeDegrees>
                            <LongitudeDegrees>104.05648803710938</LongitudeDegrees>
                        </Position>
                        <AltitudeMeters>434.8035888671875</AltitudeMeters>
                    </Trackpoint>
                    <Trackpoint>
                        <DistanceMeters>280.97061920166016</DistanceMeters>
                        <Time>2022-05-07T13:54:04.282Z</Time>
                        <Position>
                            <LatitudeDegrees>30.519412994384766</LatitudeDegrees>
                            <LongitudeDegrees>104.05648803710938</LongitudeDegrees>
                        </Position>
                        <AltitudeMeters>434.39697265625</AltitudeMeters>
                    </Trackpoint>
                    <Trackpoint>
                        <DistanceMeters>280.97061920166016</DistanceMeters>
                        <Time>2022-05-07T13:54:05.383Z</Time>
                        <Position>
                            <LatitudeDegrees>30.519432067871094</LatitudeDegrees>
                            <LongitudeDegrees>104.05648040771484</LongitudeDegrees>
                        </Position>
                        <AltitudeMeters>434.39697265625</AltitudeMeters>
                    </Trackpoint>
                    <Trackpoint>
                        <DistanceMeters>280.97061920166016</DistanceMeters>
                        <Time>2022-05-07T13:54:06.045Z</Time>
                        <Position>
                            <LatitudeDegrees>30.51944351196289</LatitudeDegrees>
                            <LongitudeDegrees>104.05648040771484</LongitudeDegrees>
                        </Position>
                        <AltitudeMeters>434.1092529296875</AltitudeMeters>
                    </Trackpoint>
                    <Trackpoint>
                        <DistanceMeters>280.97061920166016</DistanceMeters>
                        <Time>2022-05-07T13:54:06.945Z</Time>
                        <Position>
                            <LatitudeDegrees>30.519458770751953</LatitudeDegrees>
                            <LongitudeDegrees>104.05647277832031</LongitudeDegrees>
                        </Position>
                        <AltitudeMeters>434.1092529296875</AltitudeMeters>
                    </Trackpoint>
                    <Trackpoint>
                        <DistanceMeters>280.97061920166016</DistanceMeters>
                        <Time>2022-05-07T13:54:07.644Z</Time>
                        <Position>
                            <LatitudeDegrees>30.519474029541016</LatitudeDegrees>
                            <LongitudeDegrees>104.05646514892578</LongitudeDegrees>
                        </Position>
                        <AltitudeMeters>434.1092529296875</AltitudeMeters>
                    </Trackpoint>
                    <Trackpoint>
                        <DistanceMeters>280.97061920166016</DistanceMeters>
                        <Time>2022-05-07T13:54:08.659Z</Time>
                        <Position>
                            <LatitudeDegrees>30.519493103027344</LatitudeDegrees>
                            <LongitudeDegrees>104.05645751953125</LongitudeDegrees>
                        </Position>
                        <AltitudeMeters>433.768798828125</AltitudeMeters>
                    </Trackpoint>
                    <Trackpoint>
                        <DistanceMeters>280.97061920166016</DistanceMeters>
                        <Time>2022-05-07T13:54:09.343Z</Time>
                        <Position>
                            <LatitudeDegrees>30.519508361816406</LatitudeDegrees>
                            <LongitudeDegrees>104.05645751953125</LongitudeDegrees>
                        </Position>
                        <AltitudeMeters>433.768798828125</AltitudeMeters>
                    </Trackpoint>
                    <Trackpoint>
                        <DistanceMeters>280.97061920166016</DistanceMeters>
                        <Time>2022-05-07T13:54:10.007Z</Time>
                        <Position>
                            <LatitudeDegrees>30.51952362060547</LatitudeDegrees>
                            <LongitudeDegrees>104.05645751953125</LongitudeDegrees>
                        </Position>
                        <AltitudeMeters>434.2122802734375</AltitudeMeters>
                    </Trackpoint>
                    <Trackpoint>
                        <DistanceMeters>280.97061920166016</DistanceMeters>
                        <Time>2022-05-07T13:54:10.863Z</Time>
                        <Position>
                            <LatitudeDegrees>30.51953887939453</LatitudeDegrees>
                            <LongitudeDegrees>104.05644989013672</LongitudeDegrees>
                        </Position>
                        <AltitudeMeters>434.2122802734375</AltitudeMeters>
                    </Trackpoint>
                    <Trackpoint>
                        <DistanceMeters>280.97061920166016</DistanceMeters>
                        <Time>2022-05-07T13:54:11.323Z</Time>
                        <Position>
                            <LatitudeDegrees>30.519546508789062</LatitudeDegrees>
                            <LongitudeDegrees>104.05644226074219</LongitudeDegrees>
                        </Position>
                        <AltitudeMeters>434.2122802734375</AltitudeMeters>
                    </Trackpoint>
                    <Trackpoint>
                        <DistanceMeters>280.97061920166016</DistanceMeters>
                        <Time>2022-05-07T13:54:12.204Z</Time>
                        <Position>
                            <LatitudeDegrees>30.51956558227539</LatitudeDegrees>
                            <LongitudeDegrees>104.05643463134766</LongitudeDegrees>
                        </Position>
                        <AltitudeMeters>434.30877685546875</AltitudeMeters>
                    </Trackpoint>
                    <Trackpoint>
                        <DistanceMeters>280.97061920166016</DistanceMeters>
                        <Time>2022-05-07T13:54:12.961Z</Time>
                        <Position>
                            <LatitudeDegrees>30.51957893371582</LatitudeDegrees>
                            <LongitudeDegrees>104.05642700195312</LongitudeDegrees>
                        </Position>
                        <AltitudeMeters>434.30877685546875</AltitudeMeters>
                    </Trackpoint>
                    <Trackpoint>
                        <DistanceMeters>280.97061920166016</DistanceMeters>
                        <Time>2022-05-07T13:54:13.947Z</Time>
                        <Position>
                            <LatitudeDegrees>30.519596099853516</LatitudeDegrees>
                            <LongitudeDegrees>104.0564193725586</LongitudeDegrees>
                        </Position>
                        <AltitudeMeters>434.52093505859375</AltitudeMeters>
                    </Trackpoint>
                    <Trackpoint>
                        <DistanceMeters>280.97061920166016</DistanceMeters>
                        <Time>2022-05-07T13:54:14.607Z</Time>
                        <Position>
                            <LatitudeDegrees>30.519607543945312</LatitudeDegrees>
                            <LongitudeDegrees>104.0564193725586</LongitudeDegrees>
                        </Position>
                        <AltitudeMeters>434.52093505859375</AltitudeMeters>
                    </Trackpoint>
                    <Trackpoint>
                        <DistanceMeters>280.97061920166016</DistanceMeters>
                        <Time>2022-05-07T13:54:15.289Z</Time>
                        <Position>
                            <LatitudeDegrees>30.51961898803711</LatitudeDegrees>
                            <LongitudeDegrees>104.0564193725586</LongitudeDegrees>
                        </Position>
                        <AltitudeMeters>434.52093505859375</AltitudeMeters>
                    </Trackpoint>
                    <Trackpoint>
                        <DistanceMeters>280.97061920166016</DistanceMeters>
                        <Time>2022-05-07T13:54:16.281Z</Time>
                        <Position>
                            <LatitudeDegrees>30.519636154174805</LatitudeDegrees>
                            <LongitudeDegrees>104.0564193725586</LongitudeDegrees>
                        </Position>
                        <AltitudeMeters>434.8802490234375</AltitudeMeters>
                    </Trackpoint>
                    <Trackpoint>
                        <DistanceMeters>280.97061920166016</DistanceMeters>
                        <Time>2022-05-07T13:54:16.904Z</Time>
                        <Position>
                            <LatitudeDegrees>30.51964569091797</LatitudeDegrees>
                            <LongitudeDegrees>104.05641174316406</LongitudeDegrees>
                        </Position>
                        <AltitudeMeters>434.8802490234375</AltitudeMeters>
                    </Trackpoint>
                    <Trackpoint>
                        <DistanceMeters>280.97061920166016</DistanceMeters>
                        <Time>2022-05-07T13:54:17.923Z</Time>
                        <Position>
                            <LatitudeDegrees>30.51966667175293</LatitudeDegrees>
                            <LongitudeDegrees>104.05641174316406</LongitudeDegrees>
                        </Position>
                        <AltitudeMeters>435.5040283203125</AltitudeMeters>
                    </Trackpoint>
                    <Trackpoint>
                        <DistanceMeters>280.97061920166016</DistanceMeters>
                        <Time>2022-05-07T13:54:18.505Z</Time>
                        <Position>
                            <LatitudeDegrees>30.519678115844727</LatitudeDegrees>
                            <LongitudeDegrees>104.05640411376953</LongitudeDegrees>
                        </Position>
                        <AltitudeMeters>435.5040283203125</AltitudeMeters>
                    </Trackpoint>
                    <Trackpoint>
                        <DistanceMeters>280.97061920166016</DistanceMeters>
                        <Time>2022-05-07T13:54:19.223Z</Time>
                        <Position>
                            <LatitudeDegrees>30.519691467285156</LatitudeDegrees>
                            <LongitudeDegrees>104.05640411376953</LongitudeDegrees>
                        </Position>
                        <AltitudeMeters>435.5040283203125</AltitudeMeters>
                    </Trackpoint>
                    <Trackpoint>
                        <DistanceMeters>280.97061920166016</DistanceMeters>
                        <Time>2022-05-07T13:54:19.660Z</Time>
                        <Position>
                            <LatitudeDegrees>30.51970100402832</LatitudeDegrees>
                            <LongitudeDegrees>104.056396484375</LongitudeDegrees>
                        </Position>
                        <AltitudeMeters>436.29559326171875</AltitudeMeters>
                    </Trackpoint>
                    <Trackpoint>
                        <DistanceMeters>280.97061920166016</DistanceMeters>
                        <Time>2022-05-07T13:54:20.565Z</Time>
                        <Position>
                            <LatitudeDegrees>30.519718170166016</LatitudeDegrees>
                            <LongitudeDegrees>104.05638885498047</LongitudeDegrees>
                        </Position>
                        <AltitudeMeters>436.29559326171875</AltitudeMeters>
                    </Trackpoint>
                    <Trackpoint>
                        <DistanceMeters>280.97061920166016</DistanceMeters>
                        <Time>2022-05-07T13:54:21.205Z</Time>
                        <Position>
                            <LatitudeDegrees>30.519729614257812</LatitudeDegrees>
                            <LongitudeDegrees>104.05638885498047</LongitudeDegrees>
                        </Position>
                        <AltitudeMeters>436.29559326171875</AltitudeMeters>
                    </Trackpoint>
                    <Trackpoint>
                        <DistanceMeters>280.97061920166016</DistanceMeters>
                        <Time>2022-05-07T13:54:21.885Z</Time>
                        <Position>
                            <LatitudeDegrees>30.519742965698242</LatitudeDegrees>
                            <LongitudeDegrees>104.05638885498047</LongitudeDegrees>
                        </Position>
                        <AltitudeMeters>436.308349609375</AltitudeMeters>
                    </Trackpoint>
                    <Trackpoint>
                        <DistanceMeters>280.97061920166016</DistanceMeters>
                        <Time>2022-05-07T13:54:22.567Z</Time>
                        <Position>
                            <LatitudeDegrees>30.519756317138672</LatitudeDegrees>
                            <LongitudeDegrees>104.05638122558594</LongitudeDegrees>
                        </Position>
                        <AltitudeMeters>436.308349609375</AltitudeMeters>
                    </Trackpoint>
                    <Trackpoint>
                        <DistanceMeters>280.97061920166016</DistanceMeters>
                        <Time>2022-05-07T13:54:23.273Z</Time>
                        <Position>
                            <LatitudeDegrees>30.51976776123047</LatitudeDegrees>
                            <LongitudeDegrees>104.0563735961914</LongitudeDegrees>
                        </Position>
                        <AltitudeMeters>436.308349609375</AltitudeMeters>
                    </Trackpoint>
                    <Trackpoint>
                        <DistanceMeters>280.97061920166016</DistanceMeters>
                        <Time>2022-05-07T13:54:24.827Z</Time>
                        <Position>
                            <LatitudeDegrees>30.51979637145996</LatitudeDegrees>
                            <LongitudeDegrees>104.05636596679688</LongitudeDegrees>
                        </Position>
                        <AltitudeMeters>436.0908203125</AltitudeMeters>
                    </Trackpoint>
                    <Trackpoint>
                        <DistanceMeters>280.97061920166016</DistanceMeters>
                        <Time>2022-05-07T13:54:25.506Z</Time>
                        <Position>
                            <LatitudeDegrees>30.519805908203125</LatitudeDegrees>
                            <LongitudeDegrees>104.05636596679688</LongitudeDegrees>
                        </Position>
                        <AltitudeMeters>436.0908203125</AltitudeMeters>
                    </Trackpoint>
                    <Trackpoint>
                        <DistanceMeters>280.97061920166016</DistanceMeters>
                        <Time>2022-05-07T13:54:26.521Z</Time>
                        <Position>
                            <LatitudeDegrees>30.519817352294922</LatitudeDegrees>
                            <LongitudeDegrees>104.05635833740234</LongitudeDegrees>
                        </Position>
                        <AltitudeMeters>436.1317138671875</AltitudeMeters>
                    </Trackpoint>
                    <Trackpoint>
                        <DistanceMeters>280.97061920166016</DistanceMeters>
                        <Time>2022-05-07T13:54:27.660Z</Time>
                        <Position>
                            <LatitudeDegrees>30.51982879638672</LatitudeDegrees>
                            <LongitudeDegrees>104.05635833740234</LongitudeDegrees>
                        </Position>
                        <AltitudeMeters>436.15087890625</AltitudeMeters>
                    </Trackpoint>
                    <Trackpoint>
                        <DistanceMeters>280.97061920166016</DistanceMeters>
                        <Time>2022-05-07T13:54:28.823Z</Time>
                        <Position>
                            <LatitudeDegrees>30.519840240478516</LatitudeDegrees>
                            <LongitudeDegrees>104.05635070800781</LongitudeDegrees>
                        </Position>
                        <AltitudeMeters>436.15087890625</AltitudeMeters>
                    </Trackpoint>
                    <Trackpoint>
                        <DistanceMeters>348.0023422241211</DistanceMeters>
                        <Time>2022-05-07T13:54:30.563Z</Time>
                        <Position>
                            <LatitudeDegrees>30.519859313964844</LatitudeDegrees>
                            <LongitudeDegrees>104.05634307861328</LongitudeDegrees>
                        </Position>
                        <AltitudeMeters>435.0821533203125</AltitudeMeters>
                    </Trackpoint>
                    <Trackpoint>
                        <DistanceMeters>348.0023422241211</DistanceMeters>
                        <Time>2022-05-07T13:54:31.660Z</Time>
                        <Position>
                            <LatitudeDegrees>30.519872665405273</LatitudeDegrees>
                            <LongitudeDegrees>104.05634307861328</LongitudeDegrees>
                        </Position>
                        <AltitudeMeters>435.132568359375</AltitudeMeters>
                    </Trackpoint>
                    <Trackpoint>
                        <DistanceMeters>348.0023422241211</DistanceMeters>
                        <Time>2022-05-07T13:54:32.222Z</Time>
                        <Position>
                            <LatitudeDegrees>30.51988410949707</LatitudeDegrees>
                            <LongitudeDegrees>104.05634307861328</LongitudeDegrees>
                        </Position>
                        <AltitudeMeters>435.132568359375</AltitudeMeters>
                    </Trackpoint>
                    <Trackpoint>
                        <DistanceMeters>348.0023422241211</DistanceMeters>
                        <Time>2022-05-07T13:54:33.177Z</Time>
                        <Position>
                            <LatitudeDegrees>30.519895553588867</LatitudeDegrees>
                            <LongitudeDegrees>104.05633544921875</LongitudeDegrees>
                        </Position>
                        <AltitudeMeters>435.132568359375</AltitudeMeters>
                    </Trackpoint>
                    <Trackpoint>
                        <DistanceMeters>348.0023422241211</DistanceMeters>
                        <Time>2022-05-07T13:54:34.106Z</Time>
                        <Position>
                            <LatitudeDegrees>30.519908905029297</LatitudeDegrees>
                            <LongitudeDegrees>104.05633544921875</LongitudeDegrees>
                        </Position>
                        <AltitudeMeters>435.7880859375</AltitudeMeters>
                    </Trackpoint>
                    <Trackpoint>
                        <DistanceMeters>348.0023422241211</DistanceMeters>
                        <Time>2022-05-07T13:54:34.843Z</Time>
                        <Position>
                            <LatitudeDegrees>30.519920349121094</LatitudeDegrees>
                            <LongitudeDegrees>104.05632781982422</LongitudeDegrees>
                        </Position>
                        <AltitudeMeters>435.7880859375</AltitudeMeters>
                    </Trackpoint>
                    <Trackpoint>
                        <DistanceMeters>348.0023422241211</DistanceMeters>
                        <Time>2022-05-07T13:54:35.659Z</Time>
                        <Position>
                            <LatitudeDegrees>30.51993179321289</LatitudeDegrees>
                            <LongitudeDegrees>104.05632781982422</LongitudeDegrees>
                        </Position>
                        <AltitudeMeters>438.931396484375</AltitudeMeters>
                    </Trackpoint>
                    <Trackpoint>
                        <DistanceMeters>348.0023422241211</DistanceMeters>
                        <Time>2022-05-07T13:54:36.280Z</Time>
                        <Position>
                            <LatitudeDegrees>30.519943237304688</LatitudeDegrees>
                            <LongitudeDegrees>104.05632019042969</LongitudeDegrees>
                        </Position>
                        <AltitudeMeters>438.931396484375</AltitudeMeters>
                    </Trackpoint>
                    <Trackpoint>
                        <DistanceMeters>348.0023422241211</DistanceMeters>
                        <Time>2022-05-07T13:54:37.104Z</Time>
                        <Position>
                            <LatitudeDegrees>30.519960403442383</LatitudeDegrees>
                            <LongitudeDegrees>104.05632019042969</LongitudeDegrees>
                        </Position>
                        <AltitudeMeters>438.931396484375</AltitudeMeters>
                    </Trackpoint>
                    <Trackpoint>
                        <DistanceMeters>348.0023422241211</DistanceMeters>
                        <Time>2022-05-07T13:54:37.660Z</Time>
                        <Position>
                            <LatitudeDegrees>30.519975662231445</LatitudeDegrees>
                            <LongitudeDegrees>104.05631256103516</LongitudeDegrees>
                        </Position>
                        <AltitudeMeters>438.8878173828125</AltitudeMeters>
                    </Trackpoint>
                    <Trackpoint>
                        <DistanceMeters>348.0023422241211</DistanceMeters>
                        <Time>2022-05-07T13:54:38.160Z</Time>
                        <Position>
                            <LatitudeDegrees>30.519987106323242</LatitudeDegrees>
                            <LongitudeDegrees>104.05631256103516</LongitudeDegrees>
                        </Position>
                        <AltitudeMeters>438.8878173828125</AltitudeMeters>
                    </Trackpoint>
                    <Trackpoint>
                        <DistanceMeters>348.0023422241211</DistanceMeters>
                        <Time>2022-05-07T13:54:39.079Z</Time>
                        <Position>
                            <LatitudeDegrees>30.52000617980957</LatitudeDegrees>
                            <LongitudeDegrees>104.05630493164062</LongitudeDegrees>
                        </Position>
                        <AltitudeMeters>438.8878173828125</AltitudeMeters>
                    </Trackpoint>
                    <Trackpoint>
                        <DistanceMeters>348.0023422241211</DistanceMeters>
                        <Time>2022-05-07T13:54:39.660Z</Time>
                        <Position>
                            <LatitudeDegrees>30.520015716552734</LatitudeDegrees>
                            <LongitudeDegrees>104.0562973022461</LongitudeDegrees>
                        </Position>
                        <AltitudeMeters>438.8349609375</AltitudeMeters>
                    </Trackpoint>
                    <Trackpoint>
                        <DistanceMeters>348.0023422241211</DistanceMeters>
                        <Time>2022-05-07T13:54:40.543Z</Time>
                        <Position>
                            <LatitudeDegrees>30.520030975341797</LatitudeDegrees>
                            <LongitudeDegrees>104.0562973022461</LongitudeDegrees>
                        </Position>
                        <AltitudeMeters>438.8349609375</AltitudeMeters>
                    </Trackpoint>
                    <Trackpoint>
                        <DistanceMeters>348.0023422241211</DistanceMeters>
                        <Time>2022-05-07T13:54:41.211Z</Time>
                        <Position>
                            <LatitudeDegrees>30.520042419433594</LatitudeDegrees>
                            <LongitudeDegrees>104.05628967285156</LongitudeDegrees>
                        </Position>
                        <AltitudeMeters>438.8349609375</AltitudeMeters>
                    </Trackpoint>
                    <Trackpoint>
                        <DistanceMeters>348.0023422241211</DistanceMeters>
                        <Time>2022-05-07T13:54:42.507Z</Time>
                        <Position>
                            <LatitudeDegrees>30.520063400268555</LatitudeDegrees>
                            <LongitudeDegrees>104.05628204345703</LongitudeDegrees>
                        </Position>
                        <AltitudeMeters>439.0118408203125</AltitudeMeters>
                    </Trackpoint>
                    <Trackpoint>
                        <DistanceMeters>348.0023422241211</DistanceMeters>
                        <Time>2022-05-07T13:54:43.159Z</Time>
                        <Position>
                            <LatitudeDegrees>30.52007293701172</LatitudeDegrees>
                            <LongitudeDegrees>104.0562744140625</LongitudeDegrees>
                        </Position>
                        <AltitudeMeters>439.0118408203125</AltitudeMeters>
                    </Trackpoint>
                    <Trackpoint>
                        <DistanceMeters>348.0023422241211</DistanceMeters>
                        <Time>2022-05-07T13:54:43.838Z</Time>
                        <Position>
                            <LatitudeDegrees>30.52008819580078</LatitudeDegrees>
                            <LongitudeDegrees>104.0562744140625</LongitudeDegrees>
                        </Position>
                        <AltitudeMeters>438.11328125</AltitudeMeters>
                    </Trackpoint>
                    <Trackpoint>
                        <DistanceMeters>348.0023422241211</DistanceMeters>
                        <Time>2022-05-07T13:54:44.501Z</Time>
                        <Position>
                            <LatitudeDegrees>30.520103454589844</LatitudeDegrees>
                            <LongitudeDegrees>104.05626678466797</LongitudeDegrees>
                        </Position>
                        <AltitudeMeters>438.11328125</AltitudeMeters>
                    </Trackpoint>
                    <Trackpoint>
                        <DistanceMeters>348.0023422241211</DistanceMeters>
                        <Time>2022-05-07T13:54:45.161Z</Time>
                        <Position>
                            <LatitudeDegrees>30.520118713378906</LatitudeDegrees>
                            <LongitudeDegrees>104.05625915527344</LongitudeDegrees>
                        </Position>
                        <AltitudeMeters>438.11328125</AltitudeMeters>
                    </Trackpoint>
                    <Trackpoint>
                        <DistanceMeters>348.0023422241211</DistanceMeters>
                        <Time>2022-05-07T13:54:46.505Z</Time>
                        <Position>
                            <LatitudeDegrees>30.5201473236084</LatitudeDegrees>
                            <LongitudeDegrees>104.05625915527344</LongitudeDegrees>
                        </Position>
                        <AltitudeMeters>437.93115234375</AltitudeMeters>
                    </Trackpoint>
                    <Trackpoint>
                        <DistanceMeters>348.0023422241211</DistanceMeters>
                        <Time>2022-05-07T13:54:47.660Z</Time>
                        <Position>
                            <LatitudeDegrees>30.52016830444336</LatitudeDegrees>
                            <LongitudeDegrees>104.0562515258789</LongitudeDegrees>
                        </Position>
                        <AltitudeMeters>438.259521484375</AltitudeMeters>
                    </Trackpoint>
                    <Trackpoint>
                        <DistanceMeters>348.0023422241211</DistanceMeters>
                        <Time>2022-05-07T13:54:48.427Z</Time>
                        <Position>
                            <LatitudeDegrees>30.520187377929688</LatitudeDegrees>
                            <LongitudeDegrees>104.05624389648438</LongitudeDegrees>
                        </Position>
                        <AltitudeMeters>438.259521484375</AltitudeMeters>
                    </Trackpoint>
                    <Trackpoint>
                        <DistanceMeters>348.0023422241211</DistanceMeters>
                        <Time>2022-05-07T13:54:49.365Z</Time>
                        <Position>
                            <LatitudeDegrees>30.52020263671875</LatitudeDegrees>
                            <LongitudeDegrees>104.05622863769531</LongitudeDegrees>
                        </Position>
                        <AltitudeMeters>438.259521484375</AltitudeMeters>
                    </Trackpoint>
                    <Trackpoint>
                        <DistanceMeters>348.0023422241211</DistanceMeters>
                        <Time>2022-05-07T13:54:50.064Z</Time>
                        <Position>
                            <LatitudeDegrees>30.52021598815918</LatitudeDegrees>
                            <LongitudeDegrees>104.05622100830078</LongitudeDegrees>
                        </Position>
                        <AltitudeMeters>435.9942626953125</AltitudeMeters>
                    </Trackpoint>
                    <Trackpoint>
                        <DistanceMeters>348.0023422241211</DistanceMeters>
                        <Time>2022-05-07T13:54:51.061Z</Time>
                        <Position>
                            <LatitudeDegrees>30.520231246948242</LatitudeDegrees>
                            <LongitudeDegrees>104.05620574951172</LongitudeDegrees>
                        </Position>
                        <AltitudeMeters>435.9942626953125</AltitudeMeters>
                    </Trackpoint>
                    <Trackpoint>
                        <DistanceMeters>348.0023422241211</DistanceMeters>
                        <Time>2022-05-07T13:54:51.760Z</Time>
                        <Position>
                            <LatitudeDegrees>30.520240783691406</LatitudeDegrees>
                            <LongitudeDegrees>104.05619812011719</LongitudeDegrees>
                        </Position>
                        <AltitudeMeters>435.024658203125</AltitudeMeters>
                    </Trackpoint>
                    <Trackpoint>
                        <DistanceMeters>348.0023422241211</DistanceMeters>
                        <Time>2022-05-07T13:54:52.419Z</Time>
                        <Position>
                            <LatitudeDegrees>30.520252227783203</LatitudeDegrees>
                            <LongitudeDegrees>104.05618286132812</LongitudeDegrees>
                        </Position>
                        <AltitudeMeters>435.024658203125</AltitudeMeters>
                    </Trackpoint>
                    <Trackpoint>
                        <DistanceMeters>348.0023422241211</DistanceMeters>
                        <Time>2022-05-07T13:54:53.101Z</Time>
                        <Position>
                            <LatitudeDegrees>30.520263671875</LatitudeDegrees>
                            <LongitudeDegrees>104.0561752319336</LongitudeDegrees>
                        </Position>
                        <AltitudeMeters>435.024658203125</AltitudeMeters>
                    </Trackpoint>
                    <Trackpoint>
                        <DistanceMeters>348.0023422241211</DistanceMeters>
                        <Time>2022-05-07T13:54:53.659Z</Time>
                        <Position>
                            <LatitudeDegrees>30.520275115966797</LatitudeDegrees>
                            <LongitudeDegrees>104.05616760253906</LongitudeDegrees>
                        </Position>
                        <AltitudeMeters>434.26251220703125</AltitudeMeters>
                    </Trackpoint>
                    <Trackpoint>
                        <DistanceMeters>348.0023422241211</DistanceMeters>
                        <Time>2022-05-07T13:54:54.749Z</Time>
                        <Position>
                            <LatitudeDegrees>30.520294189453125</LatitudeDegrees>
                            <LongitudeDegrees>104.05615997314453</LongitudeDegrees>
                        </Position>
                        <AltitudeMeters>434.26251220703125</AltitudeMeters>
                    </Trackpoint>
                    <Trackpoint>
                        <DistanceMeters>348.0023422241211</DistanceMeters>
                        <Time>2022-05-07T13:54:55.398Z</Time>
                        <Position>
                            <LatitudeDegrees>30.520307540893555</LatitudeDegrees>
                            <LongitudeDegrees>104.05615234375</LongitudeDegrees>
                        </Position>
                        <AltitudeMeters>434.26251220703125</AltitudeMeters>
                    </Trackpoint>
                    <Trackpoint>
                        <DistanceMeters>348.0023422241211</DistanceMeters>
                        <Time>2022-05-07T13:54:56.061Z</Time>
                        <Position>
                            <LatitudeDegrees>30.520320892333984</LatitudeDegrees>
                            <LongitudeDegrees>104.05614471435547</LongitudeDegrees>
                        </Position>
                        <AltitudeMeters>433.276611328125</AltitudeMeters>
                    </Trackpoint>
                    <Trackpoint>
                        <DistanceMeters>348.0023422241211</DistanceMeters>
                        <Time>2022-05-07T13:54:57.045Z</Time>
                        <Position>
                            <LatitudeDegrees>30.520341873168945</LatitudeDegrees>
                            <LongitudeDegrees>104.05614471435547</LongitudeDegrees>
                        </Position>
                        <AltitudeMeters>433.276611328125</AltitudeMeters>
                    </Trackpoint>
                    <Trackpoint>
                        <DistanceMeters>348.0023422241211</DistanceMeters>
                        <Time>2022-05-07T13:54:57.660Z</Time>
                        <Position>
                            <LatitudeDegrees>30.520353317260742</LatitudeDegrees>
                            <LongitudeDegrees>104.05613708496094</LongitudeDegrees>
                        </Position>
                        <AltitudeMeters>433.656494140625</AltitudeMeters>
                    </Trackpoint>
                    <Trackpoint>
                        <DistanceMeters>348.0023422241211</DistanceMeters>
                        <Time>2022-05-07T13:54:58.368Z</Time>
                        <Position>
                            <LatitudeDegrees>30.520368576049805</LatitudeDegrees>
                            <LongitudeDegrees>104.05613708496094</LongitudeDegrees>
                        </Position>
                        <AltitudeMeters>433.656494140625</AltitudeMeters>
                    </Trackpoint>
                    <Trackpoint>
                        <DistanceMeters>348.0023422241211</DistanceMeters>
                        <Time>2022-05-07T13:54:59.681Z</Time>
                        <Position>
                            <LatitudeDegrees>30.52039337158203</LatitudeDegrees>
                            <LongitudeDegrees>104.0561294555664</LongitudeDegrees>
                        </Position>
                        <AltitudeMeters>433.656494140625</AltitudeMeters>
                    </Trackpoint>
                    <Trackpoint>
                        <DistanceMeters>408.17113876342773</DistanceMeters>
                        <Time>2022-05-07T13:55:00.362Z</Time>
                        <Position>
                            <LatitudeDegrees>30.52040672302246</LatitudeDegrees>
                            <LongitudeDegrees>104.0561294555664</LongitudeDegrees>
                        </Position>
                        <AltitudeMeters>434.05853271484375</AltitudeMeters>
                    </Trackpoint>
                    <Trackpoint>
                        <DistanceMeters>408.17113876342773</DistanceMeters>
                        <Time>2022-05-07T13:55:01.273Z</Time>
                        <Position>
                            <LatitudeDegrees>30.520423889160156</LatitudeDegrees>
                            <LongitudeDegrees>104.05612182617188</LongitudeDegrees>
                        </Position>
                        <AltitudeMeters>434.05853271484375</AltitudeMeters>
                    </Trackpoint>
                    <Trackpoint>
                        <DistanceMeters>408.17113876342773</DistanceMeters>
                        <Time>2022-05-07T13:55:02.302Z</Time>
                        <Position>
                            <LatitudeDegrees>30.520444869995117</LatitudeDegrees>
                            <LongitudeDegrees>104.05612182617188</LongitudeDegrees>
                        </Position>
                        <AltitudeMeters>434.7918701171875</AltitudeMeters>
                    </Trackpoint>
                    <Trackpoint>
                        <DistanceMeters>408.17113876342773</DistanceMeters>
                        <Time>2022-05-07T13:55:03.300Z</Time>
                        <Position>
                            <LatitudeDegrees>30.520465850830078</LatitudeDegrees>
                            <LongitudeDegrees>104.05612182617188</LongitudeDegrees>
                        </Position>
                        <AltitudeMeters>434.7918701171875</AltitudeMeters>
                    </Trackpoint>
                    <Trackpoint>
                        <DistanceMeters>408.17113876342773</DistanceMeters>
                        <Time>2022-05-07T13:55:04.362Z</Time>
                        <Position>
                            <LatitudeDegrees>30.52048683166504</LatitudeDegrees>
                            <LongitudeDegrees>104.05611419677734</LongitudeDegrees>
                        </Position>
                        <AltitudeMeters>435.31793212890625</AltitudeMeters>
                    </Trackpoint>
                    <Trackpoint>
                        <DistanceMeters>408.17113876342773</DistanceMeters>
                        <Time>2022-05-07T13:55:05.022Z</Time>
                        <Position>
                            <LatitudeDegrees>30.520498275756836</LatitudeDegrees>
                            <LongitudeDegrees>104.05610656738281</LongitudeDegrees>
                        </Position>
                        <AltitudeMeters>435.31793212890625</AltitudeMeters>
                    </Trackpoint>
                    <Trackpoint>
                        <DistanceMeters>408.17113876342773</DistanceMeters>
                        <Time>2022-05-07T13:55:05.659Z</Time>
                        <Position>
                            <LatitudeDegrees>30.5205078125</LatitudeDegrees>
                            <LongitudeDegrees>104.05610656738281</LongitudeDegrees>
                        </Position>
                        <AltitudeMeters>435.56134033203125</AltitudeMeters>
                    </Trackpoint>
                    <Trackpoint>
                        <DistanceMeters>408.17113876342773</DistanceMeters>
                        <Time>2022-05-07T13:55:06.587Z</Time>
                        <Position>
                            <LatitudeDegrees>30.520524978637695</LatitudeDegrees>
                            <LongitudeDegrees>104.05609893798828</LongitudeDegrees>
                        </Position>
                        <AltitudeMeters>435.56134033203125</AltitudeMeters>
                    </Trackpoint>
                    <Trackpoint>
                        <DistanceMeters>408.17113876342773</DistanceMeters>
                        <Time>2022-05-07T13:55:07.026Z</Time>
                        <Position>
                            <LatitudeDegrees>30.52053451538086</LatitudeDegrees>
                            <LongitudeDegrees>104.05609130859375</LongitudeDegrees>
                        </Position>
                        <AltitudeMeters>435.56134033203125</AltitudeMeters>
                    </Trackpoint>
                    <Trackpoint>
                        <DistanceMeters>408.17113876342773</DistanceMeters>
                        <Time>2022-05-07T13:55:07.667Z</Time>
                        <Position>
                            <LatitudeDegrees>30.520545959472656</LatitudeDegrees>
                            <LongitudeDegrees>104.05608367919922</LongitudeDegrees>
                        </Position>
                        <AltitudeMeters>435.56134033203125</AltitudeMeters>
                    </Trackpoint>
                    <Trackpoint>
                        <DistanceMeters>408.17113876342773</DistanceMeters>
                        <Time>2022-05-07T13:55:08.385Z</Time>
                        <Position>
                            <LatitudeDegrees>30.520557403564453</LatitudeDegrees>
                            <LongitudeDegrees>104.05607604980469</LongitudeDegrees>
                        </Position>
                        <AltitudeMeters>436.0634765625</AltitudeMeters>
                    </Trackpoint>
                    <Trackpoint>
                        <DistanceMeters>408.17113876342773</DistanceMeters>
                        <Time>2022-05-07T13:55:09.083Z</Time>
                        <Position>
                            <LatitudeDegrees>30.520566940307617</LatitudeDegrees>
                            <LongitudeDegrees>104.05606842041016</LongitudeDegrees>
                        </Position>
                        <AltitudeMeters>436.0634765625</AltitudeMeters>
                    </Trackpoint>
                    <Trackpoint>
                        <DistanceMeters>408.17113876342773</DistanceMeters>
                        <Time>2022-05-07T13:55:09.660Z</Time>
                        <Position>
                            <LatitudeDegrees>30.520572662353516</LatitudeDegrees>
                            <LongitudeDegrees>104.05606079101562</LongitudeDegrees>
                        </Position>
                        <AltitudeMeters>436.0394287109375</AltitudeMeters>
                    </Trackpoint>
                    <Trackpoint>
                        <DistanceMeters>408.17113876342773</DistanceMeters>
                        <Time>2022-05-07T13:55:10.446Z</Time>
                        <Position>
                            <LatitudeDegrees>30.52057647705078</LatitudeDegrees>
                            <LongitudeDegrees>104.05604553222656</LongitudeDegrees>
                        </Position>
                        <AltitudeMeters>436.0394287109375</AltitudeMeters>
                    </Trackpoint>
                    <Trackpoint>
                        <DistanceMeters>408.17113876342773</DistanceMeters>
                        <Time>2022-05-07T13:55:11.020Z</Time>
                        <Position>
                            <LatitudeDegrees>30.520580291748047</LatitudeDegrees>
                            <LongitudeDegrees>104.05603790283203</LongitudeDegrees>
                        </Position>
                        <AltitudeMeters>436.0394287109375</AltitudeMeters>
                    </Trackpoint>
                    <Trackpoint>
                        <DistanceMeters>408.17113876342773</DistanceMeters>
                        <Time>2022-05-07T13:55:11.699Z</Time>
                        <Position>
                            <LatitudeDegrees>30.520584106445312</LatitudeDegrees>
                            <LongitudeDegrees>104.05602264404297</LongitudeDegrees>
                        </Position>
                        <AltitudeMeters>436.0394287109375</AltitudeMeters>
                    </Trackpoint>
                    <Trackpoint>
                        <DistanceMeters>408.17113876342773</DistanceMeters>
                        <Time>2022-05-07T13:55:12.447Z</Time>
                        <Position>
                            <LatitudeDegrees>30.520587921142578</LatitudeDegrees>
                            <LongitudeDegrees>104.0560073852539</LongitudeDegrees>
                        </Position>
                        <AltitudeMeters>436.7177734375</AltitudeMeters>
                    </Trackpoint>
                    <Trackpoint>
                        <DistanceMeters>408.17113876342773</DistanceMeters>
                        <Time>2022-05-07T13:55:13.023Z</Time>
                        <Position>
                            <LatitudeDegrees>30.520591735839844</LatitudeDegrees>
                            <LongitudeDegrees>104.05599975585938</LongitudeDegrees>
                        </Position>
                        <AltitudeMeters>436.7177734375</AltitudeMeters>
                    </Trackpoint>
                    <Trackpoint>
                        <DistanceMeters>408.17113876342773</DistanceMeters>
                        <Time>2022-05-07T13:55:13.721Z</Time>
                        <Position>
                            <LatitudeDegrees>30.52058982849121</LatitudeDegrees>
                            <LongitudeDegrees>104.05597686767578</LongitudeDegrees>
                        </Position>
                        <AltitudeMeters>437.205810546875</AltitudeMeters>
                    </Trackpoint>
                    <Trackpoint>
                        <DistanceMeters>408.17113876342773</DistanceMeters>
                        <Time>2022-05-07T13:55:14.367Z</Time>
                        <Position>
                            <LatitudeDegrees>30.520591735839844</LatitudeDegrees>
                            <LongitudeDegrees>104.05596160888672</LongitudeDegrees>
                        </Position>
                        <AltitudeMeters>437.205810546875</AltitudeMeters>
                    </Trackpoint>
                    <Trackpoint>
                        <DistanceMeters>408.17113876342773</DistanceMeters>
                        <Time>2022-05-07T13:55:15.042Z</Time>
                        <Position>
                            <LatitudeDegrees>30.52059555053711</LatitudeDegrees>
                            <LongitudeDegrees>104.05594635009766</LongitudeDegrees>
                        </Position>
                        <AltitudeMeters>437.205810546875</AltitudeMeters>
                    </Trackpoint>
                    <Trackpoint>
                        <DistanceMeters>408.17113876342773</DistanceMeters>
                        <Time>2022-05-07T13:55:15.660Z</Time>
                        <Position>
                            <LatitudeDegrees>30.52060317993164</LatitudeDegrees>
                            <LongitudeDegrees>104.05593872070312</LongitudeDegrees>
                        </Position>
                        <AltitudeMeters>437.203125</AltitudeMeters>
                    </Trackpoint>
                    <Trackpoint>
                        <DistanceMeters>408.17113876342773</DistanceMeters>
                        <Time>2022-05-07T13:55:16.804Z</Time>
                        <Position>
                            <LatitudeDegrees>30.52060890197754</LatitudeDegrees>
                            <LongitudeDegrees>104.05591583251953</LongitudeDegrees>
                        </Position>
                        <AltitudeMeters>437.203125</AltitudeMeters>
                    </Trackpoint>
                    <Trackpoint>
                        <DistanceMeters>408.17113876342773</DistanceMeters>
                        <Time>2022-05-07T13:55:17.660Z</Time>
                        <Position>
                            <LatitudeDegrees>30.520618438720703</LatitudeDegrees>
                            <LongitudeDegrees>104.055908203125</LongitudeDegrees>
                        </Position>
                        <AltitudeMeters>437.13873291015625</AltitudeMeters>
                    </Trackpoint>
                    <Trackpoint>
                        <DistanceMeters>408.17113876342773</DistanceMeters>
                        <Time>2022-05-07T13:55:18.501Z</Time>
                        <Position>
                            <LatitudeDegrees>30.520626068115234</LatitudeDegrees>
                            <LongitudeDegrees>104.05589294433594</LongitudeDegrees>
                        </Position>
                        <AltitudeMeters>437.13873291015625</AltitudeMeters>
                    </Trackpoint>
                    <Trackpoint>
                        <DistanceMeters>408.17113876342773</DistanceMeters>
                        <Time>2022-05-07T13:55:19.181Z</Time>
                        <Position>
                            <LatitudeDegrees>30.520633697509766</LatitudeDegrees>
                            <LongitudeDegrees>104.0558853149414</LongitudeDegrees>
                        </Position>
                        <AltitudeMeters>437.13873291015625</AltitudeMeters>
                    </Trackpoint>
                    <Trackpoint>
                        <DistanceMeters>408.17113876342773</DistanceMeters>
                        <Time>2022-05-07T13:55:19.907Z</Time>
                        <Position>
                            <LatitudeDegrees>30.520641326904297</LatitudeDegrees>
                            <LongitudeDegrees>104.05587005615234</LongitudeDegrees>
                        </Position>
                        <AltitudeMeters>437.00567626953125</AltitudeMeters>
                    </Trackpoint>
                    <Trackpoint>
                        <DistanceMeters>408.17113876342773</DistanceMeters>
                        <Time>2022-05-07T13:55:20.781Z</Time>
                        <Position>
                            <LatitudeDegrees>30.520648956298828</LatitudeDegrees>
                            <LongitudeDegrees>104.05585479736328</LongitudeDegrees>
                        </Position>
                        <AltitudeMeters>437.00567626953125</AltitudeMeters>
                    </Trackpoint>
                    <Trackpoint>
                        <DistanceMeters>408.17113876342773</DistanceMeters>
                        <Time>2022-05-07T13:55:21.544Z</Time>
                        <Position>
                            <LatitudeDegrees>30.520652770996094</LatitudeDegrees>
                            <LongitudeDegrees>104.05583953857422</LongitudeDegrees>
                        </Position>
                        <AltitudeMeters>437.00567626953125</AltitudeMeters>
                    </Trackpoint>
                    <Trackpoint>
                        <DistanceMeters>408.17113876342773</DistanceMeters>
                        <Time>2022-05-07T13:55:22.866Z</Time>
                        <Position>
                            <LatitudeDegrees>30.520660400390625</LatitudeDegrees>
                            <LongitudeDegrees>104.05581665039062</LongitudeDegrees>
                        </Position>
                        <AltitudeMeters>437.2379150390625</AltitudeMeters>
                    </Trackpoint>
                    <Trackpoint>
                        <DistanceMeters>408.17113876342773</DistanceMeters>
                        <Time>2022-05-07T13:55:23.971Z</Time>
                        <Position>
                            <LatitudeDegrees>30.520666122436523</LatitudeDegrees>
                            <LongitudeDegrees>104.05580139160156</LongitudeDegrees>
                        </Position>
                        <AltitudeMeters>436.881103515625</AltitudeMeters>
                    </Trackpoint>
                    <Trackpoint>
                        <DistanceMeters>408.17113876342773</DistanceMeters>
                        <Time>2022-05-07T13:55:24.673Z</Time>
                        <Position>
                            <LatitudeDegrees>30.52066993713379</LatitudeDegrees>
                            <LongitudeDegrees>104.0557861328125</LongitudeDegrees>
                        </Position>
                        <AltitudeMeters>436.881103515625</AltitudeMeters>
                    </Trackpoint>
                    <Trackpoint>
                        <DistanceMeters>408.17113876342773</DistanceMeters>
                        <Time>2022-05-07T13:55:25.366Z</Time>
                        <Position>
                            <LatitudeDegrees>30.520673751831055</LatitudeDegrees>
                            <LongitudeDegrees>104.05577087402344</LongitudeDegrees>
                        </Position>
                        <AltitudeMeters>436.881103515625</AltitudeMeters>
                    </Trackpoint>
                    <Trackpoint>
                        <DistanceMeters>408.17113876342773</DistanceMeters>
                        <Time>2022-05-07T13:55:26.385Z</Time>
                        <Position>
                            <LatitudeDegrees>30.52068328857422</LatitudeDegrees>
                            <LongitudeDegrees>104.05575561523438</LongitudeDegrees>
                        </Position>
                        <AltitudeMeters>436.446044921875</AltitudeMeters>
                    </Trackpoint>
                    <Trackpoint>
                        <DistanceMeters>408.17113876342773</DistanceMeters>
                        <Time>2022-05-07T13:55:27.387Z</Time>
                        <Position>
                            <LatitudeDegrees>30.520694732666016</LatitudeDegrees>
                            <LongitudeDegrees>104.05574798583984</LongitudeDegrees>
                        </Position>
                        <AltitudeMeters>436.446044921875</AltitudeMeters>
                    </Trackpoint>
                    <Trackpoint>
                        <DistanceMeters>408.17113876342773</DistanceMeters>
                        <Time>2022-05-07T13:55:28.362Z</Time>
                        <Position>
                            <LatitudeDegrees>30.520708084106445</LatitudeDegrees>
                            <LongitudeDegrees>104.05574035644531</LongitudeDegrees>
                        </Position>
                        <AltitudeMeters>436.1663818359375</AltitudeMeters>
                    </Trackpoint>
                    <Trackpoint>
                        <DistanceMeters>408.17113876342773</DistanceMeters>
                        <Time>2022-05-07T13:55:28.986Z</Time>
                        <Position>
                            <LatitudeDegrees>30.520719528198242</LatitudeDegrees>
                            <LongitudeDegrees>104.05574035644531</LongitudeDegrees>
                        </Position>
                        <AltitudeMeters>436.1663818359375</AltitudeMeters>
                    </Trackpoint>
                    <Trackpoint>
                        <DistanceMeters>408.17113876342773</DistanceMeters>
                        <Time>2022-05-07T13:55:29.659Z</Time>
                        <Position>
                            <LatitudeDegrees>30.52073097229004</LatitudeDegrees>
                            <LongitudeDegrees>104.05574798583984</LongitudeDegrees>
                        </Position>
                        <AltitudeMeters>436.16766357421875</AltitudeMeters>
                    </Trackpoint>
                    <Trackpoint>
                        <DistanceMeters>472.67065811157227</DistanceMeters>
                        <Time>2022-05-07T13:55:30.327Z</Time>
                        <Position>
                            <LatitudeDegrees>30.52074432373047</LatitudeDegrees>
                            <LongitudeDegrees>104.05574798583984</LongitudeDegrees>
                        </Position>
                        <AltitudeMeters>436.16766357421875</AltitudeMeters>
                    </Trackpoint>
                    <Trackpoint>
                        <DistanceMeters>472.67065811157227</DistanceMeters>
                        <Time>2022-05-07T13:55:30.683Z</Time>
                        <Position>
                            <LatitudeDegrees>30.520755767822266</LatitudeDegrees>
                            <LongitudeDegrees>104.05574798583984</LongitudeDegrees>
                        </Position>
                        <AltitudeMeters>436.16766357421875</AltitudeMeters>
                    </Trackpoint>
                    <Trackpoint>
                        <DistanceMeters>472.67065811157227</DistanceMeters>
                        <Time>2022-05-07T13:55:31.322Z</Time>
                        <Position>
                            <LatitudeDegrees>30.520771026611328</LatitudeDegrees>
                            <LongitudeDegrees>104.05574798583984</LongitudeDegrees>
                        </Position>
                        <AltitudeMeters>436.16766357421875</AltitudeMeters>
                    </Trackpoint>
                    <Trackpoint>
                        <DistanceMeters>472.67065811157227</DistanceMeters>
                        <Time>2022-05-07T13:55:32.023Z</Time>
                        <Position>
                            <LatitudeDegrees>30.520784378051758</LatitudeDegrees>
                            <LongitudeDegrees>104.05575561523438</LongitudeDegrees>
                        </Position>
                        <AltitudeMeters>435.91497802734375</AltitudeMeters>
                    </Trackpoint>
                    <Trackpoint>
                        <DistanceMeters>472.67065811157227</DistanceMeters>
                        <Time>2022-05-07T13:55:33.384Z</Time>
                        <Position>
                            <LatitudeDegrees>30.52080726623535</LatitudeDegrees>
                            <LongitudeDegrees>104.0557632446289</LongitudeDegrees>
                        </Position>
                        <AltitudeMeters>435.91497802734375</AltitudeMeters>
                    </Trackpoint>
                    <Trackpoint>
                        <DistanceMeters>472.67065811157227</DistanceMeters>
                        <Time>2022-05-07T13:55:34.359Z</Time>
                        <Position>
                            <LatitudeDegrees>30.52082633972168</LatitudeDegrees>
                            <LongitudeDegrees>104.0557632446289</LongitudeDegrees>
                        </Position>
                        <AltitudeMeters>436.0360107421875</AltitudeMeters>
                    </Trackpoint>
                    <Trackpoint>
                        <DistanceMeters>472.67065811157227</DistanceMeters>
                        <Time>2022-05-07T13:55:35.363Z</Time>
                        <Position>
                            <LatitudeDegrees>30.520845413208008</LatitudeDegrees>
                            <LongitudeDegrees>104.05577087402344</LongitudeDegrees>
                        </Position>
                        <AltitudeMeters>436.0360107421875</AltitudeMeters>
                    </Trackpoint>
                    <Trackpoint>
                        <DistanceMeters>472.67065811157227</DistanceMeters>
                        <Time>2022-05-07T13:55:36.321Z</Time>
                        <Position>
                            <LatitudeDegrees>30.52086639404297</LatitudeDegrees>
                            <LongitudeDegrees>104.05577850341797</LongitudeDegrees>
                        </Position>
                        <AltitudeMeters>436.1636962890625</AltitudeMeters>
                    </Trackpoint>
                    <Trackpoint>
                        <DistanceMeters>472.67065811157227</DistanceMeters>
                        <Time>2022-05-07T13:55:37.448Z</Time>
                        <Position>
                            <LatitudeDegrees>30.52088737487793</LatitudeDegrees>
                            <LongitudeDegrees>104.0557861328125</LongitudeDegrees>
                        </Position>
                        <AltitudeMeters>436.1636962890625</AltitudeMeters>
                    </Trackpoint>
                    <Trackpoint>
                        <DistanceMeters>472.67065811157227</DistanceMeters>
                        <Time>2022-05-07T13:55:38.027Z</Time>
                        <Position>
                            <LatitudeDegrees>30.52090072631836</LatitudeDegrees>
                            <LongitudeDegrees>104.0557861328125</LongitudeDegrees>
                        </Position>
                        <AltitudeMeters>435.9127197265625</AltitudeMeters>
                    </Trackpoint>
                    <Trackpoint>
                        <DistanceMeters>472.67065811157227</DistanceMeters>
                        <Time>2022-05-07T13:55:38.984Z</Time>
                        <Position>
                            <LatitudeDegrees>30.52091407775879</LatitudeDegrees>
                            <LongitudeDegrees>104.0557861328125</LongitudeDegrees>
                        </Position>
                        <AltitudeMeters>435.9127197265625</AltitudeMeters>
                    </Trackpoint>
                    <Trackpoint>
                        <DistanceMeters>472.67065811157227</DistanceMeters>
                        <Time>2022-05-07T13:55:39.660Z</Time>
                        <Position>
                            <LatitudeDegrees>30.52092742919922</LatitudeDegrees>
                            <LongitudeDegrees>104.05579376220703</LongitudeDegrees>
                        </Position>
                        <AltitudeMeters>434.9942626953125</AltitudeMeters>
                    </Trackpoint>
                    <Trackpoint>
                        <DistanceMeters>472.67065811157227</DistanceMeters>
                        <Time>2022-05-07T13:55:40.366Z</Time>
                        <Position>
                            <LatitudeDegrees>30.520938873291016</LatitudeDegrees>
                            <LongitudeDegrees>104.05580139160156</LongitudeDegrees>
                        </Position>
                        <AltitudeMeters>434.9942626953125</AltitudeMeters>
                    </Trackpoint>
                    <Trackpoint>
                        <DistanceMeters>472.67065811157227</DistanceMeters>
                        <Time>2022-05-07T13:55:41.465Z</Time>
                        <Position>
                            <LatitudeDegrees>30.520959854125977</LatitudeDegrees>
                            <LongitudeDegrees>104.0558090209961</LongitudeDegrees>
                        </Position>
                        <AltitudeMeters>434.9942626953125</AltitudeMeters>
                    </Trackpoint>
                    <Trackpoint>
                        <DistanceMeters>472.67065811157227</DistanceMeters>
                        <Time>2022-05-07T13:55:42.107Z</Time>
                        <Position>
                            <LatitudeDegrees>30.520971298217773</LatitudeDegrees>
                            <LongitudeDegrees>104.05581665039062</LongitudeDegrees>
                        </Position>
                        <AltitudeMeters>434.55224609375</AltitudeMeters>
                    </Trackpoint>
                    <Trackpoint>
                        <DistanceMeters>472.67065811157227</DistanceMeters>
                        <Time>2022-05-07T13:55:42.759Z</Time>
                        <Position>
                            <LatitudeDegrees>30.520980834960938</LatitudeDegrees>
                            <LongitudeDegrees>104.05582427978516</LongitudeDegrees>
                        </Position>
                        <AltitudeMeters>434.55224609375</AltitudeMeters>
                    </Trackpoint>
                    <Trackpoint>
                        <DistanceMeters>472.67065811157227</DistanceMeters>
                        <Time>2022-05-07T13:55:43.659Z</Time>
                        <Position>
                            <LatitudeDegrees>30.520998001098633</LatitudeDegrees>
                            <LongitudeDegrees>104.05583190917969</LongitudeDegrees>
                        </Position>
                        <AltitudeMeters>434.8291015625</AltitudeMeters>
                    </Trackpoint>
                    <Trackpoint>
                        <DistanceMeters>472.67065811157227</DistanceMeters>
                        <Time>2022-05-07T13:55:44.764Z</Time>
                        <Position>
                            <LatitudeDegrees>30.52101707458496</LatitudeDegrees>
                            <LongitudeDegrees>104.05583953857422</LongitudeDegrees>
                        </Position>
                        <AltitudeMeters>434.8291015625</AltitudeMeters>
                    </Trackpoint>
                    <Trackpoint>
                        <DistanceMeters>472.67065811157227</DistanceMeters>
                        <Time>2022-05-07T13:55:45.423Z</Time>
                        <Position>
                            <LatitudeDegrees>30.521028518676758</LatitudeDegrees>
                            <LongitudeDegrees>104.05583953857422</LongitudeDegrees>
                        </Position>
                        <AltitudeMeters>434.8291015625</AltitudeMeters>
                    </Trackpoint>
                    <Trackpoint>
                        <DistanceMeters>472.67065811157227</DistanceMeters>
                        <Time>2022-05-07T13:55:46.086Z</Time>
                        <Position>
                            <LatitudeDegrees>30.52104377746582</LatitudeDegrees>
                            <LongitudeDegrees>104.05584716796875</LongitudeDegrees>
                        </Position>
                        <AltitudeMeters>434.87469482421875</AltitudeMeters>
                    </Trackpoint>
                    <Trackpoint>
                        <DistanceMeters>472.67065811157227</DistanceMeters>
                        <Time>2022-05-07T13:55:46.723Z</Time>
                        <Position>
                            <LatitudeDegrees>30.52105712890625</LatitudeDegrees>
                            <LongitudeDegrees>104.05585479736328</LongitudeDegrees>
                        </Position>
                        <AltitudeMeters>434.87469482421875</AltitudeMeters>
                    </Trackpoint>
                    <Trackpoint>
                        <DistanceMeters>472.67065811157227</DistanceMeters>
                        <Time>2022-05-07T13:55:47.444Z</Time>
                        <Position>
                            <LatitudeDegrees>30.521076202392578</LatitudeDegrees>
                            <LongitudeDegrees>104.05585479736328</LongitudeDegrees>
                        </Position>
                        <AltitudeMeters>434.87469482421875</AltitudeMeters>
                    </Trackpoint>
                    <Trackpoint>
                        <DistanceMeters>472.67065811157227</DistanceMeters>
                        <Time>2022-05-07T13:55:48.385Z</Time>
                        <Position>
                            <LatitudeDegrees>30.521093368530273</LatitudeDegrees>
                            <LongitudeDegrees>104.05586242675781</LongitudeDegrees>
                        </Position>
                        <AltitudeMeters>434.624267578125</AltitudeMeters>
                    </Trackpoint>
                    <Trackpoint>
                        <DistanceMeters>472.67065811157227</DistanceMeters>
                        <Time>2022-05-07T13:55:49.405Z</Time>
                        <Position>
                            <LatitudeDegrees>30.521108627319336</LatitudeDegrees>
                            <LongitudeDegrees>104.05587005615234</LongitudeDegrees>
                        </Position>
                        <AltitudeMeters>434.624267578125</AltitudeMeters>
                    </Trackpoint>
                    <Trackpoint>
                        <DistanceMeters>472.67065811157227</DistanceMeters>
                        <Time>2022-05-07T13:55:50.712Z</Time>
                        <Position>
                            <LatitudeDegrees>30.52113151550293</LatitudeDegrees>
                            <LongitudeDegrees>104.05587005615234</LongitudeDegrees>
                        </Position>
                        <AltitudeMeters>435.00799560546875</AltitudeMeters>
                    </Trackpoint>
                    <Trackpoint>
                        <DistanceMeters>472.67065811157227</DistanceMeters>
                        <Time>2022-05-07T13:55:51.389Z</Time>
                        <Position>
                            <LatitudeDegrees>30.521146774291992</LatitudeDegrees>
                            <LongitudeDegrees>104.05587005615234</LongitudeDegrees>
                        </Position>
                        <AltitudeMeters>435.00799560546875</AltitudeMeters>
                    </Trackpoint>
                    <Trackpoint>
                        <DistanceMeters>472.67065811157227</DistanceMeters>
                        <Time>2022-05-07T13:55:52.067Z</Time>
                        <Position>
                            <LatitudeDegrees>30.52115821838379</LatitudeDegrees>
                            <LongitudeDegrees>104.05587005615234</LongitudeDegrees>
                        </Position>
                        <AltitudeMeters>434.69549560546875</AltitudeMeters>
                    </Trackpoint>
                    <Trackpoint>
                        <DistanceMeters>472.67065811157227</DistanceMeters>
                        <Time>2022-05-07T13:55:53.025Z</Time>
                        <Position>
                            <LatitudeDegrees>30.521175384521484</LatitudeDegrees>
                            <LongitudeDegrees>104.05587768554688</LongitudeDegrees>
                        </Position>
                        <AltitudeMeters>434.69549560546875</AltitudeMeters>
                    </Trackpoint>
                    <Trackpoint>
                        <DistanceMeters>472.67065811157227</DistanceMeters>
                        <Time>2022-05-07T13:55:53.660Z</Time>
                        <Position>
                            <LatitudeDegrees>30.52118682861328</LatitudeDegrees>
                            <LongitudeDegrees>104.05587768554688</LongitudeDegrees>
                        </Position>
                        <AltitudeMeters>434.8326416015625</AltitudeMeters>
                    </Trackpoint>
                    <Trackpoint>
                        <DistanceMeters>472.67065811157227</DistanceMeters>
                        <Time>2022-05-07T13:55:55.065Z</Time>
                        <Position>
                            <LatitudeDegrees>30.521211624145508</LatitudeDegrees>
                            <LongitudeDegrees>104.05587768554688</LongitudeDegrees>
                        </Position>
                        <AltitudeMeters>434.8326416015625</AltitudeMeters>
                    </Trackpoint>
                    <Trackpoint>
                        <DistanceMeters>472.67065811157227</DistanceMeters>
                        <Time>2022-05-07T13:55:56.149Z</Time>
                        <Position>
                            <LatitudeDegrees>30.521228790283203</LatitudeDegrees>
                            <LongitudeDegrees>104.0558853149414</LongitudeDegrees>
                        </Position>
                        <AltitudeMeters>434.800048828125</AltitudeMeters>
                    </Trackpoint>
                    <Trackpoint>
                        <DistanceMeters>472.67065811157227</DistanceMeters>
                        <Time>2022-05-07T13:55:56.786Z</Time>
                        <Position>
                            <LatitudeDegrees>30.521238327026367</LatitudeDegrees>
                            <LongitudeDegrees>104.0558853149414</LongitudeDegrees>
                        </Position>
                        <AltitudeMeters>434.800048828125</AltitudeMeters>
                    </Trackpoint>
                    <Trackpoint>
                        <DistanceMeters>472.67065811157227</DistanceMeters>
                        <Time>2022-05-07T13:55:57.481Z</Time>
                        <Position>
                            <LatitudeDegrees>30.521249771118164</LatitudeDegrees>
                            <LongitudeDegrees>104.0558853149414</LongitudeDegrees>
                        </Position>
                        <AltitudeMeters>434.800048828125</AltitudeMeters>
                    </Trackpoint>
                    <Trackpoint>
                        <DistanceMeters>472.67065811157227</DistanceMeters>
                        <Time>2022-05-07T13:55:58.140Z</Time>
                        <Position>
                            <LatitudeDegrees>30.521263122558594</LatitudeDegrees>
                            <LongitudeDegrees>104.05589294433594</LongitudeDegrees>
                        </Position>
                        <AltitudeMeters>435.1151123046875</AltitudeMeters>
                    </Trackpoint>
                    <Trackpoint>
                        <DistanceMeters>472.67065811157227</DistanceMeters>
                        <Time>2022-05-07T13:55:59.519Z</Time>
                        <Position>
                            <LatitudeDegrees>30.521286010742188</LatitudeDegrees>
                            <LongitudeDegrees>104.05589294433594</LongitudeDegrees>
                        </Position>
                        <AltitudeMeters>435.1151123046875</AltitudeMeters>
                    </Trackpoint>
                    <Trackpoint>
                        <DistanceMeters>536.5050048828125</DistanceMeters>
                        <Time>2022-05-07T13:56:00.275Z</Time>
                        <Position>
                            <LatitudeDegrees>30.521297454833984</LatitudeDegrees>
                            <LongitudeDegrees>104.0558853149414</LongitudeDegrees>
                        </Position>
                        <AltitudeMeters>434.3201904296875</AltitudeMeters>
                    </Trackpoint>
                    <Trackpoint>
                        <DistanceMeters>536.5050048828125</DistanceMeters>
                        <Time>2022-05-07T13:56:01.185Z</Time>
                        <Position>
                            <LatitudeDegrees>30.521312713623047</LatitudeDegrees>
                            <LongitudeDegrees>104.0558853149414</LongitudeDegrees>
                        </Position>
                        <AltitudeMeters>434.3201904296875</AltitudeMeters>
                    </Trackpoint>
                    <Trackpoint>
                        <DistanceMeters>536.5050048828125</DistanceMeters>
                        <Time>2022-05-07T13:56:02.204Z</Time>
                        <Position>
                            <LatitudeDegrees>30.521329879760742</LatitudeDegrees>
                            <LongitudeDegrees>104.0558853149414</LongitudeDegrees>
                        </Position>
                        <AltitudeMeters>433.1180419921875</AltitudeMeters>
                    </Trackpoint>
                    <Trackpoint>
                        <DistanceMeters>536.5050048828125</DistanceMeters>
                        <Time>2022-05-07T13:56:02.904Z</Time>
                        <Position>
                            <LatitudeDegrees>30.52134132385254</LatitudeDegrees>
                            <LongitudeDegrees>104.0558853149414</LongitudeDegrees>
                        </Position>
                        <AltitudeMeters>433.1180419921875</AltitudeMeters>
                    </Trackpoint>
                    <Trackpoint>
                        <DistanceMeters>536.5050048828125</DistanceMeters>
                        <Time>2022-05-07T13:56:03.867Z</Time>
                        <Position>
                            <LatitudeDegrees>30.5213565826416</LatitudeDegrees>
                            <LongitudeDegrees>104.05587768554688</LongitudeDegrees>
                        </Position>
                        <AltitudeMeters>432.560791015625</AltitudeMeters>
                    </Trackpoint>
                    <Trackpoint>
                        <DistanceMeters>536.5050048828125</DistanceMeters>
                        <Time>2022-05-07T13:56:04.548Z</Time>
                        <Position>
                            <LatitudeDegrees>30.52136993408203</LatitudeDegrees>
                            <LongitudeDegrees>104.05587768554688</LongitudeDegrees>
                        </Position>
                        <AltitudeMeters>432.560791015625</AltitudeMeters>
                    </Trackpoint>
                    <Trackpoint>
                        <DistanceMeters>536.5050048828125</DistanceMeters>
                        <Time>2022-05-07T13:56:05.563Z</Time>
                        <Position>
                            <LatitudeDegrees>30.52138900756836</LatitudeDegrees>
                            <LongitudeDegrees>104.05587768554688</LongitudeDegrees>
                        </Position>
                        <AltitudeMeters>432.560791015625</AltitudeMeters>
                    </Trackpoint>
                    <Trackpoint>
                        <DistanceMeters>536.5050048828125</DistanceMeters>
                        <Time>2022-05-07T13:56:06.225Z</Time>
                        <Position>
                            <LatitudeDegrees>30.52140235900879</LatitudeDegrees>
                            <LongitudeDegrees>104.05587768554688</LongitudeDegrees>
                        </Position>
                        <AltitudeMeters>432.49462890625</AltitudeMeters>
                    </Trackpoint>
                    <Trackpoint>
                        <DistanceMeters>536.5050048828125</DistanceMeters>
                        <Time>2022-05-07T13:56:07.268Z</Time>
                        <Position>
                            <LatitudeDegrees>30.521425247192383</LatitudeDegrees>
                            <LongitudeDegrees>104.0558853149414</LongitudeDegrees>
                        </Position>
                        <AltitudeMeters>432.49462890625</AltitudeMeters>
                    </Trackpoint>
                    <Trackpoint>
                        <DistanceMeters>536.5050048828125</DistanceMeters>
                        <Time>2022-05-07T13:56:08.224Z</Time>
                        <Position>
                            <LatitudeDegrees>30.521440505981445</LatitudeDegrees>
                            <LongitudeDegrees>104.05589294433594</LongitudeDegrees>
                        </Position>
                        <AltitudeMeters>432.7989501953125</AltitudeMeters>
                    </Trackpoint>
                    <Trackpoint>
                        <DistanceMeters>536.5050048828125</DistanceMeters>
                        <Time>2022-05-07T13:56:08.904Z</Time>
                        <Position>
                            <LatitudeDegrees>30.521451950073242</LatitudeDegrees>
                            <LongitudeDegrees>104.05589294433594</LongitudeDegrees>
                        </Position>
                        <AltitudeMeters>432.7989501953125</AltitudeMeters>
                    </Trackpoint>
                    <Trackpoint>
                        <DistanceMeters>536.5050048828125</DistanceMeters>
                        <Time>2022-05-07T13:56:09.584Z</Time>
                        <Position>
                            <LatitudeDegrees>30.521465301513672</LatitudeDegrees>
                            <LongitudeDegrees>104.05590057373047</LongitudeDegrees>
                        </Position>
                        <AltitudeMeters>432.7989501953125</AltitudeMeters>
                    </Trackpoint>
                    <Trackpoint>
                        <DistanceMeters>536.5050048828125</DistanceMeters>
                        <Time>2022-05-07T13:56:10.564Z</Time>
                        <Position>
                            <LatitudeDegrees>30.521480560302734</LatitudeDegrees>
                            <LongitudeDegrees>104.05590057373047</LongitudeDegrees>
                        </Position>
                        <AltitudeMeters>432.8466796875</AltitudeMeters>
                    </Trackpoint>
                    <Trackpoint>
                        <DistanceMeters>536.5050048828125</DistanceMeters>
                        <Time>2022-05-07T13:56:11.224Z</Time>
                        <Position>
                            <LatitudeDegrees>30.5214900970459</LatitudeDegrees>
                            <LongitudeDegrees>104.055908203125</LongitudeDegrees>
                        </Position>
                        <AltitudeMeters>432.8466796875</AltitudeMeters>
                    </Trackpoint>
                    <Trackpoint>
                        <DistanceMeters>536.5050048828125</DistanceMeters>
                        <Time>2022-05-07T13:56:12.229Z</Time>
                        <Position>
                            <LatitudeDegrees>30.521507263183594</LatitudeDegrees>
                            <LongitudeDegrees>104.05591583251953</LongitudeDegrees>
                        </Position>
                        <AltitudeMeters>432.77252197265625</AltitudeMeters>
                    </Trackpoint>
                    <Trackpoint>
                        <DistanceMeters>536.5050048828125</DistanceMeters>
                        <Time>2022-05-07T13:56:12.907Z</Time>
                        <Position>
                            <LatitudeDegrees>30.52151870727539</LatitudeDegrees>
                            <LongitudeDegrees>104.05592346191406</LongitudeDegrees>
                        </Position>
                        <AltitudeMeters>432.77252197265625</AltitudeMeters>
                    </Trackpoint>
                    <Trackpoint>
                        <DistanceMeters>536.5050048828125</DistanceMeters>
                        <Time>2022-05-07T13:56:13.904Z</Time>
                        <Position>
                            <LatitudeDegrees>30.521533966064453</LatitudeDegrees>
                            <LongitudeDegrees>104.0559310913086</LongitudeDegrees>
                        </Position>
                        <AltitudeMeters>432.5125732421875</AltitudeMeters>
                    </Trackpoint>
                    <Trackpoint>
                        <DistanceMeters>536.5050048828125</DistanceMeters>
                        <Time>2022-05-07T13:56:14.565Z</Time>
                        <Position>
                            <LatitudeDegrees>30.521543502807617</LatitudeDegrees>
                            <LongitudeDegrees>104.0559310913086</LongitudeDegrees>
                        </Position>
                        <AltitudeMeters>432.5125732421875</AltitudeMeters>
                    </Trackpoint>
                    <Trackpoint>
                        <DistanceMeters>536.5050048828125</DistanceMeters>
                        <Time>2022-05-07T13:56:15.226Z</Time>
                        <Position>
                            <LatitudeDegrees>30.52155303955078</LatitudeDegrees>
                            <LongitudeDegrees>104.05593872070312</LongitudeDegrees>
                        </Position>
                        <AltitudeMeters>432.5125732421875</AltitudeMeters>
                    </Trackpoint>
                    <Trackpoint>
                        <DistanceMeters>536.5050048828125</DistanceMeters>
                        <Time>2022-05-07T13:56:16.183Z</Time>
                        <Position>
                            <LatitudeDegrees>30.52157211303711</LatitudeDegrees>
                            <LongitudeDegrees>104.05594635009766</LongitudeDegrees>
                        </Position>
                        <AltitudeMeters>432.1422119140625</AltitudeMeters>
                    </Trackpoint>
                    <Trackpoint>
                        <DistanceMeters>536.5050048828125</DistanceMeters>
                        <Time>2022-05-07T13:56:16.863Z</Time>
                        <Position>
                            <LatitudeDegrees>30.521583557128906</LatitudeDegrees>
                            <LongitudeDegrees>104.05595397949219</LongitudeDegrees>
                        </Position>
                        <AltitudeMeters>432.1422119140625</AltitudeMeters>
                    </Trackpoint>
                    <Trackpoint>
                        <DistanceMeters>536.5050048828125</DistanceMeters>
                        <Time>2022-05-07T13:56:17.507Z</Time>
                        <Position>
                            <LatitudeDegrees>30.521595001220703</LatitudeDegrees>
                            <LongitudeDegrees>104.05595397949219</LongitudeDegrees>
                        </Position>
                        <AltitudeMeters>432.1422119140625</AltitudeMeters>
                    </Trackpoint>
                    <Trackpoint>
                        <DistanceMeters>536.5050048828125</DistanceMeters>
                        <Time>2022-05-07T13:56:18.865Z</Time>
                        <Position>
                            <LatitudeDegrees>30.521621704101562</LatitudeDegrees>
                            <LongitudeDegrees>104.05596160888672</LongitudeDegrees>
                        </Position>
                        <AltitudeMeters>431.9302978515625</AltitudeMeters>
                    </Trackpoint>
                    <Trackpoint>
                        <DistanceMeters>536.5050048828125</DistanceMeters>
                        <Time>2022-05-07T13:56:19.506Z</Time>
                        <Position>
                            <LatitudeDegrees>30.521636962890625</LatitudeDegrees>
                            <LongitudeDegrees>104.05596923828125</LongitudeDegrees>
                        </Position>
                        <AltitudeMeters>431.9302978515625</AltitudeMeters>
                    </Trackpoint>
                    <Trackpoint>
                        <DistanceMeters>536.5050048828125</DistanceMeters>
                        <Time>2022-05-07T13:56:20.206Z</Time>
                        <Position>
                            <LatitudeDegrees>30.521652221679688</LatitudeDegrees>
                            <LongitudeDegrees>104.05597686767578</LongitudeDegrees>
                        </Position>
                        <AltitudeMeters>431.6854248046875</AltitudeMeters>
                    </Trackpoint>
                    <Trackpoint>
                        <DistanceMeters>536.5050048828125</DistanceMeters>
                        <Time>2022-05-07T13:56:20.866Z</Time>
                        <Position>
                            <LatitudeDegrees>30.521663665771484</LatitudeDegrees>
                            <LongitudeDegrees>104.05597686767578</LongitudeDegrees>
                        </Position>
                        <AltitudeMeters>431.6854248046875</AltitudeMeters>
                    </Trackpoint>
                    <Trackpoint>
                        <DistanceMeters>536.5050048828125</DistanceMeters>
                        <Time>2022-05-07T13:56:22.207Z</Time>
                        <Position>
                            <LatitudeDegrees>30.521690368652344</LatitudeDegrees>
                            <LongitudeDegrees>104.05598449707031</LongitudeDegrees>
                        </Position>
                        <AltitudeMeters>431.3515625</AltitudeMeters>
                    </Trackpoint>
                    <Trackpoint>
                        <DistanceMeters>536.5050048828125</DistanceMeters>
                        <Time>2022-05-07T13:56:22.866Z</Time>
                        <Position>
                            <LatitudeDegrees>30.521703720092773</LatitudeDegrees>
                            <LongitudeDegrees>104.05598449707031</LongitudeDegrees>
                        </Position>
                        <AltitudeMeters>431.3515625</AltitudeMeters>
                    </Trackpoint>
                    <Trackpoint>
                        <DistanceMeters>536.5050048828125</DistanceMeters>
                        <Time>2022-05-07T13:56:23.518Z</Time>
                        <Position>
                            <LatitudeDegrees>30.521718978881836</LatitudeDegrees>
                            <LongitudeDegrees>104.05598449707031</LongitudeDegrees>
                        </Position>
                        <AltitudeMeters>431.3515625</AltitudeMeters>
                    </Trackpoint>
                    <Trackpoint>
                        <DistanceMeters>536.5050048828125</DistanceMeters>
                        <Time>2022-05-07T13:56:24.227Z</Time>
                        <Position>
                            <LatitudeDegrees>30.5217342376709</LatitudeDegrees>
                            <LongitudeDegrees>104.05598449707031</LongitudeDegrees>
                        </Position>
                        <AltitudeMeters>431.03265380859375</AltitudeMeters>
                    </Trackpoint>
                    <Trackpoint>
                        <DistanceMeters>536.5050048828125</DistanceMeters>
                        <Time>2022-05-07T13:56:24.882Z</Time>
                        <Position>
                            <LatitudeDegrees>30.521747589111328</LatitudeDegrees>
                            <LongitudeDegrees>104.05599212646484</LongitudeDegrees>
                        </Position>
                        <AltitudeMeters>431.03265380859375</AltitudeMeters>
                    </Trackpoint>
                    <Trackpoint>
                        <DistanceMeters>536.5050048828125</DistanceMeters>
                        <Time>2022-05-07T13:56:25.601Z</Time>
                        <Position>
                            <LatitudeDegrees>30.521760940551758</LatitudeDegrees>
                            <LongitudeDegrees>104.05599212646484</LongitudeDegrees>
                        </Position>
                        <AltitudeMeters>431.03265380859375</AltitudeMeters>
                    </Trackpoint>
                    <Trackpoint>
                        <DistanceMeters>536.5050048828125</DistanceMeters>
                        <Time>2022-05-07T13:56:26.184Z</Time>
                        <Position>
                            <LatitudeDegrees>30.521772384643555</LatitudeDegrees>
                            <LongitudeDegrees>104.05599212646484</LongitudeDegrees>
                        </Position>
                        <AltitudeMeters>431.8350830078125</AltitudeMeters>
                    </Trackpoint>
                    <Trackpoint>
                        <DistanceMeters>536.5050048828125</DistanceMeters>
                        <Time>2022-05-07T13:56:26.885Z</Time>
                        <Position>
                            <LatitudeDegrees>30.521787643432617</LatitudeDegrees>
                            <LongitudeDegrees>104.05599212646484</LongitudeDegrees>
                        </Position>
                        <AltitudeMeters>431.8350830078125</AltitudeMeters>
                    </Trackpoint>
                    <Trackpoint>
                        <DistanceMeters>536.5050048828125</DistanceMeters>
                        <Time>2022-05-07T13:56:27.547Z</Time>
                        <Position>
                            <LatitudeDegrees>30.52180290222168</LatitudeDegrees>
                            <LongitudeDegrees>104.05599212646484</LongitudeDegrees>
                        </Position>
                        <AltitudeMeters>431.8350830078125</AltitudeMeters>
                    </Trackpoint>
                    <Trackpoint>
                        <DistanceMeters>536.5050048828125</DistanceMeters>
                        <Time>2022-05-07T13:56:28.521Z</Time>
                        <Position>
                            <LatitudeDegrees>30.521821975708008</LatitudeDegrees>
                            <LongitudeDegrees>104.05599975585938</LongitudeDegrees>
                        </Position>
                        <AltitudeMeters>432.48919677734375</AltitudeMeters>
                    </Trackpoint>
                    <Trackpoint>
                        <DistanceMeters>536.5050048828125</DistanceMeters>
                        <Time>2022-05-07T13:56:29.183Z</Time>
                        <Position>
                            <LatitudeDegrees>30.521835327148438</LatitudeDegrees>
                            <LongitudeDegrees>104.05599975585938</LongitudeDegrees>
                        </Position>
                        <AltitudeMeters>432.48919677734375</AltitudeMeters>
                    </Trackpoint>
                    <Trackpoint>
                        <DistanceMeters>600.0928115844727</DistanceMeters>
                        <Time>2022-05-07T13:56:30.204Z</Time>
                        <Position>
                            <LatitudeDegrees>30.521854400634766</LatitudeDegrees>
                            <LongitudeDegrees>104.0560073852539</LongitudeDegrees>
                        </Position>
                        <AltitudeMeters>433.28289794921875</AltitudeMeters>
                    </Trackpoint>
                    <Trackpoint>
                        <DistanceMeters>600.0928115844727</DistanceMeters>
                        <Time>2022-05-07T13:56:31.181Z</Time>
                        <Position>
                            <LatitudeDegrees>30.521867752075195</LatitudeDegrees>
                            <LongitudeDegrees>104.0560073852539</LongitudeDegrees>
                        </Position>
                        <AltitudeMeters>433.28289794921875</AltitudeMeters>
                    </Trackpoint>
                    <Trackpoint>
                        <DistanceMeters>600.0928115844727</DistanceMeters>
                        <Time>2022-05-07T13:56:31.846Z</Time>
                        <Position>
                            <LatitudeDegrees>30.521879196166992</LatitudeDegrees>
                            <LongitudeDegrees>104.0560073852539</LongitudeDegrees>
                        </Position>
                        <AltitudeMeters>433.109619140625</AltitudeMeters>
                    </Trackpoint>
                    <Trackpoint>
                        <DistanceMeters>600.0928115844727</DistanceMeters>
                        <Time>2022-05-07T13:56:32.505Z</Time>
                        <Position>
                            <LatitudeDegrees>30.52189064025879</LatitudeDegrees>
                            <LongitudeDegrees>104.0560073852539</LongitudeDegrees>
                        </Position>
                        <AltitudeMeters>433.109619140625</AltitudeMeters>
                    </Trackpoint>
                    <Trackpoint>
                        <DistanceMeters>600.0928115844727</DistanceMeters>
                        <Time>2022-05-07T13:56:33.504Z</Time>
                        <Position>
                            <LatitudeDegrees>30.521913528442383</LatitudeDegrees>
                            <LongitudeDegrees>104.0560073852539</LongitudeDegrees>
                        </Position>
                        <AltitudeMeters>433.109619140625</AltitudeMeters>
                    </Trackpoint>
                    <Trackpoint>
                        <DistanceMeters>600.0928115844727</DistanceMeters>
                        <Time>2022-05-07T13:56:34.161Z</Time>
                        <Position>
                            <LatitudeDegrees>30.521926879882812</LatitudeDegrees>
                            <LongitudeDegrees>104.0560073852539</LongitudeDegrees>
                        </Position>
                        <AltitudeMeters>433.41448974609375</AltitudeMeters>
                    </Trackpoint>
                    <Trackpoint>
                        <DistanceMeters>600.0928115844727</DistanceMeters>
                        <Time>2022-05-07T13:56:35.503Z</Time>
                        <Position>
                            <LatitudeDegrees>30.521949768066406</LatitudeDegrees>
                            <LongitudeDegrees>104.05601501464844</LongitudeDegrees>
                        </Position>
                        <AltitudeMeters>433.41448974609375</AltitudeMeters>
                    </Trackpoint>
                    <Trackpoint>
                        <DistanceMeters>600.0928115844727</DistanceMeters>
                        <Time>2022-05-07T13:56:36.785Z</Time>
                        <Position>
                            <LatitudeDegrees>30.52197265625</LatitudeDegrees>
                            <LongitudeDegrees>104.0560302734375</LongitudeDegrees>
                        </Position>
                        <AltitudeMeters>433.84039306640625</AltitudeMeters>
                    </Trackpoint>
                    <Trackpoint>
                        <DistanceMeters>600.0928115844727</DistanceMeters>
                        <Time>2022-05-07T13:56:37.486Z</Time>
                        <Position>
                            <LatitudeDegrees>30.52198600769043</LatitudeDegrees>
                            <LongitudeDegrees>104.05602264404297</LongitudeDegrees>
                        </Position>
                        <AltitudeMeters>433.84039306640625</AltitudeMeters>
                    </Trackpoint>
                    <Trackpoint>
                        <DistanceMeters>600.0928115844727</DistanceMeters>
                        <Time>2022-05-07T13:56:38.146Z</Time>
                        <Position>
                            <LatitudeDegrees>30.52199935913086</LatitudeDegrees>
                            <LongitudeDegrees>104.05602264404297</LongitudeDegrees>
                        </Position>
                        <AltitudeMeters>433.8187255859375</AltitudeMeters>
                    </Trackpoint>
                    <Trackpoint>
                        <DistanceMeters>600.0928115844727</DistanceMeters>
                        <Time>2022-05-07T13:56:39.139Z</Time>
                        <Position>
                            <LatitudeDegrees>30.522016525268555</LatitudeDegrees>
                            <LongitudeDegrees>104.05602264404297</LongitudeDegrees>
                        </Position>
                        <AltitudeMeters>433.8187255859375</AltitudeMeters>
                    </Trackpoint>
                    <Trackpoint>
                        <DistanceMeters>600.0928115844727</DistanceMeters>
                        <Time>2022-05-07T13:56:39.660Z</Time>
                        <Position>
                            <LatitudeDegrees>30.52202606201172</LatitudeDegrees>
                            <LongitudeDegrees>104.05602264404297</LongitudeDegrees>
                        </Position>
                        <AltitudeMeters>433.37255859375</AltitudeMeters>
                    </Trackpoint>
                    <Trackpoint>
                        <DistanceMeters>600.0928115844727</DistanceMeters>
                        <Time>2022-05-07T13:56:40.149Z</Time>
                        <Position>
                            <LatitudeDegrees>30.522035598754883</LatitudeDegrees>
                            <LongitudeDegrees>104.0560302734375</LongitudeDegrees>
                        </Position>
                        <AltitudeMeters>433.37255859375</AltitudeMeters>
                    </Trackpoint>
                    <Trackpoint>
                        <DistanceMeters>600.0928115844727</DistanceMeters>
                        <Time>2022-05-07T13:56:40.827Z</Time>
                        <Position>
                            <LatitudeDegrees>30.52204704284668</LatitudeDegrees>
                            <LongitudeDegrees>104.0560302734375</LongitudeDegrees>
                        </Position>
                        <AltitudeMeters>433.37255859375</AltitudeMeters>
                    </Trackpoint>
                    <Trackpoint>
                        <DistanceMeters>600.0928115844727</DistanceMeters>
                        <Time>2022-05-07T13:56:41.468Z</Time>
                        <Position>
                            <LatitudeDegrees>30.522058486938477</LatitudeDegrees>
                            <LongitudeDegrees>104.0560302734375</LongitudeDegrees>
                        </Position>
                        <AltitudeMeters>433.37255859375</AltitudeMeters>
                    </Trackpoint>
                    <Trackpoint>
                        <DistanceMeters>600.0928115844727</DistanceMeters>
                        <Time>2022-05-07T13:56:42.809Z</Time>
                        <Position>
                            <LatitudeDegrees>30.52208137512207</LatitudeDegrees>
                            <LongitudeDegrees>104.05603790283203</LongitudeDegrees>
                        </Position>
                        <AltitudeMeters>432.2928466796875</AltitudeMeters>
                    </Trackpoint>
                    <Trackpoint>
                        <DistanceMeters>600.0928115844727</DistanceMeters>
                        <Time>2022-05-07T13:56:43.486Z</Time>
                        <Position>
                            <LatitudeDegrees>30.522096633911133</LatitudeDegrees>
                            <LongitudeDegrees>104.05604553222656</LongitudeDegrees>
                        </Position>
                        <AltitudeMeters>432.2928466796875</AltitudeMeters>
                    </Trackpoint>
                    <Trackpoint>
                        <DistanceMeters>600.0928115844727</DistanceMeters>
                        <Time>2022-05-07T13:56:44.101Z</Time>
                        <Position>
                            <LatitudeDegrees>30.522109985351562</LatitudeDegrees>
                            <LongitudeDegrees>104.05604553222656</LongitudeDegrees>
                        </Position>
                        <AltitudeMeters>432.4803466796875</AltitudeMeters>
                    </Trackpoint>
                    <Trackpoint>
                        <DistanceMeters>600.0928115844727</DistanceMeters>
                        <Time>2022-05-07T13:56:44.818Z</Time>
                        <Position>
                            <LatitudeDegrees>30.522123336791992</LatitudeDegrees>
                            <LongitudeDegrees>104.05604553222656</LongitudeDegrees>
                        </Position>
                        <AltitudeMeters>432.4803466796875</AltitudeMeters>
                    </Trackpoint>
                    <Trackpoint>
                        <DistanceMeters>600.0928115844727</DistanceMeters>
                        <Time>2022-05-07T13:56:45.660Z</Time>
                        <Position>
                            <LatitudeDegrees>30.522144317626953</LatitudeDegrees>
                            <LongitudeDegrees>104.05603790283203</LongitudeDegrees>
                        </Position>
                        <AltitudeMeters>431.97906494140625</AltitudeMeters>
                    </Trackpoint>
                    <Trackpoint>
                        <DistanceMeters>600.0928115844727</DistanceMeters>
                        <Time>2022-05-07T13:56:46.466Z</Time>
                        <Position>
                            <LatitudeDegrees>30.522159576416016</LatitudeDegrees>
                            <LongitudeDegrees>104.05603790283203</LongitudeDegrees>
                        </Position>
                        <AltitudeMeters>431.97906494140625</AltitudeMeters>
                    </Trackpoint>
                    <Trackpoint>
                        <DistanceMeters>600.0928115844727</DistanceMeters>
                        <Time>2022-05-07T13:56:47.484Z</Time>
                        <Position>
                            <LatitudeDegrees>30.522174835205078</LatitudeDegrees>
                            <LongitudeDegrees>104.05604553222656</LongitudeDegrees>
                        </Position>
                        <AltitudeMeters>431.97906494140625</AltitudeMeters>
                    </Trackpoint>
                    <Trackpoint>
                        <DistanceMeters>600.0928115844727</DistanceMeters>
                        <Time>2022-05-07T13:56:48.144Z</Time>
                        <Position>
                            <LatitudeDegrees>30.522184371948242</LatitudeDegrees>
                            <LongitudeDegrees>104.05604553222656</LongitudeDegrees>
                        </Position>
                        <AltitudeMeters>432.4364013671875</AltitudeMeters>
                    </Trackpoint>
                    <Trackpoint>
                        <DistanceMeters>600.0928115844727</DistanceMeters>
                        <Time>2022-05-07T13:56:49.466Z</Time>
                        <Position>
                            <LatitudeDegrees>30.522207260131836</LatitudeDegrees>
                            <LongitudeDegrees>104.0560531616211</LongitudeDegrees>
                        </Position>
                        <AltitudeMeters>432.4364013671875</AltitudeMeters>
                    </Trackpoint>
                    <Trackpoint>
                        <DistanceMeters>600.0928115844727</DistanceMeters>
                        <Time>2022-05-07T13:56:50.124Z</Time>
                        <Position>
                            <LatitudeDegrees>30.522220611572266</LatitudeDegrees>
                            <LongitudeDegrees>104.05606079101562</LongitudeDegrees>
                        </Position>
                        <AltitudeMeters>433.4185791015625</AltitudeMeters>
                    </Trackpoint>
                    <Trackpoint>
                        <DistanceMeters>600.0928115844727</DistanceMeters>
                        <Time>2022-05-07T13:56:50.791Z</Time>
                        <Position>
                            <LatitudeDegrees>30.522232055664062</LatitudeDegrees>
                            <LongitudeDegrees>104.05606079101562</LongitudeDegrees>
                        </Position>
                        <AltitudeMeters>433.4185791015625</AltitudeMeters>
                    </Trackpoint>
                    <Trackpoint>
                        <DistanceMeters>600.0928115844727</DistanceMeters>
                        <Time>2022-05-07T13:56:51.445Z</Time>
                        <Position>
                            <LatitudeDegrees>30.52224349975586</LatitudeDegrees>
                            <LongitudeDegrees>104.05606079101562</LongitudeDegrees>
                        </Position>
                        <AltitudeMeters>433.4185791015625</AltitudeMeters>
                    </Trackpoint>
                    <Trackpoint>
                        <DistanceMeters>600.0928115844727</DistanceMeters>
                        <Time>2022-05-07T13:56:52.442Z</Time>
                        <Position>
                            <LatitudeDegrees>30.522262573242188</LatitudeDegrees>
                            <LongitudeDegrees>104.05606079101562</LongitudeDegrees>
                        </Position>
                        <AltitudeMeters>434.3135986328125</AltitudeMeters>
                    </Trackpoint>
                    <Trackpoint>
                        <DistanceMeters>600.0928115844727</DistanceMeters>
                        <Time>2022-05-07T13:56:53.084Z</Time>
                        <Position>
                            <LatitudeDegrees>30.522275924682617</LatitudeDegrees>
                            <LongitudeDegrees>104.05606842041016</LongitudeDegrees>
                        </Position>
                        <AltitudeMeters>434.3135986328125</AltitudeMeters>
                    </Trackpoint>
                    <Trackpoint>
                        <DistanceMeters>600.0928115844727</DistanceMeters>
                        <Time>2022-05-07T13:56:54.084Z</Time>
                        <Position>
                            <LatitudeDegrees>30.522296905517578</LatitudeDegrees>
                            <LongitudeDegrees>104.05606842041016</LongitudeDegrees>
                        </Position>
                        <AltitudeMeters>435.3492431640625</AltitudeMeters>
                    </Trackpoint>
                    <Trackpoint>
                        <DistanceMeters>600.0928115844727</DistanceMeters>
                        <Time>2022-05-07T13:56:54.742Z</Time>
                        <Position>
                            <LatitudeDegrees>30.522310256958008</LatitudeDegrees>
                            <LongitudeDegrees>104.05606842041016</LongitudeDegrees>
                        </Position>
                        <AltitudeMeters>435.3492431640625</AltitudeMeters>
                    </Trackpoint>
                    <Trackpoint>
                        <DistanceMeters>600.0928115844727</DistanceMeters>
                        <Time>2022-05-07T13:56:55.660Z</Time>
                        <Position>
                            <LatitudeDegrees>30.522329330444336</LatitudeDegrees>
                            <LongitudeDegrees>104.05606842041016</LongitudeDegrees>
                        </Position>
                        <AltitudeMeters>435.6490478515625</AltitudeMeters>
                    </Trackpoint>
                    <Trackpoint>
                        <DistanceMeters>600.0928115844727</DistanceMeters>
                        <Time>2022-05-07T13:56:56.425Z</Time>
                        <Position>
                            <LatitudeDegrees>30.5223445892334</LatitudeDegrees>
                            <LongitudeDegrees>104.05607604980469</LongitudeDegrees>
                        </Position>
                        <AltitudeMeters>435.6490478515625</AltitudeMeters>
                    </Trackpoint>
                    <Trackpoint>
                        <DistanceMeters>600.0928115844727</DistanceMeters>
                        <Time>2022-05-07T13:56:57.422Z</Time>
                        <Position>
                            <LatitudeDegrees>30.522361755371094</LatitudeDegrees>
                            <LongitudeDegrees>104.05607604980469</LongitudeDegrees>
                        </Position>
                        <AltitudeMeters>435.6490478515625</AltitudeMeters>
                    </Trackpoint>
                    <Trackpoint>
                        <DistanceMeters>600.0928115844727</DistanceMeters>
                        <Time>2022-05-07T13:56:58.427Z</Time>
                        <Position>
                            <LatitudeDegrees>30.522377014160156</LatitudeDegrees>
                            <LongitudeDegrees>104.05607604980469</LongitudeDegrees>
                        </Position>
                        <AltitudeMeters>436.22845458984375</AltitudeMeters>
                    </Trackpoint>
                    <Trackpoint>
                        <DistanceMeters>600.0928115844727</DistanceMeters>
                        <Time>2022-05-07T13:56:59.106Z</Time>
                        <Position>
                            <LatitudeDegrees>30.522388458251953</LatitudeDegrees>
                            <LongitudeDegrees>104.05607604980469</LongitudeDegrees>
                        </Position>
                        <AltitudeMeters>436.22845458984375</AltitudeMeters>
                    </Trackpoint>
                    <Trackpoint>
                        <DistanceMeters>660.8775978088379</DistanceMeters>
                        <Time>2022-05-07T13:57:00.202Z</Time>
                        <Position>
                            <LatitudeDegrees>30.52240753173828</LatitudeDegrees>
                            <LongitudeDegrees>104.05606079101562</LongitudeDegrees>
                        </Position>
                        <AltitudeMeters>436.2110595703125</AltitudeMeters>
                    </Trackpoint>
                    <Trackpoint>
                        <DistanceMeters>660.8775978088379</DistanceMeters>
                        <Time>2022-05-07T13:57:01.166Z</Time>
                        <Position>
                            <LatitudeDegrees>30.522417068481445</LatitudeDegrees>
                            <LongitudeDegrees>104.0560531616211</LongitudeDegrees>
                        </Position>
                        <AltitudeMeters>436.2110595703125</AltitudeMeters>
                    </Trackpoint>
                    <Trackpoint>
                        <DistanceMeters>660.8775978088379</DistanceMeters>
                        <Time>2022-05-07T13:57:02.746Z</Time>
                        <Position>
                            <LatitudeDegrees>30.52242660522461</LatitudeDegrees>
                            <LongitudeDegrees>104.0560302734375</LongitudeDegrees>
                        </Position>
                        <AltitudeMeters>435.248291015625</AltitudeMeters>
                    </Trackpoint>
                    <Trackpoint>
                        <DistanceMeters>660.8775978088379</DistanceMeters>
                        <Time>2022-05-07T13:57:03.964Z</Time>
                        <Position>
                            <LatitudeDegrees>30.522430419921875</LatitudeDegrees>
                            <LongitudeDegrees>104.05601501464844</LongitudeDegrees>
                        </Position>
                        <AltitudeMeters>434.8563232421875</AltitudeMeters>
                    </Trackpoint>
                    <Trackpoint>
                        <DistanceMeters>660.8775978088379</DistanceMeters>
                        <Time>2022-05-07T13:57:05.280Z</Time>
                        <Position>
                            <LatitudeDegrees>30.52243423461914</LatitudeDegrees>
                            <LongitudeDegrees>104.05599212646484</LongitudeDegrees>
                        </Position>
                        <AltitudeMeters>434.8563232421875</AltitudeMeters>
                    </Trackpoint>
                    <Trackpoint>
                        <DistanceMeters>660.8775978088379</DistanceMeters>
                        <Time>2022-05-07T13:57:06.607Z</Time>
                        <Position>
                            <LatitudeDegrees>30.522449493408203</LatitudeDegrees>
                            <LongitudeDegrees>104.05597686767578</LongitudeDegrees>
                        </Position>
                        <AltitudeMeters>435.060546875</AltitudeMeters>
                    </Trackpoint>
                    <Trackpoint>
                        <DistanceMeters>660.8775978088379</DistanceMeters>
                        <Time>2022-05-07T13:57:07.281Z</Time>
                        <Position>
                            <LatitudeDegrees>30.5224609375</LatitudeDegrees>
                            <LongitudeDegrees>104.05596923828125</LongitudeDegrees>
                        </Position>
                        <AltitudeMeters>435.060546875</AltitudeMeters>
                    </Trackpoint>
                    <Trackpoint>
                        <DistanceMeters>660.8775978088379</DistanceMeters>
                        <Time>2022-05-07T13:57:07.899Z</Time>
                        <Position>
                            <LatitudeDegrees>30.522470474243164</LatitudeDegrees>
                            <LongitudeDegrees>104.05596923828125</LongitudeDegrees>
                        </Position>
                        <AltitudeMeters>435.30609130859375</AltitudeMeters>
                    </Trackpoint>
                    <Trackpoint>
                        <DistanceMeters>660.8775978088379</DistanceMeters>
                        <Time>2022-05-07T13:57:08.905Z</Time>
                        <Position>
                            <LatitudeDegrees>30.522485733032227</LatitudeDegrees>
                            <LongitudeDegrees>104.05596923828125</LongitudeDegrees>
                        </Position>
                        <AltitudeMeters>435.30609130859375</AltitudeMeters>
                    </Trackpoint>
                    <Trackpoint>
                        <DistanceMeters>660.8775978088379</DistanceMeters>
                        <Time>2022-05-07T13:57:09.585Z</Time>
                        <Position>
                            <LatitudeDegrees>30.522497177124023</LatitudeDegrees>
                            <LongitudeDegrees>104.05596923828125</LongitudeDegrees>
                        </Position>
                        <AltitudeMeters>435.30609130859375</AltitudeMeters>
                    </Trackpoint>
                    <Trackpoint>
                        <DistanceMeters>660.8775978088379</DistanceMeters>
                        <Time>2022-05-07T13:57:10.505Z</Time>
                        <Position>
                            <LatitudeDegrees>30.52251625061035</LatitudeDegrees>
                            <LongitudeDegrees>104.05596923828125</LongitudeDegrees>
                        </Position>
                        <AltitudeMeters>435.1888427734375</AltitudeMeters>
                    </Trackpoint>
                    <Trackpoint>
                        <DistanceMeters>660.8775978088379</DistanceMeters>
                        <Time>2022-05-07T13:57:11.167Z</Time>
                        <Position>
                            <LatitudeDegrees>30.52252769470215</LatitudeDegrees>
                            <LongitudeDegrees>104.05597686767578</LongitudeDegrees>
                        </Position>
                        <AltitudeMeters>435.1888427734375</AltitudeMeters>
                    </Trackpoint>
                    <Trackpoint>
                        <DistanceMeters>660.8775978088379</DistanceMeters>
                        <Time>2022-05-07T13:57:11.660Z</Time>
                        <Position>
                            <LatitudeDegrees>30.522539138793945</LatitudeDegrees>
                            <LongitudeDegrees>104.05598449707031</LongitudeDegrees>
                        </Position>
                        <AltitudeMeters>435.66265869140625</AltitudeMeters>
                    </Trackpoint>
                    <Trackpoint>
                        <DistanceMeters>660.8775978088379</DistanceMeters>
                        <Time>2022-05-07T13:57:12.144Z</Time>
                        <Position>
                            <LatitudeDegrees>30.52254867553711</LatitudeDegrees>
                            <LongitudeDegrees>104.05598449707031</LongitudeDegrees>
                        </Position>
                        <AltitudeMeters>435.66265869140625</AltitudeMeters>
                    </Trackpoint>
                    <Trackpoint>
                        <DistanceMeters>660.8775978088379</DistanceMeters>
                        <Time>2022-05-07T13:57:12.787Z</Time>
                        <Position>
                            <LatitudeDegrees>30.52256202697754</LatitudeDegrees>
                            <LongitudeDegrees>104.05598449707031</LongitudeDegrees>
                        </Position>
                        <AltitudeMeters>435.66265869140625</AltitudeMeters>
                    </Trackpoint>
                    <Trackpoint>
                        <DistanceMeters>660.8775978088379</DistanceMeters>
                        <Time>2022-05-07T13:57:13.464Z</Time>
                        <Position>
                            <LatitudeDegrees>30.52257537841797</LatitudeDegrees>
                            <LongitudeDegrees>104.05598449707031</LongitudeDegrees>
                        </Position>
                        <AltitudeMeters>435.66265869140625</AltitudeMeters>
                    </Trackpoint>
                    <Trackpoint>
                        <DistanceMeters>660.8775978088379</DistanceMeters>
                        <Time>2022-05-07T13:57:14.423Z</Time>
                        <Position>
                            <LatitudeDegrees>30.522594451904297</LatitudeDegrees>
                            <LongitudeDegrees>104.05598449707031</LongitudeDegrees>
                        </Position>
                        <AltitudeMeters>436.05535888671875</AltitudeMeters>
                    </Trackpoint>
                    <Trackpoint>
                        <DistanceMeters>660.8775978088379</DistanceMeters>
                        <Time>2022-05-07T13:57:15.121Z</Time>
                        <Position>
                            <LatitudeDegrees>30.522607803344727</LatitudeDegrees>
                            <LongitudeDegrees>104.05598449707031</LongitudeDegrees>
                        </Position>
                        <AltitudeMeters>436.05535888671875</AltitudeMeters>
                    </Trackpoint>
                    <Trackpoint>
                        <DistanceMeters>660.8775978088379</DistanceMeters>
                        <Time>2022-05-07T13:57:15.660Z</Time>
                        <Position>
                            <LatitudeDegrees>30.522619247436523</LatitudeDegrees>
                            <LongitudeDegrees>104.05598449707031</LongitudeDegrees>
                        </Position>
                        <AltitudeMeters>435.7635498046875</AltitudeMeters>
                    </Trackpoint>
                    <Trackpoint>
                        <DistanceMeters>660.8775978088379</DistanceMeters>
                        <Time>2022-05-07T13:57:16.465Z</Time>
                        <Position>
                            <LatitudeDegrees>30.522632598876953</LatitudeDegrees>
                            <LongitudeDegrees>104.05598449707031</LongitudeDegrees>
                        </Position>
                        <AltitudeMeters>435.7635498046875</AltitudeMeters>
                    </Trackpoint>
                    <Trackpoint>
                        <DistanceMeters>660.8775978088379</DistanceMeters>
                        <Time>2022-05-07T13:57:17.400Z</Time>
                        <Position>
                            <LatitudeDegrees>30.52264404296875</LatitudeDegrees>
                            <LongitudeDegrees>104.05598449707031</LongitudeDegrees>
                        </Position>
                        <AltitudeMeters>435.7635498046875</AltitudeMeters>
                    </Trackpoint>
                    <Trackpoint>
                        <DistanceMeters>660.8775978088379</DistanceMeters>
                        <Time>2022-05-07T13:57:18.425Z</Time>
                        <Position>
                            <LatitudeDegrees>30.52265739440918</LatitudeDegrees>
                            <LongitudeDegrees>104.05598449707031</LongitudeDegrees>
                        </Position>
                        <AltitudeMeters>436.0712890625</AltitudeMeters>
                    </Trackpoint>
                    <Trackpoint>
                        <DistanceMeters>660.8775978088379</DistanceMeters>
                        <Time>2022-05-07T13:57:19.066Z</Time>
                        <Position>
                            <LatitudeDegrees>30.522666931152344</LatitudeDegrees>
                            <LongitudeDegrees>104.05598449707031</LongitudeDegrees>
                        </Position>
                        <AltitudeMeters>436.0712890625</AltitudeMeters>
                    </Trackpoint>
                    <Trackpoint>
                        <DistanceMeters>660.8775978088379</DistanceMeters>
                        <Time>2022-05-07T13:57:19.700Z</Time>
                        <Position>
                            <LatitudeDegrees>30.52267837524414</LatitudeDegrees>
                            <LongitudeDegrees>104.05598449707031</LongitudeDegrees>
                        </Position>
                        <AltitudeMeters>436.0712890625</AltitudeMeters>
                    </Trackpoint>
                    <Trackpoint>
                        <DistanceMeters>660.8775978088379</DistanceMeters>
                        <Time>2022-05-07T13:57:20.686Z</Time>
                        <Position>
                            <LatitudeDegrees>30.5226993560791</LatitudeDegrees>
                            <LongitudeDegrees>104.05598449707031</LongitudeDegrees>
                        </Position>
                        <AltitudeMeters>436.712158203125</AltitudeMeters>
                    </Trackpoint>
                    <Trackpoint>
                        <DistanceMeters>660.8775978088379</DistanceMeters>
                        <Time>2022-05-07T13:57:21.384Z</Time>
                        <Position>
                            <LatitudeDegrees>30.52271270751953</LatitudeDegrees>
                            <LongitudeDegrees>104.05598449707031</LongitudeDegrees>
                        </Position>
                        <AltitudeMeters>436.712158203125</AltitudeMeters>
                    </Trackpoint>
                    <Trackpoint>
                        <DistanceMeters>660.8775978088379</DistanceMeters>
                        <Time>2022-05-07T13:57:22.323Z</Time>
                        <Position>
                            <LatitudeDegrees>30.522733688354492</LatitudeDegrees>
                            <LongitudeDegrees>104.05598449707031</LongitudeDegrees>
                        </Position>
                        <AltitudeMeters>436.327392578125</AltitudeMeters>
                    </Trackpoint>
                    <Trackpoint>
                        <DistanceMeters>660.8775978088379</DistanceMeters>
                        <Time>2022-05-07T13:57:23.022Z</Time>
                        <Position>
                            <LatitudeDegrees>30.52274513244629</LatitudeDegrees>
                            <LongitudeDegrees>104.05598449707031</LongitudeDegrees>
                        </Position>
                        <AltitudeMeters>436.327392578125</AltitudeMeters>
                    </Trackpoint>
                    <Trackpoint>
                        <DistanceMeters>660.8775978088379</DistanceMeters>
                        <Time>2022-05-07T13:57:23.963Z</Time>
                        <Position>
                            <LatitudeDegrees>30.522762298583984</LatitudeDegrees>
                            <LongitudeDegrees>104.05598449707031</LongitudeDegrees>
                        </Position>
                        <AltitudeMeters>436.5406494140625</AltitudeMeters>
                    </Trackpoint>
                    <Trackpoint>
                        <DistanceMeters>660.8775978088379</DistanceMeters>
                        <Time>2022-05-07T13:57:24.604Z</Time>
                        <Position>
                            <LatitudeDegrees>30.52277374267578</LatitudeDegrees>
                            <LongitudeDegrees>104.05598449707031</LongitudeDegrees>
                        </Position>
                        <AltitudeMeters>436.5406494140625</AltitudeMeters>
                    </Trackpoint>
                    <Trackpoint>
                        <DistanceMeters>660.8775978088379</DistanceMeters>
                        <Time>2022-05-07T13:57:25.224Z</Time>
                        <Position>
                            <LatitudeDegrees>30.52278709411621</LatitudeDegrees>
                            <LongitudeDegrees>104.05598449707031</LongitudeDegrees>
                        </Position>
                        <AltitudeMeters>436.5406494140625</AltitudeMeters>
                    </Trackpoint>
                    <Trackpoint>
                        <DistanceMeters>660.8775978088379</DistanceMeters>
                        <Time>2022-05-07T13:57:26.222Z</Time>
                        <Position>
                            <LatitudeDegrees>30.522809982299805</LatitudeDegrees>
                            <LongitudeDegrees>104.05597686767578</LongitudeDegrees>
                        </Position>
                        <AltitudeMeters>436.5264892578125</AltitudeMeters>
                    </Trackpoint>
                    <Trackpoint>
                        <DistanceMeters>660.8775978088379</DistanceMeters>
                        <Time>2022-05-07T13:57:26.903Z</Time>
                        <Position>
                            <LatitudeDegrees>30.522823333740234</LatitudeDegrees>
                            <LongitudeDegrees>104.05597686767578</LongitudeDegrees>
                        </Position>
                        <AltitudeMeters>436.5264892578125</AltitudeMeters>
                    </Trackpoint>
                    <Trackpoint>
                        <DistanceMeters>660.8775978088379</DistanceMeters>
                        <Time>2022-05-07T13:57:27.523Z</Time>
                        <Position>
                            <LatitudeDegrees>30.522836685180664</LatitudeDegrees>
                            <LongitudeDegrees>104.05597686767578</LongitudeDegrees>
                        </Position>
                        <AltitudeMeters>436.5264892578125</AltitudeMeters>
                    </Trackpoint>
                    <Trackpoint>
                        <DistanceMeters>660.8775978088379</DistanceMeters>
                        <Time>2022-05-07T13:57:28.503Z</Time>
                        <Position>
                            <LatitudeDegrees>30.522855758666992</LatitudeDegrees>
                            <LongitudeDegrees>104.05596923828125</LongitudeDegrees>
                        </Position>
                        <AltitudeMeters>436.9339599609375</AltitudeMeters>
                    </Trackpoint>
                    <Trackpoint>
                        <DistanceMeters>660.8775978088379</DistanceMeters>
                        <Time>2022-05-07T13:57:29.660Z</Time>
                        <Position>
                            <LatitudeDegrees>30.522878646850586</LatitudeDegrees>
                            <LongitudeDegrees>104.05596923828125</LongitudeDegrees>
                        </Position>
                        <AltitudeMeters>436.9794921875</AltitudeMeters>
                    </Trackpoint>
                    <Trackpoint>
                        <DistanceMeters>721.5731239318848</DistanceMeters>
                        <Time>2022-05-07T13:57:30.172Z</Time>
                        <Position>
                            <LatitudeDegrees>30.522890090942383</LatitudeDegrees>
                            <LongitudeDegrees>104.05596160888672</LongitudeDegrees>
                        </Position>
                        <AltitudeMeters>436.9794921875</AltitudeMeters>
                    </Trackpoint>
                    <Trackpoint>
                        <DistanceMeters>721.5731239318848</DistanceMeters>
                        <Time>2022-05-07T13:57:30.781Z</Time>
                        <Position>
                            <LatitudeDegrees>30.522903442382812</LatitudeDegrees>
                            <LongitudeDegrees>104.05596160888672</LongitudeDegrees>
                        </Position>
                        <AltitudeMeters>436.9794921875</AltitudeMeters>
                    </Trackpoint>
                    <Trackpoint>
                        <DistanceMeters>721.5731239318848</DistanceMeters>
                        <Time>2022-05-07T13:57:31.660Z</Time>
                        <Position>
                            <LatitudeDegrees>30.522924423217773</LatitudeDegrees>
                            <LongitudeDegrees>104.05595397949219</LongitudeDegrees>
                        </Position>
                        <AltitudeMeters>437.2630615234375</AltitudeMeters>
                    </Trackpoint>
                    <Trackpoint>
                        <DistanceMeters>721.5731239318848</DistanceMeters>
                        <Time>2022-05-07T13:57:32.426Z</Time>
                        <Position>
                            <LatitudeDegrees>30.522939682006836</LatitudeDegrees>
                            <LongitudeDegrees>104.05594635009766</LongitudeDegrees>
                        </Position>
                        <AltitudeMeters>437.2630615234375</AltitudeMeters>
                    </Trackpoint>
                    <Trackpoint>
                        <DistanceMeters>721.5731239318848</DistanceMeters>
                        <Time>2022-05-07T13:57:33.404Z</Time>
                        <Position>
                            <LatitudeDegrees>30.522958755493164</LatitudeDegrees>
                            <LongitudeDegrees>104.05593872070312</LongitudeDegrees>
                        </Position>
                        <AltitudeMeters>437.2630615234375</AltitudeMeters>
                    </Trackpoint>
                    <Trackpoint>
                        <DistanceMeters>721.5731239318848</DistanceMeters>
                        <Time>2022-05-07T13:57:34.043Z</Time>
                        <Position>
                            <LatitudeDegrees>30.52297019958496</LatitudeDegrees>
                            <LongitudeDegrees>104.05593872070312</LongitudeDegrees>
                        </Position>
                        <AltitudeMeters>437.17724609375</AltitudeMeters>
                    </Trackpoint>
                    <Trackpoint>
                        <DistanceMeters>721.5731239318848</DistanceMeters>
                        <Time>2022-05-07T13:57:34.707Z</Time>
                        <Position>
                            <LatitudeDegrees>30.52298355102539</LatitudeDegrees>
                            <LongitudeDegrees>104.0559310913086</LongitudeDegrees>
                        </Position>
                        <AltitudeMeters>437.17724609375</AltitudeMeters>
                    </Trackpoint>
                    <Trackpoint>
                        <DistanceMeters>721.5731239318848</DistanceMeters>
                        <Time>2022-05-07T13:57:35.659Z</Time>
                        <Position>
                            <LatitudeDegrees>30.52300262451172</LatitudeDegrees>
                            <LongitudeDegrees>104.05592346191406</LongitudeDegrees>
                        </Position>
                        <AltitudeMeters>437.4085693359375</AltitudeMeters>
                    </Trackpoint>
                    <Trackpoint>
                        <DistanceMeters>721.5731239318848</DistanceMeters>
                        <Time>2022-05-07T13:57:36.343Z</Time>
                        <Position>
                            <LatitudeDegrees>30.523014068603516</LatitudeDegrees>
                            <LongitudeDegrees>104.05592346191406</LongitudeDegrees>
                        </Position>
                        <AltitudeMeters>437.4085693359375</AltitudeMeters>
                    </Trackpoint>
                    <Trackpoint>
                        <DistanceMeters>721.5731239318848</DistanceMeters>
                        <Time>2022-05-07T13:57:37.007Z</Time>
                        <Position>
                            <LatitudeDegrees>30.523027420043945</LatitudeDegrees>
                            <LongitudeDegrees>104.05591583251953</LongitudeDegrees>
                        </Position>
                        <AltitudeMeters>437.4085693359375</AltitudeMeters>
                    </Trackpoint>
                    <Trackpoint>
                        <DistanceMeters>721.5731239318848</DistanceMeters>
                        <Time>2022-05-07T13:57:38.682Z</Time>
                        <Position>
                            <LatitudeDegrees>30.523059844970703</LatitudeDegrees>
                            <LongitudeDegrees>104.055908203125</LongitudeDegrees>
                        </Position>
                        <AltitudeMeters>438.0906982421875</AltitudeMeters>
                    </Trackpoint>
                    <Trackpoint>
                        <DistanceMeters>721.5731239318848</DistanceMeters>
                        <Time>2022-05-07T13:57:39.385Z</Time>
                        <Position>
                            <LatitudeDegrees>30.523075103759766</LatitudeDegrees>
                            <LongitudeDegrees>104.05590057373047</LongitudeDegrees>
                        </Position>
                        <AltitudeMeters>438.0906982421875</AltitudeMeters>
                    </Trackpoint>
                    <Trackpoint>
                        <DistanceMeters>721.5731239318848</DistanceMeters>
                        <Time>2022-05-07T13:57:40.063Z</Time>
                        <Position>
                            <LatitudeDegrees>30.523090362548828</LatitudeDegrees>
                            <LongitudeDegrees>104.05589294433594</LongitudeDegrees>
                        </Position>
                        <AltitudeMeters>437.85784912109375</AltitudeMeters>
                    </Trackpoint>
                    <Trackpoint>
                        <DistanceMeters>721.5731239318848</DistanceMeters>
                        <Time>2022-05-07T13:57:40.683Z</Time>
                        <Position>
                            <LatitudeDegrees>30.523101806640625</LatitudeDegrees>
                            <LongitudeDegrees>104.05589294433594</LongitudeDegrees>
                        </Position>
                        <AltitudeMeters>437.85784912109375</AltitudeMeters>
                    </Trackpoint>
                    <Trackpoint>
                        <DistanceMeters>721.5731239318848</DistanceMeters>
                        <Time>2022-05-07T13:57:41.658Z</Time>
                        <Position>
                            <LatitudeDegrees>30.523122787475586</LatitudeDegrees>
                            <LongitudeDegrees>104.0558853149414</LongitudeDegrees>
                        </Position>
                        <AltitudeMeters>437.85784912109375</AltitudeMeters>
                    </Trackpoint>
                    <Trackpoint>
                        <DistanceMeters>721.5731239318848</DistanceMeters>
                        <Time>2022-05-07T13:57:42.903Z</Time>
                        <Position>
                            <LatitudeDegrees>30.52314567565918</LatitudeDegrees>
                            <LongitudeDegrees>104.05587768554688</LongitudeDegrees>
                        </Position>
                        <AltitudeMeters>438.242919921875</AltitudeMeters>
                    </Trackpoint>
                    <Trackpoint>
                        <DistanceMeters>721.5731239318848</DistanceMeters>
                        <Time>2022-05-07T13:57:43.601Z</Time>
                        <Position>
                            <LatitudeDegrees>30.52315902709961</LatitudeDegrees>
                            <LongitudeDegrees>104.05587768554688</LongitudeDegrees>
                        </Position>
                        <AltitudeMeters>438.242919921875</AltitudeMeters>
                    </Trackpoint>
                    <Trackpoint>
                        <DistanceMeters>721.5731239318848</DistanceMeters>
                        <Time>2022-05-07T13:57:44.847Z</Time>
                        <Position>
                            <LatitudeDegrees>30.52318000793457</LatitudeDegrees>
                            <LongitudeDegrees>104.05587005615234</LongitudeDegrees>
                        </Position>
                        <AltitudeMeters>437.99188232421875</AltitudeMeters>
                    </Trackpoint>
                    <Trackpoint>
                        <DistanceMeters>721.5731239318848</DistanceMeters>
                        <Time>2022-05-07T13:57:45.659Z</Time>
                        <Position>
                            <LatitudeDegrees>30.523195266723633</LatitudeDegrees>
                            <LongitudeDegrees>104.05586242675781</LongitudeDegrees>
                        </Position>
                        <AltitudeMeters>437.7247314453125</AltitudeMeters>
                    </Trackpoint>
                    <Trackpoint>
                        <DistanceMeters>721.5731239318848</DistanceMeters>
                        <Time>2022-05-07T13:57:46.685Z</Time>
                        <Position>
                            <LatitudeDegrees>30.523212432861328</LatitudeDegrees>
                            <LongitudeDegrees>104.05586242675781</LongitudeDegrees>
                        </Position>
                        <AltitudeMeters>437.7247314453125</AltitudeMeters>
                    </Trackpoint>
                    <Trackpoint>
                        <DistanceMeters>721.5731239318848</DistanceMeters>
                        <Time>2022-05-07T13:57:47.366Z</Time>
                        <Position>
                            <LatitudeDegrees>30.523225784301758</LatitudeDegrees>
                            <LongitudeDegrees>104.05585479736328</LongitudeDegrees>
                        </Position>
                        <AltitudeMeters>437.7247314453125</AltitudeMeters>
                    </Trackpoint>
                    <Trackpoint>
                        <DistanceMeters>721.5731239318848</DistanceMeters>
                        <Time>2022-05-07T13:57:48.381Z</Time>
                        <Position>
                            <LatitudeDegrees>30.523242950439453</LatitudeDegrees>
                            <LongitudeDegrees>104.05585479736328</LongitudeDegrees>
                        </Position>
                        <AltitudeMeters>437.3162841796875</AltitudeMeters>
                    </Trackpoint>
                    <Trackpoint>
                        <DistanceMeters>721.5731239318848</DistanceMeters>
                        <Time>2022-05-07T13:57:49.387Z</Time>
                        <Position>
                            <LatitudeDegrees>30.523258209228516</LatitudeDegrees>
                            <LongitudeDegrees>104.05584716796875</LongitudeDegrees>
                        </Position>
                        <AltitudeMeters>437.3162841796875</AltitudeMeters>
                    </Trackpoint>
                    <Trackpoint>
                        <DistanceMeters>721.5731239318848</DistanceMeters>
                        <Time>2022-05-07T13:57:50.699Z</Time>
                        <Position>
                            <LatitudeDegrees>30.523279190063477</LatitudeDegrees>
                            <LongitudeDegrees>104.05584716796875</LongitudeDegrees>
                        </Position>
                        <AltitudeMeters>437.177001953125</AltitudeMeters>
                    </Trackpoint>
                    <Trackpoint>
                        <DistanceMeters>721.5731239318848</DistanceMeters>
                        <Time>2022-05-07T13:57:51.599Z</Time>
                        <Position>
                            <LatitudeDegrees>30.523292541503906</LatitudeDegrees>
                            <LongitudeDegrees>104.05583953857422</LongitudeDegrees>
                        </Position>
                        <AltitudeMeters>437.177001953125</AltitudeMeters>
                    </Trackpoint>
                    <Trackpoint>
                        <DistanceMeters>721.5731239318848</DistanceMeters>
                        <Time>2022-05-07T13:57:52.642Z</Time>
                        <Position>
                            <LatitudeDegrees>30.52330780029297</LatitudeDegrees>
                            <LongitudeDegrees>104.05583953857422</LongitudeDegrees>
                        </Position>
                        <AltitudeMeters>437.1875</AltitudeMeters>
                    </Trackpoint>
                    <Trackpoint>
                        <DistanceMeters>721.5731239318848</DistanceMeters>
                        <Time>2022-05-07T13:57:53.342Z</Time>
                        <Position>
                            <LatitudeDegrees>30.523317337036133</LatitudeDegrees>
                            <LongitudeDegrees>104.05583953857422</LongitudeDegrees>
                        </Position>
                        <AltitudeMeters>437.1875</AltitudeMeters>
                    </Trackpoint>
                    <Trackpoint>
                        <DistanceMeters>721.5731239318848</DistanceMeters>
                        <Time>2022-05-07T13:57:54.665Z</Time>
                        <Position>
                            <LatitudeDegrees>30.523330688476562</LatitudeDegrees>
                            <LongitudeDegrees>104.05583190917969</LongitudeDegrees>
                        </Position>
                        <AltitudeMeters>436.8760986328125</AltitudeMeters>
                    </Trackpoint>
                    <Trackpoint>
                        <DistanceMeters>721.5731239318848</DistanceMeters>
                        <Time>2022-05-07T13:57:55.363Z</Time>
                        <Position>
                            <LatitudeDegrees>30.523340225219727</LatitudeDegrees>
                            <LongitudeDegrees>104.05582427978516</LongitudeDegrees>
                        </Position>
                        <AltitudeMeters>436.8760986328125</AltitudeMeters>
                    </Trackpoint>
                    <Trackpoint>
                        <DistanceMeters>721.5731239318848</DistanceMeters>
                        <Time>2022-05-07T13:57:56.666Z</Time>
                        <Position>
                            <LatitudeDegrees>30.523357391357422</LatitudeDegrees>
                            <LongitudeDegrees>104.05581665039062</LongitudeDegrees>
                        </Position>
                        <AltitudeMeters>436.694580078125</AltitudeMeters>
                    </Trackpoint>
                    <Trackpoint>
                        <DistanceMeters>721.5731239318848</DistanceMeters>
                        <Time>2022-05-07T13:57:57.659Z</Time>
                        <Position>
                            <LatitudeDegrees>30.52337074279785</LatitudeDegrees>
                            <LongitudeDegrees>104.0558090209961</LongitudeDegrees>
                        </Position>
                        <AltitudeMeters>436.44830322265625</AltitudeMeters>
                    </Trackpoint>
                    <Trackpoint>
                        <DistanceMeters>721.5731239318848</DistanceMeters>
                        <Time>2022-05-07T13:57:58.668Z</Time>
                        <Position>
                            <LatitudeDegrees>30.52338409423828</LatitudeDegrees>
                            <LongitudeDegrees>104.05580139160156</LongitudeDegrees>
                        </Position>
                        <AltitudeMeters>436.44830322265625</AltitudeMeters>
                    </Trackpoint>
                    <Trackpoint>
                        <DistanceMeters>721.5731239318848</DistanceMeters>
                        <Time>2022-05-07T13:57:59.367Z</Time>
                        <Position>
                            <LatitudeDegrees>30.523395538330078</LatitudeDegrees>
                            <LongitudeDegrees>104.05580139160156</LongitudeDegrees>
                        </Position>
                        <AltitudeMeters>436.44830322265625</AltitudeMeters>
                    </Trackpoint>
                    <Trackpoint>
                        <DistanceMeters>781.4668197631836</DistanceMeters>
                        <Time>2022-05-07T13:58:00.284Z</Time>
                        <Position>
                            <LatitudeDegrees>30.52341079711914</LatitudeDegrees>
                            <LongitudeDegrees>104.05579376220703</LongitudeDegrees>
                        </Position>
                        <AltitudeMeters>435.37725830078125</AltitudeMeters>
                    </Trackpoint>
                    <Trackpoint>
                        <DistanceMeters>781.4668197631836</DistanceMeters>
                        <Time>2022-05-07T13:58:01.300Z</Time>
                        <Position>
                            <LatitudeDegrees>30.523427963256836</LatitudeDegrees>
                            <LongitudeDegrees>104.05579376220703</LongitudeDegrees>
                        </Position>
                        <AltitudeMeters>435.37725830078125</AltitudeMeters>
                    </Trackpoint>
                    <Trackpoint>
                        <DistanceMeters>781.4668197631836</DistanceMeters>
                        <Time>2022-05-07T13:58:02.000Z</Time>
                        <Position>
                            <LatitudeDegrees>30.523439407348633</LatitudeDegrees>
                            <LongitudeDegrees>104.0557861328125</LongitudeDegrees>
                        </Position>
                        <AltitudeMeters>434.44073486328125</AltitudeMeters>
                    </Trackpoint>
                    <Trackpoint>
                        <DistanceMeters>781.4668197631836</DistanceMeters>
                        <Time>2022-05-07T13:58:02.680Z</Time>
                        <Position>
                            <LatitudeDegrees>30.52345085144043</LatitudeDegrees>
                            <LongitudeDegrees>104.05577850341797</LongitudeDegrees>
                        </Position>
                        <AltitudeMeters>434.44073486328125</AltitudeMeters>
                    </Trackpoint>
                    <Trackpoint>
                        <DistanceMeters>781.4668197631836</DistanceMeters>
                        <Time>2022-05-07T13:58:03.340Z</Time>
                        <Position>
                            <LatitudeDegrees>30.523460388183594</LatitudeDegrees>
                            <LongitudeDegrees>104.05577850341797</LongitudeDegrees>
                        </Position>
                        <AltitudeMeters>434.44073486328125</AltitudeMeters>
                    </Trackpoint>
                    <Trackpoint>
                        <DistanceMeters>781.4668197631836</DistanceMeters>
                        <Time>2022-05-07T13:58:04.939Z</Time>
                        <Position>
                            <LatitudeDegrees>30.523483276367188</LatitudeDegrees>
                            <LongitudeDegrees>104.05577087402344</LongitudeDegrees>
                        </Position>
                        <AltitudeMeters>434.19122314453125</AltitudeMeters>
                    </Trackpoint>
                    <Trackpoint>
                        <DistanceMeters>781.4668197631836</DistanceMeters>
                        <Time>2022-05-07T13:58:05.563Z</Time>
                        <Position>
                            <LatitudeDegrees>30.52349281311035</LatitudeDegrees>
                            <LongitudeDegrees>104.0557632446289</LongitudeDegrees>
                        </Position>
                        <AltitudeMeters>434.19122314453125</AltitudeMeters>
                    </Trackpoint>
                    <Trackpoint>
                        <DistanceMeters>781.4668197631836</DistanceMeters>
                        <Time>2022-05-07T13:58:06.848Z</Time>
                        <Position>
                            <LatitudeDegrees>30.523515701293945</LatitudeDegrees>
                            <LongitudeDegrees>104.05575561523438</LongitudeDegrees>
                        </Position>
                        <AltitudeMeters>434.16650390625</AltitudeMeters>
                    </Trackpoint>
                    <Trackpoint>
                        <DistanceMeters>781.4668197631836</DistanceMeters>
                        <Time>2022-05-07T13:58:07.661Z</Time>
                        <Position>
                            <LatitudeDegrees>30.523530960083008</LatitudeDegrees>
                            <LongitudeDegrees>104.05574798583984</LongitudeDegrees>
                        </Position>
                        <AltitudeMeters>434.3905029296875</AltitudeMeters>
                    </Trackpoint>
                    <Trackpoint>
                        <DistanceMeters>781.4668197631836</DistanceMeters>
                        <Time>2022-05-07T13:58:08.887Z</Time>
                        <Position>
                            <LatitudeDegrees>30.523550033569336</LatitudeDegrees>
                            <LongitudeDegrees>104.05573272705078</LongitudeDegrees>
                        </Position>
                        <AltitudeMeters>434.3905029296875</AltitudeMeters>
                    </Trackpoint>
                    <Trackpoint>
                        <DistanceMeters>781.4668197631836</DistanceMeters>
                        <Time>2022-05-07T13:58:09.569Z</Time>
                        <Position>
                            <LatitudeDegrees>30.5235595703125</LatitudeDegrees>
                            <LongitudeDegrees>104.05572509765625</LongitudeDegrees>
                        </Position>
                        <AltitudeMeters>434.3905029296875</AltitudeMeters>
                    </Trackpoint>
                    <Trackpoint>
                        <DistanceMeters>781.4668197631836</DistanceMeters>
                        <Time>2022-05-07T13:58:10.620Z</Time>
                        <Position>
                            <LatitudeDegrees>30.523578643798828</LatitudeDegrees>
                            <LongitudeDegrees>104.05571746826172</LongitudeDegrees>
                        </Position>
                        <AltitudeMeters>434.3570556640625</AltitudeMeters>
                    </Trackpoint>
                    <Trackpoint>
                        <DistanceMeters>781.4668197631836</DistanceMeters>
                        <Time>2022-05-07T13:58:11.301Z</Time>
                        <Position>
                            <LatitudeDegrees>30.523590087890625</LatitudeDegrees>
                            <LongitudeDegrees>104.05570983886719</LongitudeDegrees>
                        </Position>
                        <AltitudeMeters>434.3570556640625</AltitudeMeters>
                    </Trackpoint>
                    <Trackpoint>
                        <DistanceMeters>781.4668197631836</DistanceMeters>
                        <Time>2022-05-07T13:58:12.251Z</Time>
                        <Position>
                            <LatitudeDegrees>30.523609161376953</LatitudeDegrees>
                            <LongitudeDegrees>104.05570983886719</LongitudeDegrees>
                        </Position>
                        <AltitudeMeters>434.5196533203125</AltitudeMeters>
                    </Trackpoint>
                    <Trackpoint>
                        <DistanceMeters>781.4668197631836</DistanceMeters>
                        <Time>2022-05-07T13:58:13.323Z</Time>
                        <Position>
                            <LatitudeDegrees>30.52362823486328</LatitudeDegrees>
                            <LongitudeDegrees>104.05570220947266</LongitudeDegrees>
                        </Position>
                        <AltitudeMeters>434.5196533203125</AltitudeMeters>
                    </Trackpoint>
                    <Trackpoint>
                        <DistanceMeters>781.4668197631836</DistanceMeters>
                        <Time>2022-05-07T13:58:13.982Z</Time>
                        <Position>
                            <LatitudeDegrees>30.523639678955078</LatitudeDegrees>
                            <LongitudeDegrees>104.05569458007812</LongitudeDegrees>
                        </Position>
                        <AltitudeMeters>434.88232421875</AltitudeMeters>
                    </Trackpoint>
                    <Trackpoint>
                        <DistanceMeters>781.4668197631836</DistanceMeters>
                        <Time>2022-05-07T13:58:14.680Z</Time>
                        <Position>
                            <LatitudeDegrees>30.523651123046875</LatitudeDegrees>
                            <LongitudeDegrees>104.05569458007812</LongitudeDegrees>
                        </Position>
                        <AltitudeMeters>434.88232421875</AltitudeMeters>
                    </Trackpoint>
                    <Trackpoint>
                        <DistanceMeters>781.4668197631836</DistanceMeters>
                        <Time>2022-05-07T13:58:15.302Z</Time>
                        <Position>
                            <LatitudeDegrees>30.523662567138672</LatitudeDegrees>
                            <LongitudeDegrees>104.0556869506836</LongitudeDegrees>
                        </Position>
                        <AltitudeMeters>434.88232421875</AltitudeMeters>
                    </Trackpoint>
                    <Trackpoint>
                        <DistanceMeters>781.4668197631836</DistanceMeters>
                        <Time>2022-05-07T13:58:16.280Z</Time>
                        <Position>
                            <LatitudeDegrees>30.523677825927734</LatitudeDegrees>
                            <LongitudeDegrees>104.05567932128906</LongitudeDegrees>
                        </Position>
                        <AltitudeMeters>435.019287109375</AltitudeMeters>
                    </Trackpoint>
                    <Trackpoint>
                        <DistanceMeters>781.4668197631836</DistanceMeters>
                        <Time>2022-05-07T13:58:17.286Z</Time>
                        <Position>
                            <LatitudeDegrees>30.523693084716797</LatitudeDegrees>
                            <LongitudeDegrees>104.0556640625</LongitudeDegrees>
                        </Position>
                        <AltitudeMeters>435.019287109375</AltitudeMeters>
                    </Trackpoint>
                    <Trackpoint>
                        <DistanceMeters>781.4668197631836</DistanceMeters>
                        <Time>2022-05-07T13:58:18.005Z</Time>
                        <Position>
                            <LatitudeDegrees>30.523704528808594</LatitudeDegrees>
                            <LongitudeDegrees>104.05565643310547</LongitudeDegrees>
                        </Position>
                        <AltitudeMeters>434.817138671875</AltitudeMeters>
                    </Trackpoint>
                    <Trackpoint>
                        <DistanceMeters>781.4668197631836</DistanceMeters>
                        <Time>2022-05-07T13:58:18.686Z</Time>
                        <Position>
                            <LatitudeDegrees>30.52371597290039</LatitudeDegrees>
                            <LongitudeDegrees>104.05565643310547</LongitudeDegrees>
                        </Position>
                        <AltitudeMeters>434.817138671875</AltitudeMeters>
                    </Trackpoint>
                    <Trackpoint>
                        <DistanceMeters>781.4668197631836</DistanceMeters>
                        <Time>2022-05-07T13:58:19.346Z</Time>
                        <Position>
                            <LatitudeDegrees>30.523727416992188</LatitudeDegrees>
                            <LongitudeDegrees>104.05564880371094</LongitudeDegrees>
                        </Position>
                        <AltitudeMeters>434.817138671875</AltitudeMeters>
                    </Trackpoint>
                    <Trackpoint>
                        <DistanceMeters>781.4668197631836</DistanceMeters>
                        <Time>2022-05-07T13:58:20.283Z</Time>
                        <Position>
                            <LatitudeDegrees>30.523744583129883</LatitudeDegrees>
                            <LongitudeDegrees>104.0556411743164</LongitudeDegrees>
                        </Position>
                        <AltitudeMeters>434.54791259765625</AltitudeMeters>
                    </Trackpoint>
                    <Trackpoint>
                        <DistanceMeters>781.4668197631836</DistanceMeters>
                        <Time>2022-05-07T13:58:20.966Z</Time>
                        <Position>
                            <LatitudeDegrees>30.523754119873047</LatitudeDegrees>
                            <LongitudeDegrees>104.05563354492188</LongitudeDegrees>
                        </Position>
                        <AltitudeMeters>434.54791259765625</AltitudeMeters>
                    </Trackpoint>
                    <Trackpoint>
                        <DistanceMeters>781.4668197631836</DistanceMeters>
                        <Time>2022-05-07T13:58:21.980Z</Time>
                        <Position>
                            <LatitudeDegrees>30.52376937866211</LatitudeDegrees>
                            <LongitudeDegrees>104.05562591552734</LongitudeDegrees>
                        </Position>
                        <AltitudeMeters>434.5391845703125</AltitudeMeters>
                    </Trackpoint>
                    <Trackpoint>
                        <DistanceMeters>781.4668197631836</DistanceMeters>
                        <Time>2022-05-07T13:58:22.659Z</Time>
                        <Position>
                            <LatitudeDegrees>30.523778915405273</LatitudeDegrees>
                            <LongitudeDegrees>104.05561828613281</LongitudeDegrees>
                        </Position>
                        <AltitudeMeters>434.5391845703125</AltitudeMeters>
                    </Trackpoint>
                    <Trackpoint>
                        <DistanceMeters>781.4668197631836</DistanceMeters>
                        <Time>2022-05-07T13:58:23.300Z</Time>
                        <Position>
                            <LatitudeDegrees>30.523788452148438</LatitudeDegrees>
                            <LongitudeDegrees>104.05561828613281</LongitudeDegrees>
                        </Position>
                        <AltitudeMeters>434.5391845703125</AltitudeMeters>
                    </Trackpoint>
                    <Trackpoint>
                        <DistanceMeters>781.4668197631836</DistanceMeters>
                        <Time>2022-05-07T13:58:24.683Z</Time>
                        <Position>
                            <LatitudeDegrees>30.5238094329834</LatitudeDegrees>
                            <LongitudeDegrees>104.05560302734375</LongitudeDegrees>
                        </Position>
                        <AltitudeMeters>434.105224609375</AltitudeMeters>
                    </Trackpoint>
                    <Trackpoint>
                        <DistanceMeters>781.4668197631836</DistanceMeters>
                        <Time>2022-05-07T13:58:25.361Z</Time>
                        <Position>
                            <LatitudeDegrees>30.523818969726562</LatitudeDegrees>
                            <LongitudeDegrees>104.05559539794922</LongitudeDegrees>
                        </Position>
                        <AltitudeMeters>434.105224609375</AltitudeMeters>
                    </Trackpoint>
                    <Trackpoint>
                        <DistanceMeters>781.4668197631836</DistanceMeters>
                        <Time>2022-05-07T13:58:26.026Z</Time>
                        <Position>
                            <LatitudeDegrees>30.523826599121094</LatitudeDegrees>
                            <LongitudeDegrees>104.05558776855469</LongitudeDegrees>
                        </Position>
                        <AltitudeMeters>434.279296875</AltitudeMeters>
                    </Trackpoint>
                    <Trackpoint>
                        <DistanceMeters>781.4668197631836</DistanceMeters>
                        <Time>2022-05-07T13:58:26.702Z</Time>
                        <Position>
                            <LatitudeDegrees>30.523834228515625</LatitudeDegrees>
                            <LongitudeDegrees>104.05558013916016</LongitudeDegrees>
                        </Position>
                        <AltitudeMeters>434.279296875</AltitudeMeters>
                    </Trackpoint>
                    <Trackpoint>
                        <DistanceMeters>781.4668197631836</DistanceMeters>
                        <Time>2022-05-07T13:58:27.687Z</Time>
                        <Position>
                            <LatitudeDegrees>30.52384376525879</LatitudeDegrees>
                            <LongitudeDegrees>104.0555648803711</LongitudeDegrees>
                        </Position>
                        <AltitudeMeters>434.279296875</AltitudeMeters>
                    </Trackpoint>
                    <Trackpoint>
                        <DistanceMeters>781.4668197631836</DistanceMeters>
                        <Time>2022-05-07T13:58:28.320Z</Time>
                        <Position>
                            <LatitudeDegrees>30.52385139465332</LatitudeDegrees>
                            <LongitudeDegrees>104.05555725097656</LongitudeDegrees>
                        </Position>
                        <AltitudeMeters>434.2266845703125</AltitudeMeters>
                    </Trackpoint>
                    <Trackpoint>
                        <DistanceMeters>781.4668197631836</DistanceMeters>
                        <Time>2022-05-07T13:58:29.660Z</Time>
                        <Position>
                            <LatitudeDegrees>30.52387046813965</LatitudeDegrees>
                            <LongitudeDegrees>104.0555419921875</LongitudeDegrees>
                        </Position>
                        <AltitudeMeters>434.020751953125</AltitudeMeters>
                    </Trackpoint>
                    <Trackpoint>
                        <DistanceMeters>843.2806816101074</DistanceMeters>
                        <Time>2022-05-07T13:58:30.964Z</Time>
                        <Position>
                            <LatitudeDegrees>30.523880004882812</LatitudeDegrees>
                            <LongitudeDegrees>104.05552673339844</LongitudeDegrees>
                        </Position>
                        <AltitudeMeters>434.020751953125</AltitudeMeters>
                    </Trackpoint>
                    <Trackpoint>
                        <DistanceMeters>843.2806816101074</DistanceMeters>
                        <Time>2022-05-07T13:58:31.964Z</Time>
                        <Position>
                            <LatitudeDegrees>30.52389144897461</LatitudeDegrees>
                            <LongitudeDegrees>104.05551147460938</LongitudeDegrees>
                        </Position>
                        <AltitudeMeters>433.7425537109375</AltitudeMeters>
                    </Trackpoint>
                    <Trackpoint>
                        <DistanceMeters>843.2806816101074</DistanceMeters>
                        <Time>2022-05-07T13:58:32.966Z</Time>
                        <Position>
                            <LatitudeDegrees>30.523908615112305</LatitudeDegrees>
                            <LongitudeDegrees>104.05550384521484</LongitudeDegrees>
                        </Position>
                        <AltitudeMeters>433.7425537109375</AltitudeMeters>
                    </Trackpoint>
                    <Trackpoint>
                        <DistanceMeters>843.2806816101074</DistanceMeters>
                        <Time>2022-05-07T13:58:33.648Z</Time>
                        <Position>
                            <LatitudeDegrees>30.523921966552734</LatitudeDegrees>
                            <LongitudeDegrees>104.05550384521484</LongitudeDegrees>
                        </Position>
                        <AltitudeMeters>433.7425537109375</AltitudeMeters>
                    </Trackpoint>
                    <Trackpoint>
                        <DistanceMeters>843.2806816101074</DistanceMeters>
                        <Time>2022-05-07T13:58:34.644Z</Time>
                        <Position>
                            <LatitudeDegrees>30.523937225341797</LatitudeDegrees>
                            <LongitudeDegrees>104.05550384521484</LongitudeDegrees>
                        </Position>
                        <AltitudeMeters>433.74603271484375</AltitudeMeters>
                    </Trackpoint>
                    <Trackpoint>
                        <DistanceMeters>843.2806816101074</DistanceMeters>
                        <Time>2022-05-07T13:58:35.284Z</Time>
                        <Position>
                            <LatitudeDegrees>30.52394676208496</LatitudeDegrees>
                            <LongitudeDegrees>104.05549621582031</LongitudeDegrees>
                        </Position>
                        <AltitudeMeters>433.74603271484375</AltitudeMeters>
                    </Trackpoint>
                    <Trackpoint>
                        <DistanceMeters>843.2806816101074</DistanceMeters>
                        <Time>2022-05-07T13:58:35.963Z</Time>
                        <Position>
                            <LatitudeDegrees>30.52395248413086</LatitudeDegrees>
                            <LongitudeDegrees>104.05548095703125</LongitudeDegrees>
                        </Position>
                        <AltitudeMeters>434.1011962890625</AltitudeMeters>
                    </Trackpoint>
                    <Trackpoint>
                        <DistanceMeters>843.2806816101074</DistanceMeters>
                        <Time>2022-05-07T13:58:36.662Z</Time>
                        <Position>
                            <LatitudeDegrees>30.523958206176758</LatitudeDegrees>
                            <LongitudeDegrees>104.05547332763672</LongitudeDegrees>
                        </Position>
                        <AltitudeMeters>434.1011962890625</AltitudeMeters>
                    </Trackpoint>
                    <Trackpoint>
                        <DistanceMeters>843.2806816101074</DistanceMeters>
                        <Time>2022-05-07T13:58:37.648Z</Time>
                        <Position>
                            <LatitudeDegrees>30.52397346496582</LatitudeDegrees>
                            <LongitudeDegrees>104.05545806884766</LongitudeDegrees>
                        </Position>
                        <AltitudeMeters>434.1011962890625</AltitudeMeters>
                    </Trackpoint>
                    <Trackpoint>
                        <DistanceMeters>843.2806816101074</DistanceMeters>
                        <Time>2022-05-07T13:58:38.281Z</Time>
                        <Position>
                            <LatitudeDegrees>30.52398109436035</LatitudeDegrees>
                            <LongitudeDegrees>104.0554428100586</LongitudeDegrees>
                        </Position>
                        <AltitudeMeters>434.25146484375</AltitudeMeters>
                    </Trackpoint>
                    <Trackpoint>
                        <DistanceMeters>843.2806816101074</DistanceMeters>
                        <Time>2022-05-07T13:58:39.274Z</Time>
                        <Position>
                            <LatitudeDegrees>30.52399253845215</LatitudeDegrees>
                            <LongitudeDegrees>104.05542755126953</LongitudeDegrees>
                        </Position>
                        <AltitudeMeters>434.25146484375</AltitudeMeters>
                    </Trackpoint>
                    <Trackpoint>
                        <DistanceMeters>843.2806816101074</DistanceMeters>
                        <Time>2022-05-07T13:58:39.947Z</Time>
                        <Position>
                            <LatitudeDegrees>30.52400016784668</LatitudeDegrees>
                            <LongitudeDegrees>104.05541229248047</LongitudeDegrees>
                        </Position>
                        <AltitudeMeters>434.94500732421875</AltitudeMeters>
                    </Trackpoint>
                    <Trackpoint>
                        <DistanceMeters>843.2806816101074</DistanceMeters>
                        <Time>2022-05-07T13:58:40.886Z</Time>
                        <Position>
                            <LatitudeDegrees>30.52401351928711</LatitudeDegrees>
                            <LongitudeDegrees>104.0553970336914</LongitudeDegrees>
                        </Position>
                        <AltitudeMeters>434.94500732421875</AltitudeMeters>
                    </Trackpoint>
                    <Trackpoint>
                        <DistanceMeters>843.2806816101074</DistanceMeters>
                        <Time>2022-05-07T13:58:41.546Z</Time>
                        <Position>
                            <LatitudeDegrees>30.52402114868164</LatitudeDegrees>
                            <LongitudeDegrees>104.05538940429688</LongitudeDegrees>
                        </Position>
                        <AltitudeMeters>434.94500732421875</AltitudeMeters>
                    </Trackpoint>
                    <Trackpoint>
                        <DistanceMeters>843.2806816101074</DistanceMeters>
                        <Time>2022-05-07T13:58:42.868Z</Time>
                        <Position>
                            <LatitudeDegrees>30.524038314819336</LatitudeDegrees>
                            <LongitudeDegrees>104.05536651611328</LongitudeDegrees>
                        </Position>
                        <AltitudeMeters>435.58758544921875</AltitudeMeters>
                    </Trackpoint>
                    <Trackpoint>
                        <DistanceMeters>843.2806816101074</DistanceMeters>
                        <Time>2022-05-07T13:58:43.566Z</Time>
                        <Position>
                            <LatitudeDegrees>30.524045944213867</LatitudeDegrees>
                            <LongitudeDegrees>104.05535888671875</LongitudeDegrees>
                        </Position>
                        <AltitudeMeters>435.58758544921875</AltitudeMeters>
                    </Trackpoint>
                    <Trackpoint>
                        <DistanceMeters>843.2806816101074</DistanceMeters>
                        <Time>2022-05-07T13:58:44.526Z</Time>
                        <Position>
                            <LatitudeDegrees>30.524059295654297</LatitudeDegrees>
                            <LongitudeDegrees>104.05534362792969</LongitudeDegrees>
                        </Position>
                        <AltitudeMeters>435.9454345703125</AltitudeMeters>
                    </Trackpoint>
                    <Trackpoint>
                        <DistanceMeters>843.2806816101074</DistanceMeters>
                        <Time>2022-05-07T13:58:45.261Z</Time>
                        <Position>
                            <LatitudeDegrees>30.524070739746094</LatitudeDegrees>
                            <LongitudeDegrees>104.05533599853516</LongitudeDegrees>
                        </Position>
                        <AltitudeMeters>435.9454345703125</AltitudeMeters>
                    </Trackpoint>
                    <Trackpoint>
                        <DistanceMeters>843.2806816101074</DistanceMeters>
                        <Time>2022-05-07T13:58:46.181Z</Time>
                        <Position>
                            <LatitudeDegrees>30.524080276489258</LatitudeDegrees>
                            <LongitudeDegrees>104.0553207397461</LongitudeDegrees>
                        </Position>
                        <AltitudeMeters>435.8895263671875</AltitudeMeters>
                    </Trackpoint>
                    <Trackpoint>
                        <DistanceMeters>843.2806816101074</DistanceMeters>
                        <Time>2022-05-07T13:58:46.804Z</Time>
                        <Position>
                            <LatitudeDegrees>30.52408790588379</LatitudeDegrees>
                            <LongitudeDegrees>104.05531311035156</LongitudeDegrees>
                        </Position>
                        <AltitudeMeters>435.8895263671875</AltitudeMeters>
                    </Trackpoint>
                    <Trackpoint>
                        <DistanceMeters>843.2806816101074</DistanceMeters>
                        <Time>2022-05-07T13:58:47.660Z</Time>
                        <Position>
                            <LatitudeDegrees>30.524099349975586</LatitudeDegrees>
                            <LongitudeDegrees>104.0552978515625</LongitudeDegrees>
                        </Position>
                        <AltitudeMeters>436.1512451171875</AltitudeMeters>
                    </Trackpoint>
                    <Trackpoint>
                        <DistanceMeters>843.2806816101074</DistanceMeters>
                        <Time>2022-05-07T13:58:48.482Z</Time>
                        <Position>
                            <LatitudeDegrees>30.524110794067383</LatitudeDegrees>
                            <LongitudeDegrees>104.05529022216797</LongitudeDegrees>
                        </Position>
                        <AltitudeMeters>436.1512451171875</AltitudeMeters>
                    </Trackpoint>
                    <Trackpoint>
                        <DistanceMeters>843.2806816101074</DistanceMeters>
                        <Time>2022-05-07T13:58:49.659Z</Time>
                        <Position>
                            <LatitudeDegrees>30.524127960205078</LatitudeDegrees>
                            <LongitudeDegrees>104.05526733398438</LongitudeDegrees>
                        </Position>
                        <AltitudeMeters>435.9505615234375</AltitudeMeters>
                    </Trackpoint>
                    <Trackpoint>
                        <DistanceMeters>843.2806816101074</DistanceMeters>
                        <Time>2022-05-07T13:58:50.807Z</Time>
                        <Position>
                            <LatitudeDegrees>30.52414321899414</LatitudeDegrees>
                            <LongitudeDegrees>104.05524444580078</LongitudeDegrees>
                        </Position>
                        <AltitudeMeters>435.9505615234375</AltitudeMeters>
                    </Trackpoint>
                    <Trackpoint>
                        <DistanceMeters>843.2806816101074</DistanceMeters>
                        <Time>2022-05-07T13:58:51.491Z</Time>
                        <Position>
                            <LatitudeDegrees>30.524154663085938</LatitudeDegrees>
                            <LongitudeDegrees>104.05523681640625</LongitudeDegrees>
                        </Position>
                        <AltitudeMeters>435.9505615234375</AltitudeMeters>
                    </Trackpoint>
                    <Trackpoint>
                        <DistanceMeters>843.2806816101074</DistanceMeters>
                        <Time>2022-05-07T13:58:52.149Z</Time>
                        <Position>
                            <LatitudeDegrees>30.5241641998291</LatitudeDegrees>
                            <LongitudeDegrees>104.05522155761719</LongitudeDegrees>
                        </Position>
                        <AltitudeMeters>434.64910888671875</AltitudeMeters>
                    </Trackpoint>
                    <Trackpoint>
                        <DistanceMeters>843.2806816101074</DistanceMeters>
                        <Time>2022-05-07T13:58:53.164Z</Time>
                        <Position>
                            <LatitudeDegrees>30.5241756439209</LatitudeDegrees>
                            <LongitudeDegrees>104.05520629882812</LongitudeDegrees>
                        </Position>
                        <AltitudeMeters>434.64910888671875</AltitudeMeters>
                    </Trackpoint>
                    <Trackpoint>
                        <DistanceMeters>843.2806816101074</DistanceMeters>
                        <Time>2022-05-07T13:58:53.660Z</Time>
                        <Position>
                            <LatitudeDegrees>30.524181365966797</LatitudeDegrees>
                            <LongitudeDegrees>104.0551986694336</LongitudeDegrees>
                        </Position>
                        <AltitudeMeters>434.9837646484375</AltitudeMeters>
                    </Trackpoint>
                    <Trackpoint>
                        <DistanceMeters>843.2806816101074</DistanceMeters>
                        <Time>2022-05-07T13:58:54.504Z</Time>
                        <Position>
                            <LatitudeDegrees>30.524188995361328</LatitudeDegrees>
                            <LongitudeDegrees>104.05518341064453</LongitudeDegrees>
                        </Position>
                        <AltitudeMeters>434.9837646484375</AltitudeMeters>
                    </Trackpoint>
                    <Trackpoint>
                        <DistanceMeters>843.2806816101074</DistanceMeters>
                        <Time>2022-05-07T13:58:55.660Z</Time>
                        <Position>
                            <LatitudeDegrees>30.52419662475586</LatitudeDegrees>
                            <LongitudeDegrees>104.05516052246094</LongitudeDegrees>
                        </Position>
                        <AltitudeMeters>435.3365478515625</AltitudeMeters>
                    </Trackpoint>
                    <Trackpoint>
                        <DistanceMeters>843.2806816101074</DistanceMeters>
                        <Time>2022-05-07T13:58:56.420Z</Time>
                        <Position>
                            <LatitudeDegrees>30.524200439453125</LatitudeDegrees>
                            <LongitudeDegrees>104.05513763427734</LongitudeDegrees>
                        </Position>
                        <AltitudeMeters>435.3365478515625</AltitudeMeters>
                    </Trackpoint>
                    <Trackpoint>
                        <DistanceMeters>843.2806816101074</DistanceMeters>
                        <Time>2022-05-07T13:58:57.168Z</Time>
                        <Position>
                            <LatitudeDegrees>30.524206161499023</LatitudeDegrees>
                            <LongitudeDegrees>104.05512237548828</LongitudeDegrees>
                        </Position>
                        <AltitudeMeters>435.3365478515625</AltitudeMeters>
                    </Trackpoint>
                    <Trackpoint>
                        <DistanceMeters>843.2806816101074</DistanceMeters>
                        <Time>2022-05-07T13:58:57.659Z</Time>
                        <Position>
                            <LatitudeDegrees>30.524208068847656</LatitudeDegrees>
                            <LongitudeDegrees>104.05511474609375</LongitudeDegrees>
                        </Position>
                        <AltitudeMeters>435.63861083984375</AltitudeMeters>
                    </Trackpoint>
                    <Trackpoint>
                        <DistanceMeters>843.2806816101074</DistanceMeters>
                        <Time>2022-05-07T13:58:58.421Z</Time>
                        <Position>
                            <LatitudeDegrees>30.524213790893555</LatitudeDegrees>
                            <LongitudeDegrees>104.05509948730469</LongitudeDegrees>
                        </Position>
                        <AltitudeMeters>435.63861083984375</AltitudeMeters>
                    </Trackpoint>
                    <Trackpoint>
                        <DistanceMeters>843.2806816101074</DistanceMeters>
                        <Time>2022-05-07T13:58:59.660Z</Time>
                        <Position>
                            <LatitudeDegrees>30.524219512939453</LatitudeDegrees>
                            <LongitudeDegrees>104.0550765991211</LongitudeDegrees>
                        </Position>
                        <AltitudeMeters>435.2767333984375</AltitudeMeters>
                    </Trackpoint>
                    <Trackpoint>
                        <DistanceMeters>903.917552947998</DistanceMeters>
                        <Time>2022-05-07T13:59:00.810Z</Time>
                        <Position>
                            <LatitudeDegrees>30.524229049682617</LatitudeDegrees>
                            <LongitudeDegrees>104.05506134033203</LongitudeDegrees>
                        </Position>
                        <AltitudeMeters>435.2767333984375</AltitudeMeters>
                    </Trackpoint>
                    <Trackpoint>
                        <DistanceMeters>903.917552947998</DistanceMeters>
                        <Time>2022-05-07T13:59:01.660Z</Time>
                        <Position>
                            <LatitudeDegrees>30.524234771728516</LatitudeDegrees>
                            <LongitudeDegrees>104.05504608154297</LongitudeDegrees>
                        </Position>
                        <AltitudeMeters>435.924072265625</AltitudeMeters>
                    </Trackpoint>
                    <Trackpoint>
                        <DistanceMeters>903.917552947998</DistanceMeters>
                        <Time>2022-05-07T13:59:02.425Z</Time>
                        <Position>
                            <LatitudeDegrees>30.52423858642578</LatitudeDegrees>
                            <LongitudeDegrees>104.0550308227539</LongitudeDegrees>
                        </Position>
                        <AltitudeMeters>435.924072265625</AltitudeMeters>
                    </Trackpoint>
                    <Trackpoint>
                        <DistanceMeters>903.917552947998</DistanceMeters>
                        <Time>2022-05-07T13:59:03.382Z</Time>
                        <Position>
                            <LatitudeDegrees>30.524242401123047</LatitudeDegrees>
                            <LongitudeDegrees>104.05501556396484</LongitudeDegrees>
                        </Position>
                        <AltitudeMeters>435.924072265625</AltitudeMeters>
                    </Trackpoint>
                    <Trackpoint>
                        <DistanceMeters>903.917552947998</DistanceMeters>
                        <Time>2022-05-07T13:59:04.449Z</Time>
                        <Position>
                            <LatitudeDegrees>30.524248123168945</LatitudeDegrees>
                            <LongitudeDegrees>104.05499267578125</LongitudeDegrees>
                        </Position>
                        <AltitudeMeters>437.004638671875</AltitudeMeters>
                    </Trackpoint>
                    <Trackpoint>
                        <DistanceMeters>903.917552947998</DistanceMeters>
                        <Time>2022-05-07T13:59:05.107Z</Time>
                        <Position>
                            <LatitudeDegrees>30.52425193786621</LatitudeDegrees>
                            <LongitudeDegrees>104.05497741699219</LongitudeDegrees>
                        </Position>
                        <AltitudeMeters>437.004638671875</AltitudeMeters>
                    </Trackpoint>
                    <Trackpoint>
                        <DistanceMeters>903.917552947998</DistanceMeters>
                        <Time>2022-05-07T13:59:05.660Z</Time>
                        <Position>
                            <LatitudeDegrees>30.524255752563477</LatitudeDegrees>
                            <LongitudeDegrees>104.05496978759766</LongitudeDegrees>
                        </Position>
                        <AltitudeMeters>437.0863037109375</AltitudeMeters>
                    </Trackpoint>
                    <Trackpoint>
                        <DistanceMeters>903.917552947998</DistanceMeters>
                        <Time>2022-05-07T13:59:07.079Z</Time>
                        <Position>
                            <LatitudeDegrees>30.524267196655273</LatitudeDegrees>
                            <LongitudeDegrees>104.054931640625</LongitudeDegrees>
                        </Position>
                        <AltitudeMeters>437.0863037109375</AltitudeMeters>
                    </Trackpoint>
                    <Trackpoint>
                        <DistanceMeters>903.917552947998</DistanceMeters>
                        <Time>2022-05-07T13:59:07.660Z</Time>
                        <Position>
                            <LatitudeDegrees>30.524272918701172</LatitudeDegrees>
                            <LongitudeDegrees>104.05492401123047</LongitudeDegrees>
                        </Position>
                        <AltitudeMeters>436.28955078125</AltitudeMeters>
                    </Trackpoint>
                    <Trackpoint>
                        <DistanceMeters>903.917552947998</DistanceMeters>
                        <Time>2022-05-07T13:59:08.383Z</Time>
                        <Position>
                            <LatitudeDegrees>30.52427864074707</LatitudeDegrees>
                            <LongitudeDegrees>104.0549087524414</LongitudeDegrees>
                        </Position>
                        <AltitudeMeters>436.28955078125</AltitudeMeters>
                    </Trackpoint>
                    <Trackpoint>
                        <DistanceMeters>903.917552947998</DistanceMeters>
                        <Time>2022-05-07T13:59:09.080Z</Time>
                        <Position>
                            <LatitudeDegrees>30.52428436279297</LatitudeDegrees>
                            <LongitudeDegrees>104.05489349365234</LongitudeDegrees>
                        </Position>
                        <AltitudeMeters>436.28955078125</AltitudeMeters>
                    </Trackpoint>
                    <Trackpoint>
                        <DistanceMeters>903.917552947998</DistanceMeters>
                        <Time>2022-05-07T13:59:09.660Z</Time>
                        <Position>
                            <LatitudeDegrees>30.524290084838867</LatitudeDegrees>
                            <LongitudeDegrees>104.05487823486328</LongitudeDegrees>
                        </Position>
                        <AltitudeMeters>436.1478271484375</AltitudeMeters>
                    </Trackpoint>
                    <Trackpoint>
                        <DistanceMeters>903.917552947998</DistanceMeters>
                        <Time>2022-05-07T13:59:11.044Z</Time>
                        <Position>
                            <LatitudeDegrees>30.52429962158203</LatitudeDegrees>
                            <LongitudeDegrees>104.05485534667969</LongitudeDegrees>
                        </Position>
                        <AltitudeMeters>436.1478271484375</AltitudeMeters>
                    </Trackpoint>
                    <Trackpoint>
                        <DistanceMeters>903.917552947998</DistanceMeters>
                        <Time>2022-05-07T13:59:11.687Z</Time>
                        <Position>
                            <LatitudeDegrees>30.52430534362793</LatitudeDegrees>
                            <LongitudeDegrees>104.05484008789062</LongitudeDegrees>
                        </Position>
                        <AltitudeMeters>436.1478271484375</AltitudeMeters>
                    </Trackpoint>
                    <Trackpoint>
                        <DistanceMeters>903.917552947998</DistanceMeters>
                        <Time>2022-05-07T13:59:12.367Z</Time>
                        <Position>
                            <LatitudeDegrees>30.524309158325195</LatitudeDegrees>
                            <LongitudeDegrees>104.05482482910156</LongitudeDegrees>
                        </Position>
                        <AltitudeMeters>436.3560791015625</AltitudeMeters>
                    </Trackpoint>
                    <Trackpoint>
                        <DistanceMeters>903.917552947998</DistanceMeters>
                        <Time>2022-05-07T13:59:12.979Z</Time>
                        <Position>
                            <LatitudeDegrees>30.52431297302246</LatitudeDegrees>
                            <LongitudeDegrees>104.05481719970703</LongitudeDegrees>
                        </Position>
                        <AltitudeMeters>436.3560791015625</AltitudeMeters>
                    </Trackpoint>
                    <Trackpoint>
                        <DistanceMeters>903.917552947998</DistanceMeters>
                        <Time>2022-05-07T13:59:13.645Z</Time>
                        <Position>
                            <LatitudeDegrees>30.524316787719727</LatitudeDegrees>
                            <LongitudeDegrees>104.05480194091797</LongitudeDegrees>
                        </Position>
                        <AltitudeMeters>436.3560791015625</AltitudeMeters>
                    </Trackpoint>
                    <Trackpoint>
                        <DistanceMeters>903.917552947998</DistanceMeters>
                        <Time>2022-05-07T13:59:14.353Z</Time>
                        <Position>
                            <LatitudeDegrees>30.52431869506836</LatitudeDegrees>
                            <LongitudeDegrees>104.0547866821289</LongitudeDegrees>
                        </Position>
                        <AltitudeMeters>436.262451171875</AltitudeMeters>
                    </Trackpoint>
                    <Trackpoint>
                        <DistanceMeters>903.917552947998</DistanceMeters>
                        <Time>2022-05-07T13:59:14.981Z</Time>
                        <Position>
                            <LatitudeDegrees>30.524322509765625</LatitudeDegrees>
                            <LongitudeDegrees>104.05477905273438</LongitudeDegrees>
                        </Position>
                        <AltitudeMeters>436.262451171875</AltitudeMeters>
                    </Trackpoint>
                    <Trackpoint>
                        <DistanceMeters>903.917552947998</DistanceMeters>
                        <Time>2022-05-07T13:59:15.660Z</Time>
                        <Position>
                            <LatitudeDegrees>30.524324417114258</LatitudeDegrees>
                            <LongitudeDegrees>104.05475616455078</LongitudeDegrees>
                        </Position>
                        <AltitudeMeters>436.262451171875</AltitudeMeters>
                    </Trackpoint>
                    <Trackpoint>
                        <DistanceMeters>903.917552947998</DistanceMeters>
                        <Time>2022-05-07T13:59:16.581Z</Time>
                        <Position>
                            <LatitudeDegrees>30.524328231811523</LatitudeDegrees>
                            <LongitudeDegrees>104.05474090576172</LongitudeDegrees>
                        </Position>
                        <AltitudeMeters>436.590576171875</AltitudeMeters>
                    </Trackpoint>
                    <Trackpoint>
                        <DistanceMeters>903.917552947998</DistanceMeters>
                        <Time>2022-05-07T13:59:17.680Z</Time>
                        <Position>
                            <LatitudeDegrees>30.52433204650879</LatitudeDegrees>
                            <LongitudeDegrees>104.0547103881836</LongitudeDegrees>
                        </Position>
                        <AltitudeMeters>436.590576171875</AltitudeMeters>
                    </Trackpoint>
                    <Trackpoint>
                        <DistanceMeters>903.917552947998</DistanceMeters>
                        <Time>2022-05-07T13:59:18.303Z</Time>
                        <Position>
                            <LatitudeDegrees>30.524335861206055</LatitudeDegrees>
                            <LongitudeDegrees>104.05470275878906</LongitudeDegrees>
                        </Position>
                        <AltitudeMeters>437.60894775390625</AltitudeMeters>
                    </Trackpoint>
                    <Trackpoint>
                        <DistanceMeters>903.917552947998</DistanceMeters>
                        <Time>2022-05-07T13:59:19.299Z</Time>
                        <Position>
                            <LatitudeDegrees>30.524343490600586</LatitudeDegrees>
                            <LongitudeDegrees>104.0546875</LongitudeDegrees>
                        </Position>
                        <AltitudeMeters>437.60894775390625</AltitudeMeters>
                    </Trackpoint>
                    <Trackpoint>
                        <DistanceMeters>903.917552947998</DistanceMeters>
                        <Time>2022-05-07T13:59:20.287Z</Time>
                        <Position>
                            <LatitudeDegrees>30.524351119995117</LatitudeDegrees>
                            <LongitudeDegrees>104.0546646118164</LongitudeDegrees>
                        </Position>
                        <AltitudeMeters>438.073486328125</AltitudeMeters>
                    </Trackpoint>
                    <Trackpoint>
                        <DistanceMeters>903.917552947998</DistanceMeters>
                        <Time>2022-05-07T13:59:21.210Z</Time>
                        <Position>
                            <LatitudeDegrees>30.524354934692383</LatitudeDegrees>
                            <LongitudeDegrees>104.05464935302734</LongitudeDegrees>
                        </Position>
                        <AltitudeMeters>438.073486328125</AltitudeMeters>
                    </Trackpoint>
                    <Trackpoint>
                        <DistanceMeters>903.917552947998</DistanceMeters>
                        <Time>2022-05-07T13:59:21.925Z</Time>
                        <Position>
                            <LatitudeDegrees>30.524354934692383</LatitudeDegrees>
                            <LongitudeDegrees>104.05463409423828</LongitudeDegrees>
                        </Position>
                        <AltitudeMeters>438.56201171875</AltitudeMeters>
                    </Trackpoint>
                    <Trackpoint>
                        <DistanceMeters>903.917552947998</DistanceMeters>
                        <Time>2022-05-07T13:59:23.210Z</Time>
                        <Position>
                            <LatitudeDegrees>30.52436065673828</LatitudeDegrees>
                            <LongitudeDegrees>104.05460357666016</LongitudeDegrees>
                        </Position>
                        <AltitudeMeters>438.56201171875</AltitudeMeters>
                    </Trackpoint>
                    <Trackpoint>
                        <DistanceMeters>903.917552947998</DistanceMeters>
                        <Time>2022-05-07T13:59:24.271Z</Time>
                        <Position>
                            <LatitudeDegrees>30.52436637878418</LatitudeDegrees>
                            <LongitudeDegrees>104.05458068847656</LongitudeDegrees>
                        </Position>
                        <AltitudeMeters>438.621826171875</AltitudeMeters>
                    </Trackpoint>
                    <Trackpoint>
                        <DistanceMeters>903.917552947998</DistanceMeters>
                        <Time>2022-05-07T13:59:25.198Z</Time>
                        <Position>
                            <LatitudeDegrees>30.524370193481445</LatitudeDegrees>
                            <LongitudeDegrees>104.0545654296875</LongitudeDegrees>
                        </Position>
                        <AltitudeMeters>438.621826171875</AltitudeMeters>
                    </Trackpoint>
                    <Trackpoint>
                        <DistanceMeters>903.917552947998</DistanceMeters>
                        <Time>2022-05-07T13:59:25.883Z</Time>
                        <Position>
                            <LatitudeDegrees>30.52437400817871</LatitudeDegrees>
                            <LongitudeDegrees>104.05455017089844</LongitudeDegrees>
                        </Position>
                        <AltitudeMeters>438.8548583984375</AltitudeMeters>
                    </Trackpoint>
                    <Trackpoint>
                        <DistanceMeters>903.917552947998</DistanceMeters>
                        <Time>2022-05-07T13:59:26.558Z</Time>
                        <Position>
                            <LatitudeDegrees>30.52437400817871</LatitudeDegrees>
                            <LongitudeDegrees>104.0545425415039</LongitudeDegrees>
                        </Position>
                        <AltitudeMeters>438.8548583984375</AltitudeMeters>
                    </Trackpoint>
                    <Trackpoint>
                        <DistanceMeters>903.917552947998</DistanceMeters>
                        <Time>2022-05-07T13:59:27.589Z</Time>
                        <Position>
                            <LatitudeDegrees>30.524375915527344</LatitudeDegrees>
                            <LongitudeDegrees>104.05451965332031</LongitudeDegrees>
                        </Position>
                        <AltitudeMeters>438.8548583984375</AltitudeMeters>
                    </Trackpoint>
                    <Trackpoint>
                        <DistanceMeters>903.917552947998</DistanceMeters>
                        <Time>2022-05-07T13:59:28.524Z</Time>
                        <Position>
                            <LatitudeDegrees>30.52437973022461</LatitudeDegrees>
                            <LongitudeDegrees>104.05449676513672</LongitudeDegrees>
                        </Position>
                        <AltitudeMeters>439.45135498046875</AltitudeMeters>
                    </Trackpoint>
                    <Trackpoint>
                        <DistanceMeters>903.917552947998</DistanceMeters>
                        <Time>2022-05-07T13:59:29.585Z</Time>
                        <Position>
                            <LatitudeDegrees>30.52438735961914</LatitudeDegrees>
                            <LongitudeDegrees>104.05448150634766</LongitudeDegrees>
                        </Position>
                        <AltitudeMeters>439.45135498046875</AltitudeMeters>
                    </Trackpoint>
                    <Trackpoint>
                        <DistanceMeters>963.0944213867188</DistanceMeters>
                        <Time>2022-05-07T13:59:30.286Z</Time>
                        <Position>
                            <LatitudeDegrees>30.52439308166504</LatitudeDegrees>
                            <LongitudeDegrees>104.0544662475586</LongitudeDegrees>
                        </Position>
                        <AltitudeMeters>440.578125</AltitudeMeters>
                    </Trackpoint>
                    <Trackpoint>
                        <DistanceMeters>963.0944213867188</DistanceMeters>
                        <Time>2022-05-07T13:59:30.907Z</Time>
                        <Position>
                            <LatitudeDegrees>30.524394989013672</LatitudeDegrees>
                            <LongitudeDegrees>104.05445861816406</LongitudeDegrees>
                        </Position>
                        <AltitudeMeters>440.578125</AltitudeMeters>
                    </Trackpoint>
                    <Trackpoint>
                        <DistanceMeters>963.0944213867188</DistanceMeters>
                        <Time>2022-05-07T13:59:31.627Z</Time>
                        <Position>
                            <LatitudeDegrees>30.524396896362305</LatitudeDegrees>
                            <LongitudeDegrees>104.054443359375</LongitudeDegrees>
                        </Position>
                        <AltitudeMeters>440.578125</AltitudeMeters>
                    </Trackpoint>
                    <Trackpoint>
                        <DistanceMeters>963.0944213867188</DistanceMeters>
                        <Time>2022-05-07T13:59:32.563Z</Time>
                        <Position>
                            <LatitudeDegrees>30.524402618408203</LatitudeDegrees>
                            <LongitudeDegrees>104.0544204711914</LongitudeDegrees>
                        </Position>
                        <AltitudeMeters>441.47735595703125</AltitudeMeters>
                    </Trackpoint>
                    <Trackpoint>
                        <DistanceMeters>963.0944213867188</DistanceMeters>
                        <Time>2022-05-07T13:59:33.560Z</Time>
                        <Position>
                            <LatitudeDegrees>30.5244083404541</LatitudeDegrees>
                            <LongitudeDegrees>104.05439758300781</LongitudeDegrees>
                        </Position>
                        <AltitudeMeters>441.47735595703125</AltitudeMeters>
                    </Trackpoint>
                    <Trackpoint>
                        <DistanceMeters>963.0944213867188</DistanceMeters>
                        <Time>2022-05-07T13:59:34.219Z</Time>
                        <Position>
                            <LatitudeDegrees>30.524412155151367</LatitudeDegrees>
                            <LongitudeDegrees>104.05438232421875</LongitudeDegrees>
                        </Position>
                        <AltitudeMeters>441.3001708984375</AltitudeMeters>
                    </Trackpoint>
                    <Trackpoint>
                        <DistanceMeters>963.0944213867188</DistanceMeters>
                        <Time>2022-05-07T13:59:34.901Z</Time>
                        <Position>
                            <LatitudeDegrees>30.524415969848633</LatitudeDegrees>
                            <LongitudeDegrees>104.05436706542969</LongitudeDegrees>
                        </Position>
                        <AltitudeMeters>441.3001708984375</AltitudeMeters>
                    </Trackpoint>
                    <Trackpoint>
                        <DistanceMeters>963.0944213867188</DistanceMeters>
                        <Time>2022-05-07T13:59:35.581Z</Time>
                        <Position>
                            <LatitudeDegrees>30.524417877197266</LatitudeDegrees>
                            <LongitudeDegrees>104.05435943603516</LongitudeDegrees>
                        </Position>
                        <AltitudeMeters>441.3001708984375</AltitudeMeters>
                    </Trackpoint>
                    <Trackpoint>
                        <DistanceMeters>963.0944213867188</DistanceMeters>
                        <Time>2022-05-07T13:59:36.206Z</Time>
                        <Position>
                            <LatitudeDegrees>30.52442169189453</LatitudeDegrees>
                            <LongitudeDegrees>104.0543441772461</LongitudeDegrees>
                        </Position>
                        <AltitudeMeters>440.910400390625</AltitudeMeters>
                    </Trackpoint>
                    <Trackpoint>
                        <DistanceMeters>963.0944213867188</DistanceMeters>
                        <Time>2022-05-07T13:59:36.866Z</Time>
                        <Position>
                            <LatitudeDegrees>30.524425506591797</LatitudeDegrees>
                            <LongitudeDegrees>104.05432891845703</LongitudeDegrees>
                        </Position>
                        <AltitudeMeters>440.910400390625</AltitudeMeters>
                    </Trackpoint>
                    <Trackpoint>
                        <DistanceMeters>963.0944213867188</DistanceMeters>
                        <Time>2022-05-07T13:59:37.549Z</Time>
                        <Position>
                            <LatitudeDegrees>30.524429321289062</LatitudeDegrees>
                            <LongitudeDegrees>104.05431365966797</LongitudeDegrees>
                        </Position>
                        <AltitudeMeters>440.910400390625</AltitudeMeters>
                    </Trackpoint>
                    <Trackpoint>
                        <DistanceMeters>963.0944213867188</DistanceMeters>
                        <Time>2022-05-07T13:59:38.206Z</Time>
                        <Position>
                            <LatitudeDegrees>30.524433135986328</LatitudeDegrees>
                            <LongitudeDegrees>104.0542984008789</LongitudeDegrees>
                        </Position>
                        <AltitudeMeters>441.0054931640625</AltitudeMeters>
                    </Trackpoint>
                    <Trackpoint>
                        <DistanceMeters>963.0944213867188</DistanceMeters>
                        <Time>2022-05-07T13:59:38.888Z</Time>
                        <Position>
                            <LatitudeDegrees>30.524436950683594</LatitudeDegrees>
                            <LongitudeDegrees>104.05428314208984</LongitudeDegrees>
                        </Position>
                        <AltitudeMeters>441.0054931640625</AltitudeMeters>
                    </Trackpoint>
                    <Trackpoint>
                        <DistanceMeters>963.0944213867188</DistanceMeters>
                        <Time>2022-05-07T13:59:39.530Z</Time>
                        <Position>
                            <LatitudeDegrees>30.52444076538086</LatitudeDegrees>
                            <LongitudeDegrees>104.05427551269531</LongitudeDegrees>
                        </Position>
                        <AltitudeMeters>441.0054931640625</AltitudeMeters>
                    </Trackpoint>
                    <Trackpoint>
                        <DistanceMeters>963.0944213867188</DistanceMeters>
                        <Time>2022-05-07T13:59:40.448Z</Time>
                        <Position>
                            <LatitudeDegrees>30.524446487426758</LatitudeDegrees>
                            <LongitudeDegrees>104.05425262451172</LongitudeDegrees>
                        </Position>
                        <AltitudeMeters>441.0758056640625</AltitudeMeters>
                    </Trackpoint>
                    <Trackpoint>
                        <DistanceMeters>963.0944213867188</DistanceMeters>
                        <Time>2022-05-07T13:59:41.168Z</Time>
                        <Position>
                            <LatitudeDegrees>30.524450302124023</LatitudeDegrees>
                            <LongitudeDegrees>104.05424499511719</LongitudeDegrees>
                        </Position>
                        <AltitudeMeters>441.0758056640625</AltitudeMeters>
                    </Trackpoint>
                    <Trackpoint>
                        <DistanceMeters>963.0944213867188</DistanceMeters>
                        <Time>2022-05-07T13:59:42.179Z</Time>
                        <Position>
                            <LatitudeDegrees>30.524456024169922</LatitudeDegrees>
                            <LongitudeDegrees>104.0542221069336</LongitudeDegrees>
                        </Position>
                        <AltitudeMeters>441.464599609375</AltitudeMeters>
                    </Trackpoint>
                    <Trackpoint>
                        <DistanceMeters>963.0944213867188</DistanceMeters>
                        <Time>2022-05-07T13:59:42.786Z</Time>
                        <Position>
                            <LatitudeDegrees>30.524457931518555</LatitudeDegrees>
                            <LongitudeDegrees>104.05420684814453</LongitudeDegrees>
                        </Position>
                        <AltitudeMeters>441.464599609375</AltitudeMeters>
                    </Trackpoint>
                    <Trackpoint>
                        <DistanceMeters>963.0944213867188</DistanceMeters>
                        <Time>2022-05-07T13:59:43.484Z</Time>
                        <Position>
                            <LatitudeDegrees>30.52446174621582</LatitudeDegrees>
                            <LongitudeDegrees>104.05419158935547</LongitudeDegrees>
                        </Position>
                        <AltitudeMeters>441.464599609375</AltitudeMeters>
                    </Trackpoint>
                    <Trackpoint>
                        <DistanceMeters>963.0944213867188</DistanceMeters>
                        <Time>2022-05-07T13:59:44.142Z</Time>
                        <Position>
                            <LatitudeDegrees>30.524463653564453</LatitudeDegrees>
                            <LongitudeDegrees>104.05418395996094</LongitudeDegrees>
                        </Position>
                        <AltitudeMeters>441.5489501953125</AltitudeMeters>
                    </Trackpoint>
                    <Trackpoint>
                        <DistanceMeters>963.0944213867188</DistanceMeters>
                        <Time>2022-05-07T13:59:44.824Z</Time>
                        <Position>
                            <LatitudeDegrees>30.52446746826172</LatitudeDegrees>
                            <LongitudeDegrees>104.05416870117188</LongitudeDegrees>
                        </Position>
                        <AltitudeMeters>441.5489501953125</AltitudeMeters>
                    </Trackpoint>
                    <Trackpoint>
                        <DistanceMeters>963.0944213867188</DistanceMeters>
                        <Time>2022-05-07T13:59:45.426Z</Time>
                        <Position>
                            <LatitudeDegrees>30.524471282958984</LatitudeDegrees>
                            <LongitudeDegrees>104.05415344238281</LongitudeDegrees>
                        </Position>
                        <AltitudeMeters>441.5489501953125</AltitudeMeters>
                    </Trackpoint>
                    <Trackpoint>
                        <DistanceMeters>963.0944213867188</DistanceMeters>
                        <Time>2022-05-07T13:59:46.127Z</Time>
                        <Position>
                            <LatitudeDegrees>30.52447509765625</LatitudeDegrees>
                            <LongitudeDegrees>104.05414581298828</LongitudeDegrees>
                        </Position>
                        <AltitudeMeters>440.1551513671875</AltitudeMeters>
                    </Trackpoint>
                    <Trackpoint>
                        <DistanceMeters>963.0944213867188</DistanceMeters>
                        <Time>2022-05-07T13:59:46.812Z</Time>
                        <Position>
                            <LatitudeDegrees>30.524477005004883</LatitudeDegrees>
                            <LongitudeDegrees>104.05413055419922</LongitudeDegrees>
                        </Position>
                        <AltitudeMeters>440.1551513671875</AltitudeMeters>
                    </Trackpoint>
                    <Trackpoint>
                        <DistanceMeters>963.0944213867188</DistanceMeters>
                        <Time>2022-05-07T13:59:47.449Z</Time>
                        <Position>
                            <LatitudeDegrees>30.524478912353516</LatitudeDegrees>
                            <LongitudeDegrees>104.05411529541016</LongitudeDegrees>
                        </Position>
                        <AltitudeMeters>440.1551513671875</AltitudeMeters>
                    </Trackpoint>
                    <Trackpoint>
                        <DistanceMeters>963.0944213867188</DistanceMeters>
                        <Time>2022-05-07T13:59:48.128Z</Time>
                        <Position>
                            <LatitudeDegrees>30.52448272705078</LatitudeDegrees>
                            <LongitudeDegrees>104.05410766601562</LongitudeDegrees>
                        </Position>
                        <AltitudeMeters>440.04034423828125</AltitudeMeters>
                    </Trackpoint>
                    <Trackpoint>
                        <DistanceMeters>963.0944213867188</DistanceMeters>
                        <Time>2022-05-07T13:59:49.438Z</Time>
                        <Position>
                            <LatitudeDegrees>30.524490356445312</LatitudeDegrees>
                            <LongitudeDegrees>104.05408477783203</LongitudeDegrees>
                        </Position>
                        <AltitudeMeters>440.04034423828125</AltitudeMeters>
                    </Trackpoint>
                    <Trackpoint>
                        <DistanceMeters>963.0944213867188</DistanceMeters>
                        <Time>2022-05-07T13:59:50.081Z</Time>
                        <Position>
                            <LatitudeDegrees>30.524494171142578</LatitudeDegrees>
                            <LongitudeDegrees>104.05406951904297</LongitudeDegrees>
                        </Position>
                        <AltitudeMeters>439.87451171875</AltitudeMeters>
                    </Trackpoint>
                    <Trackpoint>
                        <DistanceMeters>963.0944213867188</DistanceMeters>
                        <Time>2022-05-07T13:59:50.761Z</Time>
                        <Position>
                            <LatitudeDegrees>30.524497985839844</LatitudeDegrees>
                            <LongitudeDegrees>104.0540542602539</LongitudeDegrees>
                        </Position>
                        <AltitudeMeters>439.87451171875</AltitudeMeters>
                    </Trackpoint>
                    <Trackpoint>
                        <DistanceMeters>963.0944213867188</DistanceMeters>
                        <Time>2022-05-07T13:59:51.421Z</Time>
                        <Position>
                            <LatitudeDegrees>30.524499893188477</LatitudeDegrees>
                            <LongitudeDegrees>104.05403900146484</LongitudeDegrees>
                        </Position>
                        <AltitudeMeters>439.87451171875</AltitudeMeters>
                    </Trackpoint>
                    <Trackpoint>
                        <DistanceMeters>963.0944213867188</DistanceMeters>
                        <Time>2022-05-07T13:59:52.382Z</Time>
                        <Position>
                            <LatitudeDegrees>30.524503707885742</LatitudeDegrees>
                            <LongitudeDegrees>104.05402374267578</LongitudeDegrees>
                        </Position>
                        <AltitudeMeters>440.1763916015625</AltitudeMeters>
                    </Trackpoint>
                    <Trackpoint>
                        <DistanceMeters>963.0944213867188</DistanceMeters>
                        <Time>2022-05-07T13:59:53.681Z</Time>
                        <Position>
                            <LatitudeDegrees>30.524507522583008</LatitudeDegrees>
                            <LongitudeDegrees>104.05400085449219</LongitudeDegrees>
                        </Position>
                        <AltitudeMeters>440.1763916015625</AltitudeMeters>
                    </Trackpoint>
                    <Trackpoint>
                        <DistanceMeters>963.0944213867188</DistanceMeters>
                        <Time>2022-05-07T13:59:54.688Z</Time>
                        <Position>
                            <LatitudeDegrees>30.524511337280273</LatitudeDegrees>
                            <LongitudeDegrees>104.0539779663086</LongitudeDegrees>
                        </Position>
                        <AltitudeMeters>440.49169921875</AltitudeMeters>
                    </Trackpoint>
                    <Trackpoint>
                        <DistanceMeters>963.0944213867188</DistanceMeters>
                        <Time>2022-05-07T13:59:55.368Z</Time>
                        <Position>
                            <LatitudeDegrees>30.524513244628906</LatitudeDegrees>
                            <LongitudeDegrees>104.05396270751953</LongitudeDegrees>
                        </Position>
                        <AltitudeMeters>440.49169921875</AltitudeMeters>
                    </Trackpoint>
                    <Trackpoint>
                        <DistanceMeters>963.0944213867188</DistanceMeters>
                        <Time>2022-05-07T13:59:56.383Z</Time>
                        <Position>
                            <LatitudeDegrees>30.52451515197754</LatitudeDegrees>
                            <LongitudeDegrees>104.05393981933594</LongitudeDegrees>
                        </Position>
                        <AltitudeMeters>440.2369384765625</AltitudeMeters>
                    </Trackpoint>
                    <Trackpoint>
                        <DistanceMeters>963.0944213867188</DistanceMeters>
                        <Time>2022-05-07T13:59:57.390Z</Time>
                        <Position>
                            <LatitudeDegrees>30.524513244628906</LatitudeDegrees>
                            <LongitudeDegrees>104.05392456054688</LongitudeDegrees>
                        </Position>
                        <AltitudeMeters>440.2369384765625</AltitudeMeters>
                    </Trackpoint>
                    <Trackpoint>
                        <DistanceMeters>963.0944213867188</DistanceMeters>
                        <Time>2022-05-07T13:59:58.039Z</Time>
                        <Position>
                            <LatitudeDegrees>30.524513244628906</LatitudeDegrees>
                            <LongitudeDegrees>104.05391693115234</LongitudeDegrees>
                        </Position>
                        <AltitudeMeters>438.92108154296875</AltitudeMeters>
                    </Trackpoint>
                    <Trackpoint>
                        <DistanceMeters>963.0944213867188</DistanceMeters>
                        <Time>2022-05-07T13:59:58.921Z</Time>
                        <Position>
                            <LatitudeDegrees>30.52451515197754</LatitudeDegrees>
                            <LongitudeDegrees>104.05390167236328</LongitudeDegrees>
                        </Position>
                        <AltitudeMeters>438.92108154296875</AltitudeMeters>
                    </Trackpoint>
                    <Trackpoint>
                        <DistanceMeters>963.0944213867188</DistanceMeters>
                        <Time>2022-05-07T13:59:59.562Z</Time>
                        <Position>
                            <LatitudeDegrees>30.524517059326172</LatitudeDegrees>
                            <LongitudeDegrees>104.05388641357422</LongitudeDegrees>
                        </Position>
                        <AltitudeMeters>438.92108154296875</AltitudeMeters>
                    </Trackpoint>
                    <Trackpoint>
                        <DistanceMeters>1019.5592498779297</DistanceMeters>
                        <Time>2022-05-07T14:00:00.644Z</Time>
                        <Position>
                            <LatitudeDegrees>30.524518966674805</LatitudeDegrees>
                            <LongitudeDegrees>104.05386352539062</LongitudeDegrees>
                        </Position>
                        <AltitudeMeters>439.3145751953125</AltitudeMeters>
                    </Trackpoint>
                    <Trackpoint>
                        <DistanceMeters>1019.5592498779297</DistanceMeters>
                        <Time>2022-05-07T14:00:01.362Z</Time>
                        <Position>
                            <LatitudeDegrees>30.524518966674805</LatitudeDegrees>
                            <LongitudeDegrees>104.05384826660156</LongitudeDegrees>
                        </Position>
                        <AltitudeMeters>439.3145751953125</AltitudeMeters>
                    </Trackpoint>
                    <Trackpoint>
                        <DistanceMeters>1019.5592498779297</DistanceMeters>
                        <Time>2022-05-07T14:00:02.027Z</Time>
                        <Position>
                            <LatitudeDegrees>30.524517059326172</LatitudeDegrees>
                            <LongitudeDegrees>104.05384063720703</LongitudeDegrees>
                        </Position>
                        <AltitudeMeters>439.29864501953125</AltitudeMeters>
                    </Trackpoint>
                    <Trackpoint>
                        <DistanceMeters>1019.5592498779297</DistanceMeters>
                        <Time>2022-05-07T14:00:02.683Z</Time>
                        <Position>
                            <LatitudeDegrees>30.524517059326172</LatitudeDegrees>
                            <LongitudeDegrees>104.05382537841797</LongitudeDegrees>
                        </Position>
                        <AltitudeMeters>439.29864501953125</AltitudeMeters>
                    </Trackpoint>
                    <Trackpoint>
                        <DistanceMeters>1019.5592498779297</DistanceMeters>
                        <Time>2022-05-07T14:00:03.365Z</Time>
                        <Position>
                            <LatitudeDegrees>30.524517059326172</LatitudeDegrees>
                            <LongitudeDegrees>104.0538101196289</LongitudeDegrees>
                        </Position>
                        <AltitudeMeters>439.29864501953125</AltitudeMeters>
                    </Trackpoint>
                    <Trackpoint>
                        <DistanceMeters>1019.5592498779297</DistanceMeters>
                        <Time>2022-05-07T14:00:04.343Z</Time>
                        <Position>
                            <LatitudeDegrees>30.524517059326172</LatitudeDegrees>
                            <LongitudeDegrees>104.05378723144531</LongitudeDegrees>
                        </Position>
                        <AltitudeMeters>439.8604736328125</AltitudeMeters>
                    </Trackpoint>
                    <Trackpoint>
                        <DistanceMeters>1019.5592498779297</DistanceMeters>
                        <Time>2022-05-07T14:00:05.328Z</Time>
                        <Position>
                            <LatitudeDegrees>30.524518966674805</LatitudeDegrees>
                            <LongitudeDegrees>104.05377197265625</LongitudeDegrees>
                        </Position>
                        <AltitudeMeters>439.8604736328125</AltitudeMeters>
                    </Trackpoint>
                    <Trackpoint>
                        <DistanceMeters>1019.5592498779297</DistanceMeters>
                        <Time>2022-05-07T14:00:06.309Z</Time>
                        <Position>
                            <LatitudeDegrees>30.524518966674805</LatitudeDegrees>
                            <LongitudeDegrees>104.05374908447266</LongitudeDegrees>
                        </Position>
                        <AltitudeMeters>439.171875</AltitudeMeters>
                    </Trackpoint>
                    <Trackpoint>
                        <DistanceMeters>1019.5592498779297</DistanceMeters>
                        <Time>2022-05-07T14:00:06.987Z</Time>
                        <Position>
                            <LatitudeDegrees>30.524518966674805</LatitudeDegrees>
                            <LongitudeDegrees>104.05374145507812</LongitudeDegrees>
                        </Position>
                        <AltitudeMeters>439.171875</AltitudeMeters>
                    </Trackpoint>
                    <Trackpoint>
                        <DistanceMeters>1019.5592498779297</DistanceMeters>
                        <Time>2022-05-07T14:00:07.607Z</Time>
                        <Position>
                            <LatitudeDegrees>30.524518966674805</LatitudeDegrees>
                            <LongitudeDegrees>104.05372619628906</LongitudeDegrees>
                        </Position>
                        <AltitudeMeters>439.171875</AltitudeMeters>
                    </Trackpoint>
                    <Trackpoint>
                        <DistanceMeters>1019.5592498779297</DistanceMeters>
                        <Time>2022-05-07T14:00:08.288Z</Time>
                        <Position>
                            <LatitudeDegrees>30.524518966674805</LatitudeDegrees>
                            <LongitudeDegrees>104.0537109375</LongitudeDegrees>
                        </Position>
                        <AltitudeMeters>439.24462890625</AltitudeMeters>
                    </Trackpoint>
                    <Trackpoint>
                        <DistanceMeters>1019.5592498779297</DistanceMeters>
                        <Time>2022-05-07T14:00:09.285Z</Time>
                        <Position>
                            <LatitudeDegrees>30.524513244628906</LatitudeDegrees>
                            <LongitudeDegrees>104.05369567871094</LongitudeDegrees>
                        </Position>
                        <AltitudeMeters>439.24462890625</AltitudeMeters>
                    </Trackpoint>
                    <Trackpoint>
                        <DistanceMeters>1019.5592498779297</DistanceMeters>
                        <Time>2022-05-07T14:00:09.963Z</Time>
                        <Position>
                            <LatitudeDegrees>30.52450942993164</LatitudeDegrees>
                            <LongitudeDegrees>104.0536880493164</LongitudeDegrees>
                        </Position>
                        <AltitudeMeters>439.69476318359375</AltitudeMeters>
                    </Trackpoint>
                    <Trackpoint>
                        <DistanceMeters>1019.5592498779297</DistanceMeters>
                        <Time>2022-05-07T14:00:10.943Z</Time>
                        <Position>
                            <LatitudeDegrees>30.524503707885742</LatitudeDegrees>
                            <LongitudeDegrees>104.05366516113281</LongitudeDegrees>
                        </Position>
                        <AltitudeMeters>439.69476318359375</AltitudeMeters>
                    </Trackpoint>
                    <Trackpoint>
                        <DistanceMeters>1019.5592498779297</DistanceMeters>
                        <Time>2022-05-07T14:00:11.601Z</Time>
                        <Position>
                            <LatitudeDegrees>30.524497985839844</LatitudeDegrees>
                            <LongitudeDegrees>104.05364990234375</LongitudeDegrees>
                        </Position>
                        <AltitudeMeters>439.69476318359375</AltitudeMeters>
                    </Trackpoint>
                    <Trackpoint>
                        <DistanceMeters>1019.5592498779297</DistanceMeters>
                        <Time>2022-05-07T14:00:12.259Z</Time>
                        <Position>
                            <LatitudeDegrees>30.524497985839844</LatitudeDegrees>
                            <LongitudeDegrees>104.05363464355469</LongitudeDegrees>
                        </Position>
                        <AltitudeMeters>436.076416015625</AltitudeMeters>
                    </Trackpoint>
                    <Trackpoint>
                        <DistanceMeters>1019.5592498779297</DistanceMeters>
                        <Time>2022-05-07T14:00:13.306Z</Time>
                        <Position>
                            <LatitudeDegrees>30.524497985839844</LatitudeDegrees>
                            <LongitudeDegrees>104.05361938476562</LongitudeDegrees>
                        </Position>
                        <AltitudeMeters>436.076416015625</AltitudeMeters>
                    </Trackpoint>
                    <Trackpoint>
                        <DistanceMeters>1019.5592498779297</DistanceMeters>
                        <Time>2022-05-07T14:00:14.610Z</Time>
                        <Position>
                            <LatitudeDegrees>30.524507522583008</LatitudeDegrees>
                            <LongitudeDegrees>104.05360412597656</LongitudeDegrees>
                        </Position>
                        <AltitudeMeters>434.7379150390625</AltitudeMeters>
                    </Trackpoint>
                    <Trackpoint>
                        <DistanceMeters>1019.5592498779297</DistanceMeters>
                        <Time>2022-05-07T14:00:15.565Z</Time>
                        <Position>
                            <LatitudeDegrees>30.524517059326172</LatitudeDegrees>
                            <LongitudeDegrees>104.0535888671875</LongitudeDegrees>
                        </Position>
                        <AltitudeMeters>434.7379150390625</AltitudeMeters>
                    </Trackpoint>
                    <Trackpoint>
                        <DistanceMeters>1019.5592498779297</DistanceMeters>
                        <Time>2022-05-07T14:00:16.227Z</Time>
                        <Position>
                            <LatitudeDegrees>30.524520874023438</LatitudeDegrees>
                            <LongitudeDegrees>104.05357360839844</LongitudeDegrees>
                        </Position>
                        <AltitudeMeters>433.1590576171875</AltitudeMeters>
                    </Trackpoint>
                    <Trackpoint>
                        <DistanceMeters>1019.5592498779297</DistanceMeters>
                        <Time>2022-05-07T14:00:16.910Z</Time>
                        <Position>
                            <LatitudeDegrees>30.524524688720703</LatitudeDegrees>
                            <LongitudeDegrees>104.0535659790039</LongitudeDegrees>
                        </Position>
                        <AltitudeMeters>433.1590576171875</AltitudeMeters>
                    </Trackpoint>
                    <Trackpoint>
                        <DistanceMeters>1019.5592498779297</DistanceMeters>
                        <Time>2022-05-07T14:00:17.902Z</Time>
                        <Position>
                            <LatitudeDegrees>30.52452850341797</LatitudeDegrees>
                            <LongitudeDegrees>104.05355072021484</LongitudeDegrees>
                        </Position>
                        <AltitudeMeters>432.9195556640625</AltitudeMeters>
                    </Trackpoint>
                    <Trackpoint>
                        <DistanceMeters>1019.5592498779297</DistanceMeters>
                        <Time>2022-05-07T14:00:18.563Z</Time>
                        <Position>
                            <LatitudeDegrees>30.5245304107666</LatitudeDegrees>
                            <LongitudeDegrees>104.05353546142578</LongitudeDegrees>
                        </Position>
                        <AltitudeMeters>432.9195556640625</AltitudeMeters>
                    </Trackpoint>
                    <Trackpoint>
                        <DistanceMeters>1019.5592498779297</DistanceMeters>
                        <Time>2022-05-07T14:00:19.205Z</Time>
                        <Position>
                            <LatitudeDegrees>30.524532318115234</LatitudeDegrees>
                            <LongitudeDegrees>104.05352020263672</LongitudeDegrees>
                        </Position>
                        <AltitudeMeters>432.9195556640625</AltitudeMeters>
                    </Trackpoint>
                    <Trackpoint>
                        <DistanceMeters>1019.5592498779297</DistanceMeters>
                        <Time>2022-05-07T14:00:20.204Z</Time>
                        <Position>
                            <LatitudeDegrees>30.524538040161133</LatitudeDegrees>
                            <LongitudeDegrees>104.05349731445312</LongitudeDegrees>
                        </Position>
                        <AltitudeMeters>432.5771484375</AltitudeMeters>
                    </Trackpoint>
                    <Trackpoint>
                        <DistanceMeters>1019.5592498779297</DistanceMeters>
                        <Time>2022-05-07T14:00:20.843Z</Time>
                        <Position>
                            <LatitudeDegrees>30.524538040161133</LatitudeDegrees>
                            <LongitudeDegrees>104.0534896850586</LongitudeDegrees>
                        </Position>
                        <AltitudeMeters>432.5771484375</AltitudeMeters>
                    </Trackpoint>
                    <Trackpoint>
                        <DistanceMeters>1019.5592498779297</DistanceMeters>
                        <Time>2022-05-07T14:00:21.486Z</Time>
                        <Position>
                            <LatitudeDegrees>30.524539947509766</LatitudeDegrees>
                            <LongitudeDegrees>104.05347442626953</LongitudeDegrees>
                        </Position>
                        <AltitudeMeters>432.5771484375</AltitudeMeters>
                    </Trackpoint>
                    <Trackpoint>
                        <DistanceMeters>1019.5592498779297</DistanceMeters>
                        <Time>2022-05-07T14:00:22.467Z</Time>
                        <Position>
                            <LatitudeDegrees>30.5245418548584</LatitudeDegrees>
                            <LongitudeDegrees>104.05345153808594</LongitudeDegrees>
                        </Position>
                        <AltitudeMeters>433.5347900390625</AltitudeMeters>
                    </Trackpoint>
                    <Trackpoint>
                        <DistanceMeters>1019.5592498779297</DistanceMeters>
                        <Time>2022-05-07T14:00:22.806Z</Time>
                        <Position>
                            <LatitudeDegrees>30.52454376220703</LatitudeDegrees>
                            <LongitudeDegrees>104.05343627929688</LongitudeDegrees>
                        </Position>
                        <AltitudeMeters>433.5347900390625</AltitudeMeters>
                    </Trackpoint>
                    <Trackpoint>
                        <DistanceMeters>1019.5592498779297</DistanceMeters>
                        <Time>2022-05-07T14:00:23.450Z</Time>
                        <Position>
                            <LatitudeDegrees>30.52454376220703</LatitudeDegrees>
                            <LongitudeDegrees>104.05342102050781</LongitudeDegrees>
                        </Position>
                        <AltitudeMeters>433.5347900390625</AltitudeMeters>
                    </Trackpoint>
                    <Trackpoint>
                        <DistanceMeters>1019.5592498779297</DistanceMeters>
                        <Time>2022-05-07T14:00:24.108Z</Time>
                        <Position>
                            <LatitudeDegrees>30.524545669555664</LatitudeDegrees>
                            <LongitudeDegrees>104.05339813232422</LongitudeDegrees>
                        </Position>
                        <AltitudeMeters>432.249755859375</AltitudeMeters>
                    </Trackpoint>
                    <Trackpoint>
                        <DistanceMeters>1019.5592498779297</DistanceMeters>
                        <Time>2022-05-07T14:00:25.065Z</Time>
                        <Position>
                            <LatitudeDegrees>30.52454948425293</LatitudeDegrees>
                            <LongitudeDegrees>104.05337524414062</LongitudeDegrees>
                        </Position>
                        <AltitudeMeters>432.249755859375</AltitudeMeters>
                    </Trackpoint>
                    <Trackpoint>
                        <DistanceMeters>1019.5592498779297</DistanceMeters>
                        <Time>2022-05-07T14:00:25.660Z</Time>
                        <Position>
                            <LatitudeDegrees>30.524551391601562</LatitudeDegrees>
                            <LongitudeDegrees>104.05335998535156</LongitudeDegrees>
                        </Position>
                        <AltitudeMeters>433.0194091796875</AltitudeMeters>
                    </Trackpoint>
                    <Trackpoint>
                        <DistanceMeters>1019.5592498779297</DistanceMeters>
                        <Time>2022-05-07T14:00:26.685Z</Time>
                        <Position>
                            <LatitudeDegrees>30.524551391601562</LatitudeDegrees>
                            <LongitudeDegrees>104.0533447265625</LongitudeDegrees>
                        </Position>
                        <AltitudeMeters>433.0194091796875</AltitudeMeters>
                    </Trackpoint>
                    <Trackpoint>
                        <DistanceMeters>1019.5592498779297</DistanceMeters>
                        <Time>2022-05-07T14:00:27.681Z</Time>
                        <Position>
                            <LatitudeDegrees>30.524551391601562</LatitudeDegrees>
                            <LongitudeDegrees>104.05332946777344</LongitudeDegrees>
                        </Position>
                        <AltitudeMeters>433.0194091796875</AltitudeMeters>
                    </Trackpoint>
                    <Trackpoint>
                        <DistanceMeters>1019.5592498779297</DistanceMeters>
                        <Time>2022-05-07T14:00:29.022Z</Time>
                        <Position>
                            <LatitudeDegrees>30.524553298950195</LatitudeDegrees>
                            <LongitudeDegrees>104.05331420898438</LongitudeDegrees>
                        </Position>
                        <AltitudeMeters>434.6607666015625</AltitudeMeters>
                    </Trackpoint>
                    <Trackpoint>
                        <DistanceMeters>1081.842845916748</DistanceMeters>
                        <Time>2022-05-07T14:00:30.012Z</Time>
                        <Position>
                            <LatitudeDegrees>30.524553298950195</LatitudeDegrees>
                            <LongitudeDegrees>104.05329895019531</LongitudeDegrees>
                        </Position>
                        <AltitudeMeters>435.42041015625</AltitudeMeters>
                    </Trackpoint>
                    <Trackpoint>
                        <DistanceMeters>1081.842845916748</DistanceMeters>
                        <Time>2022-05-07T14:00:30.688Z</Time>
                        <Position>
                            <LatitudeDegrees>30.524553298950195</LatitudeDegrees>
                            <LongitudeDegrees>104.05328369140625</LongitudeDegrees>
                        </Position>
                        <AltitudeMeters>435.42041015625</AltitudeMeters>
                    </Trackpoint>
                    <Trackpoint>
                        <DistanceMeters>1081.842845916748</DistanceMeters>
                        <Time>2022-05-07T14:00:31.649Z</Time>
                        <Position>
                            <LatitudeDegrees>30.524555206298828</LatitudeDegrees>
                            <LongitudeDegrees>104.05326080322266</LongitudeDegrees>
                        </Position>
                        <AltitudeMeters>435.42041015625</AltitudeMeters>
                    </Trackpoint>
                    <Trackpoint>
                        <DistanceMeters>1081.842845916748</DistanceMeters>
                        <Time>2022-05-07T14:00:32.622Z</Time>
                        <Position>
                            <LatitudeDegrees>30.524553298950195</LatitudeDegrees>
                            <LongitudeDegrees>104.05325317382812</LongitudeDegrees>
                        </Position>
                        <AltitudeMeters>436.45263671875</AltitudeMeters>
                    </Trackpoint>
                    <Trackpoint>
                        <DistanceMeters>1081.842845916748</DistanceMeters>
                        <Time>2022-05-07T14:00:33.630Z</Time>
                        <Position>
                            <LatitudeDegrees>30.524551391601562</LatitudeDegrees>
                            <LongitudeDegrees>104.05323028564453</LongitudeDegrees>
                        </Position>
                        <AltitudeMeters>436.45263671875</AltitudeMeters>
                    </Trackpoint>
                    <Trackpoint>
                        <DistanceMeters>1081.842845916748</DistanceMeters>
                        <Time>2022-05-07T14:00:34.280Z</Time>
                        <Position>
                            <LatitudeDegrees>30.524545669555664</LatitudeDegrees>
                            <LongitudeDegrees>104.05321502685547</LongitudeDegrees>
                        </Position>
                        <AltitudeMeters>436.09521484375</AltitudeMeters>
                    </Trackpoint>
                    <Trackpoint>
                        <DistanceMeters>1081.842845916748</DistanceMeters>
                        <Time>2022-05-07T14:00:34.939Z</Time>
                        <Position>
                            <LatitudeDegrees>30.5245418548584</LatitudeDegrees>
                            <LongitudeDegrees>104.0531997680664</LongitudeDegrees>
                        </Position>
                        <AltitudeMeters>436.09521484375</AltitudeMeters>
                    </Trackpoint>
                    <Trackpoint>
                        <DistanceMeters>1081.842845916748</DistanceMeters>
                        <Time>2022-05-07T14:00:35.275Z</Time>
                        <Position>
                            <LatitudeDegrees>30.524539947509766</LatitudeDegrees>
                            <LongitudeDegrees>104.05318450927734</LongitudeDegrees>
                        </Position>
                        <AltitudeMeters>436.09521484375</AltitudeMeters>
                    </Trackpoint>
                    <Trackpoint>
                        <DistanceMeters>1081.842845916748</DistanceMeters>
                        <Time>2022-05-07T14:00:35.928Z</Time>
                        <Position>
                            <LatitudeDegrees>30.524539947509766</LatitudeDegrees>
                            <LongitudeDegrees>104.05316925048828</LongitudeDegrees>
                        </Position>
                        <AltitudeMeters>435.1065673828125</AltitudeMeters>
                    </Trackpoint>
                    <Trackpoint>
                        <DistanceMeters>1081.842845916748</DistanceMeters>
                        <Time>2022-05-07T14:00:36.590Z</Time>
                        <Position>
                            <LatitudeDegrees>30.524538040161133</LatitudeDegrees>
                            <LongitudeDegrees>104.05315399169922</LongitudeDegrees>
                        </Position>
                        <AltitudeMeters>435.1065673828125</AltitudeMeters>
                    </Trackpoint>
                    <Trackpoint>
                        <DistanceMeters>1081.842845916748</DistanceMeters>
                        <Time>2022-05-07T14:00:37.220Z</Time>
                        <Position>
                            <LatitudeDegrees>30.524538040161133</LatitudeDegrees>
                            <LongitudeDegrees>104.05314636230469</LongitudeDegrees>
                        </Position>
                        <AltitudeMeters>435.1065673828125</AltitudeMeters>
                    </Trackpoint>
                    <Trackpoint>
                        <DistanceMeters>1081.842845916748</DistanceMeters>
                        <Time>2022-05-07T14:00:38.229Z</Time>
                        <Position>
                            <LatitudeDegrees>30.5245361328125</LatitudeDegrees>
                            <LongitudeDegrees>104.0531234741211</LongitudeDegrees>
                        </Position>
                        <AltitudeMeters>433.94091796875</AltitudeMeters>
                    </Trackpoint>
                    <Trackpoint>
                        <DistanceMeters>1081.842845916748</DistanceMeters>
                        <Time>2022-05-07T14:00:39.566Z</Time>
                        <Position>
                            <LatitudeDegrees>30.524532318115234</LatitudeDegrees>
                            <LongitudeDegrees>104.05310821533203</LongitudeDegrees>
                        </Position>
                        <AltitudeMeters>433.94091796875</AltitudeMeters>
                    </Trackpoint>
                    <Trackpoint>
                        <DistanceMeters>1081.842845916748</DistanceMeters>
                        <Time>2022-05-07T14:00:40.523Z</Time>
                        <Position>
                            <LatitudeDegrees>30.52452850341797</LatitudeDegrees>
                            <LongitudeDegrees>104.05309295654297</LongitudeDegrees>
                        </Position>
                        <AltitudeMeters>433.69415283203125</AltitudeMeters>
                    </Trackpoint>
                    <Trackpoint>
                        <DistanceMeters>1081.842845916748</DistanceMeters>
                        <Time>2022-05-07T14:00:41.204Z</Time>
                        <Position>
                            <LatitudeDegrees>30.524526596069336</LatitudeDegrees>
                            <LongitudeDegrees>104.05308532714844</LongitudeDegrees>
                        </Position>
                        <AltitudeMeters>433.69415283203125</AltitudeMeters>
                    </Trackpoint>
                    <Trackpoint>
                        <DistanceMeters>1081.842845916748</DistanceMeters>
                        <Time>2022-05-07T14:00:42.179Z</Time>
                        <Position>
                            <LatitudeDegrees>30.524524688720703</LatitudeDegrees>
                            <LongitudeDegrees>104.05306243896484</LongitudeDegrees>
                        </Position>
                        <AltitudeMeters>433.11083984375</AltitudeMeters>
                    </Trackpoint>
                    <Trackpoint>
                        <DistanceMeters>1081.842845916748</DistanceMeters>
                        <Time>2022-05-07T14:00:42.862Z</Time>
                        <Position>
                            <LatitudeDegrees>30.52452278137207</LatitudeDegrees>
                            <LongitudeDegrees>104.05304718017578</LongitudeDegrees>
                        </Position>
                        <AltitudeMeters>433.11083984375</AltitudeMeters>
                    </Trackpoint>
                    <Trackpoint>
                        <DistanceMeters>1081.842845916748</DistanceMeters>
                        <Time>2022-05-07T14:00:43.865Z</Time>
                        <Position>
                            <LatitudeDegrees>30.524518966674805</LatitudeDegrees>
                            <LongitudeDegrees>104.05302429199219</LongitudeDegrees>
                        </Position>
                        <AltitudeMeters>432.002685546875</AltitudeMeters>
                    </Trackpoint>
                    <Trackpoint>
                        <DistanceMeters>1081.842845916748</DistanceMeters>
                        <Time>2022-05-07T14:00:44.861Z</Time>
                        <Position>
                            <LatitudeDegrees>30.52451515197754</LatitudeDegrees>
                            <LongitudeDegrees>104.05300903320312</LongitudeDegrees>
                        </Position>
                        <AltitudeMeters>432.002685546875</AltitudeMeters>
                    </Trackpoint>
                    <Trackpoint>
                        <DistanceMeters>1081.842845916748</DistanceMeters>
                        <Time>2022-05-07T14:00:45.526Z</Time>
                        <Position>
                            <LatitudeDegrees>30.524511337280273</LatitudeDegrees>
                            <LongitudeDegrees>104.05299377441406</LongitudeDegrees>
                        </Position>
                        <AltitudeMeters>432.002685546875</AltitudeMeters>
                    </Trackpoint>
                    <Trackpoint>
                        <DistanceMeters>1081.842845916748</DistanceMeters>
                        <Time>2022-05-07T14:00:46.167Z</Time>
                        <Position>
                            <LatitudeDegrees>30.52450942993164</LatitudeDegrees>
                            <LongitudeDegrees>104.05298614501953</LongitudeDegrees>
                        </Position>
                        <AltitudeMeters>430.217041015625</AltitudeMeters>
                    </Trackpoint>
                    <Trackpoint>
                        <DistanceMeters>1081.842845916748</DistanceMeters>
                        <Time>2022-05-07T14:00:47.121Z</Time>
                        <Position>
                            <LatitudeDegrees>30.524505615234375</LatitudeDegrees>
                            <LongitudeDegrees>104.05296325683594</LongitudeDegrees>
                        </Position>
                        <AltitudeMeters>430.217041015625</AltitudeMeters>
                    </Trackpoint>
                    <Trackpoint>
                        <DistanceMeters>1081.842845916748</DistanceMeters>
                        <Time>2022-05-07T14:00:47.660Z</Time>
                        <Position>
                            <LatitudeDegrees>30.52450180053711</LatitudeDegrees>
                            <LongitudeDegrees>104.0529556274414</LongitudeDegrees>
                        </Position>
                        <AltitudeMeters>431.3768310546875</AltitudeMeters>
                    </Trackpoint>
                    <Trackpoint>
                        <DistanceMeters>1081.842845916748</DistanceMeters>
                        <Time>2022-05-07T14:00:48.959Z</Time>
                        <Position>
                            <LatitudeDegrees>30.524499893188477</LatitudeDegrees>
                            <LongitudeDegrees>104.05293273925781</LongitudeDegrees>
                        </Position>
                        <AltitudeMeters>431.3768310546875</AltitudeMeters>
                    </Trackpoint>
                    <Trackpoint>
                        <DistanceMeters>1081.842845916748</DistanceMeters>
                        <Time>2022-05-07T14:00:49.751Z</Time>
                        <Position>
                            <LatitudeDegrees>30.524499893188477</LatitudeDegrees>
                            <LongitudeDegrees>104.05291748046875</LongitudeDegrees>
                        </Position>
                        <AltitudeMeters>432.761962890625</AltitudeMeters>
                    </Trackpoint>
                    <Trackpoint>
                        <DistanceMeters>1081.842845916748</DistanceMeters>
                        <Time>2022-05-07T14:00:50.427Z</Time>
                        <Position>
                            <LatitudeDegrees>30.524497985839844</LatitudeDegrees>
                            <LongitudeDegrees>104.05290985107422</LongitudeDegrees>
                        </Position>
                        <AltitudeMeters>432.761962890625</AltitudeMeters>
                    </Trackpoint>
                    <Trackpoint>
                        <DistanceMeters>1081.842845916748</DistanceMeters>
                        <Time>2022-05-07T14:00:51.087Z</Time>
                        <Position>
                            <LatitudeDegrees>30.524497985839844</LatitudeDegrees>
                            <LongitudeDegrees>104.05289459228516</LongitudeDegrees>
                        </Position>
                        <AltitudeMeters>432.761962890625</AltitudeMeters>
                    </Trackpoint>
                    <Trackpoint>
                        <DistanceMeters>1081.842845916748</DistanceMeters>
                        <Time>2022-05-07T14:00:52.085Z</Time>
                        <Position>
                            <LatitudeDegrees>30.52449607849121</LatitudeDegrees>
                            <LongitudeDegrees>104.05287170410156</LongitudeDegrees>
                        </Position>
                        <AltitudeMeters>434.391357421875</AltitudeMeters>
                    </Trackpoint>
                    <Trackpoint>
                        <DistanceMeters>1081.842845916748</DistanceMeters>
                        <Time>2022-05-07T14:00:52.747Z</Time>
                        <Position>
                            <LatitudeDegrees>30.524492263793945</LatitudeDegrees>
                            <LongitudeDegrees>104.05286407470703</LongitudeDegrees>
                        </Position>
                        <AltitudeMeters>434.391357421875</AltitudeMeters>
                    </Trackpoint>
                    <Trackpoint>
                        <DistanceMeters>1081.842845916748</DistanceMeters>
                        <Time>2022-05-07T14:00:53.659Z</Time>
                        <Position>
                            <LatitudeDegrees>30.524484634399414</LatitudeDegrees>
                            <LongitudeDegrees>104.05284118652344</LongitudeDegrees>
                        </Position>
                        <AltitudeMeters>436.94012451171875</AltitudeMeters>
                    </Trackpoint>
                    <Trackpoint>
                        <DistanceMeters>1081.842845916748</DistanceMeters>
                        <Time>2022-05-07T14:00:54.511Z</Time>
                        <Position>
                            <LatitudeDegrees>30.524477005004883</LatitudeDegrees>
                            <LongitudeDegrees>104.05281829833984</LongitudeDegrees>
                        </Position>
                        <AltitudeMeters>436.94012451171875</AltitudeMeters>
                    </Trackpoint>
                    <Trackpoint>
                        <DistanceMeters>1081.842845916748</DistanceMeters>
                        <Time>2022-05-07T14:00:55.445Z</Time>
                        <Position>
                            <LatitudeDegrees>30.52446746826172</LatitudeDegrees>
                            <LongitudeDegrees>104.05279541015625</LongitudeDegrees>
                        </Position>
                        <AltitudeMeters>436.94012451171875</AltitudeMeters>
                    </Trackpoint>
                    <Trackpoint>
                        <DistanceMeters>1081.842845916748</DistanceMeters>
                        <Time>2022-05-07T14:00:56.146Z</Time>
                        <Position>
                            <LatitudeDegrees>30.524457931518555</LatitudeDegrees>
                            <LongitudeDegrees>104.05277252197266</LongitudeDegrees>
                        </Position>
                        <AltitudeMeters>438.23480224609375</AltitudeMeters>
                    </Trackpoint>
                    <Trackpoint>
                        <DistanceMeters>1081.842845916748</DistanceMeters>
                        <Time>2022-05-07T14:00:56.805Z</Time>
                        <Position>
                            <LatitudeDegrees>30.524452209472656</LatitudeDegrees>
                            <LongitudeDegrees>104.0527572631836</LongitudeDegrees>
                        </Position>
                        <AltitudeMeters>438.23480224609375</AltitudeMeters>
                    </Trackpoint>
                    <Trackpoint>
                        <DistanceMeters>1081.842845916748</DistanceMeters>
                        <Time>2022-05-07T14:00:57.660Z</Time>
                        <Position>
                            <LatitudeDegrees>30.524444580078125</LatitudeDegrees>
                            <LongitudeDegrees>104.052734375</LongitudeDegrees>
                        </Position>
                        <AltitudeMeters>438.86505126953125</AltitudeMeters>
                    </Trackpoint>
                    <Trackpoint>
                        <DistanceMeters>1081.842845916748</DistanceMeters>
                        <Time>2022-05-07T14:00:58.462Z</Time>
                        <Position>
                            <LatitudeDegrees>30.524438858032227</LatitudeDegrees>
                            <LongitudeDegrees>104.0527114868164</LongitudeDegrees>
                        </Position>
                        <AltitudeMeters>438.86505126953125</AltitudeMeters>
                    </Trackpoint>
                    <Trackpoint>
                        <DistanceMeters>1081.842845916748</DistanceMeters>
                        <Time>2022-05-07T14:00:59.466Z</Time>
                        <Position>
                            <LatitudeDegrees>30.524429321289062</LatitudeDegrees>
                            <LongitudeDegrees>104.05268859863281</LongitudeDegrees>
                        </Position>
                        <AltitudeMeters>438.86505126953125</AltitudeMeters>
                    </Trackpoint>
                    <Trackpoint>
                        <DistanceMeters>1150.2588920593262</DistanceMeters>
                        <Time>2022-05-07T14:01:00.462Z</Time>
                        <Position>
                            <LatitudeDegrees>30.52442169189453</LatitudeDegrees>
                            <LongitudeDegrees>104.05266571044922</LongitudeDegrees>
                        </Position>
                        <AltitudeMeters>439.06036376953125</AltitudeMeters>
                    </Trackpoint>
                    <Trackpoint>
                        <DistanceMeters>1150.2588920593262</DistanceMeters>
                        <Time>2022-05-07T14:01:01.141Z</Time>
                        <Position>
                            <LatitudeDegrees>30.524417877197266</LatitudeDegrees>
                            <LongitudeDegrees>104.05265045166016</LongitudeDegrees>
                        </Position>
                        <AltitudeMeters>439.06036376953125</AltitudeMeters>
                    </Trackpoint>
                    <Trackpoint>
                        <DistanceMeters>1150.2588920593262</DistanceMeters>
                        <Time>2022-05-07T14:01:02.104Z</Time>
                        <Position>
                            <LatitudeDegrees>30.52440643310547</LatitudeDegrees>
                            <LongitudeDegrees>104.05262756347656</LongitudeDegrees>
                        </Position>
                        <AltitudeMeters>438.611083984375</AltitudeMeters>
                    </Trackpoint>
                    <Trackpoint>
                        <DistanceMeters>1150.2588920593262</DistanceMeters>
                        <Time>2022-05-07T14:01:03.107Z</Time>
                        <Position>
                            <LatitudeDegrees>30.524394989013672</LatitudeDegrees>
                            <LongitudeDegrees>104.05260467529297</LongitudeDegrees>
                        </Position>
                        <AltitudeMeters>438.611083984375</AltitudeMeters>
                    </Trackpoint>
                    <Trackpoint>
                        <DistanceMeters>1150.2588920593262</DistanceMeters>
                        <Time>2022-05-07T14:01:03.660Z</Time>
                        <Position>
                            <LatitudeDegrees>30.524389266967773</LatitudeDegrees>
                            <LongitudeDegrees>104.0525894165039</LongitudeDegrees>
                        </Position>
                        <AltitudeMeters>438.04595947265625</AltitudeMeters>
                    </Trackpoint>
                    <Trackpoint>
                        <DistanceMeters>1150.2588920593262</DistanceMeters>
                        <Time>2022-05-07T14:01:04.142Z</Time>
                        <Position>
                            <LatitudeDegrees>30.524383544921875</LatitudeDegrees>
                            <LongitudeDegrees>104.05258178710938</LongitudeDegrees>
                        </Position>
                        <AltitudeMeters>438.04595947265625</AltitudeMeters>
                    </Trackpoint>
                    <Trackpoint>
                        <DistanceMeters>1150.2588920593262</DistanceMeters>
                        <Time>2022-05-07T14:01:04.802Z</Time>
                        <Position>
                            <LatitudeDegrees>30.52437973022461</LatitudeDegrees>
                            <LongitudeDegrees>104.05256652832031</LongitudeDegrees>
                        </Position>
                        <AltitudeMeters>438.04595947265625</AltitudeMeters>
                    </Trackpoint>
                    <Trackpoint>
                        <DistanceMeters>1150.2588920593262</DistanceMeters>
                        <Time>2022-05-07T14:01:05.481Z</Time>
                        <Position>
                            <LatitudeDegrees>30.524375915527344</LatitudeDegrees>
                            <LongitudeDegrees>104.05255126953125</LongitudeDegrees>
                        </Position>
                        <AltitudeMeters>438.04595947265625</AltitudeMeters>
                    </Trackpoint>
                    <Trackpoint>
                        <DistanceMeters>1150.2588920593262</DistanceMeters>
                        <Time>2022-05-07T14:01:06.508Z</Time>
                        <Position>
                            <LatitudeDegrees>30.524370193481445</LatitudeDegrees>
                            <LongitudeDegrees>104.05252838134766</LongitudeDegrees>
                        </Position>
                        <AltitudeMeters>437.1805419921875</AltitudeMeters>
                    </Trackpoint>
                    <Trackpoint>
                        <DistanceMeters>1150.2588920593262</DistanceMeters>
                        <Time>2022-05-07T14:01:07.187Z</Time>
                        <Position>
                            <LatitudeDegrees>30.524364471435547</LatitudeDegrees>
                            <LongitudeDegrees>104.0525131225586</LongitudeDegrees>
                        </Position>
                        <AltitudeMeters>437.1805419921875</AltitudeMeters>
                    </Trackpoint>
                    <Trackpoint>
                        <DistanceMeters>1150.2588920593262</DistanceMeters>
                        <Time>2022-05-07T14:01:08.182Z</Time>
                        <Position>
                            <LatitudeDegrees>30.52435302734375</LatitudeDegrees>
                            <LongitudeDegrees>104.05249786376953</LongitudeDegrees>
                        </Position>
                        <AltitudeMeters>436.42279052734375</AltitudeMeters>
                    </Trackpoint>
                    <Trackpoint>
                        <DistanceMeters>1150.2588920593262</DistanceMeters>
                        <Time>2022-05-07T14:01:08.847Z</Time>
                        <Position>
                            <LatitudeDegrees>30.52434730529785</LatitudeDegrees>
                            <LongitudeDegrees>104.05248260498047</LongitudeDegrees>
                        </Position>
                        <AltitudeMeters>436.42279052734375</AltitudeMeters>
                    </Trackpoint>
                    <Trackpoint>
                        <DistanceMeters>1150.2588920593262</DistanceMeters>
                        <Time>2022-05-07T14:01:09.660Z</Time>
                        <Position>
                            <LatitudeDegrees>30.524341583251953</LatitudeDegrees>
                            <LongitudeDegrees>104.0524673461914</LongitudeDegrees>
                        </Position>
                        <AltitudeMeters>435.5894775390625</AltitudeMeters>
                    </Trackpoint>
                    <Trackpoint>
                        <DistanceMeters>1150.2588920593262</DistanceMeters>
                        <Time>2022-05-07T14:01:10.826Z</Time>
                        <Position>
                            <LatitudeDegrees>30.52433204650879</LatitudeDegrees>
                            <LongitudeDegrees>104.05244445800781</LongitudeDegrees>
                        </Position>
                        <AltitudeMeters>435.5894775390625</AltitudeMeters>
                    </Trackpoint>
                    <Trackpoint>
                        <DistanceMeters>1150.2588920593262</DistanceMeters>
                        <Time>2022-05-07T14:01:11.509Z</Time>
                        <Position>
                            <LatitudeDegrees>30.524324417114258</LatitudeDegrees>
                            <LongitudeDegrees>104.05243682861328</LongitudeDegrees>
                        </Position>
                        <AltitudeMeters>435.5894775390625</AltitudeMeters>
                    </Trackpoint>
                    <Trackpoint>
                        <DistanceMeters>1150.2588920593262</DistanceMeters>
                        <Time>2022-05-07T14:01:12.465Z</Time>
                        <Position>
                            <LatitudeDegrees>30.524316787719727</LatitudeDegrees>
                            <LongitudeDegrees>104.05241394042969</LongitudeDegrees>
                        </Position>
                        <AltitudeMeters>435.25341796875</AltitudeMeters>
                    </Trackpoint>
                    <Trackpoint>
                        <DistanceMeters>1150.2588920593262</DistanceMeters>
                        <Time>2022-05-07T14:01:13.124Z</Time>
                        <Position>
                            <LatitudeDegrees>30.524311065673828</LatitudeDegrees>
                            <LongitudeDegrees>104.05239868164062</LongitudeDegrees>
                        </Position>
                        <AltitudeMeters>435.25341796875</AltitudeMeters>
                    </Trackpoint>
                    <Trackpoint>
                        <DistanceMeters>1150.2588920593262</DistanceMeters>
                        <Time>2022-05-07T14:01:13.660Z</Time>
                        <Position>
                            <LatitudeDegrees>30.52430534362793</LatitudeDegrees>
                            <LongitudeDegrees>104.05238342285156</LongitudeDegrees>
                        </Position>
                        <AltitudeMeters>435.5302734375</AltitudeMeters>
                    </Trackpoint>
                    <Trackpoint>
                        <DistanceMeters>1150.2588920593262</DistanceMeters>
                        <Time>2022-05-07T14:01:14.101Z</Time>
                        <Position>
                            <LatitudeDegrees>30.524301528930664</LatitudeDegrees>
                            <LongitudeDegrees>104.05237579345703</LongitudeDegrees>
                        </Position>
                        <AltitudeMeters>435.5302734375</AltitudeMeters>
                    </Trackpoint>
                    <Trackpoint>
                        <DistanceMeters>1150.2588920593262</DistanceMeters>
                        <Time>2022-05-07T14:01:14.762Z</Time>
                        <Position>
                            <LatitudeDegrees>30.524295806884766</LatitudeDegrees>
                            <LongitudeDegrees>104.05236053466797</LongitudeDegrees>
                        </Position>
                        <AltitudeMeters>435.5302734375</AltitudeMeters>
                    </Trackpoint>
                    <Trackpoint>
                        <DistanceMeters>1150.2588920593262</DistanceMeters>
                        <Time>2022-05-07T14:01:15.442Z</Time>
                        <Position>
                            <LatitudeDegrees>30.524288177490234</LatitudeDegrees>
                            <LongitudeDegrees>104.0523452758789</LongitudeDegrees>
                        </Position>
                        <AltitudeMeters>435.5302734375</AltitudeMeters>
                    </Trackpoint>
                    <Trackpoint>
                        <DistanceMeters>1150.2588920593262</DistanceMeters>
                        <Time>2022-05-07T14:01:16.449Z</Time>
                        <Position>
                            <LatitudeDegrees>30.52427864074707</LatitudeDegrees>
                            <LongitudeDegrees>104.05232238769531</LongitudeDegrees>
                        </Position>
                        <AltitudeMeters>435.2332763671875</AltitudeMeters>
                    </Trackpoint>
                    <Trackpoint>
                        <DistanceMeters>1150.2588920593262</DistanceMeters>
                        <Time>2022-05-07T14:01:17.109Z</Time>
                        <Position>
                            <LatitudeDegrees>30.52427101135254</LatitudeDegrees>
                            <LongitudeDegrees>104.05231475830078</LongitudeDegrees>
                        </Position>
                        <AltitudeMeters>435.2332763671875</AltitudeMeters>
                    </Trackpoint>
                    <Trackpoint>
                        <DistanceMeters>1150.2588920593262</DistanceMeters>
                        <Time>2022-05-07T14:01:18.065Z</Time>
                        <Position>
                            <LatitudeDegrees>30.524261474609375</LatitudeDegrees>
                            <LongitudeDegrees>104.05229187011719</LongitudeDegrees>
                        </Position>
                        <AltitudeMeters>435.62603759765625</AltitudeMeters>
                    </Trackpoint>
                    <Trackpoint>
                        <DistanceMeters>1150.2588920593262</DistanceMeters>
                        <Time>2022-05-07T14:01:18.730Z</Time>
                        <Position>
                            <LatitudeDegrees>30.524255752563477</LatitudeDegrees>
                            <LongitudeDegrees>104.05227661132812</LongitudeDegrees>
                        </Position>
                        <AltitudeMeters>435.62603759765625</AltitudeMeters>
                    </Trackpoint>
                    <Trackpoint>
                        <DistanceMeters>1150.2588920593262</DistanceMeters>
                        <Time>2022-05-07T14:01:19.386Z</Time>
                        <Position>
                            <LatitudeDegrees>30.52425193786621</LatitudeDegrees>
                            <LongitudeDegrees>104.05226135253906</LongitudeDegrees>
                        </Position>
                        <AltitudeMeters>435.62603759765625</AltitudeMeters>
                    </Trackpoint>
                    <Trackpoint>
                        <DistanceMeters>1150.2588920593262</DistanceMeters>
                        <Time>2022-05-07T14:01:20.384Z</Time>
                        <Position>
                            <LatitudeDegrees>30.52424430847168</LatitudeDegrees>
                            <LongitudeDegrees>104.05224609375</LongitudeDegrees>
                        </Position>
                        <AltitudeMeters>435.4871826171875</AltitudeMeters>
                    </Trackpoint>
                    <Trackpoint>
                        <DistanceMeters>1150.2588920593262</DistanceMeters>
                        <Time>2022-05-07T14:01:21.024Z</Time>
                        <Position>
                            <LatitudeDegrees>30.52423858642578</LatitudeDegrees>
                            <LongitudeDegrees>104.05223083496094</LongitudeDegrees>
                        </Position>
                        <AltitudeMeters>435.4871826171875</AltitudeMeters>
                    </Trackpoint>
                    <Trackpoint>
                        <DistanceMeters>1150.2588920593262</DistanceMeters>
                        <Time>2022-05-07T14:01:21.705Z</Time>
                        <Position>
                            <LatitudeDegrees>30.524232864379883</LatitudeDegrees>
                            <LongitudeDegrees>104.05221557617188</LongitudeDegrees>
                        </Position>
                        <AltitudeMeters>435.4871826171875</AltitudeMeters>
                    </Trackpoint>
                    <Trackpoint>
                        <DistanceMeters>1150.2588920593262</DistanceMeters>
                        <Time>2022-05-07T14:01:22.683Z</Time>
                        <Position>
                            <LatitudeDegrees>30.524221420288086</LatitudeDegrees>
                            <LongitudeDegrees>104.05219268798828</LongitudeDegrees>
                        </Position>
                        <AltitudeMeters>435.746337890625</AltitudeMeters>
                    </Trackpoint>
                    <Trackpoint>
                        <DistanceMeters>1150.2588920593262</DistanceMeters>
                        <Time>2022-05-07T14:01:23.343Z</Time>
                        <Position>
                            <LatitudeDegrees>30.524213790893555</LatitudeDegrees>
                            <LongitudeDegrees>104.05218505859375</LongitudeDegrees>
                        </Position>
                        <AltitudeMeters>435.746337890625</AltitudeMeters>
                    </Trackpoint>
                    <Trackpoint>
                        <DistanceMeters>1150.2588920593262</DistanceMeters>
                        <Time>2022-05-07T14:01:24.025Z</Time>
                        <Position>
                            <LatitudeDegrees>30.524208068847656</LatitudeDegrees>
                            <LongitudeDegrees>104.05216979980469</LongitudeDegrees>
                        </Position>
                        <AltitudeMeters>436.0201416015625</AltitudeMeters>
                    </Trackpoint>
                    <Trackpoint>
                        <DistanceMeters>1150.2588920593262</DistanceMeters>
                        <Time>2022-05-07T14:01:25.001Z</Time>
                        <Position>
                            <LatitudeDegrees>30.524198532104492</LatitudeDegrees>
                            <LongitudeDegrees>104.05215454101562</LongitudeDegrees>
                        </Position>
                        <AltitudeMeters>436.0201416015625</AltitudeMeters>
                    </Trackpoint>
                    <Trackpoint>
                        <DistanceMeters>1150.2588920593262</DistanceMeters>
                        <Time>2022-05-07T14:01:25.660Z</Time>
                        <Position>
                            <LatitudeDegrees>30.524192810058594</LatitudeDegrees>
                            <LongitudeDegrees>104.05213928222656</LongitudeDegrees>
                        </Position>
                        <AltitudeMeters>436.0201416015625</AltitudeMeters>
                    </Trackpoint>
                    <Trackpoint>
                        <DistanceMeters>1150.2588920593262</DistanceMeters>
                        <Time>2022-05-07T14:01:26.670Z</Time>
                        <Position>
                            <LatitudeDegrees>30.52418327331543</LatitudeDegrees>
                            <LongitudeDegrees>104.05211639404297</LongitudeDegrees>
                        </Position>
                        <AltitudeMeters>435.70965576171875</AltitudeMeters>
                    </Trackpoint>
                    <Trackpoint>
                        <DistanceMeters>1150.2588920593262</DistanceMeters>
                        <Time>2022-05-07T14:01:27.331Z</Time>
                        <Position>
                            <LatitudeDegrees>30.52417755126953</LatitudeDegrees>
                            <LongitudeDegrees>104.05210876464844</LongitudeDegrees>
                        </Position>
                        <AltitudeMeters>435.70965576171875</AltitudeMeters>
                    </Trackpoint>
                    <Trackpoint>
                        <DistanceMeters>1150.2588920593262</DistanceMeters>
                        <Time>2022-05-07T14:01:28.324Z</Time>
                        <Position>
                            <LatitudeDegrees>30.524168014526367</LatitudeDegrees>
                            <LongitudeDegrees>104.05208587646484</LongitudeDegrees>
                        </Position>
                        <AltitudeMeters>435.450439453125</AltitudeMeters>
                    </Trackpoint>
                    <Trackpoint>
                        <DistanceMeters>1150.2588920593262</DistanceMeters>
                        <Time>2022-05-07T14:01:28.966Z</Time>
                        <Position>
                            <LatitudeDegrees>30.5241641998291</LatitudeDegrees>
                            <LongitudeDegrees>104.05207061767578</LongitudeDegrees>
                        </Position>
                        <AltitudeMeters>435.450439453125</AltitudeMeters>
                    </Trackpoint>
                    <Trackpoint>
                        <DistanceMeters>1150.2588920593262</DistanceMeters>
                        <Time>2022-05-07T14:01:29.944Z</Time>
                        <Position>
                            <LatitudeDegrees>30.52415657043457</LatitudeDegrees>
                            <LongitudeDegrees>104.05205535888672</LongitudeDegrees>
                        </Position>
                        <AltitudeMeters>435.2095947265625</AltitudeMeters>
                    </Trackpoint>
                    <Trackpoint>
                        <DistanceMeters>1208.8877563476562</DistanceMeters>
                        <Time>2022-05-07T14:01:30.604Z</Time>
                        <Position>
                            <LatitudeDegrees>30.524150848388672</LatitudeDegrees>
                            <LongitudeDegrees>104.05204772949219</LongitudeDegrees>
                        </Position>
                        <AltitudeMeters>435.2095947265625</AltitudeMeters>
                    </Trackpoint>
                    <Trackpoint>
                        <DistanceMeters>1208.8877563476562</DistanceMeters>
                        <Time>2022-05-07T14:01:31.628Z</Time>
                        <Position>
                            <LatitudeDegrees>30.524139404296875</LatitudeDegrees>
                            <LongitudeDegrees>104.05203247070312</LongitudeDegrees>
                        </Position>
                        <AltitudeMeters>435.2095947265625</AltitudeMeters>
                    </Trackpoint>
                    <Trackpoint>
                        <DistanceMeters>1208.8877563476562</DistanceMeters>
                        <Time>2022-05-07T14:01:32.307Z</Time>
                        <Position>
                            <LatitudeDegrees>30.524131774902344</LatitudeDegrees>
                            <LongitudeDegrees>104.05201721191406</LongitudeDegrees>
                        </Position>
                        <AltitudeMeters>435.45086669921875</AltitudeMeters>
                    </Trackpoint>
                    <Trackpoint>
                        <DistanceMeters>1208.8877563476562</DistanceMeters>
                        <Time>2022-05-07T14:01:33.271Z</Time>
                        <Position>
                            <LatitudeDegrees>30.52412223815918</LatitudeDegrees>
                            <LongitudeDegrees>104.05199432373047</LongitudeDegrees>
                        </Position>
                        <AltitudeMeters>435.45086669921875</AltitudeMeters>
                    </Trackpoint>
                    <Trackpoint>
                        <DistanceMeters>1208.8877563476562</DistanceMeters>
                        <Time>2022-05-07T14:01:33.945Z</Time>
                        <Position>
                            <LatitudeDegrees>30.52411460876465</LatitudeDegrees>
                            <LongitudeDegrees>104.0519790649414</LongitudeDegrees>
                        </Position>
                        <AltitudeMeters>435.8497314453125</AltitudeMeters>
                    </Trackpoint>
                    <Trackpoint>
                        <DistanceMeters>1208.8877563476562</DistanceMeters>
                        <Time>2022-05-07T14:01:34.609Z</Time>
                        <Position>
                            <LatitudeDegrees>30.52410888671875</LatitudeDegrees>
                            <LongitudeDegrees>104.05197143554688</LongitudeDegrees>
                        </Position>
                        <AltitudeMeters>435.8497314453125</AltitudeMeters>
                    </Trackpoint>
                    <Trackpoint>
                        <DistanceMeters>1208.8877563476562</DistanceMeters>
                        <Time>2022-05-07T14:01:35.587Z</Time>
                        <Position>
                            <LatitudeDegrees>30.52410125732422</LatitudeDegrees>
                            <LongitudeDegrees>104.05194854736328</LongitudeDegrees>
                        </Position>
                        <AltitudeMeters>435.8497314453125</AltitudeMeters>
                    </Trackpoint>
                    <Trackpoint>
                        <DistanceMeters>1208.8877563476562</DistanceMeters>
                        <Time>2022-05-07T14:01:36.285Z</Time>
                        <Position>
                            <LatitudeDegrees>30.524093627929688</LatitudeDegrees>
                            <LongitudeDegrees>104.05193328857422</LongitudeDegrees>
                        </Position>
                        <AltitudeMeters>435.989990234375</AltitudeMeters>
                    </Trackpoint>
                    <Trackpoint>
                        <DistanceMeters>1208.8877563476562</DistanceMeters>
                        <Time>2022-05-07T14:01:37.276Z</Time>
                        <Position>
                            <LatitudeDegrees>30.52408218383789</LatitudeDegrees>
                            <LongitudeDegrees>104.05191802978516</LongitudeDegrees>
                        </Position>
                        <AltitudeMeters>435.989990234375</AltitudeMeters>
                    </Trackpoint>
                    <Trackpoint>
                        <DistanceMeters>1208.8877563476562</DistanceMeters>
                        <Time>2022-05-07T14:01:38.286Z</Time>
                        <Position>
                            <LatitudeDegrees>30.524078369140625</LatitudeDegrees>
                            <LongitudeDegrees>104.0519027709961</LongitudeDegrees>
                        </Position>
                        <AltitudeMeters>435.8868408203125</AltitudeMeters>
                    </Trackpoint>
                    <Trackpoint>
                        <DistanceMeters>1208.8877563476562</DistanceMeters>
                        <Time>2022-05-07T14:01:38.923Z</Time>
                        <Position>
                            <LatitudeDegrees>30.524076461791992</LatitudeDegrees>
                            <LongitudeDegrees>104.05189514160156</LongitudeDegrees>
                        </Position>
                        <AltitudeMeters>435.8868408203125</AltitudeMeters>
                    </Trackpoint>
                    <Trackpoint>
                        <DistanceMeters>1208.8877563476562</DistanceMeters>
                        <Time>2022-05-07T14:01:39.900Z</Time>
                        <Position>
                            <LatitudeDegrees>30.524072647094727</LatitudeDegrees>
                            <LongitudeDegrees>104.05187225341797</LongitudeDegrees>
                        </Position>
                        <AltitudeMeters>435.91497802734375</AltitudeMeters>
                    </Trackpoint>
                    <Trackpoint>
                        <DistanceMeters>1208.8877563476562</DistanceMeters>
                        <Time>2022-05-07T14:01:40.566Z</Time>
                        <Position>
                            <LatitudeDegrees>30.524066925048828</LatitudeDegrees>
                            <LongitudeDegrees>104.05186462402344</LongitudeDegrees>
                        </Position>
                        <AltitudeMeters>435.91497802734375</AltitudeMeters>
                    </Trackpoint>
                    <Trackpoint>
                        <DistanceMeters>1208.8877563476562</DistanceMeters>
                        <Time>2022-05-07T14:01:41.280Z</Time>
                        <Position>
                            <LatitudeDegrees>30.524059295654297</LatitudeDegrees>
                            <LongitudeDegrees>104.05184936523438</LongitudeDegrees>
                        </Position>
                        <AltitudeMeters>435.91497802734375</AltitudeMeters>
                    </Trackpoint>
                    <Trackpoint>
                        <DistanceMeters>1208.8877563476562</DistanceMeters>
                        <Time>2022-05-07T14:01:42.274Z</Time>
                        <Position>
                            <LatitudeDegrees>30.5240478515625</LatitudeDegrees>
                            <LongitudeDegrees>104.05182647705078</LongitudeDegrees>
                        </Position>
                        <AltitudeMeters>436.21319580078125</AltitudeMeters>
                    </Trackpoint>
                    <Trackpoint>
                        <DistanceMeters>1208.8877563476562</DistanceMeters>
                        <Time>2022-05-07T14:01:42.969Z</Time>
                        <Position>
                            <LatitudeDegrees>30.5240421295166</LatitudeDegrees>
                            <LongitudeDegrees>104.05181884765625</LongitudeDegrees>
                        </Position>
                        <AltitudeMeters>436.21319580078125</AltitudeMeters>
                    </Trackpoint>
                    <Trackpoint>
                        <DistanceMeters>1208.8877563476562</DistanceMeters>
                        <Time>2022-05-07T14:01:43.922Z</Time>
                        <Position>
                            <LatitudeDegrees>30.524030685424805</LatitudeDegrees>
                            <LongitudeDegrees>104.05179595947266</LongitudeDegrees>
                        </Position>
                        <AltitudeMeters>436.2740478515625</AltitudeMeters>
                    </Trackpoint>
                    <Trackpoint>
                        <DistanceMeters>1208.8877563476562</DistanceMeters>
                        <Time>2022-05-07T14:01:44.584Z</Time>
                        <Position>
                            <LatitudeDegrees>30.524024963378906</LatitudeDegrees>
                            <LongitudeDegrees>104.05178833007812</LongitudeDegrees>
                        </Position>
                        <AltitudeMeters>436.2740478515625</AltitudeMeters>
                    </Trackpoint>
                    <Trackpoint>
                        <DistanceMeters>1208.8877563476562</DistanceMeters>
                        <Time>2022-05-07T14:01:45.584Z</Time>
                        <Position>
                            <LatitudeDegrees>30.524015426635742</LatitudeDegrees>
                            <LongitudeDegrees>104.05176544189453</LongitudeDegrees>
                        </Position>
                        <AltitudeMeters>436.2740478515625</AltitudeMeters>
                    </Trackpoint>
                    <Trackpoint>
                        <DistanceMeters>1208.8877563476562</DistanceMeters>
                        <Time>2022-05-07T14:01:46.278Z</Time>
                        <Position>
                            <LatitudeDegrees>30.524009704589844</LatitudeDegrees>
                            <LongitudeDegrees>104.0517578125</LongitudeDegrees>
                        </Position>
                        <AltitudeMeters>436.41619873046875</AltitudeMeters>
                    </Trackpoint>
                    <Trackpoint>
                        <DistanceMeters>1208.8877563476562</DistanceMeters>
                        <Time>2022-05-07T14:01:47.261Z</Time>
                        <Position>
                            <LatitudeDegrees>30.523998260498047</LatitudeDegrees>
                            <LongitudeDegrees>104.05174255371094</LongitudeDegrees>
                        </Position>
                        <AltitudeMeters>436.41619873046875</AltitudeMeters>
                    </Trackpoint>
                    <Trackpoint>
                        <DistanceMeters>1208.8877563476562</DistanceMeters>
                        <Time>2022-05-07T14:01:48.272Z</Time>
                        <Position>
                            <LatitudeDegrees>30.523984909057617</LatitudeDegrees>
                            <LongitudeDegrees>104.05172729492188</LongitudeDegrees>
                        </Position>
                        <AltitudeMeters>436.49627685546875</AltitudeMeters>
                    </Trackpoint>
                    <Trackpoint>
                        <DistanceMeters>1208.8877563476562</DistanceMeters>
                        <Time>2022-05-07T14:01:48.948Z</Time>
                        <Position>
                            <LatitudeDegrees>30.52397918701172</LatitudeDegrees>
                            <LongitudeDegrees>104.05171203613281</LongitudeDegrees>
                        </Position>
                        <AltitudeMeters>436.49627685546875</AltitudeMeters>
                    </Trackpoint>
                    <Trackpoint>
                        <DistanceMeters>1208.8877563476562</DistanceMeters>
                        <Time>2022-05-07T14:01:49.590Z</Time>
                        <Position>
                            <LatitudeDegrees>30.52397346496582</LatitudeDegrees>
                            <LongitudeDegrees>104.05170440673828</LongitudeDegrees>
                        </Position>
                        <AltitudeMeters>436.49627685546875</AltitudeMeters>
                    </Trackpoint>
                    <Trackpoint>
                        <DistanceMeters>1208.8877563476562</DistanceMeters>
                        <Time>2022-05-07T14:01:50.283Z</Time>
                        <Position>
                            <LatitudeDegrees>30.523967742919922</LatitudeDegrees>
                            <LongitudeDegrees>104.05168914794922</LongitudeDegrees>
                        </Position>
                        <AltitudeMeters>436.842529296875</AltitudeMeters>
                    </Trackpoint>
                    <Trackpoint>
                        <DistanceMeters>1208.8877563476562</DistanceMeters>
                        <Time>2022-05-07T14:01:51.220Z</Time>
                        <Position>
                            <LatitudeDegrees>30.523958206176758</LatitudeDegrees>
                            <LongitudeDegrees>104.05167388916016</LongitudeDegrees>
                        </Position>
                        <AltitudeMeters>436.842529296875</AltitudeMeters>
                    </Trackpoint>
                    <Trackpoint>
                        <DistanceMeters>1208.8877563476562</DistanceMeters>
                        <Time>2022-05-07T14:01:52.227Z</Time>
                        <Position>
                            <LatitudeDegrees>30.523950576782227</LatitudeDegrees>
                            <LongitudeDegrees>104.0516586303711</LongitudeDegrees>
                        </Position>
                        <AltitudeMeters>436.22900390625</AltitudeMeters>
                    </Trackpoint>
                    <Trackpoint>
                        <DistanceMeters>1208.8877563476562</DistanceMeters>
                        <Time>2022-05-07T14:01:52.887Z</Time>
                        <Position>
                            <LatitudeDegrees>30.523944854736328</LatitudeDegrees>
                            <LongitudeDegrees>104.05164337158203</LongitudeDegrees>
                        </Position>
                        <AltitudeMeters>436.22900390625</AltitudeMeters>
                    </Trackpoint>
                    <Trackpoint>
                        <DistanceMeters>1208.8877563476562</DistanceMeters>
                        <Time>2022-05-07T14:01:53.586Z</Time>
                        <Position>
                            <LatitudeDegrees>30.523937225341797</LatitudeDegrees>
                            <LongitudeDegrees>104.05162811279297</LongitudeDegrees>
                        </Position>
                        <AltitudeMeters>436.22900390625</AltitudeMeters>
                    </Trackpoint>
                    <Trackpoint>
                        <DistanceMeters>1208.8877563476562</DistanceMeters>
                        <Time>2022-05-07T14:01:54.544Z</Time>
                        <Position>
                            <LatitudeDegrees>30.523929595947266</LatitudeDegrees>
                            <LongitudeDegrees>104.0516128540039</LongitudeDegrees>
                        </Position>
                        <AltitudeMeters>435.72650146484375</AltitudeMeters>
                    </Trackpoint>
                    <Trackpoint>
                        <DistanceMeters>1208.8877563476562</DistanceMeters>
                        <Time>2022-05-07T14:01:55.223Z</Time>
                        <Position>
                            <LatitudeDegrees>30.523921966552734</LatitudeDegrees>
                            <LongitudeDegrees>104.05159759521484</LongitudeDegrees>
                        </Position>
                        <AltitudeMeters>435.72650146484375</AltitudeMeters>
                    </Trackpoint>
                    <Trackpoint>
                        <DistanceMeters>1208.8877563476562</DistanceMeters>
                        <Time>2022-05-07T14:01:56.222Z</Time>
                        <Position>
                            <LatitudeDegrees>30.523910522460938</LatitudeDegrees>
                            <LongitudeDegrees>104.05158233642578</LongitudeDegrees>
                        </Position>
                        <AltitudeMeters>435.6109619140625</AltitudeMeters>
                    </Trackpoint>
                    <Trackpoint>
                        <DistanceMeters>1208.8877563476562</DistanceMeters>
                        <Time>2022-05-07T14:01:56.883Z</Time>
                        <Position>
                            <LatitudeDegrees>30.523906707763672</LatitudeDegrees>
                            <LongitudeDegrees>104.05157470703125</LongitudeDegrees>
                        </Position>
                        <AltitudeMeters>435.6109619140625</AltitudeMeters>
                    </Trackpoint>
                    <Trackpoint>
                        <DistanceMeters>1208.8877563476562</DistanceMeters>
                        <Time>2022-05-07T14:01:57.869Z</Time>
                        <Position>
                            <LatitudeDegrees>30.52389907836914</LatitudeDegrees>
                            <LongitudeDegrees>104.05155181884766</LongitudeDegrees>
                        </Position>
                        <AltitudeMeters>435.76593017578125</AltitudeMeters>
                    </Trackpoint>
                    <Trackpoint>
                        <DistanceMeters>1208.8877563476562</DistanceMeters>
                        <Time>2022-05-07T14:01:58.523Z</Time>
                        <Position>
                            <LatitudeDegrees>30.523893356323242</LatitudeDegrees>
                            <LongitudeDegrees>104.05154418945312</LongitudeDegrees>
                        </Position>
                        <AltitudeMeters>435.76593017578125</AltitudeMeters>
                    </Trackpoint>
                    <Trackpoint>
                        <DistanceMeters>1208.8877563476562</DistanceMeters>
                        <Time>2022-05-07T14:01:59.180Z</Time>
                        <Position>
                            <LatitudeDegrees>30.523887634277344</LatitudeDegrees>
                            <LongitudeDegrees>104.0515365600586</LongitudeDegrees>
                        </Position>
                        <AltitudeMeters>435.76593017578125</AltitudeMeters>
                    </Trackpoint>
                    <Trackpoint>
                        <DistanceMeters>1268.720443725586</DistanceMeters>
                        <Time>2022-05-07T14:02:00.187Z</Time>
                        <Position>
                            <LatitudeDegrees>30.523874282836914</LatitudeDegrees>
                            <LongitudeDegrees>104.051513671875</LongitudeDegrees>
                        </Position>
                        <AltitudeMeters>436.1505126953125</AltitudeMeters>
                    </Trackpoint>
                    <Trackpoint>
                        <DistanceMeters>1268.720443725586</DistanceMeters>
                        <Time>2022-05-07T14:02:00.846Z</Time>
                        <Position>
                            <LatitudeDegrees>30.523868560791016</LatitudeDegrees>
                            <LongitudeDegrees>104.05150604248047</LongitudeDegrees>
                        </Position>
                        <AltitudeMeters>436.1505126953125</AltitudeMeters>
                    </Trackpoint>
                    <Trackpoint>
                        <DistanceMeters>1268.720443725586</DistanceMeters>
                        <Time>2022-05-07T14:02:01.844Z</Time>
                        <Position>
                            <LatitudeDegrees>30.523855209350586</LatitudeDegrees>
                            <LongitudeDegrees>104.0514907836914</LongitudeDegrees>
                        </Position>
                        <AltitudeMeters>436.75286865234375</AltitudeMeters>
                    </Trackpoint>
                    <Trackpoint>
                        <DistanceMeters>1268.720443725586</DistanceMeters>
                        <Time>2022-05-07T14:02:02.506Z</Time>
                        <Position>
                            <LatitudeDegrees>30.523849487304688</LatitudeDegrees>
                            <LongitudeDegrees>104.05148315429688</LongitudeDegrees>
                        </Position>
                        <AltitudeMeters>436.75286865234375</AltitudeMeters>
                    </Trackpoint>
                    <Trackpoint>
                        <DistanceMeters>1268.720443725586</DistanceMeters>
                        <Time>2022-05-07T14:02:03.532Z</Time>
                        <Position>
                            <LatitudeDegrees>30.52383804321289</LatitudeDegrees>
                            <LongitudeDegrees>104.05146789550781</LongitudeDegrees>
                        </Position>
                        <AltitudeMeters>436.75286865234375</AltitudeMeters>
                    </Trackpoint>
                    <Trackpoint>
                        <DistanceMeters>1268.720443725586</DistanceMeters>
                        <Time>2022-05-07T14:02:04.507Z</Time>
                        <Position>
                            <LatitudeDegrees>30.52382469177246</LatitudeDegrees>
                            <LongitudeDegrees>104.05145263671875</LongitudeDegrees>
                        </Position>
                        <AltitudeMeters>437.1314697265625</AltitudeMeters>
                    </Trackpoint>
                    <Trackpoint>
                        <DistanceMeters>1268.720443725586</DistanceMeters>
                        <Time>2022-05-07T14:02:05.166Z</Time>
                        <Position>
                            <LatitudeDegrees>30.52381706237793</LatitudeDegrees>
                            <LongitudeDegrees>104.05143737792969</LongitudeDegrees>
                        </Position>
                        <AltitudeMeters>437.1314697265625</AltitudeMeters>
                    </Trackpoint>
                    <Trackpoint>
                        <DistanceMeters>1268.720443725586</DistanceMeters>
                        <Time>2022-05-07T14:02:06.162Z</Time>
                        <Position>
                            <LatitudeDegrees>30.5238037109375</LatitudeDegrees>
                            <LongitudeDegrees>104.05142211914062</LongitudeDegrees>
                        </Position>
                        <AltitudeMeters>437.447998046875</AltitudeMeters>
                    </Trackpoint>
                    <Trackpoint>
                        <DistanceMeters>1268.720443725586</DistanceMeters>
                        <Time>2022-05-07T14:02:06.822Z</Time>
                        <Position>
                            <LatitudeDegrees>30.5237979888916</LatitudeDegrees>
                            <LongitudeDegrees>104.0514144897461</LongitudeDegrees>
                        </Position>
                        <AltitudeMeters>437.447998046875</AltitudeMeters>
                    </Trackpoint>
                    <Trackpoint>
                        <DistanceMeters>1268.720443725586</DistanceMeters>
                        <Time>2022-05-07T14:02:07.660Z</Time>
                        <Position>
                            <LatitudeDegrees>30.523786544799805</LatitudeDegrees>
                            <LongitudeDegrees>104.0513916015625</LongitudeDegrees>
                        </Position>
                        <AltitudeMeters>437.7200927734375</AltitudeMeters>
                    </Trackpoint>
                    <Trackpoint>
                        <DistanceMeters>1268.720443725586</DistanceMeters>
                        <Time>2022-05-07T14:02:08.481Z</Time>
                        <Position>
                            <LatitudeDegrees>30.523778915405273</LatitudeDegrees>
                            <LongitudeDegrees>104.05137634277344</LongitudeDegrees>
                        </Position>
                        <AltitudeMeters>437.7200927734375</AltitudeMeters>
                    </Trackpoint>
                    <Trackpoint>
                        <DistanceMeters>1268.720443725586</DistanceMeters>
                        <Time>2022-05-07T14:02:09.489Z</Time>
                        <Position>
                            <LatitudeDegrees>30.52376937866211</LatitudeDegrees>
                            <LongitudeDegrees>104.05136108398438</LongitudeDegrees>
                        </Position>
                        <AltitudeMeters>437.7200927734375</AltitudeMeters>
                    </Trackpoint>
                    <Trackpoint>
                        <DistanceMeters>1268.720443725586</DistanceMeters>
                        <Time>2022-05-07T14:02:10.170Z</Time>
                        <Position>
                            <LatitudeDegrees>30.523765563964844</LatitudeDegrees>
                            <LongitudeDegrees>104.05134582519531</LongitudeDegrees>
                        </Position>
                        <AltitudeMeters>437.9320068359375</AltitudeMeters>
                    </Trackpoint>
                    <Trackpoint>
                        <DistanceMeters>1268.720443725586</DistanceMeters>
                        <Time>2022-05-07T14:02:11.159Z</Time>
                        <Position>
                            <LatitudeDegrees>30.523761749267578</LatitudeDegrees>
                            <LongitudeDegrees>104.05133056640625</LongitudeDegrees>
                        </Position>
                        <AltitudeMeters>437.9320068359375</AltitudeMeters>
                    </Trackpoint>
                    <Trackpoint>
                        <DistanceMeters>1268.720443725586</DistanceMeters>
                        <Time>2022-05-07T14:02:11.660Z</Time>
                        <Position>
                            <LatitudeDegrees>30.523759841918945</LatitudeDegrees>
                            <LongitudeDegrees>104.05132293701172</LongitudeDegrees>
                        </Position>
                        <AltitudeMeters>437.434326171875</AltitudeMeters>
                    </Trackpoint>
                    <Trackpoint>
                        <DistanceMeters>1268.720443725586</DistanceMeters>
                        <Time>2022-05-07T14:02:12.147Z</Time>
                        <Position>
                            <LatitudeDegrees>30.52375602722168</LatitudeDegrees>
                            <LongitudeDegrees>104.05130767822266</LongitudeDegrees>
                        </Position>
                        <AltitudeMeters>437.434326171875</AltitudeMeters>
                    </Trackpoint>
                    <Trackpoint>
                        <DistanceMeters>1268.720443725586</DistanceMeters>
                        <Time>2022-05-07T14:02:12.831Z</Time>
                        <Position>
                            <LatitudeDegrees>30.52375030517578</LatitudeDegrees>
                            <LongitudeDegrees>104.05130004882812</LongitudeDegrees>
                        </Position>
                        <AltitudeMeters>437.434326171875</AltitudeMeters>
                    </Trackpoint>
                    <Trackpoint>
                        <DistanceMeters>1268.720443725586</DistanceMeters>
                        <Time>2022-05-07T14:02:13.509Z</Time>
                        <Position>
                            <LatitudeDegrees>30.523744583129883</LatitudeDegrees>
                            <LongitudeDegrees>104.05128479003906</LongitudeDegrees>
                        </Position>
                        <AltitudeMeters>437.434326171875</AltitudeMeters>
                    </Trackpoint>
                    <Trackpoint>
                        <DistanceMeters>1268.720443725586</DistanceMeters>
                        <Time>2022-05-07T14:02:14.467Z</Time>
                        <Position>
                            <LatitudeDegrees>30.523733139038086</LatitudeDegrees>
                            <LongitudeDegrees>104.05126953125</LongitudeDegrees>
                        </Position>
                        <AltitudeMeters>437.6007080078125</AltitudeMeters>
                    </Trackpoint>
                    <Trackpoint>
                        <DistanceMeters>1268.720443725586</DistanceMeters>
                        <Time>2022-05-07T14:02:15.143Z</Time>
                        <Position>
                            <LatitudeDegrees>30.523725509643555</LatitudeDegrees>
                            <LongitudeDegrees>104.05126190185547</LongitudeDegrees>
                        </Position>
                        <AltitudeMeters>437.6007080078125</AltitudeMeters>
                    </Trackpoint>
                    <Trackpoint>
                        <DistanceMeters>1268.720443725586</DistanceMeters>
                        <Time>2022-05-07T14:02:16.159Z</Time>
                        <Position>
                            <LatitudeDegrees>30.523712158203125</LatitudeDegrees>
                            <LongitudeDegrees>104.0512466430664</LongitudeDegrees>
                        </Position>
                        <AltitudeMeters>437.81793212890625</AltitudeMeters>
                    </Trackpoint>
                    <Trackpoint>
                        <DistanceMeters>1268.720443725586</DistanceMeters>
                        <Time>2022-05-07T14:02:16.838Z</Time>
                        <Position>
                            <LatitudeDegrees>30.523706436157227</LatitudeDegrees>
                            <LongitudeDegrees>104.05123901367188</LongitudeDegrees>
                        </Position>
                        <AltitudeMeters>437.81793212890625</AltitudeMeters>
                    </Trackpoint>
                    <Trackpoint>
                        <DistanceMeters>1268.720443725586</DistanceMeters>
                        <Time>2022-05-07T14:02:17.660Z</Time>
                        <Position>
                            <LatitudeDegrees>30.52369499206543</LatitudeDegrees>
                            <LongitudeDegrees>104.05122375488281</LongitudeDegrees>
                        </Position>
                        <AltitudeMeters>436.8260498046875</AltitudeMeters>
                    </Trackpoint>
                    <Trackpoint>
                        <DistanceMeters>1268.720443725586</DistanceMeters>
                        <Time>2022-05-07T14:02:18.844Z</Time>
                        <Position>
                            <LatitudeDegrees>30.523683547973633</LatitudeDegrees>
                            <LongitudeDegrees>104.05120086669922</LongitudeDegrees>
                        </Position>
                        <AltitudeMeters>436.8260498046875</AltitudeMeters>
                    </Trackpoint>
                    <Trackpoint>
                        <DistanceMeters>1268.720443725586</DistanceMeters>
                        <Time>2022-05-07T14:02:19.504Z</Time>
                        <Position>
                            <LatitudeDegrees>30.523677825927734</LatitudeDegrees>
                            <LongitudeDegrees>104.05119323730469</LongitudeDegrees>
                        </Position>
                        <AltitudeMeters>436.8260498046875</AltitudeMeters>
                    </Trackpoint>
                    <Trackpoint>
                        <DistanceMeters>1268.720443725586</DistanceMeters>
                        <Time>2022-05-07T14:02:20.509Z</Time>
                        <Position>
                            <LatitudeDegrees>30.52366828918457</LatitudeDegrees>
                            <LongitudeDegrees>104.05118560791016</LongitudeDegrees>
                        </Position>
                        <AltitudeMeters>436.27679443359375</AltitudeMeters>
                    </Trackpoint>
                    <Trackpoint>
                        <DistanceMeters>1268.720443725586</DistanceMeters>
                        <Time>2022-05-07T14:02:21.487Z</Time>
                        <Position>
                            <LatitudeDegrees>30.523656845092773</LatitudeDegrees>
                            <LongitudeDegrees>104.05117797851562</LongitudeDegrees>
                        </Position>
                        <AltitudeMeters>436.27679443359375</AltitudeMeters>
                    </Trackpoint>
                    <Trackpoint>
                        <DistanceMeters>1268.720443725586</DistanceMeters>
                        <Time>2022-05-07T14:02:22.167Z</Time>
                        <Position>
                            <LatitudeDegrees>30.52364730834961</LatitudeDegrees>
                            <LongitudeDegrees>104.0511703491211</LongitudeDegrees>
                        </Position>
                        <AltitudeMeters>435.90093994140625</AltitudeMeters>
                    </Trackpoint>
                    <Trackpoint>
                        <DistanceMeters>1268.720443725586</DistanceMeters>
                        <Time>2022-05-07T14:02:23.140Z</Time>
                        <Position>
                            <LatitudeDegrees>30.523635864257812</LatitudeDegrees>
                            <LongitudeDegrees>104.05115509033203</LongitudeDegrees>
                        </Position>
                        <AltitudeMeters>435.90093994140625</AltitudeMeters>
                    </Trackpoint>
                    <Trackpoint>
                        <DistanceMeters>1268.720443725586</DistanceMeters>
                        <Time>2022-05-07T14:02:23.659Z</Time>
                        <Position>
                            <LatitudeDegrees>30.52362823486328</LatitudeDegrees>
                            <LongitudeDegrees>104.05113983154297</LongitudeDegrees>
                        </Position>
                        <AltitudeMeters>435.3565673828125</AltitudeMeters>
                    </Trackpoint>
                    <Trackpoint>
                        <DistanceMeters>1268.720443725586</DistanceMeters>
                        <Time>2022-05-07T14:02:24.445Z</Time>
                        <Position>
                            <LatitudeDegrees>30.523618698120117</LatitudeDegrees>
                            <LongitudeDegrees>104.05113220214844</LongitudeDegrees>
                        </Position>
                        <AltitudeMeters>435.3565673828125</AltitudeMeters>
                    </Trackpoint>
                    <Trackpoint>
                        <DistanceMeters>1268.720443725586</DistanceMeters>
                        <Time>2022-05-07T14:02:25.441Z</Time>
                        <Position>
                            <LatitudeDegrees>30.523605346679688</LatitudeDegrees>
                            <LongitudeDegrees>104.05111694335938</LongitudeDegrees>
                        </Position>
                        <AltitudeMeters>435.3565673828125</AltitudeMeters>
                    </Trackpoint>
                    <Trackpoint>
                        <DistanceMeters>1268.720443725586</DistanceMeters>
                        <Time>2022-05-07T14:02:26.105Z</Time>
                        <Position>
                            <LatitudeDegrees>30.52359962463379</LatitudeDegrees>
                            <LongitudeDegrees>104.05110931396484</LongitudeDegrees>
                        </Position>
                        <AltitudeMeters>435.249267578125</AltitudeMeters>
                    </Trackpoint>
                    <Trackpoint>
                        <DistanceMeters>1268.720443725586</DistanceMeters>
                        <Time>2022-05-07T14:02:26.763Z</Time>
                        <Position>
                            <LatitudeDegrees>30.52359390258789</LatitudeDegrees>
                            <LongitudeDegrees>104.05109405517578</LongitudeDegrees>
                        </Position>
                        <AltitudeMeters>435.249267578125</AltitudeMeters>
                    </Trackpoint>
                    <Trackpoint>
                        <DistanceMeters>1268.720443725586</DistanceMeters>
                        <Time>2022-05-07T14:02:27.660Z</Time>
                        <Position>
                            <LatitudeDegrees>30.523584365844727</LatitudeDegrees>
                            <LongitudeDegrees>104.05107879638672</LongitudeDegrees>
                        </Position>
                        <AltitudeMeters>435.09735107421875</AltitudeMeters>
                    </Trackpoint>
                    <Trackpoint>
                        <DistanceMeters>1268.720443725586</DistanceMeters>
                        <Time>2022-05-07T14:02:28.383Z</Time>
                        <Position>
                            <LatitudeDegrees>30.523576736450195</LatitudeDegrees>
                            <LongitudeDegrees>104.05107116699219</LongitudeDegrees>
                        </Position>
                        <AltitudeMeters>435.09735107421875</AltitudeMeters>
                    </Trackpoint>
                    <Trackpoint>
                        <DistanceMeters>1268.720443725586</DistanceMeters>
                        <Time>2022-05-07T14:02:29.409Z</Time>
                        <Position>
                            <LatitudeDegrees>30.52356719970703</LatitudeDegrees>
                            <LongitudeDegrees>104.0510482788086</LongitudeDegrees>
                        </Position>
                        <AltitudeMeters>435.09735107421875</AltitudeMeters>
                    </Trackpoint>
                    <Trackpoint>
                        <DistanceMeters>1331.1028900146484</DistanceMeters>
                        <Time>2022-05-07T14:02:30.067Z</Time>
                        <Position>
                            <LatitudeDegrees>30.523561477661133</LatitudeDegrees>
                            <LongitudeDegrees>104.05104064941406</LongitudeDegrees>
                        </Position>
                        <AltitudeMeters>435.08935546875</AltitudeMeters>
                    </Trackpoint>
                    <Trackpoint>
                        <DistanceMeters>1331.1028900146484</DistanceMeters>
                        <Time>2022-05-07T14:02:31.023Z</Time>
                        <Position>
                            <LatitudeDegrees>30.523550033569336</LatitudeDegrees>
                            <LongitudeDegrees>104.05103302001953</LongitudeDegrees>
                        </Position>
                        <AltitudeMeters>435.08935546875</AltitudeMeters>
                    </Trackpoint>
                    <Trackpoint>
                        <DistanceMeters>1331.1028900146484</DistanceMeters>
                        <Time>2022-05-07T14:02:31.686Z</Time>
                        <Position>
                            <LatitudeDegrees>30.523542404174805</LatitudeDegrees>
                            <LongitudeDegrees>104.051025390625</LongitudeDegrees>
                        </Position>
                        <AltitudeMeters>435.08935546875</AltitudeMeters>
                    </Trackpoint>
                    <Trackpoint>
                        <DistanceMeters>1331.1028900146484</DistanceMeters>
                        <Time>2022-05-07T14:02:32.681Z</Time>
                        <Position>
                            <LatitudeDegrees>30.52353286743164</LatitudeDegrees>
                            <LongitudeDegrees>104.05101013183594</LongitudeDegrees>
                        </Position>
                        <AltitudeMeters>435.03271484375</AltitudeMeters>
                    </Trackpoint>
                    <Trackpoint>
                        <DistanceMeters>1331.1028900146484</DistanceMeters>
                        <Time>2022-05-07T14:02:33.672Z</Time>
                        <Position>
                            <LatitudeDegrees>30.52351951599121</LatitudeDegrees>
                            <LongitudeDegrees>104.05099487304688</LongitudeDegrees>
                        </Position>
                        <AltitudeMeters>435.03271484375</AltitudeMeters>
                    </Trackpoint>
                    <Trackpoint>
                        <DistanceMeters>1331.1028900146484</DistanceMeters>
                        <Time>2022-05-07T14:02:34.308Z</Time>
                        <Position>
                            <LatitudeDegrees>30.52351188659668</LatitudeDegrees>
                            <LongitudeDegrees>104.05098724365234</LongitudeDegrees>
                        </Position>
                        <AltitudeMeters>435.420166015625</AltitudeMeters>
                    </Trackpoint>
                    <Trackpoint>
                        <DistanceMeters>1331.1028900146484</DistanceMeters>
                        <Time>2022-05-07T14:02:35.284Z</Time>
                        <Position>
                            <LatitudeDegrees>30.52349853515625</LatitudeDegrees>
                            <LongitudeDegrees>104.05097198486328</LongitudeDegrees>
                        </Position>
                        <AltitudeMeters>435.420166015625</AltitudeMeters>
                    </Trackpoint>
                    <Trackpoint>
                        <DistanceMeters>1331.1028900146484</DistanceMeters>
                        <Time>2022-05-07T14:02:36.262Z</Time>
                        <Position>
                            <LatitudeDegrees>30.52348518371582</LatitudeDegrees>
                            <LongitudeDegrees>104.05095672607422</LongitudeDegrees>
                        </Position>
                        <AltitudeMeters>435.665283203125</AltitudeMeters>
                    </Trackpoint>
                    <Trackpoint>
                        <DistanceMeters>1331.1028900146484</DistanceMeters>
                        <Time>2022-05-07T14:02:36.927Z</Time>
                        <Position>
                            <LatitudeDegrees>30.52347755432129</LatitudeDegrees>
                            <LongitudeDegrees>104.05094909667969</LongitudeDegrees>
                        </Position>
                        <AltitudeMeters>435.665283203125</AltitudeMeters>
                    </Trackpoint>
                    <Trackpoint>
                        <DistanceMeters>1331.1028900146484</DistanceMeters>
                        <Time>2022-05-07T14:02:37.928Z</Time>
                        <Position>
                            <LatitudeDegrees>30.523462295532227</LatitudeDegrees>
                            <LongitudeDegrees>104.0509262084961</LongitudeDegrees>
                        </Position>
                        <AltitudeMeters>435.83465576171875</AltitudeMeters>
                    </Trackpoint>
                    <Trackpoint>
                        <DistanceMeters>1331.1028900146484</DistanceMeters>
                        <Time>2022-05-07T14:02:38.565Z</Time>
                        <Position>
                            <LatitudeDegrees>30.523456573486328</LatitudeDegrees>
                            <LongitudeDegrees>104.05091857910156</LongitudeDegrees>
                        </Position>
                        <AltitudeMeters>435.83465576171875</AltitudeMeters>
                    </Trackpoint>
                    <Trackpoint>
                        <DistanceMeters>1331.1028900146484</DistanceMeters>
                        <Time>2022-05-07T14:02:39.551Z</Time>
                        <Position>
                            <LatitudeDegrees>30.5234432220459</LatitudeDegrees>
                            <LongitudeDegrees>104.05091094970703</LongitudeDegrees>
                        </Position>
                        <AltitudeMeters>435.83465576171875</AltitudeMeters>
                    </Trackpoint>
                    <Trackpoint>
                        <DistanceMeters>1331.1028900146484</DistanceMeters>
                        <Time>2022-05-07T14:02:40.180Z</Time>
                        <Position>
                            <LatitudeDegrees>30.523435592651367</LatitudeDegrees>
                            <LongitudeDegrees>104.05089569091797</LongitudeDegrees>
                        </Position>
                        <AltitudeMeters>436.0484619140625</AltitudeMeters>
                    </Trackpoint>
                    <Trackpoint>
                        <DistanceMeters>1331.1028900146484</DistanceMeters>
                        <Time>2022-05-07T14:02:41.186Z</Time>
                        <Position>
                            <LatitudeDegrees>30.523422241210938</LatitudeDegrees>
                            <LongitudeDegrees>104.0508804321289</LongitudeDegrees>
                        </Position>
                        <AltitudeMeters>436.0484619140625</AltitudeMeters>
                    </Trackpoint>
                    <Trackpoint>
                        <DistanceMeters>1331.1028900146484</DistanceMeters>
                        <Time>2022-05-07T14:02:41.659Z</Time>
                        <Position>
                            <LatitudeDegrees>30.523414611816406</LatitudeDegrees>
                            <LongitudeDegrees>104.05087280273438</LongitudeDegrees>
                        </Position>
                        <AltitudeMeters>436.30078125</AltitudeMeters>
                    </Trackpoint>
                    <Trackpoint>
                        <DistanceMeters>1331.1028900146484</DistanceMeters>
                        <Time>2022-05-07T14:02:42.505Z</Time>
                        <Position>
                            <LatitudeDegrees>30.52340316772461</LatitudeDegrees>
                            <LongitudeDegrees>104.05086517333984</LongitudeDegrees>
                        </Position>
                        <AltitudeMeters>436.30078125</AltitudeMeters>
                    </Trackpoint>
                    <Trackpoint>
                        <DistanceMeters>1331.1028900146484</DistanceMeters>
                        <Time>2022-05-07T14:02:43.445Z</Time>
                        <Position>
                            <LatitudeDegrees>30.523387908935547</LatitudeDegrees>
                            <LongitudeDegrees>104.05084991455078</LongitudeDegrees>
                        </Position>
                        <AltitudeMeters>436.30078125</AltitudeMeters>
                    </Trackpoint>
                    <Trackpoint>
                        <DistanceMeters>1331.1028900146484</DistanceMeters>
                        <Time>2022-05-07T14:02:44.104Z</Time>
                        <Position>
                            <LatitudeDegrees>30.523378372192383</LatitudeDegrees>
                            <LongitudeDegrees>104.05084228515625</LongitudeDegrees>
                        </Position>
                        <AltitudeMeters>436.7562255859375</AltitudeMeters>
                    </Trackpoint>
                    <Trackpoint>
                        <DistanceMeters>1331.1028900146484</DistanceMeters>
                        <Time>2022-05-07T14:02:45.408Z</Time>
                        <Position>
                            <LatitudeDegrees>30.523359298706055</LatitudeDegrees>
                            <LongitudeDegrees>104.05081939697266</LongitudeDegrees>
                        </Position>
                        <AltitudeMeters>436.7562255859375</AltitudeMeters>
                    </Trackpoint>
                    <Trackpoint>
                        <DistanceMeters>1331.1028900146484</DistanceMeters>
                        <Time>2022-05-07T14:02:46.409Z</Time>
                        <Position>
                            <LatitudeDegrees>30.523345947265625</LatitudeDegrees>
                            <LongitudeDegrees>104.0508041381836</LongitudeDegrees>
                        </Position>
                        <AltitudeMeters>437.34576416015625</AltitudeMeters>
                    </Trackpoint>
                    <Trackpoint>
                        <DistanceMeters>1331.1028900146484</DistanceMeters>
                        <Time>2022-05-07T14:02:47.383Z</Time>
                        <Position>
                            <LatitudeDegrees>30.523334503173828</LatitudeDegrees>
                            <LongitudeDegrees>104.05078887939453</LongitudeDegrees>
                        </Position>
                        <AltitudeMeters>437.34576416015625</AltitudeMeters>
                    </Trackpoint>
                    <Trackpoint>
                        <DistanceMeters>1331.1028900146484</DistanceMeters>
                        <Time>2022-05-07T14:02:48.023Z</Time>
                        <Position>
                            <LatitudeDegrees>30.523324966430664</LatitudeDegrees>
                            <LongitudeDegrees>104.05078125</LongitudeDegrees>
                        </Position>
                        <AltitudeMeters>437.6612548828125</AltitudeMeters>
                    </Trackpoint>
                    <Trackpoint>
                        <DistanceMeters>1331.1028900146484</DistanceMeters>
                        <Time>2022-05-07T14:02:49.028Z</Time>
                        <Position>
                            <LatitudeDegrees>30.523311614990234</LatitudeDegrees>
                            <LongitudeDegrees>104.05076599121094</LongitudeDegrees>
                        </Position>
                        <AltitudeMeters>437.6612548828125</AltitudeMeters>
                    </Trackpoint>
                    <Trackpoint>
                        <DistanceMeters>1331.1028900146484</DistanceMeters>
                        <Time>2022-05-07T14:02:49.663Z</Time>
                        <Position>
                            <LatitudeDegrees>30.52330207824707</LatitudeDegrees>
                            <LongitudeDegrees>104.0507583618164</LongitudeDegrees>
                        </Position>
                        <AltitudeMeters>437.6612548828125</AltitudeMeters>
                    </Trackpoint>
                    <Trackpoint>
                        <DistanceMeters>1331.1028900146484</DistanceMeters>
                        <Time>2022-05-07T14:02:50.320Z</Time>
                        <Position>
                            <LatitudeDegrees>30.52329444885254</LatitudeDegrees>
                            <LongitudeDegrees>104.05074310302734</LongitudeDegrees>
                        </Position>
                        <AltitudeMeters>437.939208984375</AltitudeMeters>
                    </Trackpoint>
                    <Trackpoint>
                        <DistanceMeters>1331.1028900146484</DistanceMeters>
                        <Time>2022-05-07T14:02:51.308Z</Time>
                        <Position>
                            <LatitudeDegrees>30.523286819458008</LatitudeDegrees>
                            <LongitudeDegrees>104.05072784423828</LongitudeDegrees>
                        </Position>
                        <AltitudeMeters>437.939208984375</AltitudeMeters>
                    </Trackpoint>
                    <Trackpoint>
                        <DistanceMeters>1331.1028900146484</DistanceMeters>
                        <Time>2022-05-07T14:02:52.048Z</Time>
                        <Position>
                            <LatitudeDegrees>30.52328109741211</LatitudeDegrees>
                            <LongitudeDegrees>104.05071258544922</LongitudeDegrees>
                        </Position>
                        <AltitudeMeters>437.81793212890625</AltitudeMeters>
                    </Trackpoint>
                    <Trackpoint>
                        <DistanceMeters>1331.1028900146484</DistanceMeters>
                        <Time>2022-05-07T14:02:53.041Z</Time>
                        <Position>
                            <LatitudeDegrees>30.523269653320312</LatitudeDegrees>
                            <LongitudeDegrees>104.05069732666016</LongitudeDegrees>
                        </Position>
                        <AltitudeMeters>437.81793212890625</AltitudeMeters>
                    </Trackpoint>
                    <Trackpoint>
                        <DistanceMeters>1331.1028900146484</DistanceMeters>
                        <Time>2022-05-07T14:02:53.660Z</Time>
                        <Position>
                            <LatitudeDegrees>30.52326011657715</LatitudeDegrees>
                            <LongitudeDegrees>104.0506820678711</LongitudeDegrees>
                        </Position>
                        <AltitudeMeters>437.888427734375</AltitudeMeters>
                    </Trackpoint>
                    <Trackpoint>
                        <DistanceMeters>1331.1028900146484</DistanceMeters>
                        <Time>2022-05-07T14:02:54.710Z</Time>
                        <Position>
                            <LatitudeDegrees>30.523244857788086</LatitudeDegrees>
                            <LongitudeDegrees>104.05066680908203</LongitudeDegrees>
                        </Position>
                        <AltitudeMeters>437.888427734375</AltitudeMeters>
                    </Trackpoint>
                    <Trackpoint>
                        <DistanceMeters>1331.1028900146484</DistanceMeters>
                        <Time>2022-05-07T14:02:55.386Z</Time>
                        <Position>
                            <LatitudeDegrees>30.523235321044922</LatitudeDegrees>
                            <LongitudeDegrees>104.0506591796875</LongitudeDegrees>
                        </Position>
                        <AltitudeMeters>437.888427734375</AltitudeMeters>
                    </Trackpoint>
                    <Trackpoint>
                        <DistanceMeters>1331.1028900146484</DistanceMeters>
                        <Time>2022-05-07T14:02:56.384Z</Time>
                        <Position>
                            <LatitudeDegrees>30.523218154907227</LatitudeDegrees>
                            <LongitudeDegrees>104.05064392089844</LongitudeDegrees>
                        </Position>
                        <AltitudeMeters>437.9000244140625</AltitudeMeters>
                    </Trackpoint>
                    <Trackpoint>
                        <DistanceMeters>1331.1028900146484</DistanceMeters>
                        <Time>2022-05-07T14:02:57.024Z</Time>
                        <Position>
                            <LatitudeDegrees>30.523208618164062</LatitudeDegrees>
                            <LongitudeDegrees>104.0506362915039</LongitudeDegrees>
                        </Position>
                        <AltitudeMeters>437.9000244140625</AltitudeMeters>
                    </Trackpoint>
                    <Trackpoint>
                        <DistanceMeters>1331.1028900146484</DistanceMeters>
                        <Time>2022-05-07T14:02:58.024Z</Time>
                        <Position>
                            <LatitudeDegrees>30.523193359375</LatitudeDegrees>
                            <LongitudeDegrees>104.05062103271484</LongitudeDegrees>
                        </Position>
                        <AltitudeMeters>438.12713623046875</AltitudeMeters>
                    </Trackpoint>
                    <Trackpoint>
                        <DistanceMeters>1331.1028900146484</DistanceMeters>
                        <Time>2022-05-07T14:02:58.684Z</Time>
                        <Position>
                            <LatitudeDegrees>30.523189544677734</LatitudeDegrees>
                            <LongitudeDegrees>104.05061340332031</LongitudeDegrees>
                        </Position>
                        <AltitudeMeters>438.12713623046875</AltitudeMeters>
                    </Trackpoint>
                    <Trackpoint>
                        <DistanceMeters>1331.1028900146484</DistanceMeters>
                        <Time>2022-05-07T14:02:59.689Z</Time>
                        <Position>
                            <LatitudeDegrees>30.523178100585938</LatitudeDegrees>
                            <LongitudeDegrees>104.05059051513672</LongitudeDegrees>
                        </Position>
                        <AltitudeMeters>438.12713623046875</AltitudeMeters>
                    </Trackpoint>
                    <Trackpoint>
                        <DistanceMeters>1390.3009567260742</DistanceMeters>
                        <Time>2022-05-07T14:03:00.367Z</Time>
                        <Position>
                            <LatitudeDegrees>30.523170471191406</LatitudeDegrees>
                            <LongitudeDegrees>104.05058288574219</LongitudeDegrees>
                        </Position>
                        <AltitudeMeters>438.47686767578125</AltitudeMeters>
                    </Trackpoint>
                    <Trackpoint>
                        <DistanceMeters>1390.3009567260742</DistanceMeters>
                        <Time>2022-05-07T14:03:01.030Z</Time>
                        <Position>
                            <LatitudeDegrees>30.523164749145508</LatitudeDegrees>
                            <LongitudeDegrees>104.05056762695312</LongitudeDegrees>
                        </Position>
                        <AltitudeMeters>438.47686767578125</AltitudeMeters>
                    </Trackpoint>
                    <Trackpoint>
                        <DistanceMeters>1390.3009567260742</DistanceMeters>
                        <Time>2022-05-07T14:03:02.005Z</Time>
                        <Position>
                            <LatitudeDegrees>30.523151397705078</LatitudeDegrees>
                            <LongitudeDegrees>104.05055236816406</LongitudeDegrees>
                        </Position>
                        <AltitudeMeters>438.2869873046875</AltitudeMeters>
                    </Trackpoint>
                    <Trackpoint>
                        <DistanceMeters>1390.3009567260742</DistanceMeters>
                        <Time>2022-05-07T14:03:02.685Z</Time>
                        <Position>
                            <LatitudeDegrees>30.523143768310547</LatitudeDegrees>
                            <LongitudeDegrees>104.050537109375</LongitudeDegrees>
                        </Position>
                        <AltitudeMeters>438.2869873046875</AltitudeMeters>
                    </Trackpoint>
                    <Trackpoint>
                        <DistanceMeters>1390.3009567260742</DistanceMeters>
                        <Time>2022-05-07T14:03:03.682Z</Time>
                        <Position>
                            <LatitudeDegrees>30.523128509521484</LatitudeDegrees>
                            <LongitudeDegrees>104.05052185058594</LongitudeDegrees>
                        </Position>
                        <AltitudeMeters>438.2869873046875</AltitudeMeters>
                    </Trackpoint>
                    <Trackpoint>
                        <DistanceMeters>1390.3009567260742</DistanceMeters>
                        <Time>2022-05-07T14:03:04.342Z</Time>
                        <Position>
                            <LatitudeDegrees>30.523120880126953</LatitudeDegrees>
                            <LongitudeDegrees>104.0505142211914</LongitudeDegrees>
                        </Position>
                        <AltitudeMeters>438.036865234375</AltitudeMeters>
                    </Trackpoint>
                    <Trackpoint>
                        <DistanceMeters>1390.3009567260742</DistanceMeters>
                        <Time>2022-05-07T14:03:05.350Z</Time>
                        <Position>
                            <LatitudeDegrees>30.523109436035156</LatitudeDegrees>
                            <LongitudeDegrees>104.05049133300781</LongitudeDegrees>
                        </Position>
                        <AltitudeMeters>438.036865234375</AltitudeMeters>
                    </Trackpoint>
                    <Trackpoint>
                        <DistanceMeters>1390.3009567260742</DistanceMeters>
                        <Time>2022-05-07T14:03:06.029Z</Time>
                        <Position>
                            <LatitudeDegrees>30.523103713989258</LatitudeDegrees>
                            <LongitudeDegrees>104.05048370361328</LongitudeDegrees>
                        </Position>
                        <AltitudeMeters>438.24981689453125</AltitudeMeters>
                    </Trackpoint>
                    <Trackpoint>
                        <DistanceMeters>1390.3009567260742</DistanceMeters>
                        <Time>2022-05-07T14:03:07.043Z</Time>
                        <Position>
                            <LatitudeDegrees>30.523090362548828</LatitudeDegrees>
                            <LongitudeDegrees>104.05046844482422</LongitudeDegrees>
                        </Position>
                        <AltitudeMeters>438.24981689453125</AltitudeMeters>
                    </Trackpoint>
                    <Trackpoint>
                        <DistanceMeters>1390.3009567260742</DistanceMeters>
                        <Time>2022-05-07T14:03:08.019Z</Time>
                        <Position>
                            <LatitudeDegrees>30.5230770111084</LatitudeDegrees>
                            <LongitudeDegrees>104.05044555664062</LongitudeDegrees>
                        </Position>
                        <AltitudeMeters>438.36572265625</AltitudeMeters>
                    </Trackpoint>
                    <Trackpoint>
                        <DistanceMeters>1390.3009567260742</DistanceMeters>
                        <Time>2022-05-07T14:03:08.704Z</Time>
                        <Position>
                            <LatitudeDegrees>30.523067474365234</LatitudeDegrees>
                            <LongitudeDegrees>104.0504379272461</LongitudeDegrees>
                        </Position>
                        <AltitudeMeters>438.36572265625</AltitudeMeters>
                    </Trackpoint>
                    <Trackpoint>
                        <DistanceMeters>1390.3009567260742</DistanceMeters>
                        <Time>2022-05-07T14:03:09.704Z</Time>
                        <Position>
                            <LatitudeDegrees>30.523052215576172</LatitudeDegrees>
                            <LongitudeDegrees>104.05042266845703</LongitudeDegrees>
                        </Position>
                        <AltitudeMeters>438.36572265625</AltitudeMeters>
                    </Trackpoint>
                    <Trackpoint>
                        <DistanceMeters>1390.3009567260742</DistanceMeters>
                        <Time>2022-05-07T14:03:10.390Z</Time>
                        <Position>
                            <LatitudeDegrees>30.523042678833008</LatitudeDegrees>
                            <LongitudeDegrees>104.05040740966797</LongitudeDegrees>
                        </Position>
                        <AltitudeMeters>438.000244140625</AltitudeMeters>
                    </Trackpoint>
                    <Trackpoint>
                        <DistanceMeters>1390.3009567260742</DistanceMeters>
                        <Time>2022-05-07T14:03:11.400Z</Time>
                        <Position>
                            <LatitudeDegrees>30.523035049438477</LatitudeDegrees>
                            <LongitudeDegrees>104.0503921508789</LongitudeDegrees>
                        </Position>
                        <AltitudeMeters>438.000244140625</AltitudeMeters>
                    </Trackpoint>
                    <Trackpoint>
                        <DistanceMeters>1390.3009567260742</DistanceMeters>
                        <Time>2022-05-07T14:03:12.060Z</Time>
                        <Position>
                            <LatitudeDegrees>30.523029327392578</LatitudeDegrees>
                            <LongitudeDegrees>104.05037689208984</LongitudeDegrees>
                        </Position>
                        <AltitudeMeters>438.17919921875</AltitudeMeters>
                    </Trackpoint>
                    <Trackpoint>
                        <DistanceMeters>1390.3009567260742</DistanceMeters>
                        <Time>2022-05-07T14:03:13.046Z</Time>
                        <Position>
                            <LatitudeDegrees>30.523019790649414</LatitudeDegrees>
                            <LongitudeDegrees>104.05036926269531</LongitudeDegrees>
                        </Position>
                        <AltitudeMeters>438.17919921875</AltitudeMeters>
                    </Trackpoint>
                    <Trackpoint>
                        <DistanceMeters>1390.3009567260742</DistanceMeters>
                        <Time>2022-05-07T14:03:13.660Z</Time>
                        <Position>
                            <LatitudeDegrees>30.523012161254883</LatitudeDegrees>
                            <LongitudeDegrees>104.05035400390625</LongitudeDegrees>
                        </Position>
                        <AltitudeMeters>437.8427734375</AltitudeMeters>
                    </Trackpoint>
                    <Trackpoint>
                        <DistanceMeters>1390.3009567260742</DistanceMeters>
                        <Time>2022-05-07T14:03:14.764Z</Time>
                        <Position>
                            <LatitudeDegrees>30.523006439208984</LatitudeDegrees>
                            <LongitudeDegrees>104.05033874511719</LongitudeDegrees>
                        </Position>
                        <AltitudeMeters>437.8427734375</AltitudeMeters>
                    </Trackpoint>
                    <Trackpoint>
                        <DistanceMeters>1390.3009567260742</DistanceMeters>
                        <Time>2022-05-07T14:03:15.483Z</Time>
                        <Position>
                            <LatitudeDegrees>30.52300262451172</LatitudeDegrees>
                            <LongitudeDegrees>104.05032348632812</LongitudeDegrees>
                        </Position>
                        <AltitudeMeters>437.8427734375</AltitudeMeters>
                    </Trackpoint>
                    <Trackpoint>
                        <DistanceMeters>1390.3009567260742</DistanceMeters>
                        <Time>2022-05-07T14:03:16.582Z</Time>
                        <Position>
                            <LatitudeDegrees>30.52300262451172</LatitudeDegrees>
                            <LongitudeDegrees>104.05030059814453</LongitudeDegrees>
                        </Position>
                        <AltitudeMeters>437.229248046875</AltitudeMeters>
                    </Trackpoint>
                    <Trackpoint>
                        <DistanceMeters>1390.3009567260742</DistanceMeters>
                        <Time>2022-05-07T14:03:17.591Z</Time>
                        <Position>
                            <LatitudeDegrees>30.522998809814453</LatitudeDegrees>
                            <LongitudeDegrees>104.05028533935547</LongitudeDegrees>
                        </Position>
                        <AltitudeMeters>437.229248046875</AltitudeMeters>
                    </Trackpoint>
                    <Trackpoint>
                        <DistanceMeters>1390.3009567260742</DistanceMeters>
                        <Time>2022-05-07T14:03:18.276Z</Time>
                        <Position>
                            <LatitudeDegrees>30.522993087768555</LatitudeDegrees>
                            <LongitudeDegrees>104.0502700805664</LongitudeDegrees>
                        </Position>
                        <AltitudeMeters>437.302001953125</AltitudeMeters>
                    </Trackpoint>
                    <Trackpoint>
                        <DistanceMeters>1390.3009567260742</DistanceMeters>
                        <Time>2022-05-07T14:03:19.253Z</Time>
                        <Position>
                            <LatitudeDegrees>30.52298355102539</LatitudeDegrees>
                            <LongitudeDegrees>104.05025482177734</LongitudeDegrees>
                        </Position>
                        <AltitudeMeters>437.302001953125</AltitudeMeters>
                    </Trackpoint>
                    <Trackpoint>
                        <DistanceMeters>1390.3009567260742</DistanceMeters>
                        <Time>2022-05-07T14:03:19.922Z</Time>
                        <Position>
                            <LatitudeDegrees>30.52297592163086</LatitudeDegrees>
                            <LongitudeDegrees>104.05024719238281</LongitudeDegrees>
                        </Position>
                        <AltitudeMeters>437.04638671875</AltitudeMeters>
                    </Trackpoint>
                    <Trackpoint>
                        <DistanceMeters>1390.3009567260742</DistanceMeters>
                        <Time>2022-05-07T14:03:20.949Z</Time>
                        <Position>
                            <LatitudeDegrees>30.52296257019043</LatitudeDegrees>
                            <LongitudeDegrees>104.05023193359375</LongitudeDegrees>
                        </Position>
                        <AltitudeMeters>437.04638671875</AltitudeMeters>
                    </Trackpoint>
                    <Trackpoint>
                        <DistanceMeters>1390.3009567260742</DistanceMeters>
                        <Time>2022-05-07T14:03:21.924Z</Time>
                        <Position>
                            <LatitudeDegrees>30.522947311401367</LatitudeDegrees>
                            <LongitudeDegrees>104.05021667480469</LongitudeDegrees>
                        </Position>
                        <AltitudeMeters>436.66229248046875</AltitudeMeters>
                    </Trackpoint>
                    <Trackpoint>
                        <DistanceMeters>1390.3009567260742</DistanceMeters>
                        <Time>2022-05-07T14:03:22.608Z</Time>
                        <Position>
                            <LatitudeDegrees>30.522939682006836</LatitudeDegrees>
                            <LongitudeDegrees>104.05021667480469</LongitudeDegrees>
                        </Position>
                        <AltitudeMeters>436.66229248046875</AltitudeMeters>
                    </Trackpoint>
                    <Trackpoint>
                        <DistanceMeters>1390.3009567260742</DistanceMeters>
                        <Time>2022-05-07T14:03:23.660Z</Time>
                        <Position>
                            <LatitudeDegrees>30.522924423217773</LatitudeDegrees>
                            <LongitudeDegrees>104.05020141601562</LongitudeDegrees>
                        </Position>
                        <AltitudeMeters>435.7607421875</AltitudeMeters>
                    </Trackpoint>
                    <Trackpoint>
                        <DistanceMeters>1390.3009567260742</DistanceMeters>
                        <Time>2022-05-07T14:03:24.568Z</Time>
                        <Position>
                            <LatitudeDegrees>30.522911071777344</LatitudeDegrees>
                            <LongitudeDegrees>104.05018615722656</LongitudeDegrees>
                        </Position>
                        <AltitudeMeters>435.7607421875</AltitudeMeters>
                    </Trackpoint>
                    <Trackpoint>
                        <DistanceMeters>1390.3009567260742</DistanceMeters>
                        <Time>2022-05-07T14:03:25.660Z</Time>
                        <Position>
                            <LatitudeDegrees>30.522897720336914</LatitudeDegrees>
                            <LongitudeDegrees>104.0501708984375</LongitudeDegrees>
                        </Position>
                        <AltitudeMeters>434.580322265625</AltitudeMeters>
                    </Trackpoint>
                    <Trackpoint>
                        <DistanceMeters>1390.3009567260742</DistanceMeters>
                        <Time>2022-05-07T14:03:26.271Z</Time>
                        <Position>
                            <LatitudeDegrees>30.522890090942383</LatitudeDegrees>
                            <LongitudeDegrees>104.05016326904297</LongitudeDegrees>
                        </Position>
                        <AltitudeMeters>434.580322265625</AltitudeMeters>
                    </Trackpoint>
                    <Trackpoint>
                        <DistanceMeters>1390.3009567260742</DistanceMeters>
                        <Time>2022-05-07T14:03:27.268Z</Time>
                        <Position>
                            <LatitudeDegrees>30.52288055419922</LatitudeDegrees>
                            <LongitudeDegrees>104.0501480102539</LongitudeDegrees>
                        </Position>
                        <AltitudeMeters>434.580322265625</AltitudeMeters>
                    </Trackpoint>
                    <Trackpoint>
                        <DistanceMeters>1390.3009567260742</DistanceMeters>
                        <Time>2022-05-07T14:03:28.599Z</Time>
                        <Position>
                            <LatitudeDegrees>30.522865295410156</LatitudeDegrees>
                            <LongitudeDegrees>104.05013275146484</LongitudeDegrees>
                        </Position>
                        <AltitudeMeters>434.0679931640625</AltitudeMeters>
                    </Trackpoint>
                    <Trackpoint>
                        <DistanceMeters>1390.3009567260742</DistanceMeters>
                        <Time>2022-05-07T14:03:29.588Z</Time>
                        <Position>
                            <LatitudeDegrees>30.52285385131836</LatitudeDegrees>
                            <LongitudeDegrees>104.05012512207031</LongitudeDegrees>
                        </Position>
                        <AltitudeMeters>434.0679931640625</AltitudeMeters>
                    </Trackpoint>
                    <Trackpoint>
                        <DistanceMeters>1453.6860275268555</DistanceMeters>
                        <Time>2022-05-07T14:03:30.287Z</Time>
                        <Position>
                            <LatitudeDegrees>30.522844314575195</LatitudeDegrees>
                            <LongitudeDegrees>104.05012512207031</LongitudeDegrees>
                        </Position>
                        <AltitudeMeters>433.81390380859375</AltitudeMeters>
                    </Trackpoint>
                    <Trackpoint>
                        <DistanceMeters>1453.6860275268555</DistanceMeters>
                        <Time>2022-05-07T14:03:31.368Z</Time>
                        <Position>
                            <LatitudeDegrees>30.522829055786133</LatitudeDegrees>
                            <LongitudeDegrees>104.05010986328125</LongitudeDegrees>
                        </Position>
                        <AltitudeMeters>433.81390380859375</AltitudeMeters>
                    </Trackpoint>
                    <Trackpoint>
                        <DistanceMeters>1453.6860275268555</DistanceMeters>
                        <Time>2022-05-07T14:03:32.020Z</Time>
                        <Position>
                            <LatitudeDegrees>30.522817611694336</LatitudeDegrees>
                            <LongitudeDegrees>104.05010223388672</LongitudeDegrees>
                        </Position>
                        <AltitudeMeters>433.922119140625</AltitudeMeters>
                    </Trackpoint>
                    <Trackpoint>
                        <DistanceMeters>1453.6860275268555</DistanceMeters>
                        <Time>2022-05-07T14:03:33.022Z</Time>
                        <Position>
                            <LatitudeDegrees>30.522798538208008</LatitudeDegrees>
                            <LongitudeDegrees>104.05009460449219</LongitudeDegrees>
                        </Position>
                        <AltitudeMeters>433.922119140625</AltitudeMeters>
                    </Trackpoint>
                    <Trackpoint>
                        <DistanceMeters>1453.6860275268555</DistanceMeters>
                        <Time>2022-05-07T14:03:33.684Z</Time>
                        <Position>
                            <LatitudeDegrees>30.522785186767578</LatitudeDegrees>
                            <LongitudeDegrees>104.05008697509766</LongitudeDegrees>
                        </Position>
                        <AltitudeMeters>433.922119140625</AltitudeMeters>
                    </Trackpoint>
                    <Trackpoint>
                        <DistanceMeters>1453.6860275268555</DistanceMeters>
                        <Time>2022-05-07T14:03:34.718Z</Time>
                        <Position>
                            <LatitudeDegrees>30.52276611328125</LatitudeDegrees>
                            <LongitudeDegrees>104.05007934570312</LongitudeDegrees>
                        </Position>
                        <AltitudeMeters>433.80291748046875</AltitudeMeters>
                    </Trackpoint>
                    <Trackpoint>
                        <DistanceMeters>1453.6860275268555</DistanceMeters>
                        <Time>2022-05-07T14:03:35.428Z</Time>
                        <Position>
                            <LatitudeDegrees>30.522756576538086</LatitudeDegrees>
                            <LongitudeDegrees>104.0500717163086</LongitudeDegrees>
                        </Position>
                        <AltitudeMeters>433.80291748046875</AltitudeMeters>
                    </Trackpoint>
                    <Trackpoint>
                        <DistanceMeters>1453.6860275268555</DistanceMeters>
                        <Time>2022-05-07T14:03:36.423Z</Time>
                        <Position>
                            <LatitudeDegrees>30.522741317749023</LatitudeDegrees>
                            <LongitudeDegrees>104.05006408691406</LongitudeDegrees>
                        </Position>
                        <AltitudeMeters>433.6759033203125</AltitudeMeters>
                    </Trackpoint>
                    <Trackpoint>
                        <DistanceMeters>1453.6860275268555</DistanceMeters>
                        <Time>2022-05-07T14:03:37.491Z</Time>
                        <Position>
                            <LatitudeDegrees>30.522724151611328</LatitudeDegrees>
                            <LongitudeDegrees>104.05005645751953</LongitudeDegrees>
                        </Position>
                        <AltitudeMeters>433.6759033203125</AltitudeMeters>
                    </Trackpoint>
                    <Trackpoint>
                        <DistanceMeters>1453.6860275268555</DistanceMeters>
                        <Time>2022-05-07T14:03:38.168Z</Time>
                        <Position>
                            <LatitudeDegrees>30.52271270751953</LatitudeDegrees>
                            <LongitudeDegrees>104.050048828125</LongitudeDegrees>
                        </Position>
                        <AltitudeMeters>433.327392578125</AltitudeMeters>
                    </Trackpoint>
                    <Trackpoint>
                        <DistanceMeters>1453.6860275268555</DistanceMeters>
                        <Time>2022-05-07T14:03:39.201Z</Time>
                        <Position>
                            <LatitudeDegrees>30.522695541381836</LatitudeDegrees>
                            <LongitudeDegrees>104.0500259399414</LongitudeDegrees>
                        </Position>
                        <AltitudeMeters>433.327392578125</AltitudeMeters>
                    </Trackpoint>
                    <Trackpoint>
                        <DistanceMeters>1453.6860275268555</DistanceMeters>
                        <Time>2022-05-07T14:03:40.288Z</Time>
                        <Position>
                            <LatitudeDegrees>30.522676467895508</LatitudeDegrees>
                            <LongitudeDegrees>104.05001068115234</LongitudeDegrees>
                        </Position>
                        <AltitudeMeters>432.794921875</AltitudeMeters>
                    </Trackpoint>
                    <Trackpoint>
                        <DistanceMeters>1453.6860275268555</DistanceMeters>
                        <Time>2022-05-07T14:03:40.924Z</Time>
                        <Position>
                            <LatitudeDegrees>30.522666931152344</LatitudeDegrees>
                            <LongitudeDegrees>104.05001068115234</LongitudeDegrees>
                        </Position>
                        <AltitudeMeters>432.794921875</AltitudeMeters>
                    </Trackpoint>
                    <Trackpoint>
                        <DistanceMeters>1453.6860275268555</DistanceMeters>
                        <Time>2022-05-07T14:03:42.009Z</Time>
                        <Position>
                            <LatitudeDegrees>30.522647857666016</LatitudeDegrees>
                            <LongitudeDegrees>104.04999542236328</LongitudeDegrees>
                        </Position>
                        <AltitudeMeters>432.884521484375</AltitudeMeters>
                    </Trackpoint>
                    <Trackpoint>
                        <DistanceMeters>1453.6860275268555</DistanceMeters>
                        <Time>2022-05-07T14:03:43.099Z</Time>
                        <Position>
                            <LatitudeDegrees>30.522626876831055</LatitudeDegrees>
                            <LongitudeDegrees>104.04998779296875</LongitudeDegrees>
                        </Position>
                        <AltitudeMeters>432.884521484375</AltitudeMeters>
                    </Trackpoint>
                    <Trackpoint>
                        <DistanceMeters>1453.6860275268555</DistanceMeters>
                        <Time>2022-05-07T14:03:44.127Z</Time>
                        <Position>
                            <LatitudeDegrees>30.52260971069336</LatitudeDegrees>
                            <LongitudeDegrees>104.04997253417969</LongitudeDegrees>
                        </Position>
                        <AltitudeMeters>432.46826171875</AltitudeMeters>
                    </Trackpoint>
                    <Trackpoint>
                        <DistanceMeters>1453.6860275268555</DistanceMeters>
                        <Time>2022-05-07T14:03:44.804Z</Time>
                        <Position>
                            <LatitudeDegrees>30.522600173950195</LatitudeDegrees>
                            <LongitudeDegrees>104.04996490478516</LongitudeDegrees>
                        </Position>
                        <AltitudeMeters>432.46826171875</AltitudeMeters>
                    </Trackpoint>
                    <Trackpoint>
                        <DistanceMeters>1453.6860275268555</DistanceMeters>
                        <Time>2022-05-07T14:03:45.659Z</Time>
                        <Position>
                            <LatitudeDegrees>30.52259063720703</LatitudeDegrees>
                            <LongitudeDegrees>104.0499496459961</LongitudeDegrees>
                        </Position>
                        <AltitudeMeters>432.7781982421875</AltitudeMeters>
                    </Trackpoint>
                    <Trackpoint>
                        <DistanceMeters>1453.6860275268555</DistanceMeters>
                        <Time>2022-05-07T14:03:46.166Z</Time>
                        <Position>
                            <LatitudeDegrees>30.522584915161133</LatitudeDegrees>
                            <LongitudeDegrees>104.04994201660156</LongitudeDegrees>
                        </Position>
                        <AltitudeMeters>432.7781982421875</AltitudeMeters>
                    </Trackpoint>
                    <Trackpoint>
                        <DistanceMeters>1453.6860275268555</DistanceMeters>
                        <Time>2022-05-07T14:03:46.826Z</Time>
                        <Position>
                            <LatitudeDegrees>30.5225772857666</LatitudeDegrees>
                            <LongitudeDegrees>104.0499267578125</LongitudeDegrees>
                        </Position>
                        <AltitudeMeters>432.7781982421875</AltitudeMeters>
                    </Trackpoint>
                    <Trackpoint>
                        <DistanceMeters>1453.6860275268555</DistanceMeters>
                        <Time>2022-05-07T14:03:47.508Z</Time>
                        <Position>
                            <LatitudeDegrees>30.52256965637207</LatitudeDegrees>
                            <LongitudeDegrees>104.04991912841797</LongitudeDegrees>
                        </Position>
                        <AltitudeMeters>432.7781982421875</AltitudeMeters>
                    </Trackpoint>
                    <Trackpoint>
                        <DistanceMeters>1453.6860275268555</DistanceMeters>
                        <Time>2022-05-07T14:03:48.521Z</Time>
                        <Position>
                            <LatitudeDegrees>30.52255630493164</LatitudeDegrees>
                            <LongitudeDegrees>104.04989624023438</LongitudeDegrees>
                        </Position>
                        <AltitudeMeters>433.00018310546875</AltitudeMeters>
                    </Trackpoint>
                    <Trackpoint>
                        <DistanceMeters>1453.6860275268555</DistanceMeters>
                        <Time>2022-05-07T14:03:49.526Z</Time>
                        <Position>
                            <LatitudeDegrees>30.52254295349121</LatitudeDegrees>
                            <LongitudeDegrees>104.04988098144531</LongitudeDegrees>
                        </Position>
                        <AltitudeMeters>433.00018310546875</AltitudeMeters>
                    </Trackpoint>
                    <Trackpoint>
                        <DistanceMeters>1453.6860275268555</DistanceMeters>
                        <Time>2022-05-07T14:03:50.210Z</Time>
                        <Position>
                            <LatitudeDegrees>30.52253532409668</LatitudeDegrees>
                            <LongitudeDegrees>104.04987335205078</LongitudeDegrees>
                        </Position>
                        <AltitudeMeters>433.0316162109375</AltitudeMeters>
                    </Trackpoint>
                    <Trackpoint>
                        <DistanceMeters>1453.6860275268555</DistanceMeters>
                        <Time>2022-05-07T14:03:51.203Z</Time>
                        <Position>
                            <LatitudeDegrees>30.522523880004883</LatitudeDegrees>
                            <LongitudeDegrees>104.04985809326172</LongitudeDegrees>
                        </Position>
                        <AltitudeMeters>433.0316162109375</AltitudeMeters>
                    </Trackpoint>
                    <Trackpoint>
                        <DistanceMeters>1453.6860275268555</DistanceMeters>
                        <Time>2022-05-07T14:03:51.660Z</Time>
                        <Position>
                            <LatitudeDegrees>30.52251625061035</LatitudeDegrees>
                            <LongitudeDegrees>104.04985046386719</LongitudeDegrees>
                        </Position>
                        <AltitudeMeters>433.1143798828125</AltitudeMeters>
                    </Trackpoint>
                    <Trackpoint>
                        <DistanceMeters>1453.6860275268555</DistanceMeters>
                        <Time>2022-05-07T14:03:52.277Z</Time>
                        <Position>
                            <LatitudeDegrees>30.52250862121582</LatitudeDegrees>
                            <LongitudeDegrees>104.04983520507812</LongitudeDegrees>
                        </Position>
                        <AltitudeMeters>433.1143798828125</AltitudeMeters>
                    </Trackpoint>
                    <Trackpoint>
                        <DistanceMeters>1453.6860275268555</DistanceMeters>
                        <Time>2022-05-07T14:03:52.926Z</Time>
                        <Position>
                            <LatitudeDegrees>30.522499084472656</LatitudeDegrees>
                            <LongitudeDegrees>104.0498275756836</LongitudeDegrees>
                        </Position>
                        <AltitudeMeters>433.1143798828125</AltitudeMeters>
                    </Trackpoint>
                    <Trackpoint>
                        <DistanceMeters>1453.6860275268555</DistanceMeters>
                        <Time>2022-05-07T14:03:53.945Z</Time>
                        <Position>
                            <LatitudeDegrees>30.522483825683594</LatitudeDegrees>
                            <LongitudeDegrees>104.04981231689453</LongitudeDegrees>
                        </Position>
                        <AltitudeMeters>432.95892333984375</AltitudeMeters>
                    </Trackpoint>
                    <Trackpoint>
                        <DistanceMeters>1453.6860275268555</DistanceMeters>
                        <Time>2022-05-07T14:03:54.622Z</Time>
                        <Position>
                            <LatitudeDegrees>30.522476196289062</LatitudeDegrees>
                            <LongitudeDegrees>104.0498046875</LongitudeDegrees>
                        </Position>
                        <AltitudeMeters>432.95892333984375</AltitudeMeters>
                    </Trackpoint>
                    <Trackpoint>
                        <DistanceMeters>1453.6860275268555</DistanceMeters>
                        <Time>2022-05-07T14:03:55.650Z</Time>
                        <Position>
                            <LatitudeDegrees>30.522459030151367</LatitudeDegrees>
                            <LongitudeDegrees>104.04978942871094</LongitudeDegrees>
                        </Position>
                        <AltitudeMeters>432.95892333984375</AltitudeMeters>
                    </Trackpoint>
                    <Trackpoint>
                        <DistanceMeters>1453.6860275268555</DistanceMeters>
                        <Time>2022-05-07T14:03:56.662Z</Time>
                        <Position>
                            <LatitudeDegrees>30.52244758605957</LatitudeDegrees>
                            <LongitudeDegrees>104.04977416992188</LongitudeDegrees>
                        </Position>
                        <AltitudeMeters>432.97039794921875</AltitudeMeters>
                    </Trackpoint>
                    <Trackpoint>
                        <DistanceMeters>1453.6860275268555</DistanceMeters>
                        <Time>2022-05-07T14:03:57.341Z</Time>
                        <Position>
                            <LatitudeDegrees>30.52243995666504</LatitudeDegrees>
                            <LongitudeDegrees>104.04976654052734</LongitudeDegrees>
                        </Position>
                        <AltitudeMeters>432.97039794921875</AltitudeMeters>
                    </Trackpoint>
                    <Trackpoint>
                        <DistanceMeters>1453.6860275268555</DistanceMeters>
                        <Time>2022-05-07T14:03:58.367Z</Time>
                        <Position>
                            <LatitudeDegrees>30.52242660522461</LatitudeDegrees>
                            <LongitudeDegrees>104.04975128173828</LongitudeDegrees>
                        </Position>
                        <AltitudeMeters>433.4415283203125</AltitudeMeters>
                    </Trackpoint>
                    <Trackpoint>
                        <DistanceMeters>1453.6860275268555</DistanceMeters>
                        <Time>2022-05-07T14:03:59.384Z</Time>
                        <Position>
                            <LatitudeDegrees>30.522411346435547</LatitudeDegrees>
                            <LongitudeDegrees>104.04973602294922</LongitudeDegrees>
                        </Position>
                        <AltitudeMeters>433.4415283203125</AltitudeMeters>
                    </Trackpoint>
                    <Trackpoint>
                        <DistanceMeters>1511.5100059509277</DistanceMeters>
                        <Time>2022-05-07T14:04:00.064Z</Time>
                        <Position>
                            <LatitudeDegrees>30.522401809692383</LatitudeDegrees>
                            <LongitudeDegrees>104.04972839355469</LongitudeDegrees>
                        </Position>
                        <AltitudeMeters>434.0355224609375</AltitudeMeters>
                    </Trackpoint>
                    <Trackpoint>
                        <DistanceMeters>1511.5100059509277</DistanceMeters>
                        <Time>2022-05-07T14:04:01.084Z</Time>
                        <Position>
                            <LatitudeDegrees>30.52238655090332</LatitudeDegrees>
                            <LongitudeDegrees>104.04972076416016</LongitudeDegrees>
                        </Position>
                        <AltitudeMeters>434.0355224609375</AltitudeMeters>
                    </Trackpoint>
                    <Trackpoint>
                        <DistanceMeters>1511.5100059509277</DistanceMeters>
                        <Time>2022-05-07T14:04:01.660Z</Time>
                        <Position>
                            <LatitudeDegrees>30.522377014160156</LatitudeDegrees>
                            <LongitudeDegrees>104.04971313476562</LongitudeDegrees>
                        </Position>
                        <AltitudeMeters>434.1044921875</AltitudeMeters>
                    </Trackpoint>
                    <Trackpoint>
                        <DistanceMeters>1511.5100059509277</DistanceMeters>
                        <Time>2022-05-07T14:04:02.783Z</Time>
                        <Position>
                            <LatitudeDegrees>30.522361755371094</LatitudeDegrees>
                            <LongitudeDegrees>104.04969787597656</LongitudeDegrees>
                        </Position>
                        <AltitudeMeters>434.1044921875</AltitudeMeters>
                    </Trackpoint>
                    <Trackpoint>
                        <DistanceMeters>1511.5100059509277</DistanceMeters>
                        <Time>2022-05-07T14:04:03.659Z</Time>
                        <Position>
                            <LatitudeDegrees>30.522348403930664</LatitudeDegrees>
                            <LongitudeDegrees>104.04969024658203</LongitudeDegrees>
                        </Position>
                        <AltitudeMeters>434.15545654296875</AltitudeMeters>
                    </Trackpoint>
                    <Trackpoint>
                        <DistanceMeters>1511.5100059509277</DistanceMeters>
                        <Time>2022-05-07T14:04:04.468Z</Time>
                        <Position>
                            <LatitudeDegrees>30.522336959838867</LatitudeDegrees>
                            <LongitudeDegrees>104.0496826171875</LongitudeDegrees>
                        </Position>
                        <AltitudeMeters>434.15545654296875</AltitudeMeters>
                    </Trackpoint>
                    <Trackpoint>
                        <DistanceMeters>1511.5100059509277</DistanceMeters>
                        <Time>2022-05-07T14:04:05.484Z</Time>
                        <Position>
                            <LatitudeDegrees>30.522319793701172</LatitudeDegrees>
                            <LongitudeDegrees>104.04967498779297</LongitudeDegrees>
                        </Position>
                        <AltitudeMeters>434.15545654296875</AltitudeMeters>
                    </Trackpoint>
                    <Trackpoint>
                        <DistanceMeters>1511.5100059509277</DistanceMeters>
                        <Time>2022-05-07T14:04:06.162Z</Time>
                        <Position>
                            <LatitudeDegrees>30.522310256958008</LatitudeDegrees>
                            <LongitudeDegrees>104.04966735839844</LongitudeDegrees>
                        </Position>
                        <AltitudeMeters>433.7115478515625</AltitudeMeters>
                    </Trackpoint>
                    <Trackpoint>
                        <DistanceMeters>1511.5100059509277</DistanceMeters>
                        <Time>2022-05-07T14:04:07.186Z</Time>
                        <Position>
                            <LatitudeDegrees>30.522294998168945</LatitudeDegrees>
                            <LongitudeDegrees>104.04965209960938</LongitudeDegrees>
                        </Position>
                        <AltitudeMeters>433.7115478515625</AltitudeMeters>
                    </Trackpoint>
                    <Trackpoint>
                        <DistanceMeters>1511.5100059509277</DistanceMeters>
                        <Time>2022-05-07T14:04:07.660Z</Time>
                        <Position>
                            <LatitudeDegrees>30.522287368774414</LatitudeDegrees>
                            <LongitudeDegrees>104.04964447021484</LongitudeDegrees>
                        </Position>
                        <AltitudeMeters>434.0274658203125</AltitudeMeters>
                    </Trackpoint>
                    <Trackpoint>
                        <DistanceMeters>1511.5100059509277</DistanceMeters>
                        <Time>2022-05-07T14:04:08.200Z</Time>
                        <Position>
                            <LatitudeDegrees>30.522279739379883</LatitudeDegrees>
                            <LongitudeDegrees>104.04963684082031</LongitudeDegrees>
                        </Position>
                        <AltitudeMeters>434.0274658203125</AltitudeMeters>
                    </Trackpoint>
                    <Trackpoint>
                        <DistanceMeters>1511.5100059509277</DistanceMeters>
                        <Time>2022-05-07T14:04:08.884Z</Time>
                        <Position>
                            <LatitudeDegrees>30.522274017333984</LatitudeDegrees>
                            <LongitudeDegrees>104.04962921142578</LongitudeDegrees>
                        </Position>
                        <AltitudeMeters>434.0274658203125</AltitudeMeters>
                    </Trackpoint>
                    <Trackpoint>
                        <DistanceMeters>1511.5100059509277</DistanceMeters>
                        <Time>2022-05-07T14:04:09.579Z</Time>
                        <Position>
                            <LatitudeDegrees>30.52226448059082</LatitudeDegrees>
                            <LongitudeDegrees>104.04962158203125</LongitudeDegrees>
                        </Position>
                        <AltitudeMeters>434.0274658203125</AltitudeMeters>
                    </Trackpoint>
                    <Trackpoint>
                        <DistanceMeters>1511.5100059509277</DistanceMeters>
                        <Time>2022-05-07T14:04:10.552Z</Time>
                        <Position>
                            <LatitudeDegrees>30.522254943847656</LatitudeDegrees>
                            <LongitudeDegrees>104.04960632324219</LongitudeDegrees>
                        </Position>
                        <AltitudeMeters>434.23919677734375</AltitudeMeters>
                    </Trackpoint>
                    <Trackpoint>
                        <DistanceMeters>1511.5100059509277</DistanceMeters>
                        <Time>2022-05-07T14:04:11.278Z</Time>
                        <Position>
                            <LatitudeDegrees>30.522245407104492</LatitudeDegrees>
                            <LongitudeDegrees>104.04959869384766</LongitudeDegrees>
                        </Position>
                        <AltitudeMeters>434.23919677734375</AltitudeMeters>
                    </Trackpoint>
                    <Trackpoint>
                        <DistanceMeters>1511.5100059509277</DistanceMeters>
                        <Time>2022-05-07T14:04:12.275Z</Time>
                        <Position>
                            <LatitudeDegrees>30.522232055664062</LatitudeDegrees>
                            <LongitudeDegrees>104.0495834350586</LongitudeDegrees>
                        </Position>
                        <AltitudeMeters>434.72357177734375</AltitudeMeters>
                    </Trackpoint>
                    <Trackpoint>
                        <DistanceMeters>1511.5100059509277</DistanceMeters>
                        <Time>2022-05-07T14:04:12.963Z</Time>
                        <Position>
                            <LatitudeDegrees>30.5222225189209</LatitudeDegrees>
                            <LongitudeDegrees>104.04957580566406</LongitudeDegrees>
                        </Position>
                        <AltitudeMeters>434.72357177734375</AltitudeMeters>
                    </Trackpoint>
                    <Trackpoint>
                        <DistanceMeters>1511.5100059509277</DistanceMeters>
                        <Time>2022-05-07T14:04:13.968Z</Time>
                        <Position>
                            <LatitudeDegrees>30.522207260131836</LatitudeDegrees>
                            <LongitudeDegrees>104.04956817626953</LongitudeDegrees>
                        </Position>
                        <AltitudeMeters>434.40399169921875</AltitudeMeters>
                    </Trackpoint>
                    <Trackpoint>
                        <DistanceMeters>1511.5100059509277</DistanceMeters>
                        <Time>2022-05-07T14:04:14.646Z</Time>
                        <Position>
                            <LatitudeDegrees>30.522197723388672</LatitudeDegrees>
                            <LongitudeDegrees>104.049560546875</LongitudeDegrees>
                        </Position>
                        <AltitudeMeters>434.40399169921875</AltitudeMeters>
                    </Trackpoint>
                    <Trackpoint>
                        <DistanceMeters>1511.5100059509277</DistanceMeters>
                        <Time>2022-05-07T14:04:15.662Z</Time>
                        <Position>
                            <LatitudeDegrees>30.522178649902344</LatitudeDegrees>
                            <LongitudeDegrees>104.04955291748047</LongitudeDegrees>
                        </Position>
                        <AltitudeMeters>434.40399169921875</AltitudeMeters>
                    </Trackpoint>
                    <Trackpoint>
                        <DistanceMeters>1511.5100059509277</DistanceMeters>
                        <Time>2022-05-07T14:04:16.342Z</Time>
                        <Position>
                            <LatitudeDegrees>30.522167205810547</LatitudeDegrees>
                            <LongitudeDegrees>104.04954528808594</LongitudeDegrees>
                        </Position>
                        <AltitudeMeters>434.09698486328125</AltitudeMeters>
                    </Trackpoint>
                    <Trackpoint>
                        <DistanceMeters>1511.5100059509277</DistanceMeters>
                        <Time>2022-05-07T14:04:17.387Z</Time>
                        <Position>
                            <LatitudeDegrees>30.522151947021484</LatitudeDegrees>
                            <LongitudeDegrees>104.0495376586914</LongitudeDegrees>
                        </Position>
                        <AltitudeMeters>434.09698486328125</AltitudeMeters>
                    </Trackpoint>
                    <Trackpoint>
                        <DistanceMeters>1511.5100059509277</DistanceMeters>
                        <Time>2022-05-07T14:04:18.404Z</Time>
                        <Position>
                            <LatitudeDegrees>30.522138595581055</LatitudeDegrees>
                            <LongitudeDegrees>104.04953002929688</LongitudeDegrees>
                        </Position>
                        <AltitudeMeters>434.7481689453125</AltitudeMeters>
                    </Trackpoint>
                    <Trackpoint>
                        <DistanceMeters>1511.5100059509277</DistanceMeters>
                        <Time>2022-05-07T14:04:19.118Z</Time>
                        <Position>
                            <LatitudeDegrees>30.52212905883789</LatitudeDegrees>
                            <LongitudeDegrees>104.04952239990234</LongitudeDegrees>
                        </Position>
                        <AltitudeMeters>434.7481689453125</AltitudeMeters>
                    </Trackpoint>
                    <Trackpoint>
                        <DistanceMeters>1511.5100059509277</DistanceMeters>
                        <Time>2022-05-07T14:04:20.086Z</Time>
                        <Position>
                            <LatitudeDegrees>30.522113800048828</LatitudeDegrees>
                            <LongitudeDegrees>104.04951477050781</LongitudeDegrees>
                        </Position>
                        <AltitudeMeters>434.9400634765625</AltitudeMeters>
                    </Trackpoint>
                    <Trackpoint>
                        <DistanceMeters>1511.5100059509277</DistanceMeters>
                        <Time>2022-05-07T14:04:20.790Z</Time>
                        <Position>
                            <LatitudeDegrees>30.522104263305664</LatitudeDegrees>
                            <LongitudeDegrees>104.04950714111328</LongitudeDegrees>
                        </Position>
                        <AltitudeMeters>434.9400634765625</AltitudeMeters>
                    </Trackpoint>
                    <Trackpoint>
                        <DistanceMeters>1511.5100059509277</DistanceMeters>
                        <Time>2022-05-07T14:04:21.659Z</Time>
                        <Position>
                            <LatitudeDegrees>30.522090911865234</LatitudeDegrees>
                            <LongitudeDegrees>104.04949951171875</LongitudeDegrees>
                        </Position>
                        <AltitudeMeters>434.749755859375</AltitudeMeters>
                    </Trackpoint>
                    <Trackpoint>
                        <DistanceMeters>1511.5100059509277</DistanceMeters>
                        <Time>2022-05-07T14:04:22.505Z</Time>
                        <Position>
                            <LatitudeDegrees>30.522077560424805</LatitudeDegrees>
                            <LongitudeDegrees>104.04949188232422</LongitudeDegrees>
                        </Position>
                        <AltitudeMeters>434.749755859375</AltitudeMeters>
                    </Trackpoint>
                    <Trackpoint>
                        <DistanceMeters>1511.5100059509277</DistanceMeters>
                        <Time>2022-05-07T14:04:23.524Z</Time>
                        <Position>
                            <LatitudeDegrees>30.522062301635742</LatitudeDegrees>
                            <LongitudeDegrees>104.04948425292969</LongitudeDegrees>
                        </Position>
                        <AltitudeMeters>434.749755859375</AltitudeMeters>
                    </Trackpoint>
                    <Trackpoint>
                        <DistanceMeters>1511.5100059509277</DistanceMeters>
                        <Time>2022-05-07T14:04:24.571Z</Time>
                        <Position>
                            <LatitudeDegrees>30.52204704284668</LatitudeDegrees>
                            <LongitudeDegrees>104.04947662353516</LongitudeDegrees>
                        </Position>
                        <AltitudeMeters>435.4925537109375</AltitudeMeters>
                    </Trackpoint>
                    <Trackpoint>
                        <DistanceMeters>1511.5100059509277</DistanceMeters>
                        <Time>2022-05-07T14:04:25.220Z</Time>
                        <Position>
                            <LatitudeDegrees>30.522037506103516</LatitudeDegrees>
                            <LongitudeDegrees>104.04946899414062</LongitudeDegrees>
                        </Position>
                        <AltitudeMeters>435.4925537109375</AltitudeMeters>
                    </Trackpoint>
                    <Trackpoint>
                        <DistanceMeters>1511.5100059509277</DistanceMeters>
                        <Time>2022-05-07T14:04:26.273Z</Time>
                        <Position>
                            <LatitudeDegrees>30.52202033996582</LatitudeDegrees>
                            <LongitudeDegrees>104.0494613647461</LongitudeDegrees>
                        </Position>
                        <AltitudeMeters>435.40185546875</AltitudeMeters>
                    </Trackpoint>
                    <Trackpoint>
                        <DistanceMeters>1511.5100059509277</DistanceMeters>
                        <Time>2022-05-07T14:04:26.922Z</Time>
                        <Position>
                            <LatitudeDegrees>30.522010803222656</LatitudeDegrees>
                            <LongitudeDegrees>104.0494613647461</LongitudeDegrees>
                        </Position>
                        <AltitudeMeters>435.40185546875</AltitudeMeters>
                    </Trackpoint>
                    <Trackpoint>
                        <DistanceMeters>1511.5100059509277</DistanceMeters>
                        <Time>2022-05-07T14:04:27.969Z</Time>
                        <Position>
                            <LatitudeDegrees>30.52199363708496</LatitudeDegrees>
                            <LongitudeDegrees>104.04945373535156</LongitudeDegrees>
                        </Position>
                        <AltitudeMeters>435.70867919921875</AltitudeMeters>
                    </Trackpoint>
                    <Trackpoint>
                        <DistanceMeters>1511.5100059509277</DistanceMeters>
                        <Time>2022-05-07T14:04:28.653Z</Time>
                        <Position>
                            <LatitudeDegrees>30.521984100341797</LatitudeDegrees>
                            <LongitudeDegrees>104.04944610595703</LongitudeDegrees>
                        </Position>
                        <AltitudeMeters>435.70867919921875</AltitudeMeters>
                    </Trackpoint>
                    <Trackpoint>
                        <DistanceMeters>1511.5100059509277</DistanceMeters>
                        <Time>2022-05-07T14:04:29.648Z</Time>
                        <Position>
                            <LatitudeDegrees>30.5219669342041</LatitudeDegrees>
                            <LongitudeDegrees>104.0494384765625</LongitudeDegrees>
                        </Position>
                        <AltitudeMeters>435.70867919921875</AltitudeMeters>
                    </Trackpoint>
                    <Trackpoint>
                        <DistanceMeters>1571.2973823547363</DistanceMeters>
                        <Time>2022-05-07T14:04:30.326Z</Time>
                        <Position>
                            <LatitudeDegrees>30.521957397460938</LatitudeDegrees>
                            <LongitudeDegrees>104.04943084716797</LongitudeDegrees>
                        </Position>
                        <AltitudeMeters>436.04718017578125</AltitudeMeters>
                    </Trackpoint>
                    <Trackpoint>
                        <DistanceMeters>1571.2973823547363</DistanceMeters>
                        <Time>2022-05-07T14:04:31.372Z</Time>
                        <Position>
                            <LatitudeDegrees>30.52193832397461</LatitudeDegrees>
                            <LongitudeDegrees>104.04942321777344</LongitudeDegrees>
                        </Position>
                        <AltitudeMeters>436.04718017578125</AltitudeMeters>
                    </Trackpoint>
                    <Trackpoint>
                        <DistanceMeters>1571.2973823547363</DistanceMeters>
                        <Time>2022-05-07T14:04:32.022Z</Time>
                        <Position>
                            <LatitudeDegrees>30.521926879882812</LatitudeDegrees>
                            <LongitudeDegrees>104.0494155883789</LongitudeDegrees>
                        </Position>
                        <AltitudeMeters>436.4178466796875</AltitudeMeters>
                    </Trackpoint>
                    <Trackpoint>
                        <DistanceMeters>1571.2973823547363</DistanceMeters>
                        <Time>2022-05-07T14:04:33.043Z</Time>
                        <Position>
                            <LatitudeDegrees>30.521913528442383</LatitudeDegrees>
                            <LongitudeDegrees>104.04940795898438</LongitudeDegrees>
                        </Position>
                        <AltitudeMeters>436.4178466796875</AltitudeMeters>
                    </Trackpoint>
                    <Trackpoint>
                        <DistanceMeters>1571.2973823547363</DistanceMeters>
                        <Time>2022-05-07T14:04:33.705Z</Time>
                        <Position>
                            <LatitudeDegrees>30.521902084350586</LatitudeDegrees>
                            <LongitudeDegrees>104.04940032958984</LongitudeDegrees>
                        </Position>
                        <AltitudeMeters>436.4178466796875</AltitudeMeters>
                    </Trackpoint>
                    <Trackpoint>
                        <DistanceMeters>1571.2973823547363</DistanceMeters>
                        <Time>2022-05-07T14:04:34.771Z</Time>
                        <Position>
                            <LatitudeDegrees>30.521888732910156</LatitudeDegrees>
                            <LongitudeDegrees>104.04938507080078</LongitudeDegrees>
                        </Position>
                        <AltitudeMeters>436.7332763671875</AltitudeMeters>
                    </Trackpoint>
                    <Trackpoint>
                        <DistanceMeters>1571.2973823547363</DistanceMeters>
                        <Time>2022-05-07T14:04:35.419Z</Time>
                        <Position>
                            <LatitudeDegrees>30.521879196166992</LatitudeDegrees>
                            <LongitudeDegrees>104.04937744140625</LongitudeDegrees>
                        </Position>
                        <AltitudeMeters>436.7332763671875</AltitudeMeters>
                    </Trackpoint>
                    <Trackpoint>
                        <DistanceMeters>1571.2973823547363</DistanceMeters>
                        <Time>2022-05-07T14:04:36.423Z</Time>
                        <Position>
                            <LatitudeDegrees>30.52186393737793</LatitudeDegrees>
                            <LongitudeDegrees>104.04936981201172</LongitudeDegrees>
                        </Position>
                        <AltitudeMeters>436.2669677734375</AltitudeMeters>
                    </Trackpoint>
                    <Trackpoint>
                        <DistanceMeters>1571.2973823547363</DistanceMeters>
                        <Time>2022-05-07T14:04:37.104Z</Time>
                        <Position>
                            <LatitudeDegrees>30.521854400634766</LatitudeDegrees>
                            <LongitudeDegrees>104.04936218261719</LongitudeDegrees>
                        </Position>
                        <AltitudeMeters>436.2669677734375</AltitudeMeters>
                    </Trackpoint>
                    <Trackpoint>
                        <DistanceMeters>1571.2973823547363</DistanceMeters>
                        <Time>2022-05-07T14:04:38.119Z</Time>
                        <Position>
                            <LatitudeDegrees>30.52183723449707</LatitudeDegrees>
                            <LongitudeDegrees>104.04935455322266</LongitudeDegrees>
                        </Position>
                        <AltitudeMeters>435.60504150390625</AltitudeMeters>
                    </Trackpoint>
                    <Trackpoint>
                        <DistanceMeters>1571.2973823547363</DistanceMeters>
                        <Time>2022-05-07T14:04:38.763Z</Time>
                        <Position>
                            <LatitudeDegrees>30.52182960510254</LatitudeDegrees>
                            <LongitudeDegrees>104.04934692382812</LongitudeDegrees>
                        </Position>
                        <AltitudeMeters>435.60504150390625</AltitudeMeters>
                    </Trackpoint>
                    <Trackpoint>
                        <DistanceMeters>1571.2973823547363</DistanceMeters>
                        <Time>2022-05-07T14:04:39.659Z</Time>
                        <Position>
                            <LatitudeDegrees>30.52181625366211</LatitudeDegrees>
                            <LongitudeDegrees>104.04933166503906</LongitudeDegrees>
                        </Position>
                        <AltitudeMeters>434.95611572265625</AltitudeMeters>
                    </Trackpoint>
                    <Trackpoint>
                        <DistanceMeters>1571.2973823547363</DistanceMeters>
                        <Time>2022-05-07T14:04:40.490Z</Time>
                        <Position>
                            <LatitudeDegrees>30.521804809570312</LatitudeDegrees>
                            <LongitudeDegrees>104.04933166503906</LongitudeDegrees>
                        </Position>
                        <AltitudeMeters>434.95611572265625</AltitudeMeters>
                    </Trackpoint>
                    <Trackpoint>
                        <DistanceMeters>1571.2973823547363</DistanceMeters>
                        <Time>2022-05-07T14:04:41.503Z</Time>
                        <Position>
                            <LatitudeDegrees>30.52178955078125</LatitudeDegrees>
                            <LongitudeDegrees>104.04932403564453</LongitudeDegrees>
                        </Position>
                        <AltitudeMeters>434.95611572265625</AltitudeMeters>
                    </Trackpoint>
                    <Trackpoint>
                        <DistanceMeters>1571.2973823547363</DistanceMeters>
                        <Time>2022-05-07T14:04:42.525Z</Time>
                        <Position>
                            <LatitudeDegrees>30.521774291992188</LatitudeDegrees>
                            <LongitudeDegrees>104.04931640625</LongitudeDegrees>
                        </Position>
                        <AltitudeMeters>434.6827392578125</AltitudeMeters>
                    </Trackpoint>
                    <Trackpoint>
                        <DistanceMeters>1571.2973823547363</DistanceMeters>
                        <Time>2022-05-07T14:04:43.560Z</Time>
                        <Position>
                            <LatitudeDegrees>30.521759033203125</LatitudeDegrees>
                            <LongitudeDegrees>104.04930877685547</LongitudeDegrees>
                        </Position>
                        <AltitudeMeters>434.6827392578125</AltitudeMeters>
                    </Trackpoint>
                    <Trackpoint>
                        <DistanceMeters>1571.2973823547363</DistanceMeters>
                        <Time>2022-05-07T14:04:44.590Z</Time>
                        <Position>
                            <LatitudeDegrees>30.521745681762695</LatitudeDegrees>
                            <LongitudeDegrees>104.04930877685547</LongitudeDegrees>
                        </Position>
                        <AltitudeMeters>434.29736328125</AltitudeMeters>
                    </Trackpoint>
                    <Trackpoint>
                        <DistanceMeters>1571.2973823547363</DistanceMeters>
                        <Time>2022-05-07T14:04:45.271Z</Time>
                        <Position>
                            <LatitudeDegrees>30.52173614501953</LatitudeDegrees>
                            <LongitudeDegrees>104.04930114746094</LongitudeDegrees>
                        </Position>
                        <AltitudeMeters>434.29736328125</AltitudeMeters>
                    </Trackpoint>
                    <Trackpoint>
                        <DistanceMeters>1571.2973823547363</DistanceMeters>
                        <Time>2022-05-07T14:04:46.268Z</Time>
                        <Position>
                            <LatitudeDegrees>30.521718978881836</LatitudeDegrees>
                            <LongitudeDegrees>104.0492935180664</LongitudeDegrees>
                        </Position>
                        <AltitudeMeters>434.0322265625</AltitudeMeters>
                    </Trackpoint>
                    <Trackpoint>
                        <DistanceMeters>1571.2973823547363</DistanceMeters>
                        <Time>2022-05-07T14:04:46.921Z</Time>
                        <Position>
                            <LatitudeDegrees>30.521709442138672</LatitudeDegrees>
                            <LongitudeDegrees>104.04928588867188</LongitudeDegrees>
                        </Position>
                        <AltitudeMeters>434.0322265625</AltitudeMeters>
                    </Trackpoint>
                    <Trackpoint>
                        <DistanceMeters>1571.2973823547363</DistanceMeters>
                        <Time>2022-05-07T14:04:47.947Z</Time>
                        <Position>
                            <LatitudeDegrees>30.521690368652344</LatitudeDegrees>
                            <LongitudeDegrees>104.04927825927734</LongitudeDegrees>
                        </Position>
                        <AltitudeMeters>434.2672119140625</AltitudeMeters>
                    </Trackpoint>
                    <Trackpoint>
                        <DistanceMeters>1571.2973823547363</DistanceMeters>
                        <Time>2022-05-07T14:04:48.627Z</Time>
                        <Position>
                            <LatitudeDegrees>30.52168083190918</LatitudeDegrees>
                            <LongitudeDegrees>104.04927062988281</LongitudeDegrees>
                        </Position>
                        <AltitudeMeters>434.2672119140625</AltitudeMeters>
                    </Trackpoint>
                    <Trackpoint>
                        <DistanceMeters>1571.2973823547363</DistanceMeters>
                        <Time>2022-05-07T14:04:49.306Z</Time>
                        <Position>
                            <LatitudeDegrees>30.521671295166016</LatitudeDegrees>
                            <LongitudeDegrees>104.04926300048828</LongitudeDegrees>
                        </Position>
                        <AltitudeMeters>434.2672119140625</AltitudeMeters>
                    </Trackpoint>
                    <Trackpoint>
                        <DistanceMeters>1571.2973823547363</DistanceMeters>
                        <Time>2022-05-07T14:04:50.283Z</Time>
                        <Position>
                            <LatitudeDegrees>30.521656036376953</LatitudeDegrees>
                            <LongitudeDegrees>104.04924774169922</LongitudeDegrees>
                        </Position>
                        <AltitudeMeters>433.41058349609375</AltitudeMeters>
                    </Trackpoint>
                    <Trackpoint>
                        <DistanceMeters>1571.2973823547363</DistanceMeters>
                        <Time>2022-05-07T14:04:50.946Z</Time>
                        <Position>
                            <LatitudeDegrees>30.52164649963379</LatitudeDegrees>
                            <LongitudeDegrees>104.04924774169922</LongitudeDegrees>
                        </Position>
                        <AltitudeMeters>433.41058349609375</AltitudeMeters>
                    </Trackpoint>
                    <Trackpoint>
                        <DistanceMeters>1571.2973823547363</DistanceMeters>
                        <Time>2022-05-07T14:04:51.938Z</Time>
                        <Position>
                            <LatitudeDegrees>30.521629333496094</LatitudeDegrees>
                            <LongitudeDegrees>104.04924011230469</LongitudeDegrees>
                        </Position>
                        <AltitudeMeters>433.5367431640625</AltitudeMeters>
                    </Trackpoint>
                    <Trackpoint>
                        <DistanceMeters>1571.2973823547363</DistanceMeters>
                        <Time>2022-05-07T14:04:52.968Z</Time>
                        <Position>
                            <LatitudeDegrees>30.52161407470703</LatitudeDegrees>
                            <LongitudeDegrees>104.04924011230469</LongitudeDegrees>
                        </Position>
                        <AltitudeMeters>433.5367431640625</AltitudeMeters>
                    </Trackpoint>
                    <Trackpoint>
                        <DistanceMeters>1571.2973823547363</DistanceMeters>
                        <Time>2022-05-07T14:04:53.626Z</Time>
                        <Position>
                            <LatitudeDegrees>30.521602630615234</LatitudeDegrees>
                            <LongitudeDegrees>104.04923248291016</LongitudeDegrees>
                        </Position>
                        <AltitudeMeters>433.5367431640625</AltitudeMeters>
                    </Trackpoint>
                    <Trackpoint>
                        <DistanceMeters>1571.2973823547363</DistanceMeters>
                        <Time>2022-05-07T14:04:54.643Z</Time>
                        <Position>
                            <LatitudeDegrees>30.52157974243164</LatitudeDegrees>
                            <LongitudeDegrees>104.04922485351562</LongitudeDegrees>
                        </Position>
                        <AltitudeMeters>433.76055908203125</AltitudeMeters>
                    </Trackpoint>
                    <Trackpoint>
                        <DistanceMeters>1571.2973823547363</DistanceMeters>
                        <Time>2022-05-07T14:04:55.302Z</Time>
                        <Position>
                            <LatitudeDegrees>30.52156639099121</LatitudeDegrees>
                            <LongitudeDegrees>104.04922485351562</LongitudeDegrees>
                        </Position>
                        <AltitudeMeters>433.76055908203125</AltitudeMeters>
                    </Trackpoint>
                    <Trackpoint>
                        <DistanceMeters>1571.2973823547363</DistanceMeters>
                        <Time>2022-05-07T14:04:56.308Z</Time>
                        <Position>
                            <LatitudeDegrees>30.521543502807617</LatitudeDegrees>
                            <LongitudeDegrees>104.0492172241211</LongitudeDegrees>
                        </Position>
                        <AltitudeMeters>433.5189208984375</AltitudeMeters>
                    </Trackpoint>
                    <Trackpoint>
                        <DistanceMeters>1571.2973823547363</DistanceMeters>
                        <Time>2022-05-07T14:04:56.988Z</Time>
                        <Position>
                            <LatitudeDegrees>30.521533966064453</LatitudeDegrees>
                            <LongitudeDegrees>104.0492172241211</LongitudeDegrees>
                        </Position>
                        <AltitudeMeters>433.5189208984375</AltitudeMeters>
                    </Trackpoint>
                    <Trackpoint>
                        <DistanceMeters>1571.2973823547363</DistanceMeters>
                        <Time>2022-05-07T14:04:57.984Z</Time>
                        <Position>
                            <LatitudeDegrees>30.521514892578125</LatitudeDegrees>
                            <LongitudeDegrees>104.04922485351562</LongitudeDegrees>
                        </Position>
                        <AltitudeMeters>433.7601318359375</AltitudeMeters>
                    </Trackpoint>
                    <Trackpoint>
                        <DistanceMeters>1571.2973823547363</DistanceMeters>
                        <Time>2022-05-07T14:04:58.646Z</Time>
                        <Position>
                            <LatitudeDegrees>30.52150535583496</LatitudeDegrees>
                            <LongitudeDegrees>104.0492172241211</LongitudeDegrees>
                        </Position>
                        <AltitudeMeters>433.7601318359375</AltitudeMeters>
                    </Trackpoint>
                    <Trackpoint>
                        <DistanceMeters>1571.2973823547363</DistanceMeters>
                        <Time>2022-05-07T14:04:59.670Z</Time>
                        <Position>
                            <LatitudeDegrees>30.521484375</LatitudeDegrees>
                            <LongitudeDegrees>104.0492172241211</LongitudeDegrees>
                        </Position>
                        <AltitudeMeters>433.7601318359375</AltitudeMeters>
                    </Trackpoint>
                    <Trackpoint>
                        <DistanceMeters>1637.3982963562012</DistanceMeters>
                        <Time>2022-05-07T14:05:00.353Z</Time>
                        <Position>
                            <LatitudeDegrees>30.52147102355957</LatitudeDegrees>
                            <LongitudeDegrees>104.04920959472656</LongitudeDegrees>
                        </Position>
                        <AltitudeMeters>434.391357421875</AltitudeMeters>
                    </Trackpoint>
                    <Trackpoint>
                        <DistanceMeters>1637.3982963562012</DistanceMeters>
                        <Time>2022-05-07T14:05:01.001Z</Time>
                        <Position>
                            <LatitudeDegrees>30.52145767211914</LatitudeDegrees>
                            <LongitudeDegrees>104.04920959472656</LongitudeDegrees>
                        </Position>
                        <AltitudeMeters>434.391357421875</AltitudeMeters>
                    </Trackpoint>
                    <Trackpoint>
                        <DistanceMeters>1637.3982963562012</DistanceMeters>
                        <Time>2022-05-07T14:05:02.010Z</Time>
                        <Position>
                            <LatitudeDegrees>30.52143669128418</LatitudeDegrees>
                            <LongitudeDegrees>104.04920196533203</LongitudeDegrees>
                        </Position>
                        <AltitudeMeters>434.198974609375</AltitudeMeters>
                    </Trackpoint>
                    <Trackpoint>
                        <DistanceMeters>1637.3982963562012</DistanceMeters>
                        <Time>2022-05-07T14:05:02.686Z</Time>
                        <Position>
                            <LatitudeDegrees>30.521427154541016</LatitudeDegrees>
                            <LongitudeDegrees>104.04920196533203</LongitudeDegrees>
                        </Position>
                        <AltitudeMeters>434.198974609375</AltitudeMeters>
                    </Trackpoint>
                    <Trackpoint>
                        <DistanceMeters>1637.3982963562012</DistanceMeters>
                        <Time>2022-05-07T14:05:03.682Z</Time>
                        <Position>
                            <LatitudeDegrees>30.521408081054688</LatitudeDegrees>
                            <LongitudeDegrees>104.0491943359375</LongitudeDegrees>
                        </Position>
                        <AltitudeMeters>434.198974609375</AltitudeMeters>
                    </Trackpoint>
                    <Trackpoint>
                        <DistanceMeters>1637.3982963562012</DistanceMeters>
                        <Time>2022-05-07T14:05:04.360Z</Time>
                        <Position>
                            <LatitudeDegrees>30.52139663696289</LatitudeDegrees>
                            <LongitudeDegrees>104.04918670654297</LongitudeDegrees>
                        </Position>
                        <AltitudeMeters>434.8785400390625</AltitudeMeters>
                    </Trackpoint>
                    <Trackpoint>
                        <DistanceMeters>1637.3982963562012</DistanceMeters>
                        <Time>2022-05-07T14:05:05.005Z</Time>
                        <Position>
                            <LatitudeDegrees>30.52138900756836</LatitudeDegrees>
                            <LongitudeDegrees>104.04917907714844</LongitudeDegrees>
                        </Position>
                        <AltitudeMeters>434.8785400390625</AltitudeMeters>
                    </Trackpoint>
                    <Trackpoint>
                        <DistanceMeters>1637.3982963562012</DistanceMeters>
                        <Time>2022-05-07T14:05:06.045Z</Time>
                        <Position>
                            <LatitudeDegrees>30.521373748779297</LatitudeDegrees>
                            <LongitudeDegrees>104.0491714477539</LongitudeDegrees>
                        </Position>
                        <AltitudeMeters>436.1392822265625</AltitudeMeters>
                    </Trackpoint>
                    <Trackpoint>
                        <DistanceMeters>1637.3982963562012</DistanceMeters>
                        <Time>2022-05-07T14:05:07.061Z</Time>
                        <Position>
                            <LatitudeDegrees>30.5213680267334</LatitudeDegrees>
                            <LongitudeDegrees>104.04915618896484</LongitudeDegrees>
                        </Position>
                        <AltitudeMeters>436.1392822265625</AltitudeMeters>
                    </Trackpoint>
                    <Trackpoint>
                        <DistanceMeters>1637.3982963562012</DistanceMeters>
                        <Time>2022-05-07T14:05:07.659Z</Time>
                        <Position>
                            <LatitudeDegrees>30.521366119384766</LatitudeDegrees>
                            <LongitudeDegrees>104.04914093017578</LongitudeDegrees>
                        </Position>
                        <AltitudeMeters>435.98028564453125</AltitudeMeters>
                    </Trackpoint>
                    <Trackpoint>
                        <DistanceMeters>1637.3982963562012</DistanceMeters>
                        <Time>2022-05-07T14:05:08.382Z</Time>
                        <Position>
                            <LatitudeDegrees>30.521366119384766</LatitudeDegrees>
                            <LongitudeDegrees>104.04913330078125</LongitudeDegrees>
                        </Position>
                        <AltitudeMeters>435.98028564453125</AltitudeMeters>
                    </Trackpoint>
                    <Trackpoint>
                        <DistanceMeters>1637.3982963562012</DistanceMeters>
                        <Time>2022-05-07T14:05:09.429Z</Time>
                        <Position>
                            <LatitudeDegrees>30.52136993408203</LatitudeDegrees>
                            <LongitudeDegrees>104.04911804199219</LongitudeDegrees>
                        </Position>
                        <AltitudeMeters>435.98028564453125</AltitudeMeters>
                    </Trackpoint>
                    <Trackpoint>
                        <DistanceMeters>1637.3982963562012</DistanceMeters>
                        <Time>2022-05-07T14:05:10.088Z</Time>
                        <Position>
                            <LatitudeDegrees>30.521385192871094</LatitudeDegrees>
                            <LongitudeDegrees>104.04911041259766</LongitudeDegrees>
                        </Position>
                        <AltitudeMeters>436.1187744140625</AltitudeMeters>
                    </Trackpoint>
                    <Trackpoint>
                        <DistanceMeters>1637.3982963562012</DistanceMeters>
                        <Time>2022-05-07T14:05:11.419Z</Time>
                        <Position>
                            <LatitudeDegrees>30.521390914916992</LatitudeDegrees>
                            <LongitudeDegrees>104.04908752441406</LongitudeDegrees>
                        </Position>
                        <AltitudeMeters>436.1187744140625</AltitudeMeters>
                    </Trackpoint>
                    <Trackpoint>
                        <DistanceMeters>1637.3982963562012</DistanceMeters>
                        <Time>2022-05-07T14:05:12.062Z</Time>
                        <Position>
                            <LatitudeDegrees>30.52139663696289</LatitudeDegrees>
                            <LongitudeDegrees>104.049072265625</LongitudeDegrees>
                        </Position>
                        <AltitudeMeters>436.06597900390625</AltitudeMeters>
                    </Trackpoint>
                    <Trackpoint>
                        <DistanceMeters>1637.3982963562012</DistanceMeters>
                        <Time>2022-05-07T14:05:12.792Z</Time>
                        <Position>
                            <LatitudeDegrees>30.521400451660156</LatitudeDegrees>
                            <LongitudeDegrees>104.04905700683594</LongitudeDegrees>
                        </Position>
                        <AltitudeMeters>436.06597900390625</AltitudeMeters>
                    </Trackpoint>
                    <Trackpoint>
                        <DistanceMeters>1637.3982963562012</DistanceMeters>
                        <Time>2022-05-07T14:05:13.659Z</Time>
                        <Position>
                            <LatitudeDegrees>30.521404266357422</LatitudeDegrees>
                            <LongitudeDegrees>104.04903411865234</LongitudeDegrees>
                        </Position>
                        <AltitudeMeters>438.02685546875</AltitudeMeters>
                    </Trackpoint>
                    <Trackpoint>
                        <DistanceMeters>1637.3982963562012</DistanceMeters>
                        <Time>2022-05-07T14:05:14.187Z</Time>
                        <Position>
                            <LatitudeDegrees>30.521408081054688</LatitudeDegrees>
                            <LongitudeDegrees>104.04901885986328</LongitudeDegrees>
                        </Position>
                        <AltitudeMeters>438.02685546875</AltitudeMeters>
                    </Trackpoint>
                    <Trackpoint>
                        <DistanceMeters>1637.3982963562012</DistanceMeters>
                        <Time>2022-05-07T14:05:14.967Z</Time>
                        <Position>
                            <LatitudeDegrees>30.521408081054688</LatitudeDegrees>
                            <LongitudeDegrees>104.04901123046875</LongitudeDegrees>
                        </Position>
                        <AltitudeMeters>438.02685546875</AltitudeMeters>
                    </Trackpoint>
                    <Trackpoint>
                        <DistanceMeters>1637.3982963562012</DistanceMeters>
                        <Time>2022-05-07T14:05:16.043Z</Time>
                        <Position>
                            <LatitudeDegrees>30.521406173706055</LatitudeDegrees>
                            <LongitudeDegrees>104.04898834228516</LongitudeDegrees>
                        </Position>
                        <AltitudeMeters>439.06011962890625</AltitudeMeters>
                    </Trackpoint>
                    <Trackpoint>
                        <DistanceMeters>1637.3982963562012</DistanceMeters>
                        <Time>2022-05-07T14:05:17.145Z</Time>
                        <Position>
                            <LatitudeDegrees>30.521404266357422</LatitudeDegrees>
                            <LongitudeDegrees>104.0489730834961</LongitudeDegrees>
                        </Position>
                        <AltitudeMeters>439.06011962890625</AltitudeMeters>
                    </Trackpoint>
                    <Trackpoint>
                        <DistanceMeters>1637.3982963562012</DistanceMeters>
                        <Time>2022-05-07T14:05:18.142Z</Time>
                        <Position>
                            <LatitudeDegrees>30.521394729614258</LatitudeDegrees>
                            <LongitudeDegrees>104.04896545410156</LongitudeDegrees>
                        </Position>
                        <AltitudeMeters>439.50335693359375</AltitudeMeters>
                    </Trackpoint>
                    <Trackpoint>
                        <DistanceMeters>1637.3982963562012</DistanceMeters>
                        <Time>2022-05-07T14:05:19.464Z</Time>
                        <Position>
                            <LatitudeDegrees>30.521377563476562</LatitudeDegrees>
                            <LongitudeDegrees>104.0489730834961</LongitudeDegrees>
                        </Position>
                        <AltitudeMeters>439.50335693359375</AltitudeMeters>
                    </Trackpoint>
                    <Trackpoint>
                        <DistanceMeters>1637.3982963562012</DistanceMeters>
                        <Time>2022-05-07T14:05:20.460Z</Time>
                        <Position>
                            <LatitudeDegrees>30.5213680267334</LatitudeDegrees>
                            <LongitudeDegrees>104.04898071289062</LongitudeDegrees>
                        </Position>
                        <AltitudeMeters>439.22064208984375</AltitudeMeters>
                    </Trackpoint>
                    <Trackpoint>
                        <DistanceMeters>1637.3982963562012</DistanceMeters>
                        <Time>2022-05-07T14:05:21.120Z</Time>
                        <Position>
                            <LatitudeDegrees>30.521364212036133</LatitudeDegrees>
                            <LongitudeDegrees>104.04899597167969</LongitudeDegrees>
                        </Position>
                        <AltitudeMeters>439.22064208984375</AltitudeMeters>
                    </Trackpoint>
                    <Trackpoint>
                        <DistanceMeters>1637.3982963562012</DistanceMeters>
                        <Time>2022-05-07T14:05:22.126Z</Time>
                        <Position>
                            <LatitudeDegrees>30.5213565826416</LatitudeDegrees>
                            <LongitudeDegrees>104.04902648925781</LongitudeDegrees>
                        </Position>
                        <AltitudeMeters>439.281005859375</AltitudeMeters>
                    </Trackpoint>
                    <Trackpoint>
                        <DistanceMeters>1637.3982963562012</DistanceMeters>
                        <Time>2022-05-07T14:05:22.806Z</Time>
                        <Position>
                            <LatitudeDegrees>30.521350860595703</LatitudeDegrees>
                            <LongitudeDegrees>104.04904174804688</LongitudeDegrees>
                        </Position>
                        <AltitudeMeters>439.281005859375</AltitudeMeters>
                    </Trackpoint>
                    <Trackpoint>
                        <DistanceMeters>1637.3982963562012</DistanceMeters>
                        <Time>2022-05-07T14:05:23.121Z</Time>
                        <Position>
                            <LatitudeDegrees>30.52134895324707</LatitudeDegrees>
                            <LongitudeDegrees>104.04905700683594</LongitudeDegrees>
                        </Position>
                        <AltitudeMeters>439.281005859375</AltitudeMeters>
                    </Trackpoint>
                    <Trackpoint>
                        <DistanceMeters>1637.3982963562012</DistanceMeters>
                        <Time>2022-05-07T14:05:23.658Z</Time>
                        <Position>
                            <LatitudeDegrees>30.521343231201172</LatitudeDegrees>
                            <LongitudeDegrees>104.04907989501953</LongitudeDegrees>
                        </Position>
                        <AltitudeMeters>439.7652587890625</AltitudeMeters>
                    </Trackpoint>
                    <Trackpoint>
                        <DistanceMeters>1637.3982963562012</DistanceMeters>
                        <Time>2022-05-07T14:05:24.146Z</Time>
                        <Position>
                            <LatitudeDegrees>30.521337509155273</LatitudeDegrees>
                            <LongitudeDegrees>104.0490951538086</LongitudeDegrees>
                        </Position>
                        <AltitudeMeters>439.7652587890625</AltitudeMeters>
                    </Trackpoint>
                    <Trackpoint>
                        <DistanceMeters>1637.3982963562012</DistanceMeters>
                        <Time>2022-05-07T14:05:24.830Z</Time>
                        <Position>
                            <LatitudeDegrees>30.521333694458008</LatitudeDegrees>
                            <LongitudeDegrees>104.04911041259766</LongitudeDegrees>
                        </Position>
                        <AltitudeMeters>439.7652587890625</AltitudeMeters>
                    </Trackpoint>
                    <Trackpoint>
                        <DistanceMeters>1637.3982963562012</DistanceMeters>
                        <Time>2022-05-07T14:05:25.487Z</Time>
                        <Position>
                            <LatitudeDegrees>30.52132797241211</LatitudeDegrees>
                            <LongitudeDegrees>104.04913330078125</LongitudeDegrees>
                        </Position>
                        <AltitudeMeters>439.7652587890625</AltitudeMeters>
                    </Trackpoint>
                    <Trackpoint>
                        <DistanceMeters>1637.3982963562012</DistanceMeters>
                        <Time>2022-05-07T14:05:25.827Z</Time>
                        <Position>
                            <LatitudeDegrees>30.521324157714844</LatitudeDegrees>
                            <LongitudeDegrees>104.04914093017578</LongitudeDegrees>
                        </Position>
                        <AltitudeMeters>440.6571044921875</AltitudeMeters>
                    </Trackpoint>
                    <Trackpoint>
                        <DistanceMeters>1637.3982963562012</DistanceMeters>
                        <Time>2022-05-07T14:05:26.526Z</Time>
                        <Position>
                            <LatitudeDegrees>30.521318435668945</LatitudeDegrees>
                            <LongitudeDegrees>104.04916381835938</LongitudeDegrees>
                        </Position>
                        <AltitudeMeters>440.6571044921875</AltitudeMeters>
                    </Trackpoint>
                    <Trackpoint>
                        <DistanceMeters>1637.3982963562012</DistanceMeters>
                        <Time>2022-05-07T14:05:27.184Z</Time>
                        <Position>
                            <LatitudeDegrees>30.521312713623047</LatitudeDegrees>
                            <LongitudeDegrees>104.04917907714844</LongitudeDegrees>
                        </Position>
                        <AltitudeMeters>440.6571044921875</AltitudeMeters>
                    </Trackpoint>
                    <Trackpoint>
                        <DistanceMeters>1637.3982963562012</DistanceMeters>
                        <Time>2022-05-07T14:05:27.545Z</Time>
                        <Position>
                            <LatitudeDegrees>30.521310806274414</LatitudeDegrees>
                            <LongitudeDegrees>104.04918670654297</LongitudeDegrees>
                        </Position>
                        <AltitudeMeters>440.6571044921875</AltitudeMeters>
                    </Trackpoint>
                    <Trackpoint>
                        <DistanceMeters>1637.3982963562012</DistanceMeters>
                        <Time>2022-05-07T14:05:28.226Z</Time>
                        <Position>
                            <LatitudeDegrees>30.52130699157715</LatitudeDegrees>
                            <LongitudeDegrees>104.04920959472656</LongitudeDegrees>
                        </Position>
                        <AltitudeMeters>440.722412109375</AltitudeMeters>
                    </Trackpoint>
                    <Trackpoint>
                        <DistanceMeters>1637.3982963562012</DistanceMeters>
                        <Time>2022-05-07T14:05:28.890Z</Time>
                        <Position>
                            <LatitudeDegrees>30.521305084228516</LatitudeDegrees>
                            <LongitudeDegrees>104.04922485351562</LongitudeDegrees>
                        </Position>
                        <AltitudeMeters>440.722412109375</AltitudeMeters>
                    </Trackpoint>
                    <Trackpoint>
                        <DistanceMeters>1637.3982963562012</DistanceMeters>
                        <Time>2022-05-07T14:05:29.906Z</Time>
                        <Position>
                            <LatitudeDegrees>30.52130126953125</LatitudeDegrees>
                            <LongitudeDegrees>104.04925537109375</LongitudeDegrees>
                        </Position>
                        <AltitudeMeters>441.438232421875</AltitudeMeters>
                    </Trackpoint>
                    <Trackpoint>
                        <DistanceMeters>1697.8726768493652</DistanceMeters>
                        <Time>2022-05-07T14:05:30.563Z</Time>
                        <Position>
                            <LatitudeDegrees>30.52130126953125</LatitudeDegrees>
                            <LongitudeDegrees>104.04927062988281</LongitudeDegrees>
                        </Position>
                        <AltitudeMeters>441.438232421875</AltitudeMeters>
                    </Trackpoint>
                    <Trackpoint>
                        <DistanceMeters>1697.8726768493652</DistanceMeters>
                        <Time>2022-05-07T14:05:31.609Z</Time>
                        <Position>
                            <LatitudeDegrees>30.521297454833984</LatitudeDegrees>
                            <LongitudeDegrees>104.0492935180664</LongitudeDegrees>
                        </Position>
                        <AltitudeMeters>441.438232421875</AltitudeMeters>
                    </Trackpoint>
                    <Trackpoint>
                        <DistanceMeters>1697.8726768493652</DistanceMeters>
                        <Time>2022-05-07T14:05:32.284Z</Time>
                        <Position>
                            <LatitudeDegrees>30.52129364013672</LatitudeDegrees>
                            <LongitudeDegrees>104.04931640625</LongitudeDegrees>
                        </Position>
                        <AltitudeMeters>442.386962890625</AltitudeMeters>
                    </Trackpoint>
                    <Trackpoint>
                        <DistanceMeters>1697.8726768493652</DistanceMeters>
                        <Time>2022-05-07T14:05:33.284Z</Time>
                        <Position>
                            <LatitudeDegrees>30.52128791809082</LatitudeDegrees>
                            <LongitudeDegrees>104.0493392944336</LongitudeDegrees>
                        </Position>
                        <AltitudeMeters>442.386962890625</AltitudeMeters>
                    </Trackpoint>
                    <Trackpoint>
                        <DistanceMeters>1697.8726768493652</DistanceMeters>
                        <Time>2022-05-07T14:05:33.982Z</Time>
                        <Position>
                            <LatitudeDegrees>30.521284103393555</LatitudeDegrees>
                            <LongitudeDegrees>104.04935455322266</LongitudeDegrees>
                        </Position>
                        <AltitudeMeters>442.671142578125</AltitudeMeters>
                    </Trackpoint>
                    <Trackpoint>
                        <DistanceMeters>1697.8726768493652</DistanceMeters>
                        <Time>2022-05-07T14:05:34.992Z</Time>
                        <Position>
                            <LatitudeDegrees>30.521278381347656</LatitudeDegrees>
                            <LongitudeDegrees>104.04937744140625</LongitudeDegrees>
                        </Position>
                        <AltitudeMeters>442.671142578125</AltitudeMeters>
                    </Trackpoint>
                    <Trackpoint>
                        <DistanceMeters>1697.8726768493652</DistanceMeters>
                        <Time>2022-05-07T14:05:35.669Z</Time>
                        <Position>
                            <LatitudeDegrees>30.52127456665039</LatitudeDegrees>
                            <LongitudeDegrees>104.04939270019531</LongitudeDegrees>
                        </Position>
                        <AltitudeMeters>442.671142578125</AltitudeMeters>
                    </Trackpoint>
                    <Trackpoint>
                        <DistanceMeters>1697.8726768493652</DistanceMeters>
                        <Time>2022-05-07T14:05:36.624Z</Time>
                        <Position>
                            <LatitudeDegrees>30.52126693725586</LatitudeDegrees>
                            <LongitudeDegrees>104.04942321777344</LongitudeDegrees>
                        </Position>
                        <AltitudeMeters>442.56109619140625</AltitudeMeters>
                    </Trackpoint>
                    <Trackpoint>
                        <DistanceMeters>1697.8726768493652</DistanceMeters>
                        <Time>2022-05-07T14:05:37.289Z</Time>
                        <Position>
                            <LatitudeDegrees>30.521263122558594</LatitudeDegrees>
                            <LongitudeDegrees>104.0494384765625</LongitudeDegrees>
                        </Position>
                        <AltitudeMeters>442.56109619140625</AltitudeMeters>
                    </Trackpoint>
                    <Trackpoint>
                        <DistanceMeters>1697.8726768493652</DistanceMeters>
                        <Time>2022-05-07T14:05:38.283Z</Time>
                        <Position>
                            <LatitudeDegrees>30.521255493164062</LatitudeDegrees>
                            <LongitudeDegrees>104.0494613647461</LongitudeDegrees>
                        </Position>
                        <AltitudeMeters>443.3751220703125</AltitudeMeters>
                    </Trackpoint>
                    <Trackpoint>
                        <DistanceMeters>1697.8726768493652</DistanceMeters>
                        <Time>2022-05-07T14:05:39.306Z</Time>
                        <Position>
                            <LatitudeDegrees>30.521249771118164</LatitudeDegrees>
                            <LongitudeDegrees>104.04948425292969</LongitudeDegrees>
                        </Position>
                        <AltitudeMeters>443.3751220703125</AltitudeMeters>
                    </Trackpoint>
                    <Trackpoint>
                        <DistanceMeters>1697.8726768493652</DistanceMeters>
                        <Time>2022-05-07T14:05:40.328Z</Time>
                        <Position>
                            <LatitudeDegrees>30.521249771118164</LatitudeDegrees>
                            <LongitudeDegrees>104.04951477050781</LongitudeDegrees>
                        </Position>
                        <AltitudeMeters>443.8575439453125</AltitudeMeters>
                    </Trackpoint>
                    <Trackpoint>
                        <DistanceMeters>1697.8726768493652</DistanceMeters>
                        <Time>2022-05-07T14:05:40.983Z</Time>
                        <Position>
                            <LatitudeDegrees>30.52124786376953</LatitudeDegrees>
                            <LongitudeDegrees>104.04952239990234</LongitudeDegrees>
                        </Position>
                        <AltitudeMeters>443.8575439453125</AltitudeMeters>
                    </Trackpoint>
                    <Trackpoint>
                        <DistanceMeters>1697.8726768493652</DistanceMeters>
                        <Time>2022-05-07T14:05:42.028Z</Time>
                        <Position>
                            <LatitudeDegrees>30.521244049072266</LatitudeDegrees>
                            <LongitudeDegrees>104.04955291748047</LongitudeDegrees>
                        </Position>
                        <AltitudeMeters>443.89349365234375</AltitudeMeters>
                    </Trackpoint>
                    <Trackpoint>
                        <DistanceMeters>1697.8726768493652</DistanceMeters>
                        <Time>2022-05-07T14:05:42.792Z</Time>
                        <Position>
                            <LatitudeDegrees>30.521240234375</LatitudeDegrees>
                            <LongitudeDegrees>104.04956817626953</LongitudeDegrees>
                        </Position>
                        <AltitudeMeters>443.89349365234375</AltitudeMeters>
                    </Trackpoint>
                    <Trackpoint>
                        <DistanceMeters>1697.8726768493652</DistanceMeters>
                        <Time>2022-05-07T14:05:43.658Z</Time>
                        <Position>
                            <LatitudeDegrees>30.521236419677734</LatitudeDegrees>
                            <LongitudeDegrees>104.0495834350586</LongitudeDegrees>
                        </Position>
                        <AltitudeMeters>444.39508056640625</AltitudeMeters>
                    </Trackpoint>
                    <Trackpoint>
                        <DistanceMeters>1697.8726768493652</DistanceMeters>
                        <Time>2022-05-07T14:05:44.404Z</Time>
                        <Position>
                            <LatitudeDegrees>30.52123260498047</LatitudeDegrees>
                            <LongitudeDegrees>104.04959869384766</LongitudeDegrees>
                        </Position>
                        <AltitudeMeters>444.39508056640625</AltitudeMeters>
                    </Trackpoint>
                    <Trackpoint>
                        <DistanceMeters>1697.8726768493652</DistanceMeters>
                        <Time>2022-05-07T14:05:45.408Z</Time>
                        <Position>
                            <LatitudeDegrees>30.52122688293457</LatitudeDegrees>
                            <LongitudeDegrees>104.04962158203125</LongitudeDegrees>
                        </Position>
                        <AltitudeMeters>444.39508056640625</AltitudeMeters>
                    </Trackpoint>
                    <Trackpoint>
                        <DistanceMeters>1697.8726768493652</DistanceMeters>
                        <Time>2022-05-07T14:05:46.387Z</Time>
                        <Position>
                            <LatitudeDegrees>30.521221160888672</LatitudeDegrees>
                            <LongitudeDegrees>104.04963684082031</LongitudeDegrees>
                        </Position>
                        <AltitudeMeters>444.4091796875</AltitudeMeters>
                    </Trackpoint>
                    <Trackpoint>
                        <DistanceMeters>1697.8726768493652</DistanceMeters>
                        <Time>2022-05-07T14:05:47.083Z</Time>
                        <Position>
                            <LatitudeDegrees>30.521215438842773</LatitudeDegrees>
                            <LongitudeDegrees>104.04965209960938</LongitudeDegrees>
                        </Position>
                        <AltitudeMeters>444.4091796875</AltitudeMeters>
                    </Trackpoint>
                    <Trackpoint>
                        <DistanceMeters>1697.8726768493652</DistanceMeters>
                        <Time>2022-05-07T14:05:47.659Z</Time>
                        <Position>
                            <LatitudeDegrees>30.521211624145508</LatitudeDegrees>
                            <LongitudeDegrees>104.0496597290039</LongitudeDegrees>
                        </Position>
                        <AltitudeMeters>444.28955078125</AltitudeMeters>
                    </Trackpoint>
                    <Trackpoint>
                        <DistanceMeters>1697.8726768493652</DistanceMeters>
                        <Time>2022-05-07T14:05:48.424Z</Time>
                        <Position>
                            <LatitudeDegrees>30.52120590209961</LatitudeDegrees>
                            <LongitudeDegrees>104.04967498779297</LongitudeDegrees>
                        </Position>
                        <AltitudeMeters>444.28955078125</AltitudeMeters>
                    </Trackpoint>
                    <Trackpoint>
                        <DistanceMeters>1697.8726768493652</DistanceMeters>
                        <Time>2022-05-07T14:05:49.442Z</Time>
                        <Position>
                            <LatitudeDegrees>30.521194458007812</LatitudeDegrees>
                            <LongitudeDegrees>104.04969024658203</LongitudeDegrees>
                        </Position>
                        <AltitudeMeters>444.28955078125</AltitudeMeters>
                    </Trackpoint>
                    <Trackpoint>
                        <DistanceMeters>1697.8726768493652</DistanceMeters>
                        <Time>2022-05-07T14:05:50.464Z</Time>
                        <Position>
                            <LatitudeDegrees>30.52118682861328</LatitudeDegrees>
                            <LongitudeDegrees>104.0497055053711</LongitudeDegrees>
                        </Position>
                        <AltitudeMeters>443.551025390625</AltitudeMeters>
                    </Trackpoint>
                    <Trackpoint>
                        <DistanceMeters>1697.8726768493652</DistanceMeters>
                        <Time>2022-05-07T14:05:51.508Z</Time>
                        <Position>
                            <LatitudeDegrees>30.521183013916016</LatitudeDegrees>
                            <LongitudeDegrees>104.04972839355469</LongitudeDegrees>
                        </Position>
                        <AltitudeMeters>443.551025390625</AltitudeMeters>
                    </Trackpoint>
                    <Trackpoint>
                        <DistanceMeters>1697.8726768493652</DistanceMeters>
                        <Time>2022-05-07T14:05:52.222Z</Time>
                        <Position>
                            <LatitudeDegrees>30.521181106567383</LatitudeDegrees>
                            <LongitudeDegrees>104.04973602294922</LongitudeDegrees>
                        </Position>
                        <AltitudeMeters>443.3687744140625</AltitudeMeters>
                    </Trackpoint>
                    <Trackpoint>
                        <DistanceMeters>1697.8726768493652</DistanceMeters>
                        <Time>2022-05-07T14:05:53.202Z</Time>
                        <Position>
                            <LatitudeDegrees>30.521177291870117</LatitudeDegrees>
                            <LongitudeDegrees>104.04975128173828</LongitudeDegrees>
                        </Position>
                        <AltitudeMeters>443.3687744140625</AltitudeMeters>
                    </Trackpoint>
                    <Trackpoint>
                        <DistanceMeters>1697.8726768493652</DistanceMeters>
                        <Time>2022-05-07T14:05:54.288Z</Time>
                        <Position>
                            <LatitudeDegrees>30.52117347717285</LatitudeDegrees>
                            <LongitudeDegrees>104.04976654052734</LongitudeDegrees>
                        </Position>
                        <AltitudeMeters>443.009765625</AltitudeMeters>
                    </Trackpoint>
                    <Trackpoint>
                        <DistanceMeters>1697.8726768493652</DistanceMeters>
                        <Time>2022-05-07T14:05:55.284Z</Time>
                        <Position>
                            <LatitudeDegrees>30.52117347717285</LatitudeDegrees>
                            <LongitudeDegrees>104.04978942871094</LongitudeDegrees>
                        </Position>
                        <AltitudeMeters>443.009765625</AltitudeMeters>
                    </Trackpoint>
                    <Trackpoint>
                        <DistanceMeters>1697.8726768493652</DistanceMeters>
                        <Time>2022-05-07T14:05:55.966Z</Time>
                        <Position>
                            <LatitudeDegrees>30.521175384521484</LatitudeDegrees>
                            <LongitudeDegrees>104.04979705810547</LongitudeDegrees>
                        </Position>
                        <AltitudeMeters>443.29791259765625</AltitudeMeters>
                    </Trackpoint>
                    <Trackpoint>
                        <DistanceMeters>1697.8726768493652</DistanceMeters>
                        <Time>2022-05-07T14:05:57.009Z</Time>
                        <Position>
                            <LatitudeDegrees>30.52117156982422</LatitudeDegrees>
                            <LongitudeDegrees>104.04981231689453</LongitudeDegrees>
                        </Position>
                        <AltitudeMeters>443.29791259765625</AltitudeMeters>
                    </Trackpoint>
                    <Trackpoint>
                        <DistanceMeters>1697.8726768493652</DistanceMeters>
                        <Time>2022-05-07T14:05:57.685Z</Time>
                        <Position>
                            <LatitudeDegrees>30.521169662475586</LatitudeDegrees>
                            <LongitudeDegrees>104.0498275756836</LongitudeDegrees>
                        </Position>
                        <AltitudeMeters>443.29791259765625</AltitudeMeters>
                    </Trackpoint>
                    <Trackpoint>
                        <DistanceMeters>1697.8726768493652</DistanceMeters>
                        <Time>2022-05-07T14:05:58.662Z</Time>
                        <Position>
                            <LatitudeDegrees>30.52116584777832</LatitudeDegrees>
                            <LongitudeDegrees>104.04984283447266</LongitudeDegrees>
                        </Position>
                        <AltitudeMeters>444.062744140625</AltitudeMeters>
                    </Trackpoint>
                    <Trackpoint>
                        <DistanceMeters>1697.8726768493652</DistanceMeters>
                        <Time>2022-05-07T14:05:59.363Z</Time>
                        <Position>
                            <LatitudeDegrees>30.521162033081055</LatitudeDegrees>
                            <LongitudeDegrees>104.04985809326172</LongitudeDegrees>
                        </Position>
                        <AltitudeMeters>444.062744140625</AltitudeMeters>
                    </Trackpoint>
                    <Trackpoint>
                        <DistanceMeters>1761.0821075439453</DistanceMeters>
                        <Time>2022-05-07T14:06:00.390Z</Time>
                        <Position>
                            <LatitudeDegrees>30.521156311035156</LatitudeDegrees>
                            <LongitudeDegrees>104.04987335205078</LongitudeDegrees>
                        </Position>
                        <AltitudeMeters>444.422607421875</AltitudeMeters>
                    </Trackpoint>
                    <Trackpoint>
                        <DistanceMeters>1761.0821075439453</DistanceMeters>
                        <Time>2022-05-07T14:06:01.386Z</Time>
                        <Position>
                            <LatitudeDegrees>30.521150588989258</LatitudeDegrees>
                            <LongitudeDegrees>104.04989624023438</LongitudeDegrees>
                        </Position>
                        <AltitudeMeters>444.422607421875</AltitudeMeters>
                    </Trackpoint>
                    <Trackpoint>
                        <DistanceMeters>1761.0821075439453</DistanceMeters>
                        <Time>2022-05-07T14:06:02.408Z</Time>
                        <Position>
                            <LatitudeDegrees>30.521146774291992</LatitudeDegrees>
                            <LongitudeDegrees>104.04991149902344</LongitudeDegrees>
                        </Position>
                        <AltitudeMeters>442.90606689453125</AltitudeMeters>
                    </Trackpoint>
                    <Trackpoint>
                        <DistanceMeters>1761.0821075439453</DistanceMeters>
                        <Time>2022-05-07T14:06:03.085Z</Time>
                        <Position>
                            <LatitudeDegrees>30.521146774291992</LatitudeDegrees>
                            <LongitudeDegrees>104.0499267578125</LongitudeDegrees>
                        </Position>
                        <AltitudeMeters>442.90606689453125</AltitudeMeters>
                    </Trackpoint>
                    <Trackpoint>
                        <DistanceMeters>1761.0821075439453</DistanceMeters>
                        <Time>2022-05-07T14:06:03.659Z</Time>
                        <Position>
                            <LatitudeDegrees>30.52114486694336</LatitudeDegrees>
                            <LongitudeDegrees>104.04993438720703</LongitudeDegrees>
                        </Position>
                        <AltitudeMeters>442.4969482421875</AltitudeMeters>
                    </Trackpoint>
                    <Trackpoint>
                        <DistanceMeters>1761.0821075439453</DistanceMeters>
                        <Time>2022-05-07T14:06:04.784Z</Time>
                        <Position>
                            <LatitudeDegrees>30.521141052246094</LatitudeDegrees>
                            <LongitudeDegrees>104.04995727539062</LongitudeDegrees>
                        </Position>
                        <AltitudeMeters>442.4969482421875</AltitudeMeters>
                    </Trackpoint>
                    <Trackpoint>
                        <DistanceMeters>1761.0821075439453</DistanceMeters>
                        <Time>2022-05-07T14:06:05.481Z</Time>
                        <Position>
                            <LatitudeDegrees>30.521137237548828</LatitudeDegrees>
                            <LongitudeDegrees>104.04996490478516</LongitudeDegrees>
                        </Position>
                        <AltitudeMeters>442.4969482421875</AltitudeMeters>
                    </Trackpoint>
                    <Trackpoint>
                        <DistanceMeters>1761.0821075439453</DistanceMeters>
                        <Time>2022-05-07T14:06:06.505Z</Time>
                        <Position>
                            <LatitudeDegrees>30.521133422851562</LatitudeDegrees>
                            <LongitudeDegrees>104.04998779296875</LongitudeDegrees>
                        </Position>
                        <AltitudeMeters>442.3260498046875</AltitudeMeters>
                    </Trackpoint>
                    <Trackpoint>
                        <DistanceMeters>1761.0821075439453</DistanceMeters>
                        <Time>2022-05-07T14:06:07.185Z</Time>
                        <Position>
                            <LatitudeDegrees>30.521129608154297</LatitudeDegrees>
                            <LongitudeDegrees>104.05000305175781</LongitudeDegrees>
                        </Position>
                        <AltitudeMeters>442.3260498046875</AltitudeMeters>
                    </Trackpoint>
                    <Trackpoint>
                        <DistanceMeters>1761.0821075439453</DistanceMeters>
                        <Time>2022-05-07T14:06:08.201Z</Time>
                        <Position>
                            <LatitudeDegrees>30.5211238861084</LatitudeDegrees>
                            <LongitudeDegrees>104.0500259399414</LongitudeDegrees>
                        </Position>
                        <AltitudeMeters>441.995361328125</AltitudeMeters>
                    </Trackpoint>
                    <Trackpoint>
                        <DistanceMeters>1761.0821075439453</DistanceMeters>
                        <Time>2022-05-07T14:06:08.899Z</Time>
                        <Position>
                            <LatitudeDegrees>30.521120071411133</LatitudeDegrees>
                            <LongitudeDegrees>104.05004119873047</LongitudeDegrees>
                        </Position>
                        <AltitudeMeters>441.995361328125</AltitudeMeters>
                    </Trackpoint>
                    <Trackpoint>
                        <DistanceMeters>1761.0821075439453</DistanceMeters>
                        <Time>2022-05-07T14:06:09.946Z</Time>
                        <Position>
                            <LatitudeDegrees>30.5211124420166</LatitudeDegrees>
                            <LongitudeDegrees>104.05006408691406</LongitudeDegrees>
                        </Position>
                        <AltitudeMeters>441.7098388671875</AltitudeMeters>
                    </Trackpoint>
                    <Trackpoint>
                        <DistanceMeters>1761.0821075439453</DistanceMeters>
                        <Time>2022-05-07T14:06:10.646Z</Time>
                        <Position>
                            <LatitudeDegrees>30.52111053466797</LatitudeDegrees>
                            <LongitudeDegrees>104.0500717163086</LongitudeDegrees>
                        </Position>
                        <AltitudeMeters>441.7098388671875</AltitudeMeters>
                    </Trackpoint>
                    <Trackpoint>
                        <DistanceMeters>1761.0821075439453</DistanceMeters>
                        <Time>2022-05-07T14:06:11.687Z</Time>
                        <Position>
                            <LatitudeDegrees>30.521102905273438</LatitudeDegrees>
                            <LongitudeDegrees>104.05009460449219</LongitudeDegrees>
                        </Position>
                        <AltitudeMeters>441.7098388671875</AltitudeMeters>
                    </Trackpoint>
                    <Trackpoint>
                        <DistanceMeters>1761.0821075439453</DistanceMeters>
                        <Time>2022-05-07T14:06:12.370Z</Time>
                        <Position>
                            <LatitudeDegrees>30.521099090576172</LatitudeDegrees>
                            <LongitudeDegrees>104.05010986328125</LongitudeDegrees>
                        </Position>
                        <AltitudeMeters>441.340087890625</AltitudeMeters>
                    </Trackpoint>
                    <Trackpoint>
                        <DistanceMeters>1761.0821075439453</DistanceMeters>
                        <Time>2022-05-07T14:06:13.400Z</Time>
                        <Position>
                            <LatitudeDegrees>30.521095275878906</LatitudeDegrees>
                            <LongitudeDegrees>104.05013275146484</LongitudeDegrees>
                        </Position>
                        <AltitudeMeters>441.340087890625</AltitudeMeters>
                    </Trackpoint>
                    <Trackpoint>
                        <DistanceMeters>1761.0821075439453</DistanceMeters>
                        <Time>2022-05-07T14:06:14.445Z</Time>
                        <Position>
                            <LatitudeDegrees>30.521089553833008</LatitudeDegrees>
                            <LongitudeDegrees>104.05015563964844</LongitudeDegrees>
                        </Position>
                        <AltitudeMeters>441.02130126953125</AltitudeMeters>
                    </Trackpoint>
                    <Trackpoint>
                        <DistanceMeters>1761.0821075439453</DistanceMeters>
                        <Time>2022-05-07T14:06:15.123Z</Time>
                        <Position>
                            <LatitudeDegrees>30.521085739135742</LatitudeDegrees>
                            <LongitudeDegrees>104.05016326904297</LongitudeDegrees>
                        </Position>
                        <AltitudeMeters>441.02130126953125</AltitudeMeters>
                    </Trackpoint>
                    <Trackpoint>
                        <DistanceMeters>1761.0821075439453</DistanceMeters>
                        <Time>2022-05-07T14:06:16.189Z</Time>
                        <Position>
                            <LatitudeDegrees>30.521081924438477</LatitudeDegrees>
                            <LongitudeDegrees>104.05018615722656</LongitudeDegrees>
                        </Position>
                        <AltitudeMeters>440.0784912109375</AltitudeMeters>
                    </Trackpoint>
                    <Trackpoint>
                        <DistanceMeters>1761.0821075439453</DistanceMeters>
                        <Time>2022-05-07T14:06:16.799Z</Time>
                        <Position>
                            <LatitudeDegrees>30.521081924438477</LatitudeDegrees>
                            <LongitudeDegrees>104.05020141601562</LongitudeDegrees>
                        </Position>
                        <AltitudeMeters>440.0784912109375</AltitudeMeters>
                    </Trackpoint>
                    <Trackpoint>
                        <DistanceMeters>1761.0821075439453</DistanceMeters>
                        <Time>2022-05-07T14:06:17.658Z</Time>
                        <Position>
                            <LatitudeDegrees>30.521080017089844</LatitudeDegrees>
                            <LongitudeDegrees>104.05022430419922</LongitudeDegrees>
                        </Position>
                        <AltitudeMeters>439.5914306640625</AltitudeMeters>
                    </Trackpoint>
                    <Trackpoint>
                        <DistanceMeters>1761.0821075439453</DistanceMeters>
                        <Time>2022-05-07T14:06:18.180Z</Time>
                        <Position>
                            <LatitudeDegrees>30.52107810974121</LatitudeDegrees>
                            <LongitudeDegrees>104.05023193359375</LongitudeDegrees>
                        </Position>
                        <AltitudeMeters>439.5914306640625</AltitudeMeters>
                    </Trackpoint>
                    <Trackpoint>
                        <DistanceMeters>1761.0821075439453</DistanceMeters>
                        <Time>2022-05-07T14:06:18.889Z</Time>
                        <Position>
                            <LatitudeDegrees>30.521076202392578</LatitudeDegrees>
                            <LongitudeDegrees>104.05024719238281</LongitudeDegrees>
                        </Position>
                        <AltitudeMeters>439.5914306640625</AltitudeMeters>
                    </Trackpoint>
                    <Trackpoint>
                        <DistanceMeters>1761.0821075439453</DistanceMeters>
                        <Time>2022-05-07T14:06:19.542Z</Time>
                        <Position>
                            <LatitudeDegrees>30.521076202392578</LatitudeDegrees>
                            <LongitudeDegrees>104.05026245117188</LongitudeDegrees>
                        </Position>
                        <AltitudeMeters>439.5914306640625</AltitudeMeters>
                    </Trackpoint>
                    <Trackpoint>
                        <DistanceMeters>1761.0821075439453</DistanceMeters>
                        <Time>2022-05-07T14:06:20.184Z</Time>
                        <Position>
                            <LatitudeDegrees>30.52107810974121</LatitudeDegrees>
                            <LongitudeDegrees>104.05027770996094</LongitudeDegrees>
                        </Position>
                        <AltitudeMeters>438.90069580078125</AltitudeMeters>
                    </Trackpoint>
                    <Trackpoint>
                        <DistanceMeters>1761.0821075439453</DistanceMeters>
                        <Time>2022-05-07T14:06:21.167Z</Time>
                        <Position>
                            <LatitudeDegrees>30.521089553833008</LatitudeDegrees>
                            <LongitudeDegrees>104.05028533935547</LongitudeDegrees>
                        </Position>
                        <AltitudeMeters>438.90069580078125</AltitudeMeters>
                    </Trackpoint>
                    <Trackpoint>
                        <DistanceMeters>1761.0821075439453</DistanceMeters>
                        <Time>2022-05-07T14:06:21.658Z</Time>
                        <Position>
                            <LatitudeDegrees>30.521099090576172</LatitudeDegrees>
                            <LongitudeDegrees>104.05027770996094</LongitudeDegrees>
                        </Position>
                        <AltitudeMeters>438.406982421875</AltitudeMeters>
                    </Trackpoint>
                    <Trackpoint>
                        <DistanceMeters>1761.0821075439453</DistanceMeters>
                        <Time>2022-05-07T14:06:22.545Z</Time>
                        <Position>
                            <LatitudeDegrees>30.521108627319336</LatitudeDegrees>
                            <LongitudeDegrees>104.05027770996094</LongitudeDegrees>
                        </Position>
                        <AltitudeMeters>438.406982421875</AltitudeMeters>
                    </Trackpoint>
                    <Trackpoint>
                        <DistanceMeters>1761.0821075439453</DistanceMeters>
                        <Time>2022-05-07T14:06:23.562Z</Time>
                        <Position>
                            <LatitudeDegrees>30.52112579345703</LatitudeDegrees>
                            <LongitudeDegrees>104.05027770996094</LongitudeDegrees>
                        </Position>
                        <AltitudeMeters>438.406982421875</AltitudeMeters>
                    </Trackpoint>
                    <Trackpoint>
                        <DistanceMeters>1761.0821075439453</DistanceMeters>
                        <Time>2022-05-07T14:06:23.886Z</Time>
                        <Position>
                            <LatitudeDegrees>30.521137237548828</LatitudeDegrees>
                            <LongitudeDegrees>104.05026245117188</LongitudeDegrees>
                        </Position>
                        <AltitudeMeters>437.4879150390625</AltitudeMeters>
                    </Trackpoint>
                    <Trackpoint>
                        <DistanceMeters>1761.0821075439453</DistanceMeters>
                        <Time>2022-05-07T14:06:24.589Z</Time>
                        <Position>
                            <LatitudeDegrees>30.521148681640625</LatitudeDegrees>
                            <LongitudeDegrees>104.05026245117188</LongitudeDegrees>
                        </Position>
                        <AltitudeMeters>437.4879150390625</AltitudeMeters>
                    </Trackpoint>
                    <Trackpoint>
                        <DistanceMeters>1761.0821075439453</DistanceMeters>
                        <Time>2022-05-07T14:06:25.283Z</Time>
                        <Position>
                            <LatitudeDegrees>30.521160125732422</LatitudeDegrees>
                            <LongitudeDegrees>104.05025482177734</LongitudeDegrees>
                        </Position>
                        <AltitudeMeters>437.4879150390625</AltitudeMeters>
                    </Trackpoint>
                    <Trackpoint>
                        <DistanceMeters>1761.0821075439453</DistanceMeters>
                        <Time>2022-05-07T14:06:26.282Z</Time>
                        <Position>
                            <LatitudeDegrees>30.52118492126465</LatitudeDegrees>
                            <LongitudeDegrees>104.05023956298828</LongitudeDegrees>
                        </Position>
                        <AltitudeMeters>436.735595703125</AltitudeMeters>
                    </Trackpoint>
                    <Trackpoint>
                        <DistanceMeters>1761.0821075439453</DistanceMeters>
                        <Time>2022-05-07T14:06:26.962Z</Time>
                        <Position>
                            <LatitudeDegrees>30.521198272705078</LatitudeDegrees>
                            <LongitudeDegrees>104.05023956298828</LongitudeDegrees>
                        </Position>
                        <AltitudeMeters>436.735595703125</AltitudeMeters>
                    </Trackpoint>
                    <Trackpoint>
                        <DistanceMeters>1761.0821075439453</DistanceMeters>
                        <Time>2022-05-07T14:06:27.986Z</Time>
                        <Position>
                            <LatitudeDegrees>30.521223068237305</LatitudeDegrees>
                            <LongitudeDegrees>104.05023193359375</LongitudeDegrees>
                        </Position>
                        <AltitudeMeters>435.430908203125</AltitudeMeters>
                    </Trackpoint>
                    <Trackpoint>
                        <DistanceMeters>1761.0821075439453</DistanceMeters>
                        <Time>2022-05-07T14:06:28.631Z</Time>
                        <Position>
                            <LatitudeDegrees>30.5212345123291</LatitudeDegrees>
                            <LongitudeDegrees>104.05022430419922</LongitudeDegrees>
                        </Position>
                        <AltitudeMeters>435.430908203125</AltitudeMeters>
                    </Trackpoint>
                    <Trackpoint>
                        <DistanceMeters>1761.0821075439453</DistanceMeters>
                        <Time>2022-05-07T14:06:29.623Z</Time>
                        <Position>
                            <LatitudeDegrees>30.52125358581543</LatitudeDegrees>
                            <LongitudeDegrees>104.05021667480469</LongitudeDegrees>
                        </Position>
                        <AltitudeMeters>435.430908203125</AltitudeMeters>
                    </Trackpoint>
                    <Trackpoint>
                        <DistanceMeters>1831.1894836425781</DistanceMeters>
                        <Time>2022-05-07T14:06:30.585Z</Time>
                        <Position>
                            <LatitudeDegrees>30.521276473999023</LatitudeDegrees>
                            <LongitudeDegrees>104.05021667480469</LongitudeDegrees>
                        </Position>
                        <AltitudeMeters>435.1153564453125</AltitudeMeters>
                    </Trackpoint>
                    <Trackpoint>
                        <DistanceMeters>1831.1894836425781</DistanceMeters>
                        <Time>2022-05-07T14:06:31.269Z</Time>
                        <Position>
                            <LatitudeDegrees>30.521289825439453</LatitudeDegrees>
                            <LongitudeDegrees>104.05022430419922</LongitudeDegrees>
                        </Position>
                        <AltitudeMeters>435.1153564453125</AltitudeMeters>
                    </Trackpoint>
                    <Trackpoint>
                        <DistanceMeters>1831.1894836425781</DistanceMeters>
                        <Time>2022-05-07T14:06:31.625Z</Time>
                        <Position>
                            <LatitudeDegrees>30.521299362182617</LatitudeDegrees>
                            <LongitudeDegrees>104.05022430419922</LongitudeDegrees>
                        </Position>
                        <AltitudeMeters>435.1153564453125</AltitudeMeters>
                    </Trackpoint>
                    <Trackpoint>
                        <DistanceMeters>1831.1894836425781</DistanceMeters>
                        <Time>2022-05-07T14:06:32.308Z</Time>
                        <Position>
                            <LatitudeDegrees>30.521318435668945</LatitudeDegrees>
                            <LongitudeDegrees>104.05022430419922</LongitudeDegrees>
                        </Position>
                        <AltitudeMeters>435.311279296875</AltitudeMeters>
                    </Trackpoint>
                    <Trackpoint>
                        <DistanceMeters>1831.1894836425781</DistanceMeters>
                        <Time>2022-05-07T14:06:32.966Z</Time>
                        <Position>
                            <LatitudeDegrees>30.521333694458008</LatitudeDegrees>
                            <LongitudeDegrees>104.05022430419922</LongitudeDegrees>
                        </Position>
                        <AltitudeMeters>435.311279296875</AltitudeMeters>
                    </Trackpoint>
                    <Trackpoint>
                        <DistanceMeters>1831.1894836425781</DistanceMeters>
                        <Time>2022-05-07T14:06:33.647Z</Time>
                        <Position>
                            <LatitudeDegrees>30.521347045898438</LatitudeDegrees>
                            <LongitudeDegrees>104.05022430419922</LongitudeDegrees>
                        </Position>
                        <AltitudeMeters>435.311279296875</AltitudeMeters>
                    </Trackpoint>
                    <Trackpoint>
                        <DistanceMeters>1831.1894836425781</DistanceMeters>
                        <Time>2022-05-07T14:06:33.983Z</Time>
                        <Position>
                            <LatitudeDegrees>30.5213565826416</LatitudeDegrees>
                            <LongitudeDegrees>104.05022430419922</LongitudeDegrees>
                        </Position>
                        <AltitudeMeters>435.27105712890625</AltitudeMeters>
                    </Trackpoint>
                    <Trackpoint>
                        <DistanceMeters>1831.1894836425781</DistanceMeters>
                        <Time>2022-05-07T14:06:34.644Z</Time>
                        <Position>
                            <LatitudeDegrees>30.52136993408203</LatitudeDegrees>
                            <LongitudeDegrees>104.05023193359375</LongitudeDegrees>
                        </Position>
                        <AltitudeMeters>435.27105712890625</AltitudeMeters>
                    </Trackpoint>
                    <Trackpoint>
                        <DistanceMeters>1831.1894836425781</DistanceMeters>
                        <Time>2022-05-07T14:06:35.323Z</Time>
                        <Position>
                            <LatitudeDegrees>30.52138328552246</LatitudeDegrees>
                            <LongitudeDegrees>104.05023193359375</LongitudeDegrees>
                        </Position>
                        <AltitudeMeters>435.27105712890625</AltitudeMeters>
                    </Trackpoint>
                    <Trackpoint>
                        <DistanceMeters>1831.1894836425781</DistanceMeters>
                        <Time>2022-05-07T14:06:36.300Z</Time>
                        <Position>
                            <LatitudeDegrees>30.521408081054688</LatitudeDegrees>
                            <LongitudeDegrees>104.05023956298828</LongitudeDegrees>
                        </Position>
                        <AltitudeMeters>434.77880859375</AltitudeMeters>
                    </Trackpoint>
                    <Trackpoint>
                        <DistanceMeters>1831.1894836425781</DistanceMeters>
                        <Time>2022-05-07T14:06:36.959Z</Time>
                        <Position>
                            <LatitudeDegrees>30.521421432495117</LatitudeDegrees>
                            <LongitudeDegrees>104.05023956298828</LongitudeDegrees>
                        </Position>
                        <AltitudeMeters>434.77880859375</AltitudeMeters>
                    </Trackpoint>
                    <Trackpoint>
                        <DistanceMeters>1831.1894836425781</DistanceMeters>
                        <Time>2022-05-07T14:06:37.988Z</Time>
                        <Position>
                            <LatitudeDegrees>30.52144432067871</LatitudeDegrees>
                            <LongitudeDegrees>104.05023956298828</LongitudeDegrees>
                        </Position>
                        <AltitudeMeters>435.181640625</AltitudeMeters>
                    </Trackpoint>
                    <Trackpoint>
                        <DistanceMeters>1831.1894836425781</DistanceMeters>
                        <Time>2022-05-07T14:06:38.650Z</Time>
                        <Position>
                            <LatitudeDegrees>30.521453857421875</LatitudeDegrees>
                            <LongitudeDegrees>104.05024719238281</LongitudeDegrees>
                        </Position>
                        <AltitudeMeters>435.181640625</AltitudeMeters>
                    </Trackpoint>
                    <Trackpoint>
                        <DistanceMeters>1831.1894836425781</DistanceMeters>
                        <Time>2022-05-07T14:06:39.646Z</Time>
                        <Position>
                            <LatitudeDegrees>30.521474838256836</LatitudeDegrees>
                            <LongitudeDegrees>104.05024719238281</LongitudeDegrees>
                        </Position>
                        <AltitudeMeters>435.181640625</AltitudeMeters>
                    </Trackpoint>
                    <Trackpoint>
                        <DistanceMeters>1831.1894836425781</DistanceMeters>
                        <Time>2022-05-07T14:06:40.306Z</Time>
                        <Position>
                            <LatitudeDegrees>30.521486282348633</LatitudeDegrees>
                            <LongitudeDegrees>104.05025482177734</LongitudeDegrees>
                        </Position>
                        <AltitudeMeters>435.4696044921875</AltitudeMeters>
                    </Trackpoint>
                    <Trackpoint>
                        <DistanceMeters>1831.1894836425781</DistanceMeters>
                        <Time>2022-05-07T14:06:40.985Z</Time>
                        <Position>
                            <LatitudeDegrees>30.521495819091797</LatitudeDegrees>
                            <LongitudeDegrees>104.05025482177734</LongitudeDegrees>
                        </Position>
                        <AltitudeMeters>435.4696044921875</AltitudeMeters>
                    </Trackpoint>
                    <Trackpoint>
                        <DistanceMeters>1831.1894836425781</DistanceMeters>
                        <Time>2022-05-07T14:06:41.962Z</Time>
                        <Position>
                            <LatitudeDegrees>30.52151107788086</LatitudeDegrees>
                            <LongitudeDegrees>104.0502700805664</LongitudeDegrees>
                        </Position>
                        <AltitudeMeters>435.38262939453125</AltitudeMeters>
                    </Trackpoint>
                    <Trackpoint>
                        <DistanceMeters>1831.1894836425781</DistanceMeters>
                        <Time>2022-05-07T14:06:42.622Z</Time>
                        <Position>
                            <LatitudeDegrees>30.521522521972656</LatitudeDegrees>
                            <LongitudeDegrees>104.05027770996094</LongitudeDegrees>
                        </Position>
                        <AltitudeMeters>435.38262939453125</AltitudeMeters>
                    </Trackpoint>
                    <Trackpoint>
                        <DistanceMeters>1831.1894836425781</DistanceMeters>
                        <Time>2022-05-07T14:06:43.608Z</Time>
                        <Position>
                            <LatitudeDegrees>30.521541595458984</LatitudeDegrees>
                            <LongitudeDegrees>104.05029296875</LongitudeDegrees>
                        </Position>
                        <AltitudeMeters>435.38262939453125</AltitudeMeters>
                    </Trackpoint>
                    <Trackpoint>
                        <DistanceMeters>1831.1894836425781</DistanceMeters>
                        <Time>2022-05-07T14:06:44.287Z</Time>
                        <Position>
                            <LatitudeDegrees>30.52155303955078</LatitudeDegrees>
                            <LongitudeDegrees>104.05030059814453</LongitudeDegrees>
                        </Position>
                        <AltitudeMeters>435.82781982421875</AltitudeMeters>
                    </Trackpoint>
                    <Trackpoint>
                        <DistanceMeters>1831.1894836425781</DistanceMeters>
                        <Time>2022-05-07T14:06:45.273Z</Time>
                        <Position>
                            <LatitudeDegrees>30.521568298339844</LatitudeDegrees>
                            <LongitudeDegrees>104.05032348632812</LongitudeDegrees>
                        </Position>
                        <AltitudeMeters>435.82781982421875</AltitudeMeters>
                    </Trackpoint>
                    <Trackpoint>
                        <DistanceMeters>1831.1894836425781</DistanceMeters>
                        <Time>2022-05-07T14:06:46.268Z</Time>
                        <Position>
                            <LatitudeDegrees>30.52158546447754</LatitudeDegrees>
                            <LongitudeDegrees>104.05033874511719</LongitudeDegrees>
                        </Position>
                        <AltitudeMeters>435.650146484375</AltitudeMeters>
                    </Trackpoint>
                    <Trackpoint>
                        <DistanceMeters>1831.1894836425781</DistanceMeters>
                        <Time>2022-05-07T14:06:46.941Z</Time>
                        <Position>
                            <LatitudeDegrees>30.521595001220703</LatitudeDegrees>
                            <LongitudeDegrees>104.05034637451172</LongitudeDegrees>
                        </Position>
                        <AltitudeMeters>435.650146484375</AltitudeMeters>
                    </Trackpoint>
                    <Trackpoint>
                        <DistanceMeters>1831.1894836425781</DistanceMeters>
                        <Time>2022-05-07T14:06:47.925Z</Time>
                        <Position>
                            <LatitudeDegrees>30.521610260009766</LatitudeDegrees>
                            <LongitudeDegrees>104.05036163330078</LongitudeDegrees>
                        </Position>
                        <AltitudeMeters>435.5213623046875</AltitudeMeters>
                    </Trackpoint>
                    <Trackpoint>
                        <DistanceMeters>1831.1894836425781</DistanceMeters>
                        <Time>2022-05-07T14:06:48.608Z</Time>
                        <Position>
                            <LatitudeDegrees>30.52161979675293</LatitudeDegrees>
                            <LongitudeDegrees>104.05036926269531</LongitudeDegrees>
                        </Position>
                        <AltitudeMeters>435.5213623046875</AltitudeMeters>
                    </Trackpoint>
                    <Trackpoint>
                        <DistanceMeters>1831.1894836425781</DistanceMeters>
                        <Time>2022-05-07T14:06:49.266Z</Time>
                        <Position>
                            <LatitudeDegrees>30.521631240844727</LatitudeDegrees>
                            <LongitudeDegrees>104.05038452148438</LongitudeDegrees>
                        </Position>
                        <AltitudeMeters>435.5213623046875</AltitudeMeters>
                    </Trackpoint>
                    <Trackpoint>
                        <DistanceMeters>1831.1894836425781</DistanceMeters>
                        <Time>2022-05-07T14:06:50.272Z</Time>
                        <Position>
                            <LatitudeDegrees>30.52164649963379</LatitudeDegrees>
                            <LongitudeDegrees>104.05039978027344</LongitudeDegrees>
                        </Position>
                        <AltitudeMeters>435.28851318359375</AltitudeMeters>
                    </Trackpoint>
                    <Trackpoint>
                        <DistanceMeters>1831.1894836425781</DistanceMeters>
                        <Time>2022-05-07T14:06:50.945Z</Time>
                        <Position>
                            <LatitudeDegrees>30.521656036376953</LatitudeDegrees>
                            <LongitudeDegrees>104.05040740966797</LongitudeDegrees>
                        </Position>
                        <AltitudeMeters>435.28851318359375</AltitudeMeters>
                    </Trackpoint>
                    <Trackpoint>
                        <DistanceMeters>1831.1894836425781</DistanceMeters>
                        <Time>2022-05-07T14:06:51.921Z</Time>
                        <Position>
                            <LatitudeDegrees>30.521669387817383</LatitudeDegrees>
                            <LongitudeDegrees>104.05042266845703</LongitudeDegrees>
                        </Position>
                        <AltitudeMeters>435.410400390625</AltitudeMeters>
                    </Trackpoint>
                    <Trackpoint>
                        <DistanceMeters>1831.1894836425781</DistanceMeters>
                        <Time>2022-05-07T14:06:52.945Z</Time>
                        <Position>
                            <LatitudeDegrees>30.52168846130371</LatitudeDegrees>
                            <LongitudeDegrees>104.05044555664062</LongitudeDegrees>
                        </Position>
                        <AltitudeMeters>435.410400390625</AltitudeMeters>
                    </Trackpoint>
                    <Trackpoint>
                        <DistanceMeters>1831.1894836425781</DistanceMeters>
                        <Time>2022-05-07T14:06:53.625Z</Time>
                        <Position>
                            <LatitudeDegrees>30.521699905395508</LatitudeDegrees>
                            <LongitudeDegrees>104.05045318603516</LongitudeDegrees>
                        </Position>
                        <AltitudeMeters>435.410400390625</AltitudeMeters>
                    </Trackpoint>
                    <Trackpoint>
                        <DistanceMeters>1831.1894836425781</DistanceMeters>
                        <Time>2022-05-07T14:06:54.583Z</Time>
                        <Position>
                            <LatitudeDegrees>30.521717071533203</LatitudeDegrees>
                            <LongitudeDegrees>104.05046081542969</LongitudeDegrees>
                        </Position>
                        <AltitudeMeters>435.1983642578125</AltitudeMeters>
                    </Trackpoint>
                    <Trackpoint>
                        <DistanceMeters>1831.1894836425781</DistanceMeters>
                        <Time>2022-05-07T14:06:55.259Z</Time>
                        <Position>
                            <LatitudeDegrees>30.521730422973633</LatitudeDegrees>
                            <LongitudeDegrees>104.05046844482422</LongitudeDegrees>
                        </Position>
                        <AltitudeMeters>435.1983642578125</AltitudeMeters>
                    </Trackpoint>
                    <Trackpoint>
                        <DistanceMeters>1831.1894836425781</DistanceMeters>
                        <Time>2022-05-07T14:06:56.311Z</Time>
                        <Position>
                            <LatitudeDegrees>30.52174949645996</LatitudeDegrees>
                            <LongitudeDegrees>104.05048370361328</LongitudeDegrees>
                        </Position>
                        <AltitudeMeters>435.2535400390625</AltitudeMeters>
                    </Trackpoint>
                    <Trackpoint>
                        <DistanceMeters>1831.1894836425781</DistanceMeters>
                        <Time>2022-05-07T14:06:56.953Z</Time>
                        <Position>
                            <LatitudeDegrees>30.521759033203125</LatitudeDegrees>
                            <LongitudeDegrees>104.05049133300781</LongitudeDegrees>
                        </Position>
                        <AltitudeMeters>435.2535400390625</AltitudeMeters>
                    </Trackpoint>
                    <Trackpoint>
                        <DistanceMeters>1831.1894836425781</DistanceMeters>
                        <Time>2022-05-07T14:06:58.275Z</Time>
                        <Position>
                            <LatitudeDegrees>30.521778106689453</LatitudeDegrees>
                            <LongitudeDegrees>104.0505142211914</LongitudeDegrees>
                        </Position>
                        <AltitudeMeters>435.64630126953125</AltitudeMeters>
                    </Trackpoint>
                    <Trackpoint>
                        <DistanceMeters>1831.1894836425781</DistanceMeters>
                        <Time>2022-05-07T14:06:59.252Z</Time>
                        <Position>
                            <LatitudeDegrees>30.52178955078125</LatitudeDegrees>
                            <LongitudeDegrees>104.05052947998047</LongitudeDegrees>
                        </Position>
                        <AltitudeMeters>435.64630126953125</AltitudeMeters>
                    </Trackpoint>
                    <Trackpoint>
                        <DistanceMeters>1890.458812713623</DistanceMeters>
                        <Time>2022-05-07T14:07:00.222Z</Time>
                        <Position>
                            <LatitudeDegrees>30.521804809570312</LatitudeDegrees>
                            <LongitudeDegrees>104.05054473876953</LongitudeDegrees>
                        </Position>
                        <AltitudeMeters>435.34295654296875</AltitudeMeters>
                    </Trackpoint>
                    <Trackpoint>
                        <DistanceMeters>1890.458812713623</DistanceMeters>
                        <Time>2022-05-07T14:07:00.885Z</Time>
                        <Position>
                            <LatitudeDegrees>30.52181625366211</LatitudeDegrees>
                            <LongitudeDegrees>104.05055236816406</LongitudeDegrees>
                        </Position>
                        <AltitudeMeters>435.34295654296875</AltitudeMeters>
                    </Trackpoint>
                    <Trackpoint>
                        <DistanceMeters>1890.458812713623</DistanceMeters>
                        <Time>2022-05-07T14:07:01.565Z</Time>
                        <Position>
                            <LatitudeDegrees>30.52182960510254</LatitudeDegrees>
                            <LongitudeDegrees>104.0505599975586</LongitudeDegrees>
                        </Position>
                        <AltitudeMeters>435.34295654296875</AltitudeMeters>
                    </Trackpoint>
                    <Trackpoint>
                        <DistanceMeters>1890.458812713623</DistanceMeters>
                        <Time>2022-05-07T14:07:02.502Z</Time>
                        <Position>
                            <LatitudeDegrees>30.521839141845703</LatitudeDegrees>
                            <LongitudeDegrees>104.05056762695312</LongitudeDegrees>
                        </Position>
                        <AltitudeMeters>434.7069091796875</AltitudeMeters>
                    </Trackpoint>
                    <Trackpoint>
                        <DistanceMeters>1890.458812713623</DistanceMeters>
                        <Time>2022-05-07T14:07:03.162Z</Time>
                        <Position>
                            <LatitudeDegrees>30.521846771240234</LatitudeDegrees>
                            <LongitudeDegrees>104.05057525634766</LongitudeDegrees>
                        </Position>
                        <AltitudeMeters>434.7069091796875</AltitudeMeters>
                    </Trackpoint>
                    <Trackpoint>
                        <DistanceMeters>1890.458812713623</DistanceMeters>
                        <Time>2022-05-07T14:07:04.189Z</Time>
                        <Position>
                            <LatitudeDegrees>30.521860122680664</LatitudeDegrees>
                            <LongitudeDegrees>104.05059051513672</LongitudeDegrees>
                        </Position>
                        <AltitudeMeters>434.4215087890625</AltitudeMeters>
                    </Trackpoint>
                    <Trackpoint>
                        <DistanceMeters>1890.458812713623</DistanceMeters>
                        <Time>2022-05-07T14:07:04.825Z</Time>
                        <Position>
                            <LatitudeDegrees>30.521869659423828</LatitudeDegrees>
                            <LongitudeDegrees>104.05059814453125</LongitudeDegrees>
                        </Position>
                        <AltitudeMeters>434.4215087890625</AltitudeMeters>
                    </Trackpoint>
                    <Trackpoint>
                        <DistanceMeters>1890.458812713623</DistanceMeters>
                        <Time>2022-05-07T14:07:05.481Z</Time>
                        <Position>
                            <LatitudeDegrees>30.521881103515625</LatitudeDegrees>
                            <LongitudeDegrees>104.05060577392578</LongitudeDegrees>
                        </Position>
                        <AltitudeMeters>434.4215087890625</AltitudeMeters>
                    </Trackpoint>
                    <Trackpoint>
                        <DistanceMeters>1890.458812713623</DistanceMeters>
                        <Time>2022-05-07T14:07:06.141Z</Time>
                        <Position>
                            <LatitudeDegrees>30.521892547607422</LatitudeDegrees>
                            <LongitudeDegrees>104.05061340332031</LongitudeDegrees>
                        </Position>
                        <AltitudeMeters>434.55029296875</AltitudeMeters>
                    </Trackpoint>
                    <Trackpoint>
                        <DistanceMeters>1890.458812713623</DistanceMeters>
                        <Time>2022-05-07T14:07:07.127Z</Time>
                        <Position>
                            <LatitudeDegrees>30.52190589904785</LatitudeDegrees>
                            <LongitudeDegrees>104.05062866210938</LongitudeDegrees>
                        </Position>
                        <AltitudeMeters>434.55029296875</AltitudeMeters>
                    </Trackpoint>
                    <Trackpoint>
                        <DistanceMeters>1890.458812713623</DistanceMeters>
                        <Time>2022-05-07T14:07:07.659Z</Time>
                        <Position>
                            <LatitudeDegrees>30.521913528442383</LatitudeDegrees>
                            <LongitudeDegrees>104.0506362915039</LongitudeDegrees>
                        </Position>
                        <AltitudeMeters>434.44476318359375</AltitudeMeters>
                    </Trackpoint>
                    <Trackpoint>
                        <DistanceMeters>1890.458812713623</DistanceMeters>
                        <Time>2022-05-07T14:07:08.439Z</Time>
                        <Position>
                            <LatitudeDegrees>30.521923065185547</LatitudeDegrees>
                            <LongitudeDegrees>104.05064392089844</LongitudeDegrees>
                        </Position>
                        <AltitudeMeters>434.44476318359375</AltitudeMeters>
                    </Trackpoint>
                    <Trackpoint>
                        <DistanceMeters>1890.458812713623</DistanceMeters>
                        <Time>2022-05-07T14:07:09.466Z</Time>
                        <Position>
                            <LatitudeDegrees>30.52193260192871</LatitudeDegrees>
                            <LongitudeDegrees>104.0506591796875</LongitudeDegrees>
                        </Position>
                        <AltitudeMeters>434.44476318359375</AltitudeMeters>
                    </Trackpoint>
                    <Trackpoint>
                        <DistanceMeters>1890.458812713623</DistanceMeters>
                        <Time>2022-05-07T14:07:10.110Z</Time>
                        <Position>
                            <LatitudeDegrees>30.521940231323242</LatitudeDegrees>
                            <LongitudeDegrees>104.05066680908203</LongitudeDegrees>
                        </Position>
                        <AltitudeMeters>434.3294677734375</AltitudeMeters>
                    </Trackpoint>
                    <Trackpoint>
                        <DistanceMeters>1890.458812713623</DistanceMeters>
                        <Time>2022-05-07T14:07:10.771Z</Time>
                        <Position>
                            <LatitudeDegrees>30.521947860717773</LatitudeDegrees>
                            <LongitudeDegrees>104.05067443847656</LongitudeDegrees>
                        </Position>
                        <AltitudeMeters>434.3294677734375</AltitudeMeters>
                    </Trackpoint>
                    <Trackpoint>
                        <DistanceMeters>1890.458812713623</DistanceMeters>
                        <Time>2022-05-07T14:07:11.659Z</Time>
                        <Position>
                            <LatitudeDegrees>30.521963119506836</LatitudeDegrees>
                            <LongitudeDegrees>104.05068969726562</LongitudeDegrees>
                        </Position>
                        <AltitudeMeters>434.262939453125</AltitudeMeters>
                    </Trackpoint>
                    <Trackpoint>
                        <DistanceMeters>1890.458812713623</DistanceMeters>
                        <Time>2022-05-07T14:07:12.408Z</Time>
                        <Position>
                            <LatitudeDegrees>30.521974563598633</LatitudeDegrees>
                            <LongitudeDegrees>104.05069732666016</LongitudeDegrees>
                        </Position>
                        <AltitudeMeters>434.262939453125</AltitudeMeters>
                    </Trackpoint>
                    <Trackpoint>
                        <DistanceMeters>1890.458812713623</DistanceMeters>
                        <Time>2022-05-07T14:07:13.401Z</Time>
                        <Position>
                            <LatitudeDegrees>30.521989822387695</LatitudeDegrees>
                            <LongitudeDegrees>104.05070495605469</LongitudeDegrees>
                        </Position>
                        <AltitudeMeters>434.262939453125</AltitudeMeters>
                    </Trackpoint>
                    <Trackpoint>
                        <DistanceMeters>1890.458812713623</DistanceMeters>
                        <Time>2022-05-07T14:07:14.062Z</Time>
                        <Position>
                            <LatitudeDegrees>30.52199935913086</LatitudeDegrees>
                            <LongitudeDegrees>104.05071258544922</LongitudeDegrees>
                        </Position>
                        <AltitudeMeters>434.1846923828125</AltitudeMeters>
                    </Trackpoint>
                    <Trackpoint>
                        <DistanceMeters>1890.458812713623</DistanceMeters>
                        <Time>2022-05-07T14:07:15.086Z</Time>
                        <Position>
                            <LatitudeDegrees>30.522014617919922</LatitudeDegrees>
                            <LongitudeDegrees>104.05072021484375</LongitudeDegrees>
                        </Position>
                        <AltitudeMeters>434.1846923828125</AltitudeMeters>
                    </Trackpoint>
                    <Trackpoint>
                        <DistanceMeters>1890.458812713623</DistanceMeters>
                        <Time>2022-05-07T14:07:15.659Z</Time>
                        <Position>
                            <LatitudeDegrees>30.522024154663086</LatitudeDegrees>
                            <LongitudeDegrees>104.05072784423828</LongitudeDegrees>
                        </Position>
                        <AltitudeMeters>433.510498046875</AltitudeMeters>
                    </Trackpoint>
                    <Trackpoint>
                        <DistanceMeters>1890.458812713623</DistanceMeters>
                        <Time>2022-05-07T14:07:16.724Z</Time>
                        <Position>
                            <LatitudeDegrees>30.52203369140625</LatitudeDegrees>
                            <LongitudeDegrees>104.05073547363281</LongitudeDegrees>
                        </Position>
                        <AltitudeMeters>433.510498046875</AltitudeMeters>
                    </Trackpoint>
                    <Trackpoint>
                        <DistanceMeters>1890.458812713623</DistanceMeters>
                        <Time>2022-05-07T14:07:17.720Z</Time>
                        <Position>
                            <LatitudeDegrees>30.522043228149414</LatitudeDegrees>
                            <LongitudeDegrees>104.05075073242188</LongitudeDegrees>
                        </Position>
                        <AltitudeMeters>433.0028076171875</AltitudeMeters>
                    </Trackpoint>
                    <Trackpoint>
                        <DistanceMeters>1890.458812713623</DistanceMeters>
                        <Time>2022-05-07T14:07:18.383Z</Time>
                        <Position>
                            <LatitudeDegrees>30.522050857543945</LatitudeDegrees>
                            <LongitudeDegrees>104.0507583618164</LongitudeDegrees>
                        </Position>
                        <AltitudeMeters>433.0028076171875</AltitudeMeters>
                    </Trackpoint>
                    <Trackpoint>
                        <DistanceMeters>1890.458812713623</DistanceMeters>
                        <Time>2022-05-07T14:07:19.023Z</Time>
                        <Position>
                            <LatitudeDegrees>30.522058486938477</LatitudeDegrees>
                            <LongitudeDegrees>104.05076599121094</LongitudeDegrees>
                        </Position>
                        <AltitudeMeters>433.0028076171875</AltitudeMeters>
                    </Trackpoint>
                    <Trackpoint>
                        <DistanceMeters>1890.458812713623</DistanceMeters>
                        <Time>2022-05-07T14:07:19.659Z</Time>
                        <Position>
                            <LatitudeDegrees>30.522066116333008</LatitudeDegrees>
                            <LongitudeDegrees>104.05077362060547</LongitudeDegrees>
                        </Position>
                        <AltitudeMeters>434.78973388671875</AltitudeMeters>
                    </Trackpoint>
                    <Trackpoint>
                        <DistanceMeters>1890.458812713623</DistanceMeters>
                        <Time>2022-05-07T14:07:20.711Z</Time>
                        <Position>
                            <LatitudeDegrees>30.522085189819336</LatitudeDegrees>
                            <LongitudeDegrees>104.05078887939453</LongitudeDegrees>
                        </Position>
                        <AltitudeMeters>434.78973388671875</AltitudeMeters>
                    </Trackpoint>
                    <Trackpoint>
                        <DistanceMeters>1890.458812713623</DistanceMeters>
                        <Time>2022-05-07T14:07:21.388Z</Time>
                        <Position>
                            <LatitudeDegrees>30.522096633911133</LatitudeDegrees>
                            <LongitudeDegrees>104.05079650878906</LongitudeDegrees>
                        </Position>
                        <AltitudeMeters>434.78973388671875</AltitudeMeters>
                    </Trackpoint>
                    <Trackpoint>
                        <DistanceMeters>1890.458812713623</DistanceMeters>
                        <Time>2022-05-07T14:07:22.002Z</Time>
                        <Position>
                            <LatitudeDegrees>30.522104263305664</LatitudeDegrees>
                            <LongitudeDegrees>104.0508041381836</LongitudeDegrees>
                        </Position>
                        <AltitudeMeters>434.6026611328125</AltitudeMeters>
                    </Trackpoint>
                    <Trackpoint>
                        <DistanceMeters>1890.458812713623</DistanceMeters>
                        <Time>2022-05-07T14:07:23.007Z</Time>
                        <Position>
                            <LatitudeDegrees>30.52211570739746</LatitudeDegrees>
                            <LongitudeDegrees>104.05081939697266</LongitudeDegrees>
                        </Position>
                        <AltitudeMeters>434.6026611328125</AltitudeMeters>
                    </Trackpoint>
                    <Trackpoint>
                        <DistanceMeters>1890.458812713623</DistanceMeters>
                        <Time>2022-05-07T14:07:23.671Z</Time>
                        <Position>
                            <LatitudeDegrees>30.522123336791992</LatitudeDegrees>
                            <LongitudeDegrees>104.05082702636719</LongitudeDegrees>
                        </Position>
                        <AltitudeMeters>434.6026611328125</AltitudeMeters>
                    </Trackpoint>
                    <Trackpoint>
                        <DistanceMeters>1890.458812713623</DistanceMeters>
                        <Time>2022-05-07T14:07:24.332Z</Time>
                        <Position>
                            <LatitudeDegrees>30.522130966186523</LatitudeDegrees>
                            <LongitudeDegrees>104.05084228515625</LongitudeDegrees>
                        </Position>
                        <AltitudeMeters>434.21649169921875</AltitudeMeters>
                    </Trackpoint>
                    <Trackpoint>
                        <DistanceMeters>1890.458812713623</DistanceMeters>
                        <Time>2022-05-07T14:07:25.026Z</Time>
                        <Position>
                            <LatitudeDegrees>30.522140502929688</LatitudeDegrees>
                            <LongitudeDegrees>104.05084991455078</LongitudeDegrees>
                        </Position>
                        <AltitudeMeters>434.21649169921875</AltitudeMeters>
                    </Trackpoint>
                    <Trackpoint>
                        <DistanceMeters>1890.458812713623</DistanceMeters>
                        <Time>2022-05-07T14:07:26.021Z</Time>
                        <Position>
                            <LatitudeDegrees>30.52215576171875</LatitudeDegrees>
                            <LongitudeDegrees>104.05085754394531</LongitudeDegrees>
                        </Position>
                        <AltitudeMeters>434.4039306640625</AltitudeMeters>
                    </Trackpoint>
                    <Trackpoint>
                        <DistanceMeters>1890.458812713623</DistanceMeters>
                        <Time>2022-05-07T14:07:27.000Z</Time>
                        <Position>
                            <LatitudeDegrees>30.522171020507812</LatitudeDegrees>
                            <LongitudeDegrees>104.05087280273438</LongitudeDegrees>
                        </Position>
                        <AltitudeMeters>434.4039306640625</AltitudeMeters>
                    </Trackpoint>
                    <Trackpoint>
                        <DistanceMeters>1890.458812713623</DistanceMeters>
                        <Time>2022-05-07T14:07:27.659Z</Time>
                        <Position>
                            <LatitudeDegrees>30.522180557250977</LatitudeDegrees>
                            <LongitudeDegrees>104.0508804321289</LongitudeDegrees>
                        </Position>
                        <AltitudeMeters>434.4039306640625</AltitudeMeters>
                    </Trackpoint>
                    <Trackpoint>
                        <DistanceMeters>1890.458812713623</DistanceMeters>
                        <Time>2022-05-07T14:07:28.300Z</Time>
                        <Position>
                            <LatitudeDegrees>30.52219009399414</LatitudeDegrees>
                            <LongitudeDegrees>104.05088806152344</LongitudeDegrees>
                        </Position>
                        <AltitudeMeters>434.14447021484375</AltitudeMeters>
                    </Trackpoint>
                    <Trackpoint>
                        <DistanceMeters>1890.458812713623</DistanceMeters>
                        <Time>2022-05-07T14:07:29.659Z</Time>
                        <Position>
                            <LatitudeDegrees>30.522207260131836</LatitudeDegrees>
                            <LongitudeDegrees>104.0509033203125</LongitudeDegrees>
                        </Position>
                        <AltitudeMeters>433.439697265625</AltitudeMeters>
                    </Trackpoint>
                    <Trackpoint>
                        <DistanceMeters>1952.3217811584473</DistanceMeters>
                        <Time>2022-05-07T14:07:30.667Z</Time>
                        <Position>
                            <LatitudeDegrees>30.522220611572266</LatitudeDegrees>
                            <LongitudeDegrees>104.05091857910156</LongitudeDegrees>
                        </Position>
                        <AltitudeMeters>433.439697265625</AltitudeMeters>
                    </Trackpoint>
                    <Trackpoint>
                        <DistanceMeters>1952.3217811584473</DistanceMeters>
                        <Time>2022-05-07T14:07:31.658Z</Time>
                        <Position>
                            <LatitudeDegrees>30.522233963012695</LatitudeDegrees>
                            <LongitudeDegrees>104.0509262084961</LongitudeDegrees>
                        </Position>
                        <AltitudeMeters>434.04119873046875</AltitudeMeters>
                    </Trackpoint>
                    <Trackpoint>
                        <DistanceMeters>1952.3217811584473</DistanceMeters>
                        <Time>2022-05-07T14:07:33.006Z</Time>
                        <Position>
                            <LatitudeDegrees>30.52225112915039</LatitudeDegrees>
                            <LongitudeDegrees>104.05094146728516</LongitudeDegrees>
                        </Position>
                        <AltitudeMeters>434.04119873046875</AltitudeMeters>
                    </Trackpoint>
                    <Trackpoint>
                        <DistanceMeters>1952.3217811584473</DistanceMeters>
                        <Time>2022-05-07T14:07:33.658Z</Time>
                        <Position>
                            <LatitudeDegrees>30.522258758544922</LatitudeDegrees>
                            <LongitudeDegrees>104.05094909667969</LongitudeDegrees>
                        </Position>
                        <AltitudeMeters>434.4407958984375</AltitudeMeters>
                    </Trackpoint>
                    <Trackpoint>
                        <DistanceMeters>1952.3217811584473</DistanceMeters>
                        <Time>2022-05-07T14:07:35.397Z</Time>
                        <Position>
                            <LatitudeDegrees>30.52228355407715</LatitudeDegrees>
                            <LongitudeDegrees>104.05096435546875</LongitudeDegrees>
                        </Position>
                        <AltitudeMeters>434.4407958984375</AltitudeMeters>
                    </Trackpoint>
                    <Trackpoint>
                        <DistanceMeters>1952.3217811584473</DistanceMeters>
                        <Time>2022-05-07T14:07:37.659Z</Time>
                        <Position>
                            <LatitudeDegrees>30.522314071655273</LatitudeDegrees>
                            <LongitudeDegrees>104.05098724365234</LongitudeDegrees>
                        </Position>
                        <AltitudeMeters>434.7423095703125</AltitudeMeters>
                    </Trackpoint>
                    <Trackpoint>
                        <DistanceMeters>1952.3217811584473</DistanceMeters>
                        <Time>2022-05-07T14:07:39.659Z</Time>
                        <Position>
                            <LatitudeDegrees>30.5223388671875</LatitudeDegrees>
                            <LongitudeDegrees>104.05101776123047</LongitudeDegrees>
                        </Position>
                        <AltitudeMeters>434.74072265625</AltitudeMeters>
                    </Trackpoint>
                    <Trackpoint>
                        <DistanceMeters>1952.3217811584473</DistanceMeters>
                        <Time>2022-05-07T14:07:40.927Z</Time>
                        <Position>
                            <LatitudeDegrees>30.522350311279297</LatitudeDegrees>
                            <LongitudeDegrees>104.05103302001953</LongitudeDegrees>
                        </Position>
                        <AltitudeMeters>434.74072265625</AltitudeMeters>
                    </Trackpoint>
                    <Trackpoint>
                        <DistanceMeters>1952.3217811584473</DistanceMeters>
                        <Time>2022-05-07T14:07:41.565Z</Time>
                        <Position>
                            <LatitudeDegrees>30.522357940673828</LatitudeDegrees>
                            <LongitudeDegrees>104.05104064941406</LongitudeDegrees>
                        </Position>
                        <AltitudeMeters>434.74072265625</AltitudeMeters>
                    </Trackpoint>
                    <Trackpoint>
                        <DistanceMeters>1952.3217811584473</DistanceMeters>
                        <Time>2022-05-07T14:07:42.877Z</Time>
                        <Position>
                            <LatitudeDegrees>30.522375106811523</LatitudeDegrees>
                            <LongitudeDegrees>104.05105590820312</LongitudeDegrees>
                        </Position>
                        <AltitudeMeters>434.909423828125</AltitudeMeters>
                    </Trackpoint>
                    <Trackpoint>
                        <DistanceMeters>1952.3217811584473</DistanceMeters>
                        <Time>2022-05-07T14:07:43.659Z</Time>
                        <Position>
                            <LatitudeDegrees>30.52238655090332</LatitudeDegrees>
                            <LongitudeDegrees>104.05106353759766</LongitudeDegrees>
                        </Position>
                        <AltitudeMeters>435.03662109375</AltitudeMeters>
                    </Trackpoint>
                    <Trackpoint>
                        <DistanceMeters>1952.3217811584473</DistanceMeters>
                        <Time>2022-05-07T14:07:44.524Z</Time>
                        <Position>
                            <LatitudeDegrees>30.52239990234375</LatitudeDegrees>
                            <LongitudeDegrees>104.05107879638672</LongitudeDegrees>
                        </Position>
                        <AltitudeMeters>435.03662109375</AltitudeMeters>
                    </Trackpoint>
                    <Trackpoint>
                        <DistanceMeters>1952.3217811584473</DistanceMeters>
                        <Time>2022-05-07T14:07:45.522Z</Time>
                        <Position>
                            <LatitudeDegrees>30.522417068481445</LatitudeDegrees>
                            <LongitudeDegrees>104.05109405517578</LongitudeDegrees>
                        </Position>
                        <AltitudeMeters>435.03662109375</AltitudeMeters>
                    </Trackpoint>
                    <Trackpoint>
                        <DistanceMeters>1952.3217811584473</DistanceMeters>
                        <Time>2022-05-07T14:07:46.823Z</Time>
                        <Position>
                            <LatitudeDegrees>30.522441864013672</LatitudeDegrees>
                            <LongitudeDegrees>104.05110931396484</LongitudeDegrees>
                        </Position>
                        <AltitudeMeters>435.1898193359375</AltitudeMeters>
                    </Trackpoint>
                    <Trackpoint>
                        <DistanceMeters>1952.3217811584473</DistanceMeters>
                        <Time>2022-05-07T14:07:47.504Z</Time>
                        <Position>
                            <LatitudeDegrees>30.5224552154541</LatitudeDegrees>
                            <LongitudeDegrees>104.05111694335938</LongitudeDegrees>
                        </Position>
                        <AltitudeMeters>435.1898193359375</AltitudeMeters>
                    </Trackpoint>
                    <Trackpoint>
                        <DistanceMeters>1952.3217811584473</DistanceMeters>
                        <Time>2022-05-07T14:07:48.279Z</Time>
                        <Position>
                            <LatitudeDegrees>30.52246856689453</LatitudeDegrees>
                            <LongitudeDegrees>104.0511245727539</LongitudeDegrees>
                        </Position>
                        <AltitudeMeters>435.6610107421875</AltitudeMeters>
                    </Trackpoint>
                    <Trackpoint>
                        <DistanceMeters>1952.3217811584473</DistanceMeters>
                        <Time>2022-05-07T14:07:49.659Z</Time>
                        <Position>
                            <LatitudeDegrees>30.522493362426758</LatitudeDegrees>
                            <LongitudeDegrees>104.05113983154297</LongitudeDegrees>
                        </Position>
                        <AltitudeMeters>435.451171875</AltitudeMeters>
                    </Trackpoint>
                    <Trackpoint>
                        <DistanceMeters>1952.3217811584473</DistanceMeters>
                        <Time>2022-05-07T14:07:50.523Z</Time>
                        <Position>
                            <LatitudeDegrees>30.522510528564453</LatitudeDegrees>
                            <LongitudeDegrees>104.05113983154297</LongitudeDegrees>
                        </Position>
                        <AltitudeMeters>435.451171875</AltitudeMeters>
                    </Trackpoint>
                    <Trackpoint>
                        <DistanceMeters>1952.3217811584473</DistanceMeters>
                        <Time>2022-05-07T14:07:51.221Z</Time>
                        <Position>
                            <LatitudeDegrees>30.52252197265625</LatitudeDegrees>
                            <LongitudeDegrees>104.0511474609375</LongitudeDegrees>
                        </Position>
                        <AltitudeMeters>435.451171875</AltitudeMeters>
                    </Trackpoint>
                    <Trackpoint>
                        <DistanceMeters>1952.3217811584473</DistanceMeters>
                        <Time>2022-05-07T14:07:51.861Z</Time>
                        <Position>
                            <LatitudeDegrees>30.522533416748047</LatitudeDegrees>
                            <LongitudeDegrees>104.05115509033203</LongitudeDegrees>
                        </Position>
                        <AltitudeMeters>434.71295166015625</AltitudeMeters>
                    </Trackpoint>
                    <Trackpoint>
                        <DistanceMeters>1952.3217811584473</DistanceMeters>
                        <Time>2022-05-07T14:07:52.543Z</Time>
                        <Position>
                            <LatitudeDegrees>30.522546768188477</LatitudeDegrees>
                            <LongitudeDegrees>104.05116271972656</LongitudeDegrees>
                        </Position>
                        <AltitudeMeters>434.71295166015625</AltitudeMeters>
                    </Trackpoint>
                    <Trackpoint>
                        <DistanceMeters>1952.3217811584473</DistanceMeters>
                        <Time>2022-05-07T14:07:53.463Z</Time>
                        <Position>
                            <LatitudeDegrees>30.52256202697754</LatitudeDegrees>
                            <LongitudeDegrees>104.0511703491211</LongitudeDegrees>
                        </Position>
                        <AltitudeMeters>434.71295166015625</AltitudeMeters>
                    </Trackpoint>
                    <Trackpoint>
                        <DistanceMeters>1952.3217811584473</DistanceMeters>
                        <Time>2022-05-07T14:07:54.199Z</Time>
                        <Position>
                            <LatitudeDegrees>30.52257537841797</LatitudeDegrees>
                            <LongitudeDegrees>104.05117797851562</LongitudeDegrees>
                        </Position>
                        <AltitudeMeters>435.103515625</AltitudeMeters>
                    </Trackpoint>
                    <Trackpoint>
                        <DistanceMeters>1952.3217811584473</DistanceMeters>
                        <Time>2022-05-07T14:07:55.262Z</Time>
                        <Position>
                            <LatitudeDegrees>30.52259063720703</LatitudeDegrees>
                            <LongitudeDegrees>104.05120086669922</LongitudeDegrees>
                        </Position>
                        <AltitudeMeters>435.103515625</AltitudeMeters>
                    </Trackpoint>
                    <Trackpoint>
                        <DistanceMeters>1952.3217811584473</DistanceMeters>
                        <Time>2022-05-07T14:07:55.904Z</Time>
                        <Position>
                            <LatitudeDegrees>30.522600173950195</LatitudeDegrees>
                            <LongitudeDegrees>104.05120849609375</LongitudeDegrees>
                        </Position>
                        <AltitudeMeters>435.28887939453125</AltitudeMeters>
                    </Trackpoint>
                    <Trackpoint>
                        <DistanceMeters>1952.3217811584473</DistanceMeters>
                        <Time>2022-05-07T14:07:56.507Z</Time>
                        <Position>
                            <LatitudeDegrees>30.522611618041992</LatitudeDegrees>
                            <LongitudeDegrees>104.05121612548828</LongitudeDegrees>
                        </Position>
                        <AltitudeMeters>435.28887939453125</AltitudeMeters>
                    </Trackpoint>
                    <Trackpoint>
                        <DistanceMeters>1952.3217811584473</DistanceMeters>
                        <Time>2022-05-07T14:07:57.225Z</Time>
                        <Position>
                            <LatitudeDegrees>30.52262306213379</LatitudeDegrees>
                            <LongitudeDegrees>104.05123138427734</LongitudeDegrees>
                        </Position>
                        <AltitudeMeters>435.28887939453125</AltitudeMeters>
                    </Trackpoint>
                    <Trackpoint>
                        <DistanceMeters>1952.3217811584473</DistanceMeters>
                        <Time>2022-05-07T14:07:57.659Z</Time>
                        <Position>
                            <LatitudeDegrees>30.522628784179688</LatitudeDegrees>
                            <LongitudeDegrees>104.05123901367188</LongitudeDegrees>
                        </Position>
                        <AltitudeMeters>435.00677490234375</AltitudeMeters>
                    </Trackpoint>
                    <Trackpoint>
                        <DistanceMeters>1952.3217811584473</DistanceMeters>
                        <Time>2022-05-07T14:07:58.546Z</Time>
                        <Position>
                            <LatitudeDegrees>30.522642135620117</LatitudeDegrees>
                            <LongitudeDegrees>104.0512466430664</LongitudeDegrees>
                        </Position>
                        <AltitudeMeters>435.00677490234375</AltitudeMeters>
                    </Trackpoint>
                    <Trackpoint>
                        <DistanceMeters>1952.3217811584473</DistanceMeters>
                        <Time>2022-05-07T14:07:59.659Z</Time>
                        <Position>
                            <LatitudeDegrees>30.522659301757812</LatitudeDegrees>
                            <LongitudeDegrees>104.05126190185547</LongitudeDegrees>
                        </Position>
                        <AltitudeMeters>434.75537109375</AltitudeMeters>
                    </Trackpoint>
                    <Trackpoint>
                        <DistanceMeters>2008.4180183410645</DistanceMeters>
                        <Time>2022-05-07T14:08:00.500Z</Time>
                        <Position>
                            <LatitudeDegrees>30.52267074584961</LatitudeDegrees>
                            <LongitudeDegrees>104.05126953125</LongitudeDegrees>
                        </Position>
                        <AltitudeMeters>434.75537109375</AltitudeMeters>
                    </Trackpoint>
                    <Trackpoint>
                        <DistanceMeters>2008.4180183410645</DistanceMeters>
                        <Time>2022-05-07T14:08:01.440Z</Time>
                        <Position>
                            <LatitudeDegrees>30.52268409729004</LatitudeDegrees>
                            <LongitudeDegrees>104.05128479003906</LongitudeDegrees>
                        </Position>
                        <AltitudeMeters>434.75537109375</AltitudeMeters>
                    </Trackpoint>
                    <Trackpoint>
                        <DistanceMeters>2008.4180183410645</DistanceMeters>
                        <Time>2022-05-07T14:08:02.100Z</Time>
                        <Position>
                            <LatitudeDegrees>30.522693634033203</LatitudeDegrees>
                            <LongitudeDegrees>104.0512924194336</LongitudeDegrees>
                        </Position>
                        <AltitudeMeters>434.8065185546875</AltitudeMeters>
                    </Trackpoint>
                    <Trackpoint>
                        <DistanceMeters>2008.4180183410645</DistanceMeters>
                        <Time>2022-05-07T14:08:02.743Z</Time>
                        <Position>
                            <LatitudeDegrees>30.522705078125</LatitudeDegrees>
                            <LongitudeDegrees>104.05130004882812</LongitudeDegrees>
                        </Position>
                        <AltitudeMeters>434.8065185546875</AltitudeMeters>
                    </Trackpoint>
                    <Trackpoint>
                        <DistanceMeters>2008.4180183410645</DistanceMeters>
                        <Time>2022-05-07T14:08:03.659Z</Time>
                        <Position>
                            <LatitudeDegrees>30.52271842956543</LatitudeDegrees>
                            <LongitudeDegrees>104.05131530761719</LongitudeDegrees>
                        </Position>
                        <AltitudeMeters>434.4283447265625</AltitudeMeters>
                    </Trackpoint>
                    <Trackpoint>
                        <DistanceMeters>2008.4180183410645</DistanceMeters>
                        <Time>2022-05-07T14:08:04.419Z</Time>
                        <Position>
                            <LatitudeDegrees>30.522727966308594</LatitudeDegrees>
                            <LongitudeDegrees>104.05132293701172</LongitudeDegrees>
                        </Position>
                        <AltitudeMeters>434.4283447265625</AltitudeMeters>
                    </Trackpoint>
                    <Trackpoint>
                        <DistanceMeters>2008.4180183410645</DistanceMeters>
                        <Time>2022-05-07T14:08:05.078Z</Time>
                        <Position>
                            <LatitudeDegrees>30.522737503051758</LatitudeDegrees>
                            <LongitudeDegrees>104.05133819580078</LongitudeDegrees>
                        </Position>
                        <AltitudeMeters>434.4283447265625</AltitudeMeters>
                    </Trackpoint>
                    <Trackpoint>
                        <DistanceMeters>2008.4180183410645</DistanceMeters>
                        <Time>2022-05-07T14:08:05.724Z</Time>
                        <Position>
                            <LatitudeDegrees>30.522747039794922</LatitudeDegrees>
                            <LongitudeDegrees>104.05134582519531</LongitudeDegrees>
                        </Position>
                        <AltitudeMeters>434.4283447265625</AltitudeMeters>
                    </Trackpoint>
                    <Trackpoint>
                        <DistanceMeters>2008.4180183410645</DistanceMeters>
                        <Time>2022-05-07T14:08:06.420Z</Time>
                        <Position>
                            <LatitudeDegrees>30.522756576538086</LatitudeDegrees>
                            <LongitudeDegrees>104.05135345458984</LongitudeDegrees>
                        </Position>
                        <AltitudeMeters>434.256103515625</AltitudeMeters>
                    </Trackpoint>
                    <Trackpoint>
                        <DistanceMeters>2008.4180183410645</DistanceMeters>
                        <Time>2022-05-07T14:08:07.061Z</Time>
                        <Position>
                            <LatitudeDegrees>30.52276611328125</LatitudeDegrees>
                            <LongitudeDegrees>104.0513687133789</LongitudeDegrees>
                        </Position>
                        <AltitudeMeters>434.256103515625</AltitudeMeters>
                    </Trackpoint>
                    <Trackpoint>
                        <DistanceMeters>2008.4180183410645</DistanceMeters>
                        <Time>2022-05-07T14:08:07.659Z</Time>
                        <Position>
                            <LatitudeDegrees>30.522775650024414</LatitudeDegrees>
                            <LongitudeDegrees>104.05137634277344</LongitudeDegrees>
                        </Position>
                        <AltitudeMeters>434.087158203125</AltitudeMeters>
                    </Trackpoint>
                    <Trackpoint>
                        <DistanceMeters>2008.4180183410645</DistanceMeters>
                        <Time>2022-05-07T14:08:08.700Z</Time>
                        <Position>
                            <LatitudeDegrees>30.52278709411621</LatitudeDegrees>
                            <LongitudeDegrees>104.05139923095703</LongitudeDegrees>
                        </Position>
                        <AltitudeMeters>434.087158203125</AltitudeMeters>
                    </Trackpoint>
                    <Trackpoint>
                        <DistanceMeters>2008.4180183410645</DistanceMeters>
                        <Time>2022-05-07T14:08:09.343Z</Time>
                        <Position>
                            <LatitudeDegrees>30.522794723510742</LatitudeDegrees>
                            <LongitudeDegrees>104.05140686035156</LongitudeDegrees>
                        </Position>
                        <AltitudeMeters>434.087158203125</AltitudeMeters>
                    </Trackpoint>
                    <Trackpoint>
                        <DistanceMeters>2008.4180183410645</DistanceMeters>
                        <Time>2022-05-07T14:08:10.023Z</Time>
                        <Position>
                            <LatitudeDegrees>30.522802352905273</LatitudeDegrees>
                            <LongitudeDegrees>104.05142211914062</LongitudeDegrees>
                        </Position>
                        <AltitudeMeters>434.021240234375</AltitudeMeters>
                    </Trackpoint>
                    <Trackpoint>
                        <DistanceMeters>2008.4180183410645</DistanceMeters>
                        <Time>2022-05-07T14:08:10.664Z</Time>
                        <Position>
                            <LatitudeDegrees>30.522809982299805</LatitudeDegrees>
                            <LongitudeDegrees>104.05142974853516</LongitudeDegrees>
                        </Position>
                        <AltitudeMeters>434.021240234375</AltitudeMeters>
                    </Trackpoint>
                    <Trackpoint>
                        <DistanceMeters>2008.4180183410645</DistanceMeters>
                        <Time>2022-05-07T14:08:11.659Z</Time>
                        <Position>
                            <LatitudeDegrees>30.5228214263916</LatitudeDegrees>
                            <LongitudeDegrees>104.05144500732422</LongitudeDegrees>
                        </Position>
                        <AltitudeMeters>433.90863037109375</AltitudeMeters>
                    </Trackpoint>
                    <Trackpoint>
                        <DistanceMeters>2008.4180183410645</DistanceMeters>
                        <Time>2022-05-07T14:08:12.669Z</Time>
                        <Position>
                            <LatitudeDegrees>30.52283477783203</LatitudeDegrees>
                            <LongitudeDegrees>104.05146026611328</LongitudeDegrees>
                        </Position>
                        <AltitudeMeters>433.90863037109375</AltitudeMeters>
                    </Trackpoint>
                    <Trackpoint>
                        <DistanceMeters>2008.4180183410645</DistanceMeters>
                        <Time>2022-05-07T14:08:13.659Z</Time>
                        <Position>
                            <LatitudeDegrees>30.52284812927246</LatitudeDegrees>
                            <LongitudeDegrees>104.05148315429688</LongitudeDegrees>
                        </Position>
                        <AltitudeMeters>434.174072265625</AltitudeMeters>
                    </Trackpoint>
                    <Trackpoint>
                        <DistanceMeters>2008.4180183410645</DistanceMeters>
                        <Time>2022-05-07T14:08:15.333Z</Time>
                        <Position>
                            <LatitudeDegrees>30.522865295410156</LatitudeDegrees>
                            <LongitudeDegrees>104.05150604248047</LongitudeDegrees>
                        </Position>
                        <AltitudeMeters>434.174072265625</AltitudeMeters>
                    </Trackpoint>
                    <Trackpoint>
                        <DistanceMeters>2008.4180183410645</DistanceMeters>
                        <Time>2022-05-07T14:08:16.659Z</Time>
                        <Position>
                            <LatitudeDegrees>30.52288055419922</LatitudeDegrees>
                            <LongitudeDegrees>104.05152130126953</LongitudeDegrees>
                        </Position>
                        <AltitudeMeters>433.91015625</AltitudeMeters>
                    </Trackpoint>
                    <Trackpoint>
                        <DistanceMeters>2008.4180183410645</DistanceMeters>
                        <Time>2022-05-07T14:08:17.280Z</Time>
                        <Position>
                            <LatitudeDegrees>30.52288818359375</LatitudeDegrees>
                            <LongitudeDegrees>104.0515365600586</LongitudeDegrees>
                        </Position>
                        <AltitudeMeters>433.91015625</AltitudeMeters>
                    </Trackpoint>
                    <Trackpoint>
                        <DistanceMeters>2008.4180183410645</DistanceMeters>
                        <Time>2022-05-07T14:08:18.583Z</Time>
                        <Position>
                            <LatitudeDegrees>30.52290153503418</LatitudeDegrees>
                            <LongitudeDegrees>104.05155181884766</LongitudeDegrees>
                        </Position>
                        <AltitudeMeters>434.2548828125</AltitudeMeters>
                    </Trackpoint>
                    <Trackpoint>
                        <DistanceMeters>2008.4180183410645</DistanceMeters>
                        <Time>2022-05-07T14:08:19.599Z</Time>
                        <Position>
                            <LatitudeDegrees>30.522911071777344</LatitudeDegrees>
                            <LongitudeDegrees>104.05156707763672</LongitudeDegrees>
                        </Position>
                        <AltitudeMeters>434.2548828125</AltitudeMeters>
                    </Trackpoint>
                    <Trackpoint>
                        <DistanceMeters>2008.4180183410645</DistanceMeters>
                        <Time>2022-05-07T14:08:20.605Z</Time>
                        <Position>
                            <LatitudeDegrees>30.522916793823242</LatitudeDegrees>
                            <LongitudeDegrees>104.05158233642578</LongitudeDegrees>
                        </Position>
                        <AltitudeMeters>433.58642578125</AltitudeMeters>
                    </Trackpoint>
                    <Trackpoint>
                        <DistanceMeters>2008.4180183410645</DistanceMeters>
                        <Time>2022-05-07T14:08:21.658Z</Time>
                        <Position>
                            <LatitudeDegrees>30.522926330566406</LatitudeDegrees>
                            <LongitudeDegrees>104.05158996582031</LongitudeDegrees>
                        </Position>
                        <AltitudeMeters>432.416748046875</AltitudeMeters>
                    </Trackpoint>
                    <Trackpoint>
                        <DistanceMeters>2008.4180183410645</DistanceMeters>
                        <Time>2022-05-07T14:08:22.981Z</Time>
                        <Position>
                            <LatitudeDegrees>30.522930145263672</LatitudeDegrees>
                            <LongitudeDegrees>104.0516128540039</LongitudeDegrees>
                        </Position>
                        <AltitudeMeters>432.416748046875</AltitudeMeters>
                    </Trackpoint>
                    <Trackpoint>
                        <DistanceMeters>2008.4180183410645</DistanceMeters>
                        <Time>2022-05-07T14:08:23.642Z</Time>
                        <Position>
                            <LatitudeDegrees>30.522933959960938</LatitudeDegrees>
                            <LongitudeDegrees>104.05162048339844</LongitudeDegrees>
                        </Position>
                        <AltitudeMeters>432.416748046875</AltitudeMeters>
                    </Trackpoint>
                    <Trackpoint>
                        <DistanceMeters>2008.4180183410645</DistanceMeters>
                        <Time>2022-05-07T14:08:24.560Z</Time>
                        <Position>
                            <LatitudeDegrees>30.522939682006836</LatitudeDegrees>
                            <LongitudeDegrees>104.0516357421875</LongitudeDegrees>
                        </Position>
                        <AltitudeMeters>432.46771240234375</AltitudeMeters>
                    </Trackpoint>
                    <Trackpoint>
                        <DistanceMeters>2008.4180183410645</DistanceMeters>
                        <Time>2022-05-07T14:08:25.221Z</Time>
                        <Position>
                            <LatitudeDegrees>30.5229434967041</LatitudeDegrees>
                            <LongitudeDegrees>104.05164337158203</LongitudeDegrees>
                        </Position>
                        <AltitudeMeters>432.46771240234375</AltitudeMeters>
                    </Trackpoint>
                    <Trackpoint>
                        <DistanceMeters>2008.4180183410645</DistanceMeters>
                        <Time>2022-05-07T14:08:26.582Z</Time>
                        <Position>
                            <LatitudeDegrees>30.5229549407959</LatitudeDegrees>
                            <LongitudeDegrees>104.0516586303711</LongitudeDegrees>
                        </Position>
                        <AltitudeMeters>432.84619140625</AltitudeMeters>
                    </Trackpoint>
                    <Trackpoint>
                        <DistanceMeters>2008.4180183410645</DistanceMeters>
                        <Time>2022-05-07T14:08:27.645Z</Time>
                        <Position>
                            <LatitudeDegrees>30.52296257019043</LatitudeDegrees>
                            <LongitudeDegrees>104.05167388916016</LongitudeDegrees>
                        </Position>
                        <AltitudeMeters>432.84619140625</AltitudeMeters>
                    </Trackpoint>
                    <Trackpoint>
                        <DistanceMeters>2008.4180183410645</DistanceMeters>
                        <Time>2022-05-07T14:08:28.544Z</Time>
                        <Position>
                            <LatitudeDegrees>30.522972106933594</LatitudeDegrees>
                            <LongitudeDegrees>104.05168914794922</LongitudeDegrees>
                        </Position>
                        <AltitudeMeters>432.803955078125</AltitudeMeters>
                    </Trackpoint>
                    <Trackpoint>
                        <DistanceMeters>2008.4180183410645</DistanceMeters>
                        <Time>2022-05-07T14:08:29.225Z</Time>
                        <Position>
                            <LatitudeDegrees>30.522981643676758</LatitudeDegrees>
                            <LongitudeDegrees>104.05169677734375</LongitudeDegrees>
                        </Position>
                        <AltitudeMeters>432.803955078125</AltitudeMeters>
                    </Trackpoint>
                    <Trackpoint>
                        <DistanceMeters>2070.6311569213867</DistanceMeters>
                        <Time>2022-05-07T14:08:30.528Z</Time>
                        <Position>
                            <LatitudeDegrees>30.522998809814453</LatitudeDegrees>
                            <LongitudeDegrees>104.05171203613281</LongitudeDegrees>
                        </Position>
                        <AltitudeMeters>433.199462890625</AltitudeMeters>
                    </Trackpoint>
                    <Trackpoint>
                        <DistanceMeters>2070.6311569213867</DistanceMeters>
                        <Time>2022-05-07T14:08:31.187Z</Time>
                        <Position>
                            <LatitudeDegrees>30.523008346557617</LatitudeDegrees>
                            <LongitudeDegrees>104.05172729492188</LongitudeDegrees>
                        </Position>
                        <AltitudeMeters>433.199462890625</AltitudeMeters>
                    </Trackpoint>
                    <Trackpoint>
                        <DistanceMeters>2070.6311569213867</DistanceMeters>
                        <Time>2022-05-07T14:08:32.223Z</Time>
                        <Position>
                            <LatitudeDegrees>30.523021697998047</LatitudeDegrees>
                            <LongitudeDegrees>104.05174255371094</LongitudeDegrees>
                        </Position>
                        <AltitudeMeters>433.32904052734375</AltitudeMeters>
                    </Trackpoint>
                    <Trackpoint>
                        <DistanceMeters>2070.6311569213867</DistanceMeters>
                        <Time>2022-05-07T14:08:32.863Z</Time>
                        <Position>
                            <LatitudeDegrees>30.523029327392578</LatitudeDegrees>
                            <LongitudeDegrees>104.0517578125</LongitudeDegrees>
                        </Position>
                        <AltitudeMeters>433.32904052734375</AltitudeMeters>
                    </Trackpoint>
                    <Trackpoint>
                        <DistanceMeters>2070.6311569213867</DistanceMeters>
                        <Time>2022-05-07T14:08:33.524Z</Time>
                        <Position>
                            <LatitudeDegrees>30.52303695678711</LatitudeDegrees>
                            <LongitudeDegrees>104.05176544189453</LongitudeDegrees>
                        </Position>
                        <AltitudeMeters>433.32904052734375</AltitudeMeters>
                    </Trackpoint>
                    <Trackpoint>
                        <DistanceMeters>2070.6311569213867</DistanceMeters>
                        <Time>2022-05-07T14:08:34.464Z</Time>
                        <Position>
                            <LatitudeDegrees>30.52305030822754</LatitudeDegrees>
                            <LongitudeDegrees>104.05178833007812</LongitudeDegrees>
                        </Position>
                        <AltitudeMeters>433.905029296875</AltitudeMeters>
                    </Trackpoint>
                    <Trackpoint>
                        <DistanceMeters>2070.6311569213867</DistanceMeters>
                        <Time>2022-05-07T14:08:35.142Z</Time>
                        <Position>
                            <LatitudeDegrees>30.523061752319336</LatitudeDegrees>
                            <LongitudeDegrees>104.05179595947266</LongitudeDegrees>
                        </Position>
                        <AltitudeMeters>433.905029296875</AltitudeMeters>
                    </Trackpoint>
                    <Trackpoint>
                        <DistanceMeters>2070.6311569213867</DistanceMeters>
                        <Time>2022-05-07T14:08:35.659Z</Time>
                        <Position>
                            <LatitudeDegrees>30.5230712890625</LatitudeDegrees>
                            <LongitudeDegrees>104.05180358886719</LongitudeDegrees>
                        </Position>
                        <AltitudeMeters>434.6119384765625</AltitudeMeters>
                    </Trackpoint>
                    <Trackpoint>
                        <DistanceMeters>2070.6311569213867</DistanceMeters>
                        <Time>2022-05-07T14:08:36.187Z</Time>
                        <Position>
                            <LatitudeDegrees>30.523080825805664</LatitudeDegrees>
                            <LongitudeDegrees>104.05180358886719</LongitudeDegrees>
                        </Position>
                        <AltitudeMeters>434.6119384765625</AltitudeMeters>
                    </Trackpoint>
                    <Trackpoint>
                        <DistanceMeters>2070.6311569213867</DistanceMeters>
                        <Time>2022-05-07T14:08:36.837Z</Time>
                        <Position>
                            <LatitudeDegrees>30.523090362548828</LatitudeDegrees>
                            <LongitudeDegrees>104.05181121826172</LongitudeDegrees>
                        </Position>
                        <AltitudeMeters>434.6119384765625</AltitudeMeters>
                    </Trackpoint>
                    <Trackpoint>
                        <DistanceMeters>2070.6311569213867</DistanceMeters>
                        <Time>2022-05-07T14:08:37.461Z</Time>
                        <Position>
                            <LatitudeDegrees>30.523099899291992</LatitudeDegrees>
                            <LongitudeDegrees>104.05181884765625</LongitudeDegrees>
                        </Position>
                        <AltitudeMeters>434.6119384765625</AltitudeMeters>
                    </Trackpoint>
                    <Trackpoint>
                        <DistanceMeters>2070.6311569213867</DistanceMeters>
                        <Time>2022-05-07T14:08:38.082Z</Time>
                        <Position>
                            <LatitudeDegrees>30.523109436035156</LatitudeDegrees>
                            <LongitudeDegrees>104.05182647705078</LongitudeDegrees>
                        </Position>
                        <AltitudeMeters>435.19677734375</AltitudeMeters>
                    </Trackpoint>
                    <Trackpoint>
                        <DistanceMeters>2070.6311569213867</DistanceMeters>
                        <Time>2022-05-07T14:08:39.077Z</Time>
                        <Position>
                            <LatitudeDegrees>30.52312469482422</LatitudeDegrees>
                            <LongitudeDegrees>104.05184173583984</LongitudeDegrees>
                        </Position>
                        <AltitudeMeters>435.19677734375</AltitudeMeters>
                    </Trackpoint>
                    <Trackpoint>
                        <DistanceMeters>2070.6311569213867</DistanceMeters>
                        <Time>2022-05-07T14:08:39.659Z</Time>
                        <Position>
                            <LatitudeDegrees>30.523134231567383</LatitudeDegrees>
                            <LongitudeDegrees>104.05184936523438</LongitudeDegrees>
                        </Position>
                        <AltitudeMeters>435.2943115234375</AltitudeMeters>
                    </Trackpoint>
                    <Trackpoint>
                        <DistanceMeters>2070.6311569213867</DistanceMeters>
                        <Time>2022-05-07T14:08:40.402Z</Time>
                        <Position>
                            <LatitudeDegrees>30.523143768310547</LatitudeDegrees>
                            <LongitudeDegrees>104.0518569946289</LongitudeDegrees>
                        </Position>
                        <AltitudeMeters>435.2943115234375</AltitudeMeters>
                    </Trackpoint>
                    <Trackpoint>
                        <DistanceMeters>2070.6311569213867</DistanceMeters>
                        <Time>2022-05-07T14:08:41.024Z</Time>
                        <Position>
                            <LatitudeDegrees>30.523149490356445</LatitudeDegrees>
                            <LongitudeDegrees>104.05186462402344</LongitudeDegrees>
                        </Position>
                        <AltitudeMeters>435.2943115234375</AltitudeMeters>
                    </Trackpoint>
                    <Trackpoint>
                        <DistanceMeters>2070.6311569213867</DistanceMeters>
                        <Time>2022-05-07T14:08:42.145Z</Time>
                        <Position>
                            <LatitudeDegrees>30.523160934448242</LatitudeDegrees>
                            <LongitudeDegrees>104.0518798828125</LongitudeDegrees>
                        </Position>
                        <AltitudeMeters>435.3858642578125</AltitudeMeters>
                    </Trackpoint>
                    <Trackpoint>
                        <DistanceMeters>2070.6311569213867</DistanceMeters>
                        <Time>2022-05-07T14:08:42.805Z</Time>
                        <Position>
                            <LatitudeDegrees>30.52316665649414</LatitudeDegrees>
                            <LongitudeDegrees>104.05189514160156</LongitudeDegrees>
                        </Position>
                        <AltitudeMeters>435.3858642578125</AltitudeMeters>
                    </Trackpoint>
                    <Trackpoint>
                        <DistanceMeters>2070.6311569213867</DistanceMeters>
                        <Time>2022-05-07T14:08:43.706Z</Time>
                        <Position>
                            <LatitudeDegrees>30.523174285888672</LatitudeDegrees>
                            <LongitudeDegrees>104.05191040039062</LongitudeDegrees>
                        </Position>
                        <AltitudeMeters>435.3858642578125</AltitudeMeters>
                    </Trackpoint>
                    <Trackpoint>
                        <DistanceMeters>2070.6311569213867</DistanceMeters>
                        <Time>2022-05-07T14:08:44.385Z</Time>
                        <Position>
                            <LatitudeDegrees>30.52318000793457</LatitudeDegrees>
                            <LongitudeDegrees>104.05192565917969</LongitudeDegrees>
                        </Position>
                        <AltitudeMeters>435.4500732421875</AltitudeMeters>
                    </Trackpoint>
                    <Trackpoint>
                        <DistanceMeters>2070.6311569213867</DistanceMeters>
                        <Time>2022-05-07T14:08:45.383Z</Time>
                        <Position>
                            <LatitudeDegrees>30.5231876373291</LatitudeDegrees>
                            <LongitudeDegrees>104.05194091796875</LongitudeDegrees>
                        </Position>
                        <AltitudeMeters>435.4500732421875</AltitudeMeters>
                    </Trackpoint>
                    <Trackpoint>
                        <DistanceMeters>2070.6311569213867</DistanceMeters>
                        <Time>2022-05-07T14:08:46.044Z</Time>
                        <Position>
                            <LatitudeDegrees>30.523191452026367</LatitudeDegrees>
                            <LongitudeDegrees>104.05195617675781</LongitudeDegrees>
                        </Position>
                        <AltitudeMeters>435.41510009765625</AltitudeMeters>
                    </Trackpoint>
                    <Trackpoint>
                        <DistanceMeters>2070.6311569213867</DistanceMeters>
                        <Time>2022-05-07T14:08:47.659Z</Time>
                        <Position>
                            <LatitudeDegrees>30.52320671081543</LatitudeDegrees>
                            <LongitudeDegrees>104.05198669433594</LongitudeDegrees>
                        </Position>
                        <AltitudeMeters>435.41510009765625</AltitudeMeters>
                    </Trackpoint>
                    <Trackpoint>
                        <DistanceMeters>2070.6311569213867</DistanceMeters>
                        <Time>2022-05-07T14:08:48.118Z</Time>
                        <Position>
                            <LatitudeDegrees>30.523210525512695</LatitudeDegrees>
                            <LongitudeDegrees>104.052001953125</LongitudeDegrees>
                        </Position>
                        <AltitudeMeters>435.37774658203125</AltitudeMeters>
                    </Trackpoint>
                    <Trackpoint>
                        <DistanceMeters>2070.6311569213867</DistanceMeters>
                        <Time>2022-05-07T14:08:48.742Z</Time>
                        <Position>
                            <LatitudeDegrees>30.523218154907227</LatitudeDegrees>
                            <LongitudeDegrees>104.05200958251953</LongitudeDegrees>
                        </Position>
                        <AltitudeMeters>435.37774658203125</AltitudeMeters>
                    </Trackpoint>
                    <Trackpoint>
                        <DistanceMeters>2070.6311569213867</DistanceMeters>
                        <Time>2022-05-07T14:08:49.422Z</Time>
                        <Position>
                            <LatitudeDegrees>30.523225784301758</LatitudeDegrees>
                            <LongitudeDegrees>104.0520248413086</LongitudeDegrees>
                        </Position>
                        <AltitudeMeters>435.37774658203125</AltitudeMeters>
                    </Trackpoint>
                    <Trackpoint>
                        <DistanceMeters>2070.6311569213867</DistanceMeters>
                        <Time>2022-05-07T14:08:50.064Z</Time>
                        <Position>
                            <LatitudeDegrees>30.523231506347656</LatitudeDegrees>
                            <LongitudeDegrees>104.05204010009766</LongitudeDegrees>
                        </Position>
                        <AltitudeMeters>435.52093505859375</AltitudeMeters>
                    </Trackpoint>
                    <Trackpoint>
                        <DistanceMeters>2070.6311569213867</DistanceMeters>
                        <Time>2022-05-07T14:08:50.964Z</Time>
                        <Position>
                            <LatitudeDegrees>30.52324104309082</LatitudeDegrees>
                            <LongitudeDegrees>104.05205535888672</LongitudeDegrees>
                        </Position>
                        <AltitudeMeters>435.52093505859375</AltitudeMeters>
                    </Trackpoint>
                    <Trackpoint>
                        <DistanceMeters>2070.6311569213867</DistanceMeters>
                        <Time>2022-05-07T14:08:51.659Z</Time>
                        <Position>
                            <LatitudeDegrees>30.52324867248535</LatitudeDegrees>
                            <LongitudeDegrees>104.05206298828125</LongitudeDegrees>
                        </Position>
                        <AltitudeMeters>435.790771484375</AltitudeMeters>
                    </Trackpoint>
                    <Trackpoint>
                        <DistanceMeters>2070.6311569213867</DistanceMeters>
                        <Time>2022-05-07T14:08:52.346Z</Time>
                        <Position>
                            <LatitudeDegrees>30.52325439453125</LatitudeDegrees>
                            <LongitudeDegrees>104.05207824707031</LongitudeDegrees>
                        </Position>
                        <AltitudeMeters>435.790771484375</AltitudeMeters>
                    </Trackpoint>
                    <Trackpoint>
                        <DistanceMeters>2070.6311569213867</DistanceMeters>
                        <Time>2022-05-07T14:08:53.025Z</Time>
                        <Position>
                            <LatitudeDegrees>30.52326202392578</LatitudeDegrees>
                            <LongitudeDegrees>104.05208587646484</LongitudeDegrees>
                        </Position>
                        <AltitudeMeters>435.790771484375</AltitudeMeters>
                    </Trackpoint>
                    <Trackpoint>
                        <DistanceMeters>2070.6311569213867</DistanceMeters>
                        <Time>2022-05-07T14:08:53.982Z</Time>
                        <Position>
                            <LatitudeDegrees>30.523271560668945</LatitudeDegrees>
                            <LongitudeDegrees>104.05210876464844</LongitudeDegrees>
                        </Position>
                        <AltitudeMeters>435.84381103515625</AltitudeMeters>
                    </Trackpoint>
                    <Trackpoint>
                        <DistanceMeters>2070.6311569213867</DistanceMeters>
                        <Time>2022-05-07T14:08:55.682Z</Time>
                        <Position>
                            <LatitudeDegrees>30.52328872680664</LatitudeDegrees>
                            <LongitudeDegrees>104.05213165283203</LongitudeDegrees>
                        </Position>
                        <AltitudeMeters>435.84381103515625</AltitudeMeters>
                    </Trackpoint>
                    <Trackpoint>
                        <DistanceMeters>2070.6311569213867</DistanceMeters>
                        <Time>2022-05-07T14:08:57.658Z</Time>
                        <Position>
                            <LatitudeDegrees>30.5233097076416</LatitudeDegrees>
                            <LongitudeDegrees>104.05216217041016</LongitudeDegrees>
                        </Position>
                        <AltitudeMeters>436.322265625</AltitudeMeters>
                    </Trackpoint>
                    <Trackpoint>
                        <DistanceMeters>2070.6311569213867</DistanceMeters>
                        <Time>2022-05-07T14:08:58.444Z</Time>
                        <Position>
                            <LatitudeDegrees>30.523313522338867</LatitudeDegrees>
                            <LongitudeDegrees>104.05217742919922</LongitudeDegrees>
                        </Position>
                        <AltitudeMeters>436.322265625</AltitudeMeters>
                    </Trackpoint>
                    <Trackpoint>
                        <DistanceMeters>2070.6311569213867</DistanceMeters>
                        <Time>2022-05-07T14:08:59.125Z</Time>
                        <Position>
                            <LatitudeDegrees>30.523313522338867</LatitudeDegrees>
                            <LongitudeDegrees>104.05219268798828</LongitudeDegrees>
                        </Position>
                        <AltitudeMeters>436.322265625</AltitudeMeters>
                    </Trackpoint>
                    <Trackpoint>
                        <DistanceMeters>2136.747055053711</DistanceMeters>
                        <Time>2022-05-07T14:09:00.158Z</Time>
                        <Position>
                            <LatitudeDegrees>30.523313522338867</LatitudeDegrees>
                            <LongitudeDegrees>104.05220794677734</LongitudeDegrees>
                        </Position>
                        <AltitudeMeters>435.6734619140625</AltitudeMeters>
                    </Trackpoint>
                    <Trackpoint>
                        <DistanceMeters>2136.747055053711</DistanceMeters>
                        <Time>2022-05-07T14:09:01.442Z</Time>
                        <Position>
                            <LatitudeDegrees>30.52332305908203</LatitudeDegrees>
                            <LongitudeDegrees>104.0522232055664</LongitudeDegrees>
                        </Position>
                        <AltitudeMeters>435.6734619140625</AltitudeMeters>
                    </Trackpoint>
                    <Trackpoint>
                        <DistanceMeters>2136.747055053711</DistanceMeters>
                        <Time>2022-05-07T14:09:02.344Z</Time>
                        <Position>
                            <LatitudeDegrees>30.523330688476562</LatitudeDegrees>
                            <LongitudeDegrees>104.05223846435547</LongitudeDegrees>
                        </Position>
                        <AltitudeMeters>434.609130859375</AltitudeMeters>
                    </Trackpoint>
                    <Trackpoint>
                        <DistanceMeters>2136.747055053711</DistanceMeters>
                        <Time>2022-05-07T14:09:03.406Z</Time>
                        <Position>
                            <LatitudeDegrees>30.52333641052246</LatitudeDegrees>
                            <LongitudeDegrees>104.05225372314453</LongitudeDegrees>
                        </Position>
                        <AltitudeMeters>434.609130859375</AltitudeMeters>
                    </Trackpoint>
                    <Trackpoint>
                        <DistanceMeters>2136.747055053711</DistanceMeters>
                        <Time>2022-05-07T14:09:04.087Z</Time>
                        <Position>
                            <LatitudeDegrees>30.523340225219727</LatitudeDegrees>
                            <LongitudeDegrees>104.0522689819336</LongitudeDegrees>
                        </Position>
                        <AltitudeMeters>434.1512451171875</AltitudeMeters>
                    </Trackpoint>
                    <Trackpoint>
                        <DistanceMeters>2136.747055053711</DistanceMeters>
                        <Time>2022-05-07T14:09:04.967Z</Time>
                        <Position>
                            <LatitudeDegrees>30.523347854614258</LatitudeDegrees>
                            <LongitudeDegrees>104.05228424072266</LongitudeDegrees>
                        </Position>
                        <AltitudeMeters>434.1512451171875</AltitudeMeters>
                    </Trackpoint>
                    <Trackpoint>
                        <DistanceMeters>2136.747055053711</DistanceMeters>
                        <Time>2022-05-07T14:09:05.658Z</Time>
                        <Position>
                            <LatitudeDegrees>30.523357391357422</LatitudeDegrees>
                            <LongitudeDegrees>104.05229949951172</LongitudeDegrees>
                        </Position>
                        <AltitudeMeters>434.1029052734375</AltitudeMeters>
                    </Trackpoint>
                    <Trackpoint>
                        <DistanceMeters>2136.747055053711</DistanceMeters>
                        <Time>2022-05-07T14:09:06.699Z</Time>
                        <Position>
                            <LatitudeDegrees>30.52337074279785</LatitudeDegrees>
                            <LongitudeDegrees>104.05231475830078</LongitudeDegrees>
                        </Position>
                        <AltitudeMeters>434.1029052734375</AltitudeMeters>
                    </Trackpoint>
                    <Trackpoint>
                        <DistanceMeters>2136.747055053711</DistanceMeters>
                        <Time>2022-05-07T14:09:07.342Z</Time>
                        <Position>
                            <LatitudeDegrees>30.523380279541016</LatitudeDegrees>
                            <LongitudeDegrees>104.05233001708984</LongitudeDegrees>
                        </Position>
                        <AltitudeMeters>434.1029052734375</AltitudeMeters>
                    </Trackpoint>
                    <Trackpoint>
                        <DistanceMeters>2136.747055053711</DistanceMeters>
                        <Time>2022-05-07T14:09:08.024Z</Time>
                        <Position>
                            <LatitudeDegrees>30.523391723632812</LatitudeDegrees>
                            <LongitudeDegrees>104.0523452758789</LongitudeDegrees>
                        </Position>
                        <AltitudeMeters>433.7706298828125</AltitudeMeters>
                    </Trackpoint>
                    <Trackpoint>
                        <DistanceMeters>2136.747055053711</DistanceMeters>
                        <Time>2022-05-07T14:09:08.922Z</Time>
                        <Position>
                            <LatitudeDegrees>30.52340316772461</LatitudeDegrees>
                            <LongitudeDegrees>104.0523681640625</LongitudeDegrees>
                        </Position>
                        <AltitudeMeters>433.7706298828125</AltitudeMeters>
                    </Trackpoint>
                    <Trackpoint>
                        <DistanceMeters>2136.747055053711</DistanceMeters>
                        <Time>2022-05-07T14:09:09.326Z</Time>
                        <Position>
                            <LatitudeDegrees>30.523408889770508</LatitudeDegrees>
                            <LongitudeDegrees>104.05237579345703</LongitudeDegrees>
                        </Position>
                        <AltitudeMeters>433.7706298828125</AltitudeMeters>
                    </Trackpoint>
                    <Trackpoint>
                        <DistanceMeters>2136.747055053711</DistanceMeters>
                        <Time>2022-05-07T14:09:10.599Z</Time>
                        <Position>
                            <LatitudeDegrees>30.52342414855957</LatitudeDegrees>
                            <LongitudeDegrees>104.05240631103516</LongitudeDegrees>
                        </Position>
                        <AltitudeMeters>434.149169921875</AltitudeMeters>
                    </Trackpoint>
                    <Trackpoint>
                        <DistanceMeters>2136.747055053711</DistanceMeters>
                        <Time>2022-05-07T14:09:11.309Z</Time>
                        <Position>
                            <LatitudeDegrees>30.5234317779541</LatitudeDegrees>
                            <LongitudeDegrees>104.05242156982422</LongitudeDegrees>
                        </Position>
                        <AltitudeMeters>434.149169921875</AltitudeMeters>
                    </Trackpoint>
                    <Trackpoint>
                        <DistanceMeters>2136.747055053711</DistanceMeters>
                        <Time>2022-05-07T14:09:11.939Z</Time>
                        <Position>
                            <LatitudeDegrees>30.523439407348633</LatitudeDegrees>
                            <LongitudeDegrees>104.05242919921875</LongitudeDegrees>
                        </Position>
                        <AltitudeMeters>434.365234375</AltitudeMeters>
                    </Trackpoint>
                    <Trackpoint>
                        <DistanceMeters>2136.747055053711</DistanceMeters>
                        <Time>2022-05-07T14:09:12.584Z</Time>
                        <Position>
                            <LatitudeDegrees>30.523447036743164</LatitudeDegrees>
                            <LongitudeDegrees>104.05244445800781</LongitudeDegrees>
                        </Position>
                        <AltitudeMeters>434.365234375</AltitudeMeters>
                    </Trackpoint>
                    <Trackpoint>
                        <DistanceMeters>2136.747055053711</DistanceMeters>
                        <Time>2022-05-07T14:09:13.268Z</Time>
                        <Position>
                            <LatitudeDegrees>30.523452758789062</LatitudeDegrees>
                            <LongitudeDegrees>104.05245971679688</LongitudeDegrees>
                        </Position>
                        <AltitudeMeters>434.365234375</AltitudeMeters>
                    </Trackpoint>
                    <Trackpoint>
                        <DistanceMeters>2136.747055053711</DistanceMeters>
                        <Time>2022-05-07T14:09:14.583Z</Time>
                        <Position>
                            <LatitudeDegrees>30.52346420288086</LatitudeDegrees>
                            <LongitudeDegrees>104.05248260498047</LongitudeDegrees>
                        </Position>
                        <AltitudeMeters>434.40081787109375</AltitudeMeters>
                    </Trackpoint>
                    <Trackpoint>
                        <DistanceMeters>2136.747055053711</DistanceMeters>
                        <Time>2022-05-07T14:09:15.377Z</Time>
                        <Position>
                            <LatitudeDegrees>30.523469924926758</LatitudeDegrees>
                            <LongitudeDegrees>104.05249786376953</LongitudeDegrees>
                        </Position>
                        <AltitudeMeters>434.40081787109375</AltitudeMeters>
                    </Trackpoint>
                    <Trackpoint>
                        <DistanceMeters>2136.747055053711</DistanceMeters>
                        <Time>2022-05-07T14:09:16.184Z</Time>
                        <Position>
                            <LatitudeDegrees>30.52347755432129</LatitudeDegrees>
                            <LongitudeDegrees>104.0525131225586</LongitudeDegrees>
                        </Position>
                        <AltitudeMeters>434.4552001953125</AltitudeMeters>
                    </Trackpoint>
                    <Trackpoint>
                        <DistanceMeters>2136.747055053711</DistanceMeters>
                        <Time>2022-05-07T14:09:17.064Z</Time>
                        <Position>
                            <LatitudeDegrees>30.523487091064453</LatitudeDegrees>
                            <LongitudeDegrees>104.05253601074219</LongitudeDegrees>
                        </Position>
                        <AltitudeMeters>434.4552001953125</AltitudeMeters>
                    </Trackpoint>
                    <Trackpoint>
                        <DistanceMeters>2136.747055053711</DistanceMeters>
                        <Time>2022-05-07T14:09:17.659Z</Time>
                        <Position>
                            <LatitudeDegrees>30.523494720458984</LatitudeDegrees>
                            <LongitudeDegrees>104.05254364013672</LongitudeDegrees>
                        </Position>
                        <AltitudeMeters>434.5933837890625</AltitudeMeters>
                    </Trackpoint>
                    <Trackpoint>
                        <DistanceMeters>2136.747055053711</DistanceMeters>
                        <Time>2022-05-07T14:09:18.385Z</Time>
                        <Position>
                            <LatitudeDegrees>30.523502349853516</LatitudeDegrees>
                            <LongitudeDegrees>104.05255889892578</LongitudeDegrees>
                        </Position>
                        <AltitudeMeters>434.5933837890625</AltitudeMeters>
                    </Trackpoint>
                    <Trackpoint>
                        <DistanceMeters>2136.747055053711</DistanceMeters>
                        <Time>2022-05-07T14:09:19.028Z</Time>
                        <Position>
                            <LatitudeDegrees>30.523508071899414</LatitudeDegrees>
                            <LongitudeDegrees>104.05257415771484</LongitudeDegrees>
                        </Position>
                        <AltitudeMeters>434.5933837890625</AltitudeMeters>
                    </Trackpoint>
                    <Trackpoint>
                        <DistanceMeters>2136.747055053711</DistanceMeters>
                        <Time>2022-05-07T14:09:19.680Z</Time>
                        <Position>
                            <LatitudeDegrees>30.523515701293945</LatitudeDegrees>
                            <LongitudeDegrees>104.05258178710938</LongitudeDegrees>
                        </Position>
                        <AltitudeMeters>434.5933837890625</AltitudeMeters>
                    </Trackpoint>
                    <Trackpoint>
                        <DistanceMeters>2136.747055053711</DistanceMeters>
                        <Time>2022-05-07T14:09:20.428Z</Time>
                        <Position>
                            <LatitudeDegrees>30.523521423339844</LatitudeDegrees>
                            <LongitudeDegrees>104.05260467529297</LongitudeDegrees>
                        </Position>
                        <AltitudeMeters>434.9927978515625</AltitudeMeters>
                    </Trackpoint>
                    <Trackpoint>
                        <DistanceMeters>2136.747055053711</DistanceMeters>
                        <Time>2022-05-07T14:09:21.067Z</Time>
                        <Position>
                            <LatitudeDegrees>30.523527145385742</LatitudeDegrees>
                            <LongitudeDegrees>104.0526123046875</LongitudeDegrees>
                        </Position>
                        <AltitudeMeters>434.9927978515625</AltitudeMeters>
                    </Trackpoint>
                    <Trackpoint>
                        <DistanceMeters>2136.747055053711</DistanceMeters>
                        <Time>2022-05-07T14:09:21.659Z</Time>
                        <Position>
                            <LatitudeDegrees>30.523530960083008</LatitudeDegrees>
                            <LongitudeDegrees>104.05262756347656</LongitudeDegrees>
                        </Position>
                        <AltitudeMeters>435.1556396484375</AltitudeMeters>
                    </Trackpoint>
                    <Trackpoint>
                        <DistanceMeters>2136.747055053711</DistanceMeters>
                        <Time>2022-05-07T14:09:22.582Z</Time>
                        <Position>
                            <LatitudeDegrees>30.523536682128906</LatitudeDegrees>
                            <LongitudeDegrees>104.05264282226562</LongitudeDegrees>
                        </Position>
                        <AltitudeMeters>435.1556396484375</AltitudeMeters>
                    </Trackpoint>
                    <Trackpoint>
                        <DistanceMeters>2136.747055053711</DistanceMeters>
                        <Time>2022-05-07T14:09:23.304Z</Time>
                        <Position>
                            <LatitudeDegrees>30.523542404174805</LatitudeDegrees>
                            <LongitudeDegrees>104.05266571044922</LongitudeDegrees>
                        </Position>
                        <AltitudeMeters>435.1556396484375</AltitudeMeters>
                    </Trackpoint>
                    <Trackpoint>
                        <DistanceMeters>2136.747055053711</DistanceMeters>
                        <Time>2022-05-07T14:09:23.942Z</Time>
                        <Position>
                            <LatitudeDegrees>30.52354621887207</LatitudeDegrees>
                            <LongitudeDegrees>104.05267333984375</LongitudeDegrees>
                        </Position>
                        <AltitudeMeters>435.6654052734375</AltitudeMeters>
                    </Trackpoint>
                    <Trackpoint>
                        <DistanceMeters>2136.747055053711</DistanceMeters>
                        <Time>2022-05-07T14:09:24.625Z</Time>
                        <Position>
                            <LatitudeDegrees>30.523550033569336</LatitudeDegrees>
                            <LongitudeDegrees>104.05268859863281</LongitudeDegrees>
                        </Position>
                        <AltitudeMeters>435.6654052734375</AltitudeMeters>
                    </Trackpoint>
                    <Trackpoint>
                        <DistanceMeters>2136.747055053711</DistanceMeters>
                        <Time>2022-05-07T14:09:25.264Z</Time>
                        <Position>
                            <LatitudeDegrees>30.5235538482666</LatitudeDegrees>
                            <LongitudeDegrees>104.05270385742188</LongitudeDegrees>
                        </Position>
                        <AltitudeMeters>435.6654052734375</AltitudeMeters>
                    </Trackpoint>
                    <Trackpoint>
                        <DistanceMeters>2136.747055053711</DistanceMeters>
                        <Time>2022-05-07T14:09:26.327Z</Time>
                        <Position>
                            <LatitudeDegrees>30.523563385009766</LatitudeDegrees>
                            <LongitudeDegrees>104.05272674560547</LongitudeDegrees>
                        </Position>
                        <AltitudeMeters>435.6878662109375</AltitudeMeters>
                    </Trackpoint>
                    <Trackpoint>
                        <DistanceMeters>2136.747055053711</DistanceMeters>
                        <Time>2022-05-07T14:09:26.969Z</Time>
                        <Position>
                            <LatitudeDegrees>30.52356719970703</LatitudeDegrees>
                            <LongitudeDegrees>104.052734375</LongitudeDegrees>
                        </Position>
                        <AltitudeMeters>435.6878662109375</AltitudeMeters>
                    </Trackpoint>
                    <Trackpoint>
                        <DistanceMeters>2136.747055053711</DistanceMeters>
                        <Time>2022-05-07T14:09:27.582Z</Time>
                        <Position>
                            <LatitudeDegrees>30.52357292175293</LatitudeDegrees>
                            <LongitudeDegrees>104.05274963378906</LongitudeDegrees>
                        </Position>
                        <AltitudeMeters>435.6878662109375</AltitudeMeters>
                    </Trackpoint>
                    <Trackpoint>
                        <DistanceMeters>2136.747055053711</DistanceMeters>
                        <Time>2022-05-07T14:09:28.483Z</Time>
                        <Position>
                            <LatitudeDegrees>30.523578643798828</LatitudeDegrees>
                            <LongitudeDegrees>104.05276489257812</LongitudeDegrees>
                        </Position>
                        <AltitudeMeters>436.1563720703125</AltitudeMeters>
                    </Trackpoint>
                    <Trackpoint>
                        <DistanceMeters>2136.747055053711</DistanceMeters>
                        <Time>2022-05-07T14:09:29.065Z</Time>
                        <Position>
                            <LatitudeDegrees>30.523582458496094</LatitudeDegrees>
                            <LongitudeDegrees>104.05278015136719</LongitudeDegrees>
                        </Position>
                        <AltitudeMeters>436.1563720703125</AltitudeMeters>
                    </Trackpoint>
                    <Trackpoint>
                        <DistanceMeters>2136.747055053711</DistanceMeters>
                        <Time>2022-05-07T14:09:29.658Z</Time>
                        <Position>
                            <LatitudeDegrees>30.523584365844727</LatitudeDegrees>
                            <LongitudeDegrees>104.05279541015625</LongitudeDegrees>
                        </Position>
                        <AltitudeMeters>436.37353515625</AltitudeMeters>
                    </Trackpoint>
                    <Trackpoint>
                        <DistanceMeters>2196.921718597412</DistanceMeters>
                        <Time>2022-05-07T14:09:30.117Z</Time>
                        <Position>
                            <LatitudeDegrees>30.52358627319336</LatitudeDegrees>
                            <LongitudeDegrees>104.05281066894531</LongitudeDegrees>
                        </Position>
                        <AltitudeMeters>436.37353515625</AltitudeMeters>
                    </Trackpoint>
                    <Trackpoint>
                        <DistanceMeters>2196.921718597412</DistanceMeters>
                        <Time>2022-05-07T14:09:31.085Z</Time>
                        <Position>
                            <LatitudeDegrees>30.523591995239258</LatitudeDegrees>
                            <LongitudeDegrees>104.05282592773438</LongitudeDegrees>
                        </Position>
                        <AltitudeMeters>436.37353515625</AltitudeMeters>
                    </Trackpoint>
                    <Trackpoint>
                        <DistanceMeters>2196.921718597412</DistanceMeters>
                        <Time>2022-05-07T14:09:31.749Z</Time>
                        <Position>
                            <LatitudeDegrees>30.52359390258789</LatitudeDegrees>
                            <LongitudeDegrees>104.05284118652344</LongitudeDegrees>
                        </Position>
                        <AltitudeMeters>436.494140625</AltitudeMeters>
                    </Trackpoint>
                    <Trackpoint>
                        <DistanceMeters>2196.921718597412</DistanceMeters>
                        <Time>2022-05-07T14:09:33.039Z</Time>
                        <Position>
                            <LatitudeDegrees>30.523601531982422</LatitudeDegrees>
                            <LongitudeDegrees>104.05287170410156</LongitudeDegrees>
                        </Position>
                        <AltitudeMeters>436.494140625</AltitudeMeters>
                    </Trackpoint>
                    <Trackpoint>
                        <DistanceMeters>2196.921718597412</DistanceMeters>
                        <Time>2022-05-07T14:09:33.659Z</Time>
                        <Position>
                            <LatitudeDegrees>30.523603439331055</LatitudeDegrees>
                            <LongitudeDegrees>104.05288696289062</LongitudeDegrees>
                        </Position>
                        <AltitudeMeters>436.7039794921875</AltitudeMeters>
                    </Trackpoint>
                    <Trackpoint>
                        <DistanceMeters>2196.921718597412</DistanceMeters>
                        <Time>2022-05-07T14:09:34.382Z</Time>
                        <Position>
                            <LatitudeDegrees>30.52360725402832</LatitudeDegrees>
                            <LongitudeDegrees>104.05290222167969</LongitudeDegrees>
                        </Position>
                        <AltitudeMeters>436.7039794921875</AltitudeMeters>
                    </Trackpoint>
                    <Trackpoint>
                        <DistanceMeters>2196.921718597412</DistanceMeters>
                        <Time>2022-05-07T14:09:35.450Z</Time>
                        <Position>
                            <LatitudeDegrees>30.52361297607422</LatitudeDegrees>
                            <LongitudeDegrees>104.05293273925781</LongitudeDegrees>
                        </Position>
                        <AltitudeMeters>436.7039794921875</AltitudeMeters>
                    </Trackpoint>
                    <Trackpoint>
                        <DistanceMeters>2196.921718597412</DistanceMeters>
                        <Time>2022-05-07T14:09:36.362Z</Time>
                        <Position>
                            <LatitudeDegrees>30.523616790771484</LatitudeDegrees>
                            <LongitudeDegrees>104.05294799804688</LongitudeDegrees>
                        </Position>
                        <AltitudeMeters>437.3785400390625</AltitudeMeters>
                    </Trackpoint>
                    <Trackpoint>
                        <DistanceMeters>2196.921718597412</DistanceMeters>
                        <Time>2022-05-07T14:09:37.687Z</Time>
                        <Position>
                            <LatitudeDegrees>30.523622512817383</LatitudeDegrees>
                            <LongitudeDegrees>104.05297088623047</LongitudeDegrees>
                        </Position>
                        <AltitudeMeters>437.3785400390625</AltitudeMeters>
                    </Trackpoint>
                    <Trackpoint>
                        <DistanceMeters>2196.921718597412</DistanceMeters>
                        <Time>2022-05-07T14:09:38.767Z</Time>
                        <Position>
                            <LatitudeDegrees>30.523630142211914</LatitudeDegrees>
                            <LongitudeDegrees>104.05298614501953</LongitudeDegrees>
                        </Position>
                        <AltitudeMeters>438.1558837890625</AltitudeMeters>
                    </Trackpoint>
                    <Trackpoint>
                        <DistanceMeters>2196.921718597412</DistanceMeters>
                        <Time>2022-05-07T14:09:39.399Z</Time>
                        <Position>
                            <LatitudeDegrees>30.523635864257812</LatitudeDegrees>
                            <LongitudeDegrees>104.0530014038086</LongitudeDegrees>
                        </Position>
                        <AltitudeMeters>438.1558837890625</AltitudeMeters>
                    </Trackpoint>
                    <Trackpoint>
                        <DistanceMeters>2196.921718597412</DistanceMeters>
                        <Time>2022-05-07T14:09:40.347Z</Time>
                        <Position>
                            <LatitudeDegrees>30.523643493652344</LatitudeDegrees>
                            <LongitudeDegrees>104.05301666259766</LongitudeDegrees>
                        </Position>
                        <AltitudeMeters>436.95147705078125</AltitudeMeters>
                    </Trackpoint>
                    <Trackpoint>
                        <DistanceMeters>2196.921718597412</DistanceMeters>
                        <Time>2022-05-07T14:09:40.984Z</Time>
                        <Position>
                            <LatitudeDegrees>30.523649215698242</LatitudeDegrees>
                            <LongitudeDegrees>104.05303192138672</LongitudeDegrees>
                        </Position>
                        <AltitudeMeters>436.95147705078125</AltitudeMeters>
                    </Trackpoint>
                    <Trackpoint>
                        <DistanceMeters>2196.921718597412</DistanceMeters>
                        <Time>2022-05-07T14:09:41.639Z</Time>
                        <Position>
                            <LatitudeDegrees>30.52365493774414</LatitudeDegrees>
                            <LongitudeDegrees>104.05303955078125</LongitudeDegrees>
                        </Position>
                        <AltitudeMeters>436.95147705078125</AltitudeMeters>
                    </Trackpoint>
                    <Trackpoint>
                        <DistanceMeters>2196.921718597412</DistanceMeters>
                        <Time>2022-05-07T14:09:43.018Z</Time>
                        <Position>
                            <LatitudeDegrees>30.523664474487305</LatitudeDegrees>
                            <LongitudeDegrees>104.05307006835938</LongitudeDegrees>
                        </Position>
                        <AltitudeMeters>437.0123291015625</AltitudeMeters>
                    </Trackpoint>
                    <Trackpoint>
                        <DistanceMeters>2196.921718597412</DistanceMeters>
                        <Time>2022-05-07T14:09:43.659Z</Time>
                        <Position>
                            <LatitudeDegrees>30.523670196533203</LatitudeDegrees>
                            <LongitudeDegrees>104.0530776977539</LongitudeDegrees>
                        </Position>
                        <AltitudeMeters>437.9678955078125</AltitudeMeters>
                    </Trackpoint>
                    <Trackpoint>
                        <DistanceMeters>2196.921718597412</DistanceMeters>
                        <Time>2022-05-07T14:09:45.039Z</Time>
                        <Position>
                            <LatitudeDegrees>30.523679733276367</LatitudeDegrees>
                            <LongitudeDegrees>104.05310821533203</LongitudeDegrees>
                        </Position>
                        <AltitudeMeters>437.9678955078125</AltitudeMeters>
                    </Trackpoint>
                    <Trackpoint>
                        <DistanceMeters>2196.921718597412</DistanceMeters>
                        <Time>2022-05-07T14:09:46.083Z</Time>
                        <Position>
                            <LatitudeDegrees>30.5236873626709</LatitudeDegrees>
                            <LongitudeDegrees>104.05313110351562</LongitudeDegrees>
                        </Position>
                        <AltitudeMeters>439.8551025390625</AltitudeMeters>
                    </Trackpoint>
                    <Trackpoint>
                        <DistanceMeters>2196.921718597412</DistanceMeters>
                        <Time>2022-05-07T14:09:47.042Z</Time>
                        <Position>
                            <LatitudeDegrees>30.523696899414062</LatitudeDegrees>
                            <LongitudeDegrees>104.05315399169922</LongitudeDegrees>
                        </Position>
                        <AltitudeMeters>439.8551025390625</AltitudeMeters>
                    </Trackpoint>
                    <Trackpoint>
                        <DistanceMeters>2196.921718597412</DistanceMeters>
                        <Time>2022-05-07T14:09:47.684Z</Time>
                        <Position>
                            <LatitudeDegrees>30.523700714111328</LatitudeDegrees>
                            <LongitudeDegrees>104.05316925048828</LongitudeDegrees>
                        </Position>
                        <AltitudeMeters>439.8551025390625</AltitudeMeters>
                    </Trackpoint>
                    <Trackpoint>
                        <DistanceMeters>2196.921718597412</DistanceMeters>
                        <Time>2022-05-07T14:09:48.365Z</Time>
                        <Position>
                            <LatitudeDegrees>30.523710250854492</LatitudeDegrees>
                            <LongitudeDegrees>104.05318450927734</LongitudeDegrees>
                        </Position>
                        <AltitudeMeters>440.10205078125</AltitudeMeters>
                    </Trackpoint>
                    <Trackpoint>
                        <DistanceMeters>2196.921718597412</DistanceMeters>
                        <Time>2022-05-07T14:09:49.082Z</Time>
                        <Position>
                            <LatitudeDegrees>30.523717880249023</LatitudeDegrees>
                            <LongitudeDegrees>104.05319213867188</LongitudeDegrees>
                        </Position>
                        <AltitudeMeters>440.10205078125</AltitudeMeters>
                    </Trackpoint>
                    <Trackpoint>
                        <DistanceMeters>2196.921718597412</DistanceMeters>
                        <Time>2022-05-07T14:09:50.043Z</Time>
                        <Position>
                            <LatitudeDegrees>30.523731231689453</LatitudeDegrees>
                            <LongitudeDegrees>104.05321502685547</LongitudeDegrees>
                        </Position>
                        <AltitudeMeters>440.17822265625</AltitudeMeters>
                    </Trackpoint>
                    <Trackpoint>
                        <DistanceMeters>2196.921718597412</DistanceMeters>
                        <Time>2022-05-07T14:09:51.046Z</Time>
                        <Position>
                            <LatitudeDegrees>30.523740768432617</LatitudeDegrees>
                            <LongitudeDegrees>104.05323028564453</LongitudeDegrees>
                        </Position>
                        <AltitudeMeters>440.17822265625</AltitudeMeters>
                    </Trackpoint>
                    <Trackpoint>
                        <DistanceMeters>2196.921718597412</DistanceMeters>
                        <Time>2022-05-07T14:09:51.659Z</Time>
                        <Position>
                            <LatitudeDegrees>30.523744583129883</LatitudeDegrees>
                            <LongitudeDegrees>104.05323791503906</LongitudeDegrees>
                        </Position>
                        <AltitudeMeters>439.34765625</AltitudeMeters>
                    </Trackpoint>
                    <Trackpoint>
                        <DistanceMeters>2196.921718597412</DistanceMeters>
                        <Time>2022-05-07T14:09:52.350Z</Time>
                        <Position>
                            <LatitudeDegrees>30.52375030517578</LatitudeDegrees>
                            <LongitudeDegrees>104.05325317382812</LongitudeDegrees>
                        </Position>
                        <AltitudeMeters>439.34765625</AltitudeMeters>
                    </Trackpoint>
                    <Trackpoint>
                        <DistanceMeters>2196.921718597412</DistanceMeters>
                        <Time>2022-05-07T14:09:53.066Z</Time>
                        <Position>
                            <LatitudeDegrees>30.52375602722168</LatitudeDegrees>
                            <LongitudeDegrees>104.05326843261719</LongitudeDegrees>
                        </Position>
                        <AltitudeMeters>439.34765625</AltitudeMeters>
                    </Trackpoint>
                    <Trackpoint>
                        <DistanceMeters>2196.921718597412</DistanceMeters>
                        <Time>2022-05-07T14:09:53.659Z</Time>
                        <Position>
                            <LatitudeDegrees>30.523759841918945</LatitudeDegrees>
                            <LongitudeDegrees>104.05327606201172</LongitudeDegrees>
                        </Position>
                        <AltitudeMeters>438.08709716796875</AltitudeMeters>
                    </Trackpoint>
                    <Trackpoint>
                        <DistanceMeters>2196.921718597412</DistanceMeters>
                        <Time>2022-05-07T14:09:54.359Z</Time>
                        <Position>
                            <LatitudeDegrees>30.52376365661621</LatitudeDegrees>
                            <LongitudeDegrees>104.05329132080078</LongitudeDegrees>
                        </Position>
                        <AltitudeMeters>438.08709716796875</AltitudeMeters>
                    </Trackpoint>
                    <Trackpoint>
                        <DistanceMeters>2196.921718597412</DistanceMeters>
                        <Time>2022-05-07T14:09:55.660Z</Time>
                        <Position>
                            <LatitudeDegrees>30.523773193359375</LatitudeDegrees>
                            <LongitudeDegrees>104.05331420898438</LongitudeDegrees>
                        </Position>
                        <AltitudeMeters>438.08709716796875</AltitudeMeters>
                    </Trackpoint>
                    <Trackpoint>
                        <DistanceMeters>2196.921718597412</DistanceMeters>
                        <Time>2022-05-07T14:09:56.725Z</Time>
                        <Position>
                            <LatitudeDegrees>30.523780822753906</LatitudeDegrees>
                            <LongitudeDegrees>104.05332946777344</LongitudeDegrees>
                        </Position>
                        <AltitudeMeters>438.1097412109375</AltitudeMeters>
                    </Trackpoint>
                    <Trackpoint>
                        <DistanceMeters>2196.921718597412</DistanceMeters>
                        <Time>2022-05-07T14:09:57.407Z</Time>
                        <Position>
                            <LatitudeDegrees>30.523784637451172</LatitudeDegrees>
                            <LongitudeDegrees>104.0533447265625</LongitudeDegrees>
                        </Position>
                        <AltitudeMeters>438.1097412109375</AltitudeMeters>
                    </Trackpoint>
                    <Trackpoint>
                        <DistanceMeters>2196.921718597412</DistanceMeters>
                        <Time>2022-05-07T14:09:58.309Z</Time>
                        <Position>
                            <LatitudeDegrees>30.523788452148438</LatitudeDegrees>
                            <LongitudeDegrees>104.05335235595703</LongitudeDegrees>
                        </Position>
                        <AltitudeMeters>437.94744873046875</AltitudeMeters>
                    </Trackpoint>
                    <Trackpoint>
                        <DistanceMeters>2196.921718597412</DistanceMeters>
                        <Time>2022-05-07T14:09:59.004Z</Time>
                        <Position>
                            <LatitudeDegrees>30.523792266845703</LatitudeDegrees>
                            <LongitudeDegrees>104.0533676147461</LongitudeDegrees>
                        </Position>
                        <AltitudeMeters>437.94744873046875</AltitudeMeters>
                    </Trackpoint>
                    <Trackpoint>
                        <DistanceMeters>2254.7992973327637</DistanceMeters>
                        <Time>2022-05-07T14:10:00.378Z</Time>
                        <Position>
                            <LatitudeDegrees>30.523794174194336</LatitudeDegrees>
                            <LongitudeDegrees>104.05339050292969</LongitudeDegrees>
                        </Position>
                        <AltitudeMeters>438.1502685546875</AltitudeMeters>
                    </Trackpoint>
                    <Trackpoint>
                        <DistanceMeters>2254.7992973327637</DistanceMeters>
                        <Time>2022-05-07T14:10:01.428Z</Time>
                        <Position>
                            <LatitudeDegrees>30.523799896240234</LatitudeDegrees>
                            <LongitudeDegrees>104.05340576171875</LongitudeDegrees>
                        </Position>
                        <AltitudeMeters>438.1502685546875</AltitudeMeters>
                    </Trackpoint>
                    <Trackpoint>
                        <DistanceMeters>2254.7992973327637</DistanceMeters>
                        <Time>2022-05-07T14:10:02.982Z</Time>
                        <Position>
                            <LatitudeDegrees>30.523805618286133</LatitudeDegrees>
                            <LongitudeDegrees>104.05343627929688</LongitudeDegrees>
                        </Position>
                        <AltitudeMeters>438.206787109375</AltitudeMeters>
                    </Trackpoint>
                    <Trackpoint>
                        <DistanceMeters>2254.7992973327637</DistanceMeters>
                        <Time>2022-05-07T14:10:03.690Z</Time>
                        <Position>
                            <LatitudeDegrees>30.523805618286133</LatitudeDegrees>
                            <LongitudeDegrees>104.0534439086914</LongitudeDegrees>
                        </Position>
                        <AltitudeMeters>438.206787109375</AltitudeMeters>
                    </Trackpoint>
                    <Trackpoint>
                        <DistanceMeters>2254.7992973327637</DistanceMeters>
                        <Time>2022-05-07T14:10:04.741Z</Time>
                        <Position>
                            <LatitudeDegrees>30.5238037109375</LatitudeDegrees>
                            <LongitudeDegrees>104.053466796875</LongitudeDegrees>
                        </Position>
                        <AltitudeMeters>438.597900390625</AltitudeMeters>
                    </Trackpoint>
                    <Trackpoint>
                        <DistanceMeters>2254.7992973327637</DistanceMeters>
                        <Time>2022-05-07T14:10:05.420Z</Time>
                        <Position>
                            <LatitudeDegrees>30.5237979888916</LatitudeDegrees>
                            <LongitudeDegrees>104.05347442626953</LongitudeDegrees>
                        </Position>
                        <AltitudeMeters>438.597900390625</AltitudeMeters>
                    </Trackpoint>
                    <Trackpoint>
                        <DistanceMeters>2254.7992973327637</DistanceMeters>
                        <Time>2022-05-07T14:10:06.670Z</Time>
                        <Position>
                            <LatitudeDegrees>30.5237979888916</LatitudeDegrees>
                            <LongitudeDegrees>104.05349731445312</LongitudeDegrees>
                        </Position>
                        <AltitudeMeters>438.435791015625</AltitudeMeters>
                    </Trackpoint>
                    <Trackpoint>
                        <DistanceMeters>2254.7992973327637</DistanceMeters>
                        <Time>2022-05-07T14:10:07.681Z</Time>
                        <Position>
                            <LatitudeDegrees>30.523799896240234</LatitudeDegrees>
                            <LongitudeDegrees>104.05352020263672</LongitudeDegrees>
                        </Position>
                        <AltitudeMeters>438.435791015625</AltitudeMeters>
                    </Trackpoint>
                    <Trackpoint>
                        <DistanceMeters>2254.7992973327637</DistanceMeters>
                        <Time>2022-05-07T14:10:08.342Z</Time>
                        <Position>
                            <LatitudeDegrees>30.5238037109375</LatitudeDegrees>
                            <LongitudeDegrees>104.05353546142578</LongitudeDegrees>
                        </Position>
                        <AltitudeMeters>438.317138671875</AltitudeMeters>
                    </Trackpoint>
                    <Trackpoint>
                        <DistanceMeters>2254.7992973327637</DistanceMeters>
                        <Time>2022-05-07T14:10:09.443Z</Time>
                        <Position>
                            <LatitudeDegrees>30.5238094329834</LatitudeDegrees>
                            <LongitudeDegrees>104.0535659790039</LongitudeDegrees>
                        </Position>
                        <AltitudeMeters>438.317138671875</AltitudeMeters>
                    </Trackpoint>
                    <Trackpoint>
                        <DistanceMeters>2254.7992973327637</DistanceMeters>
                        <Time>2022-05-07T14:10:10.103Z</Time>
                        <Position>
                            <LatitudeDegrees>30.52381134033203</LatitudeDegrees>
                            <LongitudeDegrees>104.05358123779297</LongitudeDegrees>
                        </Position>
                        <AltitudeMeters>437.84637451171875</AltitudeMeters>
                    </Trackpoint>
                    <Trackpoint>
                        <DistanceMeters>2254.7992973327637</DistanceMeters>
                        <Time>2022-05-07T14:10:10.785Z</Time>
                        <Position>
                            <LatitudeDegrees>30.523813247680664</LatitudeDegrees>
                            <LongitudeDegrees>104.0535888671875</LongitudeDegrees>
                        </Position>
                        <AltitudeMeters>437.84637451171875</AltitudeMeters>
                    </Trackpoint>
                    <Trackpoint>
                        <DistanceMeters>2254.7992973327637</DistanceMeters>
                        <Time>2022-05-07T14:10:11.339Z</Time>
                        <Position>
                            <LatitudeDegrees>30.523813247680664</LatitudeDegrees>
                            <LongitudeDegrees>104.05360412597656</LongitudeDegrees>
                        </Position>
                        <AltitudeMeters>437.84637451171875</AltitudeMeters>
                    </Trackpoint>
                    <Trackpoint>
                        <DistanceMeters>2254.7992973327637</DistanceMeters>
                        <Time>2022-05-07T14:10:12.785Z</Time>
                        <Position>
                            <LatitudeDegrees>30.523815155029297</LatitudeDegrees>
                            <LongitudeDegrees>104.05363464355469</LongitudeDegrees>
                        </Position>
                        <AltitudeMeters>437.69903564453125</AltitudeMeters>
                    </Trackpoint>
                    <Trackpoint>
                        <DistanceMeters>2254.7992973327637</DistanceMeters>
                        <Time>2022-05-07T14:10:13.492Z</Time>
                        <Position>
                            <LatitudeDegrees>30.523815155029297</LatitudeDegrees>
                            <LongitudeDegrees>104.05364990234375</LongitudeDegrees>
                        </Position>
                        <AltitudeMeters>437.69903564453125</AltitudeMeters>
                    </Trackpoint>
                    <Trackpoint>
                        <DistanceMeters>2254.7992973327637</DistanceMeters>
                        <Time>2022-05-07T14:10:14.146Z</Time>
                        <Position>
                            <LatitudeDegrees>30.523815155029297</LatitudeDegrees>
                            <LongitudeDegrees>104.05366516113281</LongitudeDegrees>
                        </Position>
                        <AltitudeMeters>437.7066650390625</AltitudeMeters>
                    </Trackpoint>
                    <Trackpoint>
                        <DistanceMeters>2254.7992973327637</DistanceMeters>
                        <Time>2022-05-07T14:10:15.084Z</Time>
                        <Position>
                            <LatitudeDegrees>30.523813247680664</LatitudeDegrees>
                            <LongitudeDegrees>104.0536880493164</LongitudeDegrees>
                        </Position>
                        <AltitudeMeters>437.7066650390625</AltitudeMeters>
                    </Trackpoint>
                    <Trackpoint>
                        <DistanceMeters>2254.7992973327637</DistanceMeters>
                        <Time>2022-05-07T14:10:15.659Z</Time>
                        <Position>
                            <LatitudeDegrees>30.523813247680664</LatitudeDegrees>
                            <LongitudeDegrees>104.05369567871094</LongitudeDegrees>
                        </Position>
                        <AltitudeMeters>437.43414306640625</AltitudeMeters>
                    </Trackpoint>
                    <Trackpoint>
                        <DistanceMeters>2254.7992973327637</DistanceMeters>
                        <Time>2022-05-07T14:10:16.425Z</Time>
                        <Position>
                            <LatitudeDegrees>30.523813247680664</LatitudeDegrees>
                            <LongitudeDegrees>104.0537109375</LongitudeDegrees>
                        </Position>
                        <AltitudeMeters>437.43414306640625</AltitudeMeters>
                    </Trackpoint>
                    <Trackpoint>
                        <DistanceMeters>2254.7992973327637</DistanceMeters>
                        <Time>2022-05-07T14:10:17.088Z</Time>
                        <Position>
                            <LatitudeDegrees>30.523815155029297</LatitudeDegrees>
                            <LongitudeDegrees>104.05372619628906</LongitudeDegrees>
                        </Position>
                        <AltitudeMeters>437.43414306640625</AltitudeMeters>
                    </Trackpoint>
                    <Trackpoint>
                        <DistanceMeters>2254.7992973327637</DistanceMeters>
                        <Time>2022-05-07T14:10:18.447Z</Time>
                        <Position>
                            <LatitudeDegrees>30.52381706237793</LatitudeDegrees>
                            <LongitudeDegrees>104.05374908447266</LongitudeDegrees>
                        </Position>
                        <AltitudeMeters>437.5726318359375</AltitudeMeters>
                    </Trackpoint>
                    <Trackpoint>
                        <DistanceMeters>2254.7992973327637</DistanceMeters>
                        <Time>2022-05-07T14:10:19.164Z</Time>
                        <Position>
                            <LatitudeDegrees>30.52381706237793</LatitudeDegrees>
                            <LongitudeDegrees>104.05376434326172</LongitudeDegrees>
                        </Position>
                        <AltitudeMeters>437.5726318359375</AltitudeMeters>
                    </Trackpoint>
                    <Trackpoint>
                        <DistanceMeters>2254.7992973327637</DistanceMeters>
                        <Time>2022-05-07T14:10:20.484Z</Time>
                        <Position>
                            <LatitudeDegrees>30.523818969726562</LatitudeDegrees>
                            <LongitudeDegrees>104.05379486083984</LongitudeDegrees>
                        </Position>
                        <AltitudeMeters>437.40179443359375</AltitudeMeters>
                    </Trackpoint>
                    <Trackpoint>
                        <DistanceMeters>2254.7992973327637</DistanceMeters>
                        <Time>2022-05-07T14:10:21.540Z</Time>
                        <Position>
                            <LatitudeDegrees>30.52381706237793</LatitudeDegrees>
                            <LongitudeDegrees>104.05381774902344</LongitudeDegrees>
                        </Position>
                        <AltitudeMeters>437.40179443359375</AltitudeMeters>
                    </Trackpoint>
                    <Trackpoint>
                        <DistanceMeters>2254.7992973327637</DistanceMeters>
                        <Time>2022-05-07T14:10:22.458Z</Time>
                        <Position>
                            <LatitudeDegrees>30.523815155029297</LatitudeDegrees>
                            <LongitudeDegrees>104.0538330078125</LongitudeDegrees>
                        </Position>
                        <AltitudeMeters>437.2564697265625</AltitudeMeters>
                    </Trackpoint>
                    <Trackpoint>
                        <DistanceMeters>2254.7992973327637</DistanceMeters>
                        <Time>2022-05-07T14:10:23.659Z</Time>
                        <Position>
                            <LatitudeDegrees>30.523813247680664</LatitudeDegrees>
                            <LongitudeDegrees>104.0538558959961</LongitudeDegrees>
                        </Position>
                        <AltitudeMeters>437.3076171875</AltitudeMeters>
                    </Trackpoint>
                    <Trackpoint>
                        <DistanceMeters>2254.7992973327637</DistanceMeters>
                        <Time>2022-05-07T14:10:24.221Z</Time>
                        <Position>
                            <LatitudeDegrees>30.52381134033203</LatitudeDegrees>
                            <LongitudeDegrees>104.05387115478516</LongitudeDegrees>
                        </Position>
                        <AltitudeMeters>437.3076171875</AltitudeMeters>
                    </Trackpoint>
                    <Trackpoint>
                        <DistanceMeters>2254.7992973327637</DistanceMeters>
                        <Time>2022-05-07T14:10:25.141Z</Time>
                        <Position>
                            <LatitudeDegrees>30.52381134033203</LatitudeDegrees>
                            <LongitudeDegrees>104.05388641357422</LongitudeDegrees>
                        </Position>
                        <AltitudeMeters>437.3076171875</AltitudeMeters>
                    </Trackpoint>
                    <Trackpoint>
                        <DistanceMeters>2254.7992973327637</DistanceMeters>
                        <Time>2022-05-07T14:10:25.860Z</Time>
                        <Position>
                            <LatitudeDegrees>30.5238094329834</LatitudeDegrees>
                            <LongitudeDegrees>104.05389404296875</LongitudeDegrees>
                        </Position>
                        <AltitudeMeters>437.6839599609375</AltitudeMeters>
                    </Trackpoint>
                    <Trackpoint>
                        <DistanceMeters>2254.7992973327637</DistanceMeters>
                        <Time>2022-05-07T14:10:26.480Z</Time>
                        <Position>
                            <LatitudeDegrees>30.523807525634766</LatitudeDegrees>
                            <LongitudeDegrees>104.05390930175781</LongitudeDegrees>
                        </Position>
                        <AltitudeMeters>437.6839599609375</AltitudeMeters>
                    </Trackpoint>
                    <Trackpoint>
                        <DistanceMeters>2254.7992973327637</DistanceMeters>
                        <Time>2022-05-07T14:10:27.140Z</Time>
                        <Position>
                            <LatitudeDegrees>30.523805618286133</LatitudeDegrees>
                            <LongitudeDegrees>104.05392456054688</LongitudeDegrees>
                        </Position>
                        <AltitudeMeters>437.6839599609375</AltitudeMeters>
                    </Trackpoint>
                    <Trackpoint>
                        <DistanceMeters>2254.7992973327637</DistanceMeters>
                        <Time>2022-05-07T14:10:27.659Z</Time>
                        <Position>
                            <LatitudeDegrees>30.5238037109375</LatitudeDegrees>
                            <LongitudeDegrees>104.0539321899414</LongitudeDegrees>
                        </Position>
                        <AltitudeMeters>438.001708984375</AltitudeMeters>
                    </Trackpoint>
                    <Trackpoint>
                        <DistanceMeters>2254.7992973327637</DistanceMeters>
                        <Time>2022-05-07T14:10:28.206Z</Time>
                        <Position>
                            <LatitudeDegrees>30.523801803588867</LatitudeDegrees>
                            <LongitudeDegrees>104.05393981933594</LongitudeDegrees>
                        </Position>
                        <AltitudeMeters>438.001708984375</AltitudeMeters>
                    </Trackpoint>
                    <Trackpoint>
                        <DistanceMeters>2254.7992973327637</DistanceMeters>
                        <Time>2022-05-07T14:10:28.869Z</Time>
                        <Position>
                            <LatitudeDegrees>30.523799896240234</LatitudeDegrees>
                            <LongitudeDegrees>104.053955078125</LongitudeDegrees>
                        </Position>
                        <AltitudeMeters>438.001708984375</AltitudeMeters>
                    </Trackpoint>
                    <Trackpoint>
                        <DistanceMeters>2254.7992973327637</DistanceMeters>
                        <Time>2022-05-07T14:10:29.509Z</Time>
                        <Position>
                            <LatitudeDegrees>30.5237979888916</LatitudeDegrees>
                            <LongitudeDegrees>104.05396270751953</LongitudeDegrees>
                        </Position>
                        <AltitudeMeters>438.001708984375</AltitudeMeters>
                    </Trackpoint>
                    <Trackpoint>
                        <DistanceMeters>2313.070713043213</DistanceMeters>
                        <Time>2022-05-07T14:10:30.138Z</Time>
                        <Position>
                            <LatitudeDegrees>30.52379608154297</LatitudeDegrees>
                            <LongitudeDegrees>104.0539779663086</LongitudeDegrees>
                        </Position>
                        <AltitudeMeters>437.8638916015625</AltitudeMeters>
                    </Trackpoint>
                    <Trackpoint>
                        <DistanceMeters>2313.070713043213</DistanceMeters>
                        <Time>2022-05-07T14:10:30.838Z</Time>
                        <Position>
                            <LatitudeDegrees>30.523792266845703</LatitudeDegrees>
                            <LongitudeDegrees>104.05399322509766</LongitudeDegrees>
                        </Position>
                        <AltitudeMeters>437.8638916015625</AltitudeMeters>
                    </Trackpoint>
                    <Trackpoint>
                        <DistanceMeters>2313.070713043213</DistanceMeters>
                        <Time>2022-05-07T14:10:31.659Z</Time>
                        <Position>
                            <LatitudeDegrees>30.52379035949707</LatitudeDegrees>
                            <LongitudeDegrees>104.05400848388672</LongitudeDegrees>
                        </Position>
                        <AltitudeMeters>437.69921875</AltitudeMeters>
                    </Trackpoint>
                    <Trackpoint>
                        <DistanceMeters>2313.070713043213</DistanceMeters>
                        <Time>2022-05-07T14:10:32.420Z</Time>
                        <Position>
                            <LatitudeDegrees>30.523788452148438</LatitudeDegrees>
                            <LongitudeDegrees>104.05402374267578</LongitudeDegrees>
                        </Position>
                        <AltitudeMeters>437.69921875</AltitudeMeters>
                    </Trackpoint>
                    <Trackpoint>
                        <DistanceMeters>2313.070713043213</DistanceMeters>
                        <Time>2022-05-07T14:10:33.127Z</Time>
                        <Position>
                            <LatitudeDegrees>30.523788452148438</LatitudeDegrees>
                            <LongitudeDegrees>104.05403137207031</LongitudeDegrees>
                        </Position>
                        <AltitudeMeters>437.69921875</AltitudeMeters>
                    </Trackpoint>
                    <Trackpoint>
                        <DistanceMeters>2313.070713043213</DistanceMeters>
                        <Time>2022-05-07T14:10:34.144Z</Time>
                        <Position>
                            <LatitudeDegrees>30.523788452148438</LatitudeDegrees>
                            <LongitudeDegrees>104.0540542602539</LongitudeDegrees>
                        </Position>
                        <AltitudeMeters>437.6357421875</AltitudeMeters>
                    </Trackpoint>
                    <Trackpoint>
                        <DistanceMeters>2313.070713043213</DistanceMeters>
                        <Time>2022-05-07T14:10:35.081Z</Time>
                        <Position>
                            <LatitudeDegrees>30.523786544799805</LatitudeDegrees>
                            <LongitudeDegrees>104.05406951904297</LongitudeDegrees>
                        </Position>
                        <AltitudeMeters>437.6357421875</AltitudeMeters>
                    </Trackpoint>
                    <Trackpoint>
                        <DistanceMeters>2313.070713043213</DistanceMeters>
                        <Time>2022-05-07T14:10:35.659Z</Time>
                        <Position>
                            <LatitudeDegrees>30.523786544799805</LatitudeDegrees>
                            <LongitudeDegrees>104.05408477783203</LongitudeDegrees>
                        </Position>
                        <AltitudeMeters>437.80096435546875</AltitudeMeters>
                    </Trackpoint>
                    <Trackpoint>
                        <DistanceMeters>2313.070713043213</DistanceMeters>
                        <Time>2022-05-07T14:10:36.827Z</Time>
                        <Position>
                            <LatitudeDegrees>30.523784637451172</LatitudeDegrees>
                            <LongitudeDegrees>104.05410766601562</LongitudeDegrees>
                        </Position>
                        <AltitudeMeters>437.80096435546875</AltitudeMeters>
                    </Trackpoint>
                    <Trackpoint>
                        <DistanceMeters>2313.070713043213</DistanceMeters>
                        <Time>2022-05-07T14:10:37.470Z</Time>
                        <Position>
                            <LatitudeDegrees>30.52378273010254</LatitudeDegrees>
                            <LongitudeDegrees>104.05412292480469</LongitudeDegrees>
                        </Position>
                        <AltitudeMeters>437.80096435546875</AltitudeMeters>
                    </Trackpoint>
                    <Trackpoint>
                        <DistanceMeters>2313.070713043213</DistanceMeters>
                        <Time>2022-05-07T14:10:38.145Z</Time>
                        <Position>
                            <LatitudeDegrees>30.523778915405273</LatitudeDegrees>
                            <LongitudeDegrees>104.05413818359375</LongitudeDegrees>
                        </Position>
                        <AltitudeMeters>438.47015380859375</AltitudeMeters>
                    </Trackpoint>
                    <Trackpoint>
                        <DistanceMeters>2313.070713043213</DistanceMeters>
                        <Time>2022-05-07T14:10:38.719Z</Time>
                        <Position>
                            <LatitudeDegrees>30.523775100708008</LatitudeDegrees>
                            <LongitudeDegrees>104.05414581298828</LongitudeDegrees>
                        </Position>
                        <AltitudeMeters>438.47015380859375</AltitudeMeters>
                    </Trackpoint>
                    <Trackpoint>
                        <DistanceMeters>2313.070713043213</DistanceMeters>
                        <Time>2022-05-07T14:10:39.366Z</Time>
                        <Position>
                            <LatitudeDegrees>30.523771286010742</LatitudeDegrees>
                            <LongitudeDegrees>104.05416107177734</LongitudeDegrees>
                        </Position>
                        <AltitudeMeters>438.47015380859375</AltitudeMeters>
                    </Trackpoint>
                    <Trackpoint>
                        <DistanceMeters>2313.070713043213</DistanceMeters>
                        <Time>2022-05-07T14:10:40.339Z</Time>
                        <Position>
                            <LatitudeDegrees>30.523767471313477</LatitudeDegrees>
                            <LongitudeDegrees>104.05418395996094</LongitudeDegrees>
                        </Position>
                        <AltitudeMeters>438.45947265625</AltitudeMeters>
                    </Trackpoint>
                    <Trackpoint>
                        <DistanceMeters>2313.070713043213</DistanceMeters>
                        <Time>2022-05-07T14:10:41.001Z</Time>
                        <Position>
                            <LatitudeDegrees>30.52376365661621</LatitudeDegrees>
                            <LongitudeDegrees>104.05419921875</LongitudeDegrees>
                        </Position>
                        <AltitudeMeters>438.45947265625</AltitudeMeters>
                    </Trackpoint>
                    <Trackpoint>
                        <DistanceMeters>2313.070713043213</DistanceMeters>
                        <Time>2022-05-07T14:10:42.103Z</Time>
                        <Position>
                            <LatitudeDegrees>30.523757934570312</LatitudeDegrees>
                            <LongitudeDegrees>104.05421447753906</LongitudeDegrees>
                        </Position>
                        <AltitudeMeters>438.55865478515625</AltitudeMeters>
                    </Trackpoint>
                    <Trackpoint>
                        <DistanceMeters>2313.070713043213</DistanceMeters>
                        <Time>2022-05-07T14:10:42.763Z</Time>
                        <Position>
                            <LatitudeDegrees>30.523752212524414</LatitudeDegrees>
                            <LongitudeDegrees>104.05422973632812</LongitudeDegrees>
                        </Position>
                        <AltitudeMeters>438.55865478515625</AltitudeMeters>
                    </Trackpoint>
                    <Trackpoint>
                        <DistanceMeters>2313.070713043213</DistanceMeters>
                        <Time>2022-05-07T14:10:43.659Z</Time>
                        <Position>
                            <LatitudeDegrees>30.523746490478516</LatitudeDegrees>
                            <LongitudeDegrees>104.05424499511719</LongitudeDegrees>
                        </Position>
                        <AltitudeMeters>438.671142578125</AltitudeMeters>
                    </Trackpoint>
                    <Trackpoint>
                        <DistanceMeters>2313.070713043213</DistanceMeters>
                        <Time>2022-05-07T14:10:44.451Z</Time>
                        <Position>
                            <LatitudeDegrees>30.52374267578125</LatitudeDegrees>
                            <LongitudeDegrees>104.05426025390625</LongitudeDegrees>
                        </Position>
                        <AltitudeMeters>438.671142578125</AltitudeMeters>
                    </Trackpoint>
                    <Trackpoint>
                        <DistanceMeters>2313.070713043213</DistanceMeters>
                        <Time>2022-05-07T14:10:45.149Z</Time>
                        <Position>
                            <LatitudeDegrees>30.523738861083984</LatitudeDegrees>
                            <LongitudeDegrees>104.05426788330078</LongitudeDegrees>
                        </Position>
                        <AltitudeMeters>438.671142578125</AltitudeMeters>
                    </Trackpoint>
                    <Trackpoint>
                        <DistanceMeters>2313.070713043213</DistanceMeters>
                        <Time>2022-05-07T14:10:46.106Z</Time>
                        <Position>
                            <LatitudeDegrees>30.52373504638672</LatitudeDegrees>
                            <LongitudeDegrees>104.05428314208984</LongitudeDegrees>
                        </Position>
                        <AltitudeMeters>438.88922119140625</AltitudeMeters>
                    </Trackpoint>
                    <Trackpoint>
                        <DistanceMeters>2313.070713043213</DistanceMeters>
                        <Time>2022-05-07T14:10:47.081Z</Time>
                        <Position>
                            <LatitudeDegrees>30.523731231689453</LatitudeDegrees>
                            <LongitudeDegrees>104.05430603027344</LongitudeDegrees>
                        </Position>
                        <AltitudeMeters>438.88922119140625</AltitudeMeters>
                    </Trackpoint>
                    <Trackpoint>
                        <DistanceMeters>2313.070713043213</DistanceMeters>
                        <Time>2022-05-07T14:10:47.659Z</Time>
                        <Position>
                            <LatitudeDegrees>30.52372932434082</LatitudeDegrees>
                            <LongitudeDegrees>104.0543212890625</LongitudeDegrees>
                        </Position>
                        <AltitudeMeters>438.78900146484375</AltitudeMeters>
                    </Trackpoint>
                    <Trackpoint>
                        <DistanceMeters>2313.070713043213</DistanceMeters>
                        <Time>2022-05-07T14:10:48.204Z</Time>
                        <Position>
                            <LatitudeDegrees>30.523725509643555</LatitudeDegrees>
                            <LongitudeDegrees>104.05432891845703</LongitudeDegrees>
                        </Position>
                        <AltitudeMeters>438.78900146484375</AltitudeMeters>
                    </Trackpoint>
                    <Trackpoint>
                        <DistanceMeters>2313.070713043213</DistanceMeters>
                        <Time>2022-05-07T14:10:48.826Z</Time>
                        <Position>
                            <LatitudeDegrees>30.52372169494629</LatitudeDegrees>
                            <LongitudeDegrees>104.0543441772461</LongitudeDegrees>
                        </Position>
                        <AltitudeMeters>438.78900146484375</AltitudeMeters>
                    </Trackpoint>
                    <Trackpoint>
                        <DistanceMeters>2313.070713043213</DistanceMeters>
                        <Time>2022-05-07T14:10:49.543Z</Time>
                        <Position>
                            <LatitudeDegrees>30.52371597290039</LatitudeDegrees>
                            <LongitudeDegrees>104.05435180664062</LongitudeDegrees>
                        </Position>
                        <AltitudeMeters>438.78900146484375</AltitudeMeters>
                    </Trackpoint>
                    <Trackpoint>
                        <DistanceMeters>2313.070713043213</DistanceMeters>
                        <Time>2022-05-07T14:10:50.205Z</Time>
                        <Position>
                            <LatitudeDegrees>30.523710250854492</LatitudeDegrees>
                            <LongitudeDegrees>104.05436706542969</LongitudeDegrees>
                        </Position>
                        <AltitudeMeters>438.59375</AltitudeMeters>
                    </Trackpoint>
                    <Trackpoint>
                        <DistanceMeters>2313.070713043213</DistanceMeters>
                        <Time>2022-05-07T14:10:51.219Z</Time>
                        <Position>
                            <LatitudeDegrees>30.52370262145996</LatitudeDegrees>
                            <LongitudeDegrees>104.05437469482422</LongitudeDegrees>
                        </Position>
                        <AltitudeMeters>438.59375</AltitudeMeters>
                    </Trackpoint>
                    <Trackpoint>
                        <DistanceMeters>2313.070713043213</DistanceMeters>
                        <Time>2022-05-07T14:10:52.225Z</Time>
                        <Position>
                            <LatitudeDegrees>30.523693084716797</LatitudeDegrees>
                            <LongitudeDegrees>104.05439758300781</LongitudeDegrees>
                        </Position>
                        <AltitudeMeters>438.865234375</AltitudeMeters>
                    </Trackpoint>
                    <Trackpoint>
                        <DistanceMeters>2313.070713043213</DistanceMeters>
                        <Time>2022-05-07T14:10:52.905Z</Time>
                        <Position>
                            <LatitudeDegrees>30.5236873626709</LatitudeDegrees>
                            <LongitudeDegrees>104.05440521240234</LongitudeDegrees>
                        </Position>
                        <AltitudeMeters>438.865234375</AltitudeMeters>
                    </Trackpoint>
                    <Trackpoint>
                        <DistanceMeters>2313.070713043213</DistanceMeters>
                        <Time>2022-05-07T14:10:53.604Z</Time>
                        <Position>
                            <LatitudeDegrees>30.523683547973633</LatitudeDegrees>
                            <LongitudeDegrees>104.0544204711914</LongitudeDegrees>
                        </Position>
                        <AltitudeMeters>438.865234375</AltitudeMeters>
                    </Trackpoint>
                    <Trackpoint>
                        <DistanceMeters>2313.070713043213</DistanceMeters>
                        <Time>2022-05-07T14:10:54.277Z</Time>
                        <Position>
                            <LatitudeDegrees>30.523677825927734</LatitudeDegrees>
                            <LongitudeDegrees>104.05442810058594</LongitudeDegrees>
                        </Position>
                        <AltitudeMeters>438.769775390625</AltitudeMeters>
                    </Trackpoint>
                    <Trackpoint>
                        <DistanceMeters>2313.070713043213</DistanceMeters>
                        <Time>2022-05-07T14:10:54.945Z</Time>
                        <Position>
                            <LatitudeDegrees>30.523672103881836</LatitudeDegrees>
                            <LongitudeDegrees>104.054443359375</LongitudeDegrees>
                        </Position>
                        <AltitudeMeters>438.769775390625</AltitudeMeters>
                    </Trackpoint>
                    <Trackpoint>
                        <DistanceMeters>2313.070713043213</DistanceMeters>
                        <Time>2022-05-07T14:10:55.658Z</Time>
                        <Position>
                            <LatitudeDegrees>30.523666381835938</LatitudeDegrees>
                            <LongitudeDegrees>104.05445861816406</LongitudeDegrees>
                        </Position>
                        <AltitudeMeters>438.302978515625</AltitudeMeters>
                    </Trackpoint>
                    <Trackpoint>
                        <DistanceMeters>2313.070713043213</DistanceMeters>
                        <Time>2022-05-07T14:10:56.569Z</Time>
                        <Position>
                            <LatitudeDegrees>30.523658752441406</LatitudeDegrees>
                            <LongitudeDegrees>104.05447387695312</LongitudeDegrees>
                        </Position>
                        <AltitudeMeters>438.302978515625</AltitudeMeters>
                    </Trackpoint>
                    <Trackpoint>
                        <DistanceMeters>2313.070713043213</DistanceMeters>
                        <Time>2022-05-07T14:10:57.659Z</Time>
                        <Position>
                            <LatitudeDegrees>30.523653030395508</LatitudeDegrees>
                            <LongitudeDegrees>104.05448913574219</LongitudeDegrees>
                        </Position>
                        <AltitudeMeters>438.27490234375</AltitudeMeters>
                    </Trackpoint>
                    <Trackpoint>
                        <DistanceMeters>2313.070713043213</DistanceMeters>
                        <Time>2022-05-07T14:10:58.621Z</Time>
                        <Position>
                            <LatitudeDegrees>30.523643493652344</LatitudeDegrees>
                            <LongitudeDegrees>104.05451202392578</LongitudeDegrees>
                        </Position>
                        <AltitudeMeters>438.27490234375</AltitudeMeters>
                    </Trackpoint>
                    <Trackpoint>
                        <DistanceMeters>2313.070713043213</DistanceMeters>
                        <Time>2022-05-07T14:10:59.659Z</Time>
                        <Position>
                            <LatitudeDegrees>30.523632049560547</LatitudeDegrees>
                            <LongitudeDegrees>104.05452728271484</LongitudeDegrees>
                        </Position>
                        <AltitudeMeters>438.16180419921875</AltitudeMeters>
                    </Trackpoint>
                    <Trackpoint>
                        <DistanceMeters>2374.491756439209</DistanceMeters>
                        <Time>2022-05-07T14:11:00.309Z</Time>
                        <Position>
                            <LatitudeDegrees>30.523624420166016</LatitudeDegrees>
                            <LongitudeDegrees>104.0545425415039</LongitudeDegrees>
                        </Position>
                        <AltitudeMeters>438.16180419921875</AltitudeMeters>
                    </Trackpoint>
                    <Trackpoint>
                        <DistanceMeters>2374.491756439209</DistanceMeters>
                        <Time>2022-05-07T14:11:01.103Z</Time>
                        <Position>
                            <LatitudeDegrees>30.52361488342285</LatitudeDegrees>
                            <LongitudeDegrees>104.05455017089844</LongitudeDegrees>
                        </Position>
                        <AltitudeMeters>438.16180419921875</AltitudeMeters>
                    </Trackpoint>
                    <Trackpoint>
                        <DistanceMeters>2374.491756439209</DistanceMeters>
                        <Time>2022-05-07T14:11:01.659Z</Time>
                        <Position>
                            <LatitudeDegrees>30.523609161376953</LatitudeDegrees>
                            <LongitudeDegrees>104.0545654296875</LongitudeDegrees>
                        </Position>
                        <AltitudeMeters>437.79541015625</AltitudeMeters>
                    </Trackpoint>
                    <Trackpoint>
                        <DistanceMeters>2374.491756439209</DistanceMeters>
                        <Time>2022-05-07T14:11:02.424Z</Time>
                        <Position>
                            <LatitudeDegrees>30.523601531982422</LatitudeDegrees>
                            <LongitudeDegrees>104.05457305908203</LongitudeDegrees>
                        </Position>
                        <AltitudeMeters>437.79541015625</AltitudeMeters>
                    </Trackpoint>
                    <Trackpoint>
                        <DistanceMeters>2374.491756439209</DistanceMeters>
                        <Time>2022-05-07T14:11:03.348Z</Time>
                        <Position>
                            <LatitudeDegrees>30.523595809936523</LatitudeDegrees>
                            <LongitudeDegrees>104.0545883178711</LongitudeDegrees>
                        </Position>
                        <AltitudeMeters>437.79541015625</AltitudeMeters>
                    </Trackpoint>
                    <Trackpoint>
                        <DistanceMeters>2374.491756439209</DistanceMeters>
                        <Time>2022-05-07T14:11:04.387Z</Time>
                        <Position>
                            <LatitudeDegrees>30.523590087890625</LatitudeDegrees>
                            <LongitudeDegrees>104.05460357666016</LongitudeDegrees>
                        </Position>
                        <AltitudeMeters>437.705078125</AltitudeMeters>
                    </Trackpoint>
                    <Trackpoint>
                        <DistanceMeters>2374.491756439209</DistanceMeters>
                        <Time>2022-05-07T14:11:05.070Z</Time>
                        <Position>
                            <LatitudeDegrees>30.523582458496094</LatitudeDegrees>
                            <LongitudeDegrees>104.05461883544922</LongitudeDegrees>
                        </Position>
                        <AltitudeMeters>437.705078125</AltitudeMeters>
                    </Trackpoint>
                    <Trackpoint>
                        <DistanceMeters>2374.491756439209</DistanceMeters>
                        <Time>2022-05-07T14:11:05.659Z</Time>
                        <Position>
                            <LatitudeDegrees>30.523574829101562</LatitudeDegrees>
                            <LongitudeDegrees>104.05462646484375</LongitudeDegrees>
                        </Position>
                        <AltitudeMeters>437.46923828125</AltitudeMeters>
                    </Trackpoint>
                    <Trackpoint>
                        <DistanceMeters>2374.491756439209</DistanceMeters>
                        <Time>2022-05-07T14:11:06.787Z</Time>
                        <Position>
                            <LatitudeDegrees>30.523557662963867</LatitudeDegrees>
                            <LongitudeDegrees>104.05464172363281</LongitudeDegrees>
                        </Position>
                        <AltitudeMeters>437.46923828125</AltitudeMeters>
                    </Trackpoint>
                    <Trackpoint>
                        <DistanceMeters>2374.491756439209</DistanceMeters>
                        <Time>2022-05-07T14:11:07.424Z</Time>
                        <Position>
                            <LatitudeDegrees>30.523548126220703</LatitudeDegrees>
                            <LongitudeDegrees>104.05464935302734</LongitudeDegrees>
                        </Position>
                        <AltitudeMeters>437.46923828125</AltitudeMeters>
                    </Trackpoint>
                    <Trackpoint>
                        <DistanceMeters>2374.491756439209</DistanceMeters>
                        <Time>2022-05-07T14:11:08.086Z</Time>
                        <Position>
                            <LatitudeDegrees>30.523536682128906</LatitudeDegrees>
                            <LongitudeDegrees>104.05465698242188</LongitudeDegrees>
                        </Position>
                        <AltitudeMeters>437.5780029296875</AltitudeMeters>
                    </Trackpoint>
                    <Trackpoint>
                        <DistanceMeters>2374.491756439209</DistanceMeters>
                        <Time>2022-05-07T14:11:08.768Z</Time>
                        <Position>
                            <LatitudeDegrees>30.523530960083008</LatitudeDegrees>
                            <LongitudeDegrees>104.0546646118164</LongitudeDegrees>
                        </Position>
                        <AltitudeMeters>437.5780029296875</AltitudeMeters>
                    </Trackpoint>
                    <Trackpoint>
                        <DistanceMeters>2374.491756439209</DistanceMeters>
                        <Time>2022-05-07T14:11:09.466Z</Time>
                        <Position>
                            <LatitudeDegrees>30.523521423339844</LatitudeDegrees>
                            <LongitudeDegrees>104.05467987060547</LongitudeDegrees>
                        </Position>
                        <AltitudeMeters>437.5780029296875</AltitudeMeters>
                    </Trackpoint>
                    <Trackpoint>
                        <DistanceMeters>2374.491756439209</DistanceMeters>
                        <Time>2022-05-07T14:11:10.463Z</Time>
                        <Position>
                            <LatitudeDegrees>30.523509979248047</LatitudeDegrees>
                            <LongitudeDegrees>104.05469512939453</LongitudeDegrees>
                        </Position>
                        <AltitudeMeters>437.0093994140625</AltitudeMeters>
                    </Trackpoint>
                    <Trackpoint>
                        <DistanceMeters>2374.491756439209</DistanceMeters>
                        <Time>2022-05-07T14:11:11.450Z</Time>
                        <Position>
                            <LatitudeDegrees>30.523496627807617</LatitudeDegrees>
                            <LongitudeDegrees>104.0547103881836</LongitudeDegrees>
                        </Position>
                        <AltitudeMeters>437.0093994140625</AltitudeMeters>
                    </Trackpoint>
                    <Trackpoint>
                        <DistanceMeters>2374.491756439209</DistanceMeters>
                        <Time>2022-05-07T14:11:12.482Z</Time>
                        <Position>
                            <LatitudeDegrees>30.523479461669922</LatitudeDegrees>
                            <LongitudeDegrees>104.05472564697266</LongitudeDegrees>
                        </Position>
                        <AltitudeMeters>436.4163818359375</AltitudeMeters>
                    </Trackpoint>
                    <Trackpoint>
                        <DistanceMeters>2374.491756439209</DistanceMeters>
                        <Time>2022-05-07T14:11:13.066Z</Time>
                        <Position>
                            <LatitudeDegrees>30.523469924926758</LatitudeDegrees>
                            <LongitudeDegrees>104.05473327636719</LongitudeDegrees>
                        </Position>
                        <AltitudeMeters>436.4163818359375</AltitudeMeters>
                    </Trackpoint>
                    <Trackpoint>
                        <DistanceMeters>2374.491756439209</DistanceMeters>
                        <Time>2022-05-07T14:11:13.659Z</Time>
                        <Position>
                            <LatitudeDegrees>30.52345848083496</LatitudeDegrees>
                            <LongitudeDegrees>104.05474090576172</LongitudeDegrees>
                        </Position>
                        <AltitudeMeters>436.58831787109375</AltitudeMeters>
                    </Trackpoint>
                    <Trackpoint>
                        <DistanceMeters>2374.491756439209</DistanceMeters>
                        <Time>2022-05-07T14:11:14.387Z</Time>
                        <Position>
                            <LatitudeDegrees>30.523447036743164</LatitudeDegrees>
                            <LongitudeDegrees>104.05474853515625</LongitudeDegrees>
                        </Position>
                        <AltitudeMeters>436.58831787109375</AltitudeMeters>
                    </Trackpoint>
                    <Trackpoint>
                        <DistanceMeters>2374.491756439209</DistanceMeters>
                        <Time>2022-05-07T14:11:15.659Z</Time>
                        <Position>
                            <LatitudeDegrees>30.523422241210938</LatitudeDegrees>
                            <LongitudeDegrees>104.05475616455078</LongitudeDegrees>
                        </Position>
                        <AltitudeMeters>436.653564453125</AltitudeMeters>
                    </Trackpoint>
                    <Trackpoint>
                        <DistanceMeters>2374.491756439209</DistanceMeters>
                        <Time>2022-05-07T14:11:16.445Z</Time>
                        <Position>
                            <LatitudeDegrees>30.523406982421875</LatitudeDegrees>
                            <LongitudeDegrees>104.05476379394531</LongitudeDegrees>
                        </Position>
                        <AltitudeMeters>436.653564453125</AltitudeMeters>
                    </Trackpoint>
                    <Trackpoint>
                        <DistanceMeters>2374.491756439209</DistanceMeters>
                        <Time>2022-05-07T14:11:17.332Z</Time>
                        <Position>
                            <LatitudeDegrees>30.523393630981445</LatitudeDegrees>
                            <LongitudeDegrees>104.05477905273438</LongitudeDegrees>
                        </Position>
                        <AltitudeMeters>436.653564453125</AltitudeMeters>
                    </Trackpoint>
                    <Trackpoint>
                        <DistanceMeters>2374.491756439209</DistanceMeters>
                        <Time>2022-05-07T14:11:18.048Z</Time>
                        <Position>
                            <LatitudeDegrees>30.523380279541016</LatitudeDegrees>
                            <LongitudeDegrees>104.0547866821289</LongitudeDegrees>
                        </Position>
                        <AltitudeMeters>436.6612548828125</AltitudeMeters>
                    </Trackpoint>
                    <Trackpoint>
                        <DistanceMeters>2374.491756439209</DistanceMeters>
                        <Time>2022-05-07T14:11:18.725Z</Time>
                        <Position>
                            <LatitudeDegrees>30.52337074279785</LatitudeDegrees>
                            <LongitudeDegrees>104.05479431152344</LongitudeDegrees>
                        </Position>
                        <AltitudeMeters>436.6612548828125</AltitudeMeters>
                    </Trackpoint>
                    <Trackpoint>
                        <DistanceMeters>2374.491756439209</DistanceMeters>
                        <Time>2022-05-07T14:11:19.366Z</Time>
                        <Position>
                            <LatitudeDegrees>30.523361206054688</LatitudeDegrees>
                            <LongitudeDegrees>104.05480194091797</LongitudeDegrees>
                        </Position>
                        <AltitudeMeters>436.6612548828125</AltitudeMeters>
                    </Trackpoint>
                    <Trackpoint>
                        <DistanceMeters>2374.491756439209</DistanceMeters>
                        <Time>2022-05-07T14:11:20.401Z</Time>
                        <Position>
                            <LatitudeDegrees>30.523344039916992</LatitudeDegrees>
                            <LongitudeDegrees>104.05481719970703</LongitudeDegrees>
                        </Position>
                        <AltitudeMeters>436.64459228515625</AltitudeMeters>
                    </Trackpoint>
                    <Trackpoint>
                        <DistanceMeters>2374.491756439209</DistanceMeters>
                        <Time>2022-05-07T14:11:21.121Z</Time>
                        <Position>
                            <LatitudeDegrees>30.523332595825195</LatitudeDegrees>
                            <LongitudeDegrees>104.05482482910156</LongitudeDegrees>
                        </Position>
                        <AltitudeMeters>436.64459228515625</AltitudeMeters>
                    </Trackpoint>
                    <Trackpoint>
                        <DistanceMeters>2374.491756439209</DistanceMeters>
                        <Time>2022-05-07T14:11:23.407Z</Time>
                        <Position>
                            <LatitudeDegrees>30.523296356201172</LatitudeDegrees>
                            <LongitudeDegrees>104.05484771728516</LongitudeDegrees>
                        </Position>
                        <AltitudeMeters>436.8035888671875</AltitudeMeters>
                    </Trackpoint>
                    <Trackpoint>
                        <DistanceMeters>2374.491756439209</DistanceMeters>
                        <Time>2022-05-07T14:11:25.503Z</Time>
                        <Position>
                            <LatitudeDegrees>30.523263931274414</LatitudeDegrees>
                            <LongitudeDegrees>104.05487060546875</LongitudeDegrees>
                        </Position>
                        <AltitudeMeters>436.902587890625</AltitudeMeters>
                    </Trackpoint>
                    <Trackpoint>
                        <DistanceMeters>2374.491756439209</DistanceMeters>
                        <Time>2022-05-07T14:11:27.659Z</Time>
                        <Position>
                            <LatitudeDegrees>30.523231506347656</LatitudeDegrees>
                            <LongitudeDegrees>104.05488586425781</LongitudeDegrees>
                        </Position>
                        <AltitudeMeters>436.5860595703125</AltitudeMeters>
                    </Trackpoint>
                    <Trackpoint>
                        <DistanceMeters>2374.491756439209</DistanceMeters>
                        <Time>2022-05-07T14:11:28.762Z</Time>
                        <Position>
                            <LatitudeDegrees>30.523212432861328</LatitudeDegrees>
                            <LongitudeDegrees>104.05488586425781</LongitudeDegrees>
                        </Position>
                        <AltitudeMeters>436.5860595703125</AltitudeMeters>
                    </Trackpoint>
                    <Trackpoint>
                        <DistanceMeters>2374.491756439209</DistanceMeters>
                        <Time>2022-05-07T14:11:29.658Z</Time>
                        <Position>
                            <LatitudeDegrees>30.5231990814209</LatitudeDegrees>
                            <LongitudeDegrees>104.05488586425781</LongitudeDegrees>
                        </Position>
                        <AltitudeMeters>436.4393310546875</AltitudeMeters>
                    </Trackpoint>
                    <Trackpoint>
                        <DistanceMeters>2435.0854682922363</DistanceMeters>
                        <Time>2022-05-07T14:11:30.887Z</Time>
                        <Position>
                            <LatitudeDegrees>30.523178100585938</LatitudeDegrees>
                            <LongitudeDegrees>104.05489349365234</LongitudeDegrees>
                        </Position>
                        <AltitudeMeters>436.4393310546875</AltitudeMeters>
                    </Trackpoint>
                    <Trackpoint>
                        <DistanceMeters>2435.0854682922363</DistanceMeters>
                        <Time>2022-05-07T14:11:31.481Z</Time>
                        <Position>
                            <LatitudeDegrees>30.523168563842773</LatitudeDegrees>
                            <LongitudeDegrees>104.05489349365234</LongitudeDegrees>
                        </Position>
                        <AltitudeMeters>436.4393310546875</AltitudeMeters>
                    </Trackpoint>
                    <Trackpoint>
                        <DistanceMeters>2435.0854682922363</DistanceMeters>
                        <Time>2022-05-07T14:11:32.544Z</Time>
                        <Position>
                            <LatitudeDegrees>30.52315330505371</LatitudeDegrees>
                            <LongitudeDegrees>104.05489349365234</LongitudeDegrees>
                        </Position>
                        <AltitudeMeters>436.395751953125</AltitudeMeters>
                    </Trackpoint>
                    <Trackpoint>
                        <DistanceMeters>2435.0854682922363</DistanceMeters>
                        <Time>2022-05-07T14:11:33.204Z</Time>
                        <Position>
                            <LatitudeDegrees>30.523143768310547</LatitudeDegrees>
                            <LongitudeDegrees>104.05489349365234</LongitudeDegrees>
                        </Position>
                        <AltitudeMeters>436.395751953125</AltitudeMeters>
                    </Trackpoint>
                    <Trackpoint>
                        <DistanceMeters>2435.0854682922363</DistanceMeters>
                        <Time>2022-05-07T14:11:34.823Z</Time>
                        <Position>
                            <LatitudeDegrees>30.523115158081055</LatitudeDegrees>
                            <LongitudeDegrees>104.05490112304688</LongitudeDegrees>
                        </Position>
                        <AltitudeMeters>436.0374755859375</AltitudeMeters>
                    </Trackpoint>
                    <Trackpoint>
                        <DistanceMeters>2435.0854682922363</DistanceMeters>
                        <Time>2022-05-07T14:11:36.144Z</Time>
                        <Position>
                            <LatitudeDegrees>30.52309226989746</LatitudeDegrees>
                            <LongitudeDegrees>104.05490112304688</LongitudeDegrees>
                        </Position>
                        <AltitudeMeters>435.83001708984375</AltitudeMeters>
                    </Trackpoint>
                    <Trackpoint>
                        <DistanceMeters>2435.0854682922363</DistanceMeters>
                        <Time>2022-05-07T14:11:37.659Z</Time>
                        <Position>
                            <LatitudeDegrees>30.523067474365234</LatitudeDegrees>
                            <LongitudeDegrees>104.05490112304688</LongitudeDegrees>
                        </Position>
                        <AltitudeMeters>435.8116455078125</AltitudeMeters>
                    </Trackpoint>
                    <Trackpoint>
                        <DistanceMeters>2435.0854682922363</DistanceMeters>
                        <Time>2022-05-07T14:11:38.941Z</Time>
                        <Position>
                            <LatitudeDegrees>30.52304458618164</LatitudeDegrees>
                            <LongitudeDegrees>104.05490112304688</LongitudeDegrees>
                        </Position>
                        <AltitudeMeters>435.8116455078125</AltitudeMeters>
                    </Trackpoint>
                    <Trackpoint>
                        <DistanceMeters>2435.0854682922363</DistanceMeters>
                        <Time>2022-05-07T14:11:39.923Z</Time>
                        <Position>
                            <LatitudeDegrees>30.523027420043945</LatitudeDegrees>
                            <LongitudeDegrees>104.05489349365234</LongitudeDegrees>
                        </Position>
                        <AltitudeMeters>435.83056640625</AltitudeMeters>
                    </Trackpoint>
                    <Trackpoint>
                        <DistanceMeters>2435.0854682922363</DistanceMeters>
                        <Time>2022-05-07T14:11:40.580Z</Time>
                        <Position>
                            <LatitudeDegrees>30.523014068603516</LatitudeDegrees>
                            <LongitudeDegrees>104.05489349365234</LongitudeDegrees>
                        </Position>
                        <AltitudeMeters>435.83056640625</AltitudeMeters>
                    </Trackpoint>
                    <Trackpoint>
                        <DistanceMeters>2435.0854682922363</DistanceMeters>
                        <Time>2022-05-07T14:11:41.659Z</Time>
                        <Position>
                            <LatitudeDegrees>30.522993087768555</LatitudeDegrees>
                            <LongitudeDegrees>104.05489349365234</LongitudeDegrees>
                        </Position>
                        <AltitudeMeters>435.96563720703125</AltitudeMeters>
                    </Trackpoint>
                    <Trackpoint>
                        <DistanceMeters>2435.0854682922363</DistanceMeters>
                        <Time>2022-05-07T14:11:42.639Z</Time>
                        <Position>
                            <LatitudeDegrees>30.52297592163086</LatitudeDegrees>
                            <LongitudeDegrees>104.05488586425781</LongitudeDegrees>
                        </Position>
                        <AltitudeMeters>435.96563720703125</AltitudeMeters>
                    </Trackpoint>
                    <Trackpoint>
                        <DistanceMeters>2435.0854682922363</DistanceMeters>
                        <Time>2022-05-07T14:11:43.587Z</Time>
                        <Position>
                            <LatitudeDegrees>30.522958755493164</LatitudeDegrees>
                            <LongitudeDegrees>104.05489349365234</LongitudeDegrees>
                        </Position>
                        <AltitudeMeters>435.96563720703125</AltitudeMeters>
                    </Trackpoint>
                    <Trackpoint>
                        <DistanceMeters>2435.0854682922363</DistanceMeters>
                        <Time>2022-05-07T14:11:44.582Z</Time>
                        <Position>
                            <LatitudeDegrees>30.522939682006836</LatitudeDegrees>
                            <LongitudeDegrees>104.05488586425781</LongitudeDegrees>
                        </Position>
                        <AltitudeMeters>435.72894287109375</AltitudeMeters>
                    </Trackpoint>
                    <Trackpoint>
                        <DistanceMeters>2435.0854682922363</DistanceMeters>
                        <Time>2022-05-07T14:11:45.270Z</Time>
                        <Position>
                            <LatitudeDegrees>30.522926330566406</LatitudeDegrees>
                            <LongitudeDegrees>104.05488586425781</LongitudeDegrees>
                        </Position>
                        <AltitudeMeters>435.72894287109375</AltitudeMeters>
                    </Trackpoint>
                    <Trackpoint>
                        <DistanceMeters>2435.0854682922363</DistanceMeters>
                        <Time>2022-05-07T14:11:46.166Z</Time>
                        <Position>
                            <LatitudeDegrees>30.52290916442871</LatitudeDegrees>
                            <LongitudeDegrees>104.05487823486328</LongitudeDegrees>
                        </Position>
                        <AltitudeMeters>435.62646484375</AltitudeMeters>
                    </Trackpoint>
                    <Trackpoint>
                        <DistanceMeters>2435.0854682922363</DistanceMeters>
                        <Time>2022-05-07T14:11:47.659Z</Time>
                        <Position>
                            <LatitudeDegrees>30.52288055419922</LatitudeDegrees>
                            <LongitudeDegrees>104.05487823486328</LongitudeDegrees>
                        </Position>
                        <AltitudeMeters>435.80230712890625</AltitudeMeters>
                    </Trackpoint>
                    <Trackpoint>
                        <DistanceMeters>2435.0854682922363</DistanceMeters>
                        <Time>2022-05-07T14:11:48.347Z</Time>
                        <Position>
                            <LatitudeDegrees>30.52286720275879</LatitudeDegrees>
                            <LongitudeDegrees>104.05487823486328</LongitudeDegrees>
                        </Position>
                        <AltitudeMeters>435.80230712890625</AltitudeMeters>
                    </Trackpoint>
                    <Trackpoint>
                        <DistanceMeters>2435.0854682922363</DistanceMeters>
                        <Time>2022-05-07T14:11:49.658Z</Time>
                        <Position>
                            <LatitudeDegrees>30.522844314575195</LatitudeDegrees>
                            <LongitudeDegrees>104.05487823486328</LongitudeDegrees>
                        </Position>
                        <AltitudeMeters>435.686279296875</AltitudeMeters>
                    </Trackpoint>
                    <Trackpoint>
                        <DistanceMeters>2435.0854682922363</DistanceMeters>
                        <Time>2022-05-07T14:11:50.999Z</Time>
                        <Position>
                            <LatitudeDegrees>30.52281951904297</LatitudeDegrees>
                            <LongitudeDegrees>104.05487823486328</LongitudeDegrees>
                        </Position>
                        <AltitudeMeters>435.686279296875</AltitudeMeters>
                    </Trackpoint>
                    <Trackpoint>
                        <DistanceMeters>2435.0854682922363</DistanceMeters>
                        <Time>2022-05-07T14:11:51.659Z</Time>
                        <Position>
                            <LatitudeDegrees>30.522808074951172</LatitudeDegrees>
                            <LongitudeDegrees>104.05487060546875</LongitudeDegrees>
                        </Position>
                        <AltitudeMeters>435.4180908203125</AltitudeMeters>
                    </Trackpoint>
                    <Trackpoint>
                        <DistanceMeters>2435.0854682922363</DistanceMeters>
                        <Time>2022-05-07T14:11:52.227Z</Time>
                        <Position>
                            <LatitudeDegrees>30.522798538208008</LatitudeDegrees>
                            <LongitudeDegrees>104.05487060546875</LongitudeDegrees>
                        </Position>
                        <AltitudeMeters>435.4180908203125</AltitudeMeters>
                    </Trackpoint>
                    <Trackpoint>
                        <DistanceMeters>2435.0854682922363</DistanceMeters>
                        <Time>2022-05-07T14:11:53.270Z</Time>
                        <Position>
                            <LatitudeDegrees>30.522781372070312</LatitudeDegrees>
                            <LongitudeDegrees>104.05487060546875</LongitudeDegrees>
                        </Position>
                        <AltitudeMeters>435.4180908203125</AltitudeMeters>
                    </Trackpoint>
                    <Trackpoint>
                        <DistanceMeters>2435.0854682922363</DistanceMeters>
                        <Time>2022-05-07T14:11:53.941Z</Time>
                        <Position>
                            <LatitudeDegrees>30.522769927978516</LatitudeDegrees>
                            <LongitudeDegrees>104.05486297607422</LongitudeDegrees>
                        </Position>
                        <AltitudeMeters>436.1253662109375</AltitudeMeters>
                    </Trackpoint>
                    <Trackpoint>
                        <DistanceMeters>2435.0854682922363</DistanceMeters>
                        <Time>2022-05-07T14:11:54.678Z</Time>
                        <Position>
                            <LatitudeDegrees>30.522754669189453</LatitudeDegrees>
                            <LongitudeDegrees>104.05486297607422</LongitudeDegrees>
                        </Position>
                        <AltitudeMeters>436.1253662109375</AltitudeMeters>
                    </Trackpoint>
                    <Trackpoint>
                        <DistanceMeters>2435.0854682922363</DistanceMeters>
                        <Time>2022-05-07T14:11:55.579Z</Time>
                        <Position>
                            <LatitudeDegrees>30.522737503051758</LatitudeDegrees>
                            <LongitudeDegrees>104.05486297607422</LongitudeDegrees>
                        </Position>
                        <AltitudeMeters>436.1253662109375</AltitudeMeters>
                    </Trackpoint>
                    <Trackpoint>
                        <DistanceMeters>2435.0854682922363</DistanceMeters>
                        <Time>2022-05-07T14:11:56.659Z</Time>
                        <Position>
                            <LatitudeDegrees>30.522716522216797</LatitudeDegrees>
                            <LongitudeDegrees>104.05486297607422</LongitudeDegrees>
                        </Position>
                        <AltitudeMeters>436.6971435546875</AltitudeMeters>
                    </Trackpoint>
                    <Trackpoint>
                        <DistanceMeters>2435.0854682922363</DistanceMeters>
                        <Time>2022-05-07T14:11:57.321Z</Time>
                        <Position>
                            <LatitudeDegrees>30.522705078125</LatitudeDegrees>
                            <LongitudeDegrees>104.05486297607422</LongitudeDegrees>
                        </Position>
                        <AltitudeMeters>436.6971435546875</AltitudeMeters>
                    </Trackpoint>
                    <Trackpoint>
                        <DistanceMeters>2435.0854682922363</DistanceMeters>
                        <Time>2022-05-07T14:11:58.222Z</Time>
                        <Position>
                            <LatitudeDegrees>30.522689819335938</LatitudeDegrees>
                            <LongitudeDegrees>104.05486297607422</LongitudeDegrees>
                        </Position>
                        <AltitudeMeters>436.38232421875</AltitudeMeters>
                    </Trackpoint>
                    <Trackpoint>
                        <DistanceMeters>2435.0854682922363</DistanceMeters>
                        <Time>2022-05-07T14:11:58.862Z</Time>
                        <Position>
                            <LatitudeDegrees>30.522680282592773</LatitudeDegrees>
                            <LongitudeDegrees>104.05486297607422</LongitudeDegrees>
                        </Position>
                        <AltitudeMeters>436.38232421875</AltitudeMeters>
                    </Trackpoint>
                    <Trackpoint>
                        <DistanceMeters>2435.0854682922363</DistanceMeters>
                        <Time>2022-05-07T14:11:59.658Z</Time>
                        <Position>
                            <LatitudeDegrees>30.52266502380371</LatitudeDegrees>
                            <LongitudeDegrees>104.05486297607422</LongitudeDegrees>
                        </Position>
                        <AltitudeMeters>436.1590576171875</AltitudeMeters>
                    </Trackpoint>
                    <Trackpoint>
                        <DistanceMeters>2495.721061706543</DistanceMeters>
                        <Time>2022-05-07T14:12:00.223Z</Time>
                        <Position>
                            <LatitudeDegrees>30.522655487060547</LatitudeDegrees>
                            <LongitudeDegrees>104.05486297607422</LongitudeDegrees>
                        </Position>
                        <AltitudeMeters>436.1590576171875</AltitudeMeters>
                    </Trackpoint>
                    <Trackpoint>
                        <DistanceMeters>2495.721061706543</DistanceMeters>
                        <Time>2022-05-07T14:12:01.659Z</Time>
                        <Position>
                            <LatitudeDegrees>30.522628784179688</LatitudeDegrees>
                            <LongitudeDegrees>104.05486297607422</LongitudeDegrees>
                        </Position>
                        <AltitudeMeters>436.222900390625</AltitudeMeters>
                    </Trackpoint>
                    <Trackpoint>
                        <DistanceMeters>2495.721061706543</DistanceMeters>
                        <Time>2022-05-07T14:12:02.925Z</Time>
                        <Position>
                            <LatitudeDegrees>30.522602081298828</LatitudeDegrees>
                            <LongitudeDegrees>104.05486297607422</LongitudeDegrees>
                        </Position>
                        <AltitudeMeters>436.222900390625</AltitudeMeters>
                    </Trackpoint>
                    <Trackpoint>
                        <DistanceMeters>2495.721061706543</DistanceMeters>
                        <Time>2022-05-07T14:12:03.572Z</Time>
                        <Position>
                            <LatitudeDegrees>30.5225887298584</LatitudeDegrees>
                            <LongitudeDegrees>104.05486297607422</LongitudeDegrees>
                        </Position>
                        <AltitudeMeters>436.222900390625</AltitudeMeters>
                    </Trackpoint>
                    <Trackpoint>
                        <DistanceMeters>2495.721061706543</DistanceMeters>
                        <Time>2022-05-07T14:12:04.227Z</Time>
                        <Position>
                            <LatitudeDegrees>30.52257537841797</LatitudeDegrees>
                            <LongitudeDegrees>104.05486297607422</LongitudeDegrees>
                        </Position>
                        <AltitudeMeters>436.0869140625</AltitudeMeters>
                    </Trackpoint>
                    <Trackpoint>
                        <DistanceMeters>2495.721061706543</DistanceMeters>
                        <Time>2022-05-07T14:12:05.587Z</Time>
                        <Position>
                            <LatitudeDegrees>30.522550582885742</LatitudeDegrees>
                            <LongitudeDegrees>104.05486297607422</LongitudeDegrees>
                        </Position>
                        <AltitudeMeters>436.0869140625</AltitudeMeters>
                    </Trackpoint>
                    <Trackpoint>
                        <DistanceMeters>2495.721061706543</DistanceMeters>
                        <Time>2022-05-07T14:12:06.307Z</Time>
                        <Position>
                            <LatitudeDegrees>30.522537231445312</LatitudeDegrees>
                            <LongitudeDegrees>104.05486297607422</LongitudeDegrees>
                        </Position>
                        <AltitudeMeters>436.0484619140625</AltitudeMeters>
                    </Trackpoint>
                    <Trackpoint>
                        <DistanceMeters>2495.721061706543</DistanceMeters>
                        <Time>2022-05-07T14:12:07.659Z</Time>
                        <Position>
                            <LatitudeDegrees>30.52251434326172</LatitudeDegrees>
                            <LongitudeDegrees>104.05487060546875</LongitudeDegrees>
                        </Position>
                        <AltitudeMeters>435.843505859375</AltitudeMeters>
                    </Trackpoint>
                    <Trackpoint>
                        <DistanceMeters>2495.721061706543</DistanceMeters>
                        <Time>2022-05-07T14:12:08.279Z</Time>
                        <Position>
                            <LatitudeDegrees>30.522502899169922</LatitudeDegrees>
                            <LongitudeDegrees>104.05487060546875</LongitudeDegrees>
                        </Position>
                        <AltitudeMeters>435.843505859375</AltitudeMeters>
                    </Trackpoint>
                    <Trackpoint>
                        <DistanceMeters>2495.721061706543</DistanceMeters>
                        <Time>2022-05-07T14:12:08.986Z</Time>
                        <Position>
                            <LatitudeDegrees>30.522491455078125</LatitudeDegrees>
                            <LongitudeDegrees>104.05486297607422</LongitudeDegrees>
                        </Position>
                        <AltitudeMeters>435.843505859375</AltitudeMeters>
                    </Trackpoint>
                    <Trackpoint>
                        <DistanceMeters>2495.721061706543</DistanceMeters>
                        <Time>2022-05-07T14:12:09.687Z</Time>
                        <Position>
                            <LatitudeDegrees>30.522480010986328</LatitudeDegrees>
                            <LongitudeDegrees>104.05486297607422</LongitudeDegrees>
                        </Position>
                        <AltitudeMeters>435.843505859375</AltitudeMeters>
                    </Trackpoint>
                    <Trackpoint>
                        <DistanceMeters>2495.721061706543</DistanceMeters>
                        <Time>2022-05-07T14:12:10.347Z</Time>
                        <Position>
                            <LatitudeDegrees>30.5224666595459</LatitudeDegrees>
                            <LongitudeDegrees>104.05486297607422</LongitudeDegrees>
                        </Position>
                        <AltitudeMeters>435.9063720703125</AltitudeMeters>
                    </Trackpoint>
                    <Trackpoint>
                        <DistanceMeters>2495.721061706543</DistanceMeters>
                        <Time>2022-05-07T14:12:11.658Z</Time>
                        <Position>
                            <LatitudeDegrees>30.522443771362305</LatitudeDegrees>
                            <LongitudeDegrees>104.05486297607422</LongitudeDegrees>
                        </Position>
                        <AltitudeMeters>436.4910888671875</AltitudeMeters>
                    </Trackpoint>
                    <Trackpoint>
                        <DistanceMeters>2495.721061706543</DistanceMeters>
                        <Time>2022-05-07T14:12:13.680Z</Time>
                        <Position>
                            <LatitudeDegrees>30.522411346435547</LatitudeDegrees>
                            <LongitudeDegrees>104.05485534667969</LongitudeDegrees>
                        </Position>
                        <AltitudeMeters>436.4910888671875</AltitudeMeters>
                    </Trackpoint>
                    <Trackpoint>
                        <DistanceMeters>2495.721061706543</DistanceMeters>
                        <Time>2022-05-07T14:12:14.465Z</Time>
                        <Position>
                            <LatitudeDegrees>30.52239990234375</LatitudeDegrees>
                            <LongitudeDegrees>104.05484771728516</LongitudeDegrees>
                        </Position>
                        <AltitudeMeters>436.6845703125</AltitudeMeters>
                    </Trackpoint>
                    <Trackpoint>
                        <DistanceMeters>2495.721061706543</DistanceMeters>
                        <Time>2022-05-07T14:12:15.480Z</Time>
                        <Position>
                            <LatitudeDegrees>30.522384643554688</LatitudeDegrees>
                            <LongitudeDegrees>104.05484771728516</LongitudeDegrees>
                        </Position>
                        <AltitudeMeters>436.6845703125</AltitudeMeters>
                    </Trackpoint>
                    <Trackpoint>
                        <DistanceMeters>2495.721061706543</DistanceMeters>
                        <Time>2022-05-07T14:12:16.122Z</Time>
                        <Position>
                            <LatitudeDegrees>30.522375106811523</LatitudeDegrees>
                            <LongitudeDegrees>104.05485534667969</LongitudeDegrees>
                        </Position>
                        <AltitudeMeters>437.0372314453125</AltitudeMeters>
                    </Trackpoint>
                    <Trackpoint>
                        <DistanceMeters>2495.721061706543</DistanceMeters>
                        <Time>2022-05-07T14:12:16.821Z</Time>
                        <Position>
                            <LatitudeDegrees>30.522363662719727</LatitudeDegrees>
                            <LongitudeDegrees>104.05485534667969</LongitudeDegrees>
                        </Position>
                        <AltitudeMeters>437.0372314453125</AltitudeMeters>
                    </Trackpoint>
                    <Trackpoint>
                        <DistanceMeters>2495.721061706543</DistanceMeters>
                        <Time>2022-05-07T14:12:17.463Z</Time>
                        <Position>
                            <LatitudeDegrees>30.522354125976562</LatitudeDegrees>
                            <LongitudeDegrees>104.05485534667969</LongitudeDegrees>
                        </Position>
                        <AltitudeMeters>437.0372314453125</AltitudeMeters>
                    </Trackpoint>
                    <Trackpoint>
                        <DistanceMeters>2495.721061706543</DistanceMeters>
                        <Time>2022-05-07T14:12:18.842Z</Time>
                        <Position>
                            <LatitudeDegrees>30.522329330444336</LatitudeDegrees>
                            <LongitudeDegrees>104.05484771728516</LongitudeDegrees>
                        </Position>
                        <AltitudeMeters>437.43212890625</AltitudeMeters>
                    </Trackpoint>
                    <Trackpoint>
                        <DistanceMeters>2495.721061706543</DistanceMeters>
                        <Time>2022-05-07T14:12:19.659Z</Time>
                        <Position>
                            <LatitudeDegrees>30.522315979003906</LatitudeDegrees>
                            <LongitudeDegrees>104.05484771728516</LongitudeDegrees>
                        </Position>
                        <AltitudeMeters>437.67999267578125</AltitudeMeters>
                    </Trackpoint>
                    <Trackpoint>
                        <DistanceMeters>2495.721061706543</DistanceMeters>
                        <Time>2022-05-07T14:12:20.386Z</Time>
                        <Position>
                            <LatitudeDegrees>30.52230453491211</LatitudeDegrees>
                            <LongitudeDegrees>104.05484771728516</LongitudeDegrees>
                        </Position>
                        <AltitudeMeters>437.67999267578125</AltitudeMeters>
                    </Trackpoint>
                    <Trackpoint>
                        <DistanceMeters>2495.721061706543</DistanceMeters>
                        <Time>2022-05-07T14:12:21.083Z</Time>
                        <Position>
                            <LatitudeDegrees>30.522294998168945</LatitudeDegrees>
                            <LongitudeDegrees>104.05484008789062</LongitudeDegrees>
                        </Position>
                        <AltitudeMeters>437.67999267578125</AltitudeMeters>
                    </Trackpoint>
                    <Trackpoint>
                        <DistanceMeters>2495.721061706543</DistanceMeters>
                        <Time>2022-05-07T14:12:22.185Z</Time>
                        <Position>
                            <LatitudeDegrees>30.52228546142578</LatitudeDegrees>
                            <LongitudeDegrees>104.05482482910156</LongitudeDegrees>
                        </Position>
                        <AltitudeMeters>436.5679931640625</AltitudeMeters>
                    </Trackpoint>
                    <Trackpoint>
                        <DistanceMeters>2495.721061706543</DistanceMeters>
                        <Time>2022-05-07T14:12:22.845Z</Time>
                        <Position>
                            <LatitudeDegrees>30.522279739379883</LatitudeDegrees>
                            <LongitudeDegrees>104.05481719970703</LongitudeDegrees>
                        </Position>
                        <AltitudeMeters>436.5679931640625</AltitudeMeters>
                    </Trackpoint>
                    <Trackpoint>
                        <DistanceMeters>2495.721061706543</DistanceMeters>
                        <Time>2022-05-07T14:12:23.507Z</Time>
                        <Position>
                            <LatitudeDegrees>30.522275924682617</LatitudeDegrees>
                            <LongitudeDegrees>104.05480194091797</LongitudeDegrees>
                        </Position>
                        <AltitudeMeters>436.5679931640625</AltitudeMeters>
                    </Trackpoint>
                    <Trackpoint>
                        <DistanceMeters>2495.721061706543</DistanceMeters>
                        <Time>2022-05-07T14:12:24.186Z</Time>
                        <Position>
                            <LatitudeDegrees>30.52227020263672</LatitudeDegrees>
                            <LongitudeDegrees>104.0547866821289</LongitudeDegrees>
                        </Position>
                        <AltitudeMeters>436.7662353515625</AltitudeMeters>
                    </Trackpoint>
                    <Trackpoint>
                        <DistanceMeters>2495.721061706543</DistanceMeters>
                        <Time>2022-05-07T14:12:25.069Z</Time>
                        <Position>
                            <LatitudeDegrees>30.522258758544922</LatitudeDegrees>
                            <LongitudeDegrees>104.05477142333984</LongitudeDegrees>
                        </Position>
                        <AltitudeMeters>436.7662353515625</AltitudeMeters>
                    </Trackpoint>
                    <Trackpoint>
                        <DistanceMeters>2495.721061706543</DistanceMeters>
                        <Time>2022-05-07T14:12:25.658Z</Time>
                        <Position>
                            <LatitudeDegrees>30.522247314453125</LatitudeDegrees>
                            <LongitudeDegrees>104.05476379394531</LongitudeDegrees>
                        </Position>
                        <AltitudeMeters>436.60491943359375</AltitudeMeters>
                    </Trackpoint>
                    <Trackpoint>
                        <DistanceMeters>2495.721061706543</DistanceMeters>
                        <Time>2022-05-07T14:12:26.399Z</Time>
                        <Position>
                            <LatitudeDegrees>30.522235870361328</LatitudeDegrees>
                            <LongitudeDegrees>104.05474853515625</LongitudeDegrees>
                        </Position>
                        <AltitudeMeters>436.60491943359375</AltitudeMeters>
                    </Trackpoint>
                    <Trackpoint>
                        <DistanceMeters>2495.721061706543</DistanceMeters>
                        <Time>2022-05-07T14:12:27.442Z</Time>
                        <Position>
                            <LatitudeDegrees>30.52222442626953</LatitudeDegrees>
                            <LongitudeDegrees>104.05473327636719</LongitudeDegrees>
                        </Position>
                        <AltitudeMeters>436.60491943359375</AltitudeMeters>
                    </Trackpoint>
                    <Trackpoint>
                        <DistanceMeters>2495.721061706543</DistanceMeters>
                        <Time>2022-05-07T14:12:28.123Z</Time>
                        <Position>
                            <LatitudeDegrees>30.522216796875</LatitudeDegrees>
                            <LongitudeDegrees>104.05471801757812</LongitudeDegrees>
                        </Position>
                        <AltitudeMeters>436.42352294921875</AltitudeMeters>
                    </Trackpoint>
                    <Trackpoint>
                        <DistanceMeters>2495.721061706543</DistanceMeters>
                        <Time>2022-05-07T14:12:29.063Z</Time>
                        <Position>
                            <LatitudeDegrees>30.52220344543457</LatitudeDegrees>
                            <LongitudeDegrees>104.05470275878906</LongitudeDegrees>
                        </Position>
                        <AltitudeMeters>436.42352294921875</AltitudeMeters>
                    </Trackpoint>
                    <Trackpoint>
                        <DistanceMeters>2495.721061706543</DistanceMeters>
                        <Time>2022-05-07T14:12:29.659Z</Time>
                        <Position>
                            <LatitudeDegrees>30.522192001342773</LatitudeDegrees>
                            <LongitudeDegrees>104.05469512939453</LongitudeDegrees>
                        </Position>
                        <AltitudeMeters>436.74365234375</AltitudeMeters>
                    </Trackpoint>
                    <Trackpoint>
                        <DistanceMeters>2554.7260131835938</DistanceMeters>
                        <Time>2022-05-07T14:12:31.064Z</Time>
                        <Position>
                            <LatitudeDegrees>30.52216911315918</LatitudeDegrees>
                            <LongitudeDegrees>104.05467987060547</LongitudeDegrees>
                        </Position>
                        <AltitudeMeters>436.74365234375</AltitudeMeters>
                    </Trackpoint>
                    <Trackpoint>
                        <DistanceMeters>2554.7260131835938</DistanceMeters>
                        <Time>2022-05-07T14:12:31.658Z</Time>
                        <Position>
                            <LatitudeDegrees>30.522159576416016</LatitudeDegrees>
                            <LongitudeDegrees>104.05467224121094</LongitudeDegrees>
                        </Position>
                        <AltitudeMeters>436.56243896484375</AltitudeMeters>
                    </Trackpoint>
                    <Trackpoint>
                        <DistanceMeters>2554.7260131835938</DistanceMeters>
                        <Time>2022-05-07T14:12:32.807Z</Time>
                        <Position>
                            <LatitudeDegrees>30.522138595581055</LatitudeDegrees>
                            <LongitudeDegrees>104.0546646118164</LongitudeDegrees>
                        </Position>
                        <AltitudeMeters>436.56243896484375</AltitudeMeters>
                    </Trackpoint>
                    <Trackpoint>
                        <DistanceMeters>2554.7260131835938</DistanceMeters>
                        <Time>2022-05-07T14:12:33.677Z</Time>
                        <Position>
                            <LatitudeDegrees>30.522123336791992</LatitudeDegrees>
                            <LongitudeDegrees>104.0546646118164</LongitudeDegrees>
                        </Position>
                        <AltitudeMeters>436.56243896484375</AltitudeMeters>
                    </Trackpoint>
                    <Trackpoint>
                        <DistanceMeters>2554.7260131835938</DistanceMeters>
                        <Time>2022-05-07T14:12:34.626Z</Time>
                        <Position>
                            <LatitudeDegrees>30.522106170654297</LatitudeDegrees>
                            <LongitudeDegrees>104.05467224121094</LongitudeDegrees>
                        </Position>
                        <AltitudeMeters>436.38873291015625</AltitudeMeters>
                    </Trackpoint>
                    <Trackpoint>
                        <DistanceMeters>2554.7260131835938</DistanceMeters>
                        <Time>2022-05-07T14:12:35.622Z</Time>
                        <Position>
                            <LatitudeDegrees>30.522090911865234</LatitudeDegrees>
                            <LongitudeDegrees>104.0546875</LongitudeDegrees>
                        </Position>
                        <AltitudeMeters>436.38873291015625</AltitudeMeters>
                    </Trackpoint>
                    <Trackpoint>
                        <DistanceMeters>2554.7260131835938</DistanceMeters>
                        <Time>2022-05-07T14:12:36.007Z</Time>
                        <Position>
                            <LatitudeDegrees>30.522085189819336</LatitudeDegrees>
                            <LongitudeDegrees>104.05469512939453</LongitudeDegrees>
                        </Position>
                        <AltitudeMeters>436.56103515625</AltitudeMeters>
                    </Trackpoint>
                    <Trackpoint>
                        <DistanceMeters>2554.7260131835938</DistanceMeters>
                        <Time>2022-05-07T14:12:36.636Z</Time>
                        <Position>
                            <LatitudeDegrees>30.522075653076172</LatitudeDegrees>
                            <LongitudeDegrees>104.05470275878906</LongitudeDegrees>
                        </Position>
                        <AltitudeMeters>436.56103515625</AltitudeMeters>
                    </Trackpoint>
                    <Trackpoint>
                        <DistanceMeters>2554.7260131835938</DistanceMeters>
                        <Time>2022-05-07T14:12:37.659Z</Time>
                        <Position>
                            <LatitudeDegrees>30.522058486938477</LatitudeDegrees>
                            <LongitudeDegrees>104.0547103881836</LongitudeDegrees>
                        </Position>
                        <AltitudeMeters>436.4190673828125</AltitudeMeters>
                    </Trackpoint>
                    <Trackpoint>
                        <DistanceMeters>2554.7260131835938</DistanceMeters>
                        <Time>2022-05-07T14:12:38.622Z</Time>
                        <Position>
                            <LatitudeDegrees>30.522045135498047</LatitudeDegrees>
                            <LongitudeDegrees>104.05472564697266</LongitudeDegrees>
                        </Position>
                        <AltitudeMeters>436.4190673828125</AltitudeMeters>
                    </Trackpoint>
                    <Trackpoint>
                        <DistanceMeters>2554.7260131835938</DistanceMeters>
                        <Time>2022-05-07T14:12:39.608Z</Time>
                        <Position>
                            <LatitudeDegrees>30.522029876708984</LatitudeDegrees>
                            <LongitudeDegrees>104.05473327636719</LongitudeDegrees>
                        </Position>
                        <AltitudeMeters>436.4190673828125</AltitudeMeters>
                    </Trackpoint>
                    <Trackpoint>
                        <DistanceMeters>2554.7260131835938</DistanceMeters>
                        <Time>2022-05-07T14:12:40.286Z</Time>
                        <Position>
                            <LatitudeDegrees>30.52202033996582</LatitudeDegrees>
                            <LongitudeDegrees>104.05474090576172</LongitudeDegrees>
                        </Position>
                        <AltitudeMeters>435.760498046875</AltitudeMeters>
                    </Trackpoint>
                    <Trackpoint>
                        <DistanceMeters>2554.7260131835938</DistanceMeters>
                        <Time>2022-05-07T14:12:41.579Z</Time>
                        <Position>
                            <LatitudeDegrees>30.52199935913086</LatitudeDegrees>
                            <LongitudeDegrees>104.05475616455078</LongitudeDegrees>
                        </Position>
                        <AltitudeMeters>435.760498046875</AltitudeMeters>
                    </Trackpoint>
                    <Trackpoint>
                        <DistanceMeters>2554.7260131835938</DistanceMeters>
                        <Time>2022-05-07T14:12:42.642Z</Time>
                        <Position>
                            <LatitudeDegrees>30.52198600769043</LatitudeDegrees>
                            <LongitudeDegrees>104.05476379394531</LongitudeDegrees>
                        </Position>
                        <AltitudeMeters>435.4864501953125</AltitudeMeters>
                    </Trackpoint>
                    <Trackpoint>
                        <DistanceMeters>2554.7260131835938</DistanceMeters>
                        <Time>2022-05-07T14:12:43.543Z</Time>
                        <Position>
                            <LatitudeDegrees>30.521974563598633</LatitudeDegrees>
                            <LongitudeDegrees>104.05477142333984</LongitudeDegrees>
                        </Position>
                        <AltitudeMeters>435.4864501953125</AltitudeMeters>
                    </Trackpoint>
                    <Trackpoint>
                        <DistanceMeters>2554.7260131835938</DistanceMeters>
                        <Time>2022-05-07T14:12:44.185Z</Time>
                        <Position>
                            <LatitudeDegrees>30.5219669342041</LatitudeDegrees>
                            <LongitudeDegrees>104.05477142333984</LongitudeDegrees>
                        </Position>
                        <AltitudeMeters>435.6143798828125</AltitudeMeters>
                    </Trackpoint>
                    <Trackpoint>
                        <DistanceMeters>2554.7260131835938</DistanceMeters>
                        <Time>2022-05-07T14:12:45.179Z</Time>
                        <Position>
                            <LatitudeDegrees>30.52195167541504</LatitudeDegrees>
                            <LongitudeDegrees>104.05477905273438</LongitudeDegrees>
                        </Position>
                        <AltitudeMeters>435.6143798828125</AltitudeMeters>
                    </Trackpoint>
                    <Trackpoint>
                        <DistanceMeters>2554.7260131835938</DistanceMeters>
                        <Time>2022-05-07T14:12:46.522Z</Time>
                        <Position>
                            <LatitudeDegrees>30.521928787231445</LatitudeDegrees>
                            <LongitudeDegrees>104.0547866821289</LongitudeDegrees>
                        </Position>
                        <AltitudeMeters>435.87860107421875</AltitudeMeters>
                    </Trackpoint>
                    <Trackpoint>
                        <DistanceMeters>2554.7260131835938</DistanceMeters>
                        <Time>2022-05-07T14:12:47.499Z</Time>
                        <Position>
                            <LatitudeDegrees>30.52191162109375</LatitudeDegrees>
                            <LongitudeDegrees>104.0547866821289</LongitudeDegrees>
                        </Position>
                        <AltitudeMeters>435.87860107421875</AltitudeMeters>
                    </Trackpoint>
                    <Trackpoint>
                        <DistanceMeters>2554.7260131835938</DistanceMeters>
                        <Time>2022-05-07T14:12:48.603Z</Time>
                        <Position>
                            <LatitudeDegrees>30.52189064025879</LatitudeDegrees>
                            <LongitudeDegrees>104.05477905273438</LongitudeDegrees>
                        </Position>
                        <AltitudeMeters>435.2259521484375</AltitudeMeters>
                    </Trackpoint>
                    <Trackpoint>
                        <DistanceMeters>2554.7260131835938</DistanceMeters>
                        <Time>2022-05-07T14:12:49.659Z</Time>
                        <Position>
                            <LatitudeDegrees>30.521869659423828</LatitudeDegrees>
                            <LongitudeDegrees>104.05477142333984</LongitudeDegrees>
                        </Position>
                        <AltitudeMeters>434.813232421875</AltitudeMeters>
                    </Trackpoint>
                    <Trackpoint>
                        <DistanceMeters>2554.7260131835938</DistanceMeters>
                        <Time>2022-05-07T14:12:50.220Z</Time>
                        <Position>
                            <LatitudeDegrees>30.52185821533203</LatitudeDegrees>
                            <LongitudeDegrees>104.05477142333984</LongitudeDegrees>
                        </Position>
                        <AltitudeMeters>434.813232421875</AltitudeMeters>
                    </Trackpoint>
                    <Trackpoint>
                        <DistanceMeters>2554.7260131835938</DistanceMeters>
                        <Time>2022-05-07T14:12:51.659Z</Time>
                        <Position>
                            <LatitudeDegrees>30.521833419799805</LatitudeDegrees>
                            <LongitudeDegrees>104.05476379394531</LongitudeDegrees>
                        </Position>
                        <AltitudeMeters>435.335205078125</AltitudeMeters>
                    </Trackpoint>
                    <Trackpoint>
                        <DistanceMeters>2554.7260131835938</DistanceMeters>
                        <Time>2022-05-07T14:12:52.882Z</Time>
                        <Position>
                            <LatitudeDegrees>30.521818161010742</LatitudeDegrees>
                            <LongitudeDegrees>104.05476379394531</LongitudeDegrees>
                        </Position>
                        <AltitudeMeters>435.335205078125</AltitudeMeters>
                    </Trackpoint>
                    <Trackpoint>
                        <DistanceMeters>2554.7260131835938</DistanceMeters>
                        <Time>2022-05-07T14:12:53.659Z</Time>
                        <Position>
                            <LatitudeDegrees>30.521808624267578</LatitudeDegrees>
                            <LongitudeDegrees>104.05475616455078</LongitudeDegrees>
                        </Position>
                        <AltitudeMeters>434.69952392578125</AltitudeMeters>
                    </Trackpoint>
                    <Trackpoint>
                        <DistanceMeters>2554.7260131835938</DistanceMeters>
                        <Time>2022-05-07T14:12:54.683Z</Time>
                        <Position>
                            <LatitudeDegrees>30.52179718017578</LatitudeDegrees>
                            <LongitudeDegrees>104.05474853515625</LongitudeDegrees>
                        </Position>
                        <AltitudeMeters>434.69952392578125</AltitudeMeters>
                    </Trackpoint>
                    <Trackpoint>
                        <DistanceMeters>2554.7260131835938</DistanceMeters>
                        <Time>2022-05-07T14:12:55.343Z</Time>
                        <Position>
                            <LatitudeDegrees>30.521787643432617</LatitudeDegrees>
                            <LongitudeDegrees>104.05474090576172</LongitudeDegrees>
                        </Position>
                        <AltitudeMeters>434.69952392578125</AltitudeMeters>
                    </Trackpoint>
                    <Trackpoint>
                        <DistanceMeters>2554.7260131835938</DistanceMeters>
                        <Time>2022-05-07T14:12:56.023Z</Time>
                        <Position>
                            <LatitudeDegrees>30.52177619934082</LatitudeDegrees>
                            <LongitudeDegrees>104.05474090576172</LongitudeDegrees>
                        </Position>
                        <AltitudeMeters>435.180908203125</AltitudeMeters>
                    </Trackpoint>
                    <Trackpoint>
                        <DistanceMeters>2554.7260131835938</DistanceMeters>
                        <Time>2022-05-07T14:12:56.705Z</Time>
                        <Position>
                            <LatitudeDegrees>30.521764755249023</LatitudeDegrees>
                            <LongitudeDegrees>104.05473327636719</LongitudeDegrees>
                        </Position>
                        <AltitudeMeters>435.180908203125</AltitudeMeters>
                    </Trackpoint>
                    <Trackpoint>
                        <DistanceMeters>2554.7260131835938</DistanceMeters>
                        <Time>2022-05-07T14:12:57.346Z</Time>
                        <Position>
                            <LatitudeDegrees>30.521753311157227</LatitudeDegrees>
                            <LongitudeDegrees>104.05473327636719</LongitudeDegrees>
                        </Position>
                        <AltitudeMeters>435.180908203125</AltitudeMeters>
                    </Trackpoint>
                    <Trackpoint>
                        <DistanceMeters>2554.7260131835938</DistanceMeters>
                        <Time>2022-05-07T14:12:58.668Z</Time>
                        <Position>
                            <LatitudeDegrees>30.521730422973633</LatitudeDegrees>
                            <LongitudeDegrees>104.05472564697266</LongitudeDegrees>
                        </Position>
                        <AltitudeMeters>435.2972412109375</AltitudeMeters>
                    </Trackpoint>
                    <Trackpoint>
                        <DistanceMeters>2554.7260131835938</DistanceMeters>
                        <Time>2022-05-07T14:12:59.348Z</Time>
                        <Position>
                            <LatitudeDegrees>30.521718978881836</LatitudeDegrees>
                            <LongitudeDegrees>104.05472564697266</LongitudeDegrees>
                        </Position>
                        <AltitudeMeters>435.2972412109375</AltitudeMeters>
                    </Trackpoint>
                    <Trackpoint>
                        <DistanceMeters>2554.7260131835938</DistanceMeters>
                        <Time>2022-05-07T14:12:59.999Z</Time>
                        <Position>
                            <LatitudeDegrees>30.521709442138672</LatitudeDegrees>
                            <LongitudeDegrees>104.05472564697266</LongitudeDegrees>
                        </Position>
                        <AltitudeMeters>435.5577392578125</AltitudeMeters>
                    </Trackpoint>
                    <Trackpoint>
                        <DistanceMeters>2616.7415771484375</DistanceMeters>
                        <Time>2022-05-07T14:13:00.765Z</Time>
                        <Position>
                            <LatitudeDegrees>30.521696090698242</LatitudeDegrees>
                            <LongitudeDegrees>104.05472564697266</LongitudeDegrees>
                        </Position>
                        <AltitudeMeters>435.5577392578125</AltitudeMeters>
                    </Trackpoint>
                    <Trackpoint>
                        <DistanceMeters>2616.7415771484375</DistanceMeters>
                        <Time>2022-05-07T14:13:01.667Z</Time>
                        <Position>
                            <LatitudeDegrees>30.521682739257812</LatitudeDegrees>
                            <LongitudeDegrees>104.05472564697266</LongitudeDegrees>
                        </Position>
                        <AltitudeMeters>435.5577392578125</AltitudeMeters>
                    </Trackpoint>
                    <Trackpoint>
                        <DistanceMeters>2616.7415771484375</DistanceMeters>
                        <Time>2022-05-07T14:13:02.785Z</Time>
                        <Position>
                            <LatitudeDegrees>30.52166175842285</LatitudeDegrees>
                            <LongitudeDegrees>104.05473327636719</LongitudeDegrees>
                        </Position>
                        <AltitudeMeters>436.279296875</AltitudeMeters>
                    </Trackpoint>
                    <Trackpoint>
                        <DistanceMeters>2616.7415771484375</DistanceMeters>
                        <Time>2022-05-07T14:13:03.599Z</Time>
                        <Position>
                            <LatitudeDegrees>30.52164649963379</LatitudeDegrees>
                            <LongitudeDegrees>104.05473327636719</LongitudeDegrees>
                        </Position>
                        <AltitudeMeters>436.279296875</AltitudeMeters>
                    </Trackpoint>
                    <Trackpoint>
                        <DistanceMeters>2616.7415771484375</DistanceMeters>
                        <Time>2022-05-07T14:13:04.297Z</Time>
                        <Position>
                            <LatitudeDegrees>30.52163314819336</LatitudeDegrees>
                            <LongitudeDegrees>104.05474090576172</LongitudeDegrees>
                        </Position>
                        <AltitudeMeters>436.38916015625</AltitudeMeters>
                    </Trackpoint>
                    <Trackpoint>
                        <DistanceMeters>2616.7415771484375</DistanceMeters>
                        <Time>2022-05-07T14:13:04.739Z</Time>
                        <Position>
                            <LatitudeDegrees>30.521623611450195</LatitudeDegrees>
                            <LongitudeDegrees>104.05474090576172</LongitudeDegrees>
                        </Position>
                        <AltitudeMeters>436.38916015625</AltitudeMeters>
                    </Trackpoint>
                    <Trackpoint>
                        <DistanceMeters>2616.7415771484375</DistanceMeters>
                        <Time>2022-05-07T14:13:05.399Z</Time>
                        <Position>
                            <LatitudeDegrees>30.5216121673584</LatitudeDegrees>
                            <LongitudeDegrees>104.05474853515625</LongitudeDegrees>
                        </Position>
                        <AltitudeMeters>436.38916015625</AltitudeMeters>
                    </Trackpoint>
                    <Trackpoint>
                        <DistanceMeters>2616.7415771484375</DistanceMeters>
                        <Time>2022-05-07T14:13:06.299Z</Time>
                        <Position>
                            <LatitudeDegrees>30.521596908569336</LatitudeDegrees>
                            <LongitudeDegrees>104.05474853515625</LongitudeDegrees>
                        </Position>
                        <AltitudeMeters>436.7066650390625</AltitudeMeters>
                    </Trackpoint>
                    <Trackpoint>
                        <DistanceMeters>2616.7415771484375</DistanceMeters>
                        <Time>2022-05-07T14:13:06.781Z</Time>
                        <Position>
                            <LatitudeDegrees>30.521587371826172</LatitudeDegrees>
                            <LongitudeDegrees>104.05474853515625</LongitudeDegrees>
                        </Position>
                        <AltitudeMeters>436.7066650390625</AltitudeMeters>
                    </Trackpoint>
                    <Trackpoint>
                        <DistanceMeters>2616.7415771484375</DistanceMeters>
                        <Time>2022-05-07T14:13:07.420Z</Time>
                        <Position>
                            <LatitudeDegrees>30.521575927734375</LatitudeDegrees>
                            <LongitudeDegrees>104.05474853515625</LongitudeDegrees>
                        </Position>
                        <AltitudeMeters>436.7066650390625</AltitudeMeters>
                    </Trackpoint>
                    <Trackpoint>
                        <DistanceMeters>2616.7415771484375</DistanceMeters>
                        <Time>2022-05-07T14:13:08.101Z</Time>
                        <Position>
                            <LatitudeDegrees>30.521562576293945</LatitudeDegrees>
                            <LongitudeDegrees>104.05474090576172</LongitudeDegrees>
                        </Position>
                        <AltitudeMeters>437.27978515625</AltitudeMeters>
                    </Trackpoint>
                    <Trackpoint>
                        <DistanceMeters>2616.7415771484375</DistanceMeters>
                        <Time>2022-05-07T14:13:08.780Z</Time>
                        <Position>
                            <LatitudeDegrees>30.52155303955078</LatitudeDegrees>
                            <LongitudeDegrees>104.05473327636719</LongitudeDegrees>
                        </Position>
                        <AltitudeMeters>437.27978515625</AltitudeMeters>
                    </Trackpoint>
                    <Trackpoint>
                        <DistanceMeters>2616.7415771484375</DistanceMeters>
                        <Time>2022-05-07T14:13:09.662Z</Time>
                        <Position>
                            <LatitudeDegrees>30.521541595458984</LatitudeDegrees>
                            <LongitudeDegrees>104.05473327636719</LongitudeDegrees>
                        </Position>
                        <AltitudeMeters>437.27978515625</AltitudeMeters>
                    </Trackpoint>
                    <Trackpoint>
                        <DistanceMeters>2616.7415771484375</DistanceMeters>
                        <Time>2022-05-07T14:13:11.040Z</Time>
                        <Position>
                            <LatitudeDegrees>30.521520614624023</LatitudeDegrees>
                            <LongitudeDegrees>104.05472564697266</LongitudeDegrees>
                        </Position>
                        <AltitudeMeters>437.913818359375</AltitudeMeters>
                    </Trackpoint>
                    <Trackpoint>
                        <DistanceMeters>2616.7415771484375</DistanceMeters>
                        <Time>2022-05-07T14:13:12.385Z</Time>
                        <Position>
                            <LatitudeDegrees>30.52149772644043</LatitudeDegrees>
                            <LongitudeDegrees>104.05471801757812</LongitudeDegrees>
                        </Position>
                        <AltitudeMeters>438.4132080078125</AltitudeMeters>
                    </Trackpoint>
                    <Trackpoint>
                        <DistanceMeters>2616.7415771484375</DistanceMeters>
                        <Time>2022-05-07T14:13:13.704Z</Time>
                        <Position>
                            <LatitudeDegrees>30.521482467651367</LatitudeDegrees>
                            <LongitudeDegrees>104.0547103881836</LongitudeDegrees>
                        </Position>
                        <AltitudeMeters>438.4132080078125</AltitudeMeters>
                    </Trackpoint>
                    <Trackpoint>
                        <DistanceMeters>2616.7415771484375</DistanceMeters>
                        <Time>2022-05-07T14:13:14.365Z</Time>
                        <Position>
                            <LatitudeDegrees>30.52147102355957</LatitudeDegrees>
                            <LongitudeDegrees>104.05470275878906</LongitudeDegrees>
                        </Position>
                        <AltitudeMeters>438.9847412109375</AltitudeMeters>
                    </Trackpoint>
                    <Trackpoint>
                        <DistanceMeters>2616.7415771484375</DistanceMeters>
                        <Time>2022-05-07T14:13:15.420Z</Time>
                        <Position>
                            <LatitudeDegrees>30.521451950073242</LatitudeDegrees>
                            <LongitudeDegrees>104.05469512939453</LongitudeDegrees>
                        </Position>
                        <AltitudeMeters>438.9847412109375</AltitudeMeters>
                    </Trackpoint>
                    <Trackpoint>
                        <DistanceMeters>2616.7415771484375</DistanceMeters>
                        <Time>2022-05-07T14:13:16.100Z</Time>
                        <Position>
                            <LatitudeDegrees>30.52143669128418</LatitudeDegrees>
                            <LongitudeDegrees>104.0546875</LongitudeDegrees>
                        </Position>
                        <AltitudeMeters>440.06787109375</AltitudeMeters>
                    </Trackpoint>
                    <Trackpoint>
                        <DistanceMeters>2616.7415771484375</DistanceMeters>
                        <Time>2022-05-07T14:13:16.443Z</Time>
                        <Position>
                            <LatitudeDegrees>30.521427154541016</LatitudeDegrees>
                            <LongitudeDegrees>104.0546875</LongitudeDegrees>
                        </Position>
                        <AltitudeMeters>440.06787109375</AltitudeMeters>
                    </Trackpoint>
                    <Trackpoint>
                        <DistanceMeters>2616.7415771484375</DistanceMeters>
                        <Time>2022-05-07T14:13:17.104Z</Time>
                        <Position>
                            <LatitudeDegrees>30.521411895751953</LatitudeDegrees>
                            <LongitudeDegrees>104.0546875</LongitudeDegrees>
                        </Position>
                        <AltitudeMeters>440.06787109375</AltitudeMeters>
                    </Trackpoint>
                    <Trackpoint>
                        <DistanceMeters>2616.7415771484375</DistanceMeters>
                        <Time>2022-05-07T14:13:17.659Z</Time>
                        <Position>
                            <LatitudeDegrees>30.52139663696289</LatitudeDegrees>
                            <LongitudeDegrees>104.0546875</LongitudeDegrees>
                        </Position>
                        <AltitudeMeters>440.64154052734375</AltitudeMeters>
                    </Trackpoint>
                    <Trackpoint>
                        <DistanceMeters>2616.7415771484375</DistanceMeters>
                        <Time>2022-05-07T14:13:18.425Z</Time>
                        <Position>
                            <LatitudeDegrees>30.521379470825195</LatitudeDegrees>
                            <LongitudeDegrees>104.05467987060547</LongitudeDegrees>
                        </Position>
                        <AltitudeMeters>440.64154052734375</AltitudeMeters>
                    </Trackpoint>
                    <Trackpoint>
                        <DistanceMeters>2616.7415771484375</DistanceMeters>
                        <Time>2022-05-07T14:13:18.837Z</Time>
                        <Position>
                            <LatitudeDegrees>30.52136993408203</LatitudeDegrees>
                            <LongitudeDegrees>104.05467987060547</LongitudeDegrees>
                        </Position>
                        <AltitudeMeters>440.64154052734375</AltitudeMeters>
                    </Trackpoint>
                    <Trackpoint>
                        <DistanceMeters>2616.7415771484375</DistanceMeters>
                        <Time>2022-05-07T14:13:19.498Z</Time>
                        <Position>
                            <LatitudeDegrees>30.521352767944336</LatitudeDegrees>
                            <LongitudeDegrees>104.05467987060547</LongitudeDegrees>
                        </Position>
                        <AltitudeMeters>440.64154052734375</AltitudeMeters>
                    </Trackpoint>
                    <Trackpoint>
                        <DistanceMeters>2616.7415771484375</DistanceMeters>
                        <Time>2022-05-07T14:13:20.158Z</Time>
                        <Position>
                            <LatitudeDegrees>30.521339416503906</LatitudeDegrees>
                            <LongitudeDegrees>104.05467224121094</LongitudeDegrees>
                        </Position>
                        <AltitudeMeters>440.80426025390625</AltitudeMeters>
                    </Trackpoint>
                    <Trackpoint>
                        <DistanceMeters>2616.7415771484375</DistanceMeters>
                        <Time>2022-05-07T14:13:20.743Z</Time>
                        <Position>
                            <LatitudeDegrees>30.521326065063477</LatitudeDegrees>
                            <LongitudeDegrees>104.05467224121094</LongitudeDegrees>
                        </Position>
                        <AltitudeMeters>440.80426025390625</AltitudeMeters>
                    </Trackpoint>
                    <Trackpoint>
                        <DistanceMeters>2616.7415771484375</DistanceMeters>
                        <Time>2022-05-07T14:13:21.658Z</Time>
                        <Position>
                            <LatitudeDegrees>30.52130699157715</LatitudeDegrees>
                            <LongitudeDegrees>104.05467224121094</LongitudeDegrees>
                        </Position>
                        <AltitudeMeters>440.07470703125</AltitudeMeters>
                    </Trackpoint>
                    <Trackpoint>
                        <DistanceMeters>2616.7415771484375</DistanceMeters>
                        <Time>2022-05-07T14:13:22.180Z</Time>
                        <Position>
                            <LatitudeDegrees>30.52129554748535</LatitudeDegrees>
                            <LongitudeDegrees>104.05467224121094</LongitudeDegrees>
                        </Position>
                        <AltitudeMeters>440.07470703125</AltitudeMeters>
                    </Trackpoint>
                    <Trackpoint>
                        <DistanceMeters>2616.7415771484375</DistanceMeters>
                        <Time>2022-05-07T14:13:23.122Z</Time>
                        <Position>
                            <LatitudeDegrees>30.521276473999023</LatitudeDegrees>
                            <LongitudeDegrees>104.05467224121094</LongitudeDegrees>
                        </Position>
                        <AltitudeMeters>440.07470703125</AltitudeMeters>
                    </Trackpoint>
                    <Trackpoint>
                        <DistanceMeters>2616.7415771484375</DistanceMeters>
                        <Time>2022-05-07T14:13:24.441Z</Time>
                        <Position>
                            <LatitudeDegrees>30.52124786376953</LatitudeDegrees>
                            <LongitudeDegrees>104.05467224121094</LongitudeDegrees>
                        </Position>
                        <AltitudeMeters>440.7652587890625</AltitudeMeters>
                    </Trackpoint>
                    <Trackpoint>
                        <DistanceMeters>2616.7415771484375</DistanceMeters>
                        <Time>2022-05-07T14:13:25.659Z</Time>
                        <Position>
                            <LatitudeDegrees>30.52122688293457</LatitudeDegrees>
                            <LongitudeDegrees>104.05467224121094</LongitudeDegrees>
                        </Position>
                        <AltitudeMeters>440.5198974609375</AltitudeMeters>
                    </Trackpoint>
                    <Trackpoint>
                        <DistanceMeters>2616.7415771484375</DistanceMeters>
                        <Time>2022-05-07T14:13:27.583Z</Time>
                        <Position>
                            <LatitudeDegrees>30.521202087402344</LatitudeDegrees>
                            <LongitudeDegrees>104.0546646118164</LongitudeDegrees>
                        </Position>
                        <AltitudeMeters>440.5198974609375</AltitudeMeters>
                    </Trackpoint>
                    <Trackpoint>
                        <DistanceMeters>2616.7415771484375</DistanceMeters>
                        <Time>2022-05-07T14:13:28.444Z</Time>
                        <Position>
                            <LatitudeDegrees>30.52119255065918</LatitudeDegrees>
                            <LongitudeDegrees>104.05465698242188</LongitudeDegrees>
                        </Position>
                        <AltitudeMeters>440.3515625</AltitudeMeters>
                    </Trackpoint>
                    <Trackpoint>
                        <DistanceMeters>2616.7415771484375</DistanceMeters>
                        <Time>2022-05-07T14:13:29.660Z</Time>
                        <Position>
                            <LatitudeDegrees>30.52117347717285</LatitudeDegrees>
                            <LongitudeDegrees>104.0546646118164</LongitudeDegrees>
                        </Position>
                        <AltitudeMeters>440.3515625</AltitudeMeters>
                    </Trackpoint>
                    <Trackpoint>
                        <DistanceMeters>2676.952781677246</DistanceMeters>
                        <Time>2022-05-07T14:13:30.341Z</Time>
                        <Position>
                            <LatitudeDegrees>30.52116584777832</LatitudeDegrees>
                            <LongitudeDegrees>104.05467224121094</LongitudeDegrees>
                        </Position>
                        <AltitudeMeters>439.81494140625</AltitudeMeters>
                    </Trackpoint>
                    <Trackpoint>
                        <DistanceMeters>2676.952781677246</DistanceMeters>
                        <Time>2022-05-07T14:13:31.366Z</Time>
                        <Position>
                            <LatitudeDegrees>30.52115249633789</LatitudeDegrees>
                            <LongitudeDegrees>104.05467987060547</LongitudeDegrees>
                        </Position>
                        <AltitudeMeters>439.81494140625</AltitudeMeters>
                    </Trackpoint>
                    <Trackpoint>
                        <DistanceMeters>2676.952781677246</DistanceMeters>
                        <Time>2022-05-07T14:13:32.640Z</Time>
                        <Position>
                            <LatitudeDegrees>30.521135330200195</LatitudeDegrees>
                            <LongitudeDegrees>104.05467224121094</LongitudeDegrees>
                        </Position>
                        <AltitudeMeters>440.9837646484375</AltitudeMeters>
                    </Trackpoint>
                    <Trackpoint>
                        <DistanceMeters>2676.952781677246</DistanceMeters>
                        <Time>2022-05-07T14:13:33.659Z</Time>
                        <Position>
                            <LatitudeDegrees>30.521114349365234</LatitudeDegrees>
                            <LongitudeDegrees>104.0546646118164</LongitudeDegrees>
                        </Position>
                        <AltitudeMeters>440.2869873046875</AltitudeMeters>
                    </Trackpoint>
                    <Trackpoint>
                        <DistanceMeters>2676.952781677246</DistanceMeters>
                        <Time>2022-05-07T14:13:34.306Z</Time>
                        <Position>
                            <LatitudeDegrees>30.521102905273438</LatitudeDegrees>
                            <LongitudeDegrees>104.0546646118164</LongitudeDegrees>
                        </Position>
                        <AltitudeMeters>440.2869873046875</AltitudeMeters>
                    </Trackpoint>
                    <Trackpoint>
                        <DistanceMeters>2676.952781677246</DistanceMeters>
                        <Time>2022-05-07T14:13:35.061Z</Time>
                        <Position>
                            <LatitudeDegrees>30.521087646484375</LatitudeDegrees>
                            <LongitudeDegrees>104.0546646118164</LongitudeDegrees>
                        </Position>
                        <AltitudeMeters>440.2869873046875</AltitudeMeters>
                    </Trackpoint>
                    <Trackpoint>
                        <DistanceMeters>2676.952781677246</DistanceMeters>
                        <Time>2022-05-07T14:13:35.659Z</Time>
                        <Position>
                            <LatitudeDegrees>30.52107810974121</LatitudeDegrees>
                            <LongitudeDegrees>104.0546646118164</LongitudeDegrees>
                        </Position>
                        <AltitudeMeters>439.53997802734375</AltitudeMeters>
                    </Trackpoint>
                    <Trackpoint>
                        <DistanceMeters>2676.952781677246</DistanceMeters>
                        <Time>2022-05-07T14:13:37.323Z</Time>
                        <Position>
                            <LatitudeDegrees>30.521047592163086</LatitudeDegrees>
                            <LongitudeDegrees>104.0546646118164</LongitudeDegrees>
                        </Position>
                        <AltitudeMeters>439.53997802734375</AltitudeMeters>
                    </Trackpoint>
                    <Trackpoint>
                        <DistanceMeters>2676.952781677246</DistanceMeters>
                        <Time>2022-05-07T14:13:38.740Z</Time>
                        <Position>
                            <LatitudeDegrees>30.52102279663086</LatitudeDegrees>
                            <LongitudeDegrees>104.05465698242188</LongitudeDegrees>
                        </Position>
                        <AltitudeMeters>439.4962158203125</AltitudeMeters>
                    </Trackpoint>
                    <Trackpoint>
                        <DistanceMeters>2676.952781677246</DistanceMeters>
                        <Time>2022-05-07T14:13:39.659Z</Time>
                        <Position>
                            <LatitudeDegrees>30.521011352539062</LatitudeDegrees>
                            <LongitudeDegrees>104.05465698242188</LongitudeDegrees>
                        </Position>
                        <AltitudeMeters>439.4918212890625</AltitudeMeters>
                    </Trackpoint>
                    <Trackpoint>
                        <DistanceMeters>2676.952781677246</DistanceMeters>
                        <Time>2022-05-07T14:13:40.763Z</Time>
                        <Position>
                            <LatitudeDegrees>30.5209903717041</LatitudeDegrees>
                            <LongitudeDegrees>104.05464935302734</LongitudeDegrees>
                        </Position>
                        <AltitudeMeters>439.4918212890625</AltitudeMeters>
                    </Trackpoint>
                    <Trackpoint>
                        <DistanceMeters>2676.952781677246</DistanceMeters>
                        <Time>2022-05-07T14:13:41.403Z</Time>
                        <Position>
                            <LatitudeDegrees>30.520978927612305</LatitudeDegrees>
                            <LongitudeDegrees>104.05464935302734</LongitudeDegrees>
                        </Position>
                        <AltitudeMeters>439.4918212890625</AltitudeMeters>
                    </Trackpoint>
                    <Trackpoint>
                        <DistanceMeters>2676.952781677246</DistanceMeters>
                        <Time>2022-05-07T14:13:42.783Z</Time>
                        <Position>
                            <LatitudeDegrees>30.520950317382812</LatitudeDegrees>
                            <LongitudeDegrees>104.05464935302734</LongitudeDegrees>
                        </Position>
                        <AltitudeMeters>439.02154541015625</AltitudeMeters>
                    </Trackpoint>
                    <Trackpoint>
                        <DistanceMeters>2676.952781677246</DistanceMeters>
                        <Time>2022-05-07T14:13:43.166Z</Time>
                        <Position>
                            <LatitudeDegrees>30.52094078063965</LatitudeDegrees>
                            <LongitudeDegrees>104.05464172363281</LongitudeDegrees>
                        </Position>
                        <AltitudeMeters>439.02154541015625</AltitudeMeters>
                    </Trackpoint>
                    <Trackpoint>
                        <DistanceMeters>2676.952781677246</DistanceMeters>
                        <Time>2022-05-07T14:13:43.659Z</Time>
                        <Position>
                            <LatitudeDegrees>30.52092933654785</LatitudeDegrees>
                            <LongitudeDegrees>104.05464172363281</LongitudeDegrees>
                        </Position>
                        <AltitudeMeters>439.07537841796875</AltitudeMeters>
                    </Trackpoint>
                    <Trackpoint>
                        <DistanceMeters>2676.952781677246</DistanceMeters>
                        <Time>2022-05-07T14:13:44.457Z</Time>
                        <Position>
                            <LatitudeDegrees>30.520915985107422</LatitudeDegrees>
                            <LongitudeDegrees>104.05464172363281</LongitudeDegrees>
                        </Position>
                        <AltitudeMeters>439.07537841796875</AltitudeMeters>
                    </Trackpoint>
                    <Trackpoint>
                        <DistanceMeters>2676.952781677246</DistanceMeters>
                        <Time>2022-05-07T14:13:45.099Z</Time>
                        <Position>
                            <LatitudeDegrees>30.520906448364258</LatitudeDegrees>
                            <LongitudeDegrees>104.05464935302734</LongitudeDegrees>
                        </Position>
                        <AltitudeMeters>439.07537841796875</AltitudeMeters>
                    </Trackpoint>
                    <Trackpoint>
                        <DistanceMeters>2676.952781677246</DistanceMeters>
                        <Time>2022-05-07T14:13:45.658Z</Time>
                        <Position>
                            <LatitudeDegrees>30.520898818969727</LatitudeDegrees>
                            <LongitudeDegrees>104.05465698242188</LongitudeDegrees>
                        </Position>
                        <AltitudeMeters>439.3681640625</AltitudeMeters>
                    </Trackpoint>
                    <Trackpoint>
                        <DistanceMeters>2676.952781677246</DistanceMeters>
                        <Time>2022-05-07T14:13:46.805Z</Time>
                        <Position>
                            <LatitudeDegrees>30.52088165283203</LatitudeDegrees>
                            <LongitudeDegrees>104.0546646118164</LongitudeDegrees>
                        </Position>
                        <AltitudeMeters>439.3681640625</AltitudeMeters>
                    </Trackpoint>
                    <Trackpoint>
                        <DistanceMeters>2676.952781677246</DistanceMeters>
                        <Time>2022-05-07T14:13:47.659Z</Time>
                        <Position>
                            <LatitudeDegrees>30.52086067199707</LatitudeDegrees>
                            <LongitudeDegrees>104.05465698242188</LongitudeDegrees>
                        </Position>
                        <AltitudeMeters>440.18463134765625</AltitudeMeters>
                    </Trackpoint>
                    <Trackpoint>
                        <DistanceMeters>2676.952781677246</DistanceMeters>
                        <Time>2022-05-07T14:13:48.164Z</Time>
                        <Position>
                            <LatitudeDegrees>30.520849227905273</LatitudeDegrees>
                            <LongitudeDegrees>104.05465698242188</LongitudeDegrees>
                        </Position>
                        <AltitudeMeters>440.18463134765625</AltitudeMeters>
                    </Trackpoint>
                    <Trackpoint>
                        <DistanceMeters>2676.952781677246</DistanceMeters>
                        <Time>2022-05-07T14:13:48.845Z</Time>
                        <Position>
                            <LatitudeDegrees>30.52083396911621</LatitudeDegrees>
                            <LongitudeDegrees>104.05464935302734</LongitudeDegrees>
                        </Position>
                        <AltitudeMeters>440.18463134765625</AltitudeMeters>
                    </Trackpoint>
                    <Trackpoint>
                        <DistanceMeters>2676.952781677246</DistanceMeters>
                        <Time>2022-05-07T14:13:49.506Z</Time>
                        <Position>
                            <LatitudeDegrees>30.52082061767578</LatitudeDegrees>
                            <LongitudeDegrees>104.05464935302734</LongitudeDegrees>
                        </Position>
                        <AltitudeMeters>440.18463134765625</AltitudeMeters>
                    </Trackpoint>
                    <Trackpoint>
                        <DistanceMeters>2676.952781677246</DistanceMeters>
                        <Time>2022-05-07T14:13:50.845Z</Time>
                        <Position>
                            <LatitudeDegrees>30.52079963684082</LatitudeDegrees>
                            <LongitudeDegrees>104.05464172363281</LongitudeDegrees>
                        </Position>
                        <AltitudeMeters>441.1683349609375</AltitudeMeters>
                    </Trackpoint>
                    <Trackpoint>
                        <DistanceMeters>2676.952781677246</DistanceMeters>
                        <Time>2022-05-07T14:13:51.659Z</Time>
                        <Position>
                            <LatitudeDegrees>30.52078628540039</LatitudeDegrees>
                            <LongitudeDegrees>104.05464935302734</LongitudeDegrees>
                        </Position>
                        <AltitudeMeters>442.3155517578125</AltitudeMeters>
                    </Trackpoint>
                    <Trackpoint>
                        <DistanceMeters>2676.952781677246</DistanceMeters>
                        <Time>2022-05-07T14:13:52.820Z</Time>
                        <Position>
                            <LatitudeDegrees>30.520767211914062</LatitudeDegrees>
                            <LongitudeDegrees>104.05464172363281</LongitudeDegrees>
                        </Position>
                        <AltitudeMeters>442.3155517578125</AltitudeMeters>
                    </Trackpoint>
                    <Trackpoint>
                        <DistanceMeters>2676.952781677246</DistanceMeters>
                        <Time>2022-05-07T14:13:53.542Z</Time>
                        <Position>
                            <LatitudeDegrees>30.520753860473633</LatitudeDegrees>
                            <LongitudeDegrees>104.05464172363281</LongitudeDegrees>
                        </Position>
                        <AltitudeMeters>442.3155517578125</AltitudeMeters>
                    </Trackpoint>
                    <Trackpoint>
                        <DistanceMeters>2676.952781677246</DistanceMeters>
                        <Time>2022-05-07T14:13:54.585Z</Time>
                        <Position>
                            <LatitudeDegrees>30.520734786987305</LatitudeDegrees>
                            <LongitudeDegrees>104.05464172363281</LongitudeDegrees>
                        </Position>
                        <AltitudeMeters>441.10137939453125</AltitudeMeters>
                    </Trackpoint>
                    <Trackpoint>
                        <DistanceMeters>2676.952781677246</DistanceMeters>
                        <Time>2022-05-07T14:13:55.188Z</Time>
                        <Position>
                            <LatitudeDegrees>30.52072525024414</LatitudeDegrees>
                            <LongitudeDegrees>104.05463409423828</LongitudeDegrees>
                        </Position>
                        <AltitudeMeters>441.10137939453125</AltitudeMeters>
                    </Trackpoint>
                    <Trackpoint>
                        <DistanceMeters>2676.952781677246</DistanceMeters>
                        <Time>2022-05-07T14:13:56.202Z</Time>
                        <Position>
                            <LatitudeDegrees>30.520708084106445</LatitudeDegrees>
                            <LongitudeDegrees>104.05463409423828</LongitudeDegrees>
                        </Position>
                        <AltitudeMeters>441.8072509765625</AltitudeMeters>
                    </Trackpoint>
                    <Trackpoint>
                        <DistanceMeters>2676.952781677246</DistanceMeters>
                        <Time>2022-05-07T14:13:57.503Z</Time>
                        <Position>
                            <LatitudeDegrees>30.520689010620117</LatitudeDegrees>
                            <LongitudeDegrees>104.05464172363281</LongitudeDegrees>
                        </Position>
                        <AltitudeMeters>441.8072509765625</AltitudeMeters>
                    </Trackpoint>
                    <Trackpoint>
                        <DistanceMeters>2676.952781677246</DistanceMeters>
                        <Time>2022-05-07T14:13:58.223Z</Time>
                        <Position>
                            <LatitudeDegrees>30.52067756652832</LatitudeDegrees>
                            <LongitudeDegrees>104.05464172363281</LongitudeDegrees>
                        </Position>
                        <AltitudeMeters>441.720703125</AltitudeMeters>
                    </Trackpoint>
                    <Trackpoint>
                        <DistanceMeters>2676.952781677246</DistanceMeters>
                        <Time>2022-05-07T14:13:59.007Z</Time>
                        <Position>
                            <LatitudeDegrees>30.520666122436523</LatitudeDegrees>
                            <LongitudeDegrees>104.05464172363281</LongitudeDegrees>
                        </Position>
                        <AltitudeMeters>441.720703125</AltitudeMeters>
                    </Trackpoint>
                    <Trackpoint>
                        <DistanceMeters>2676.952781677246</DistanceMeters>
                        <Time>2022-05-07T14:13:59.563Z</Time>
                        <Position>
                            <LatitudeDegrees>30.52065658569336</LatitudeDegrees>
                            <LongitudeDegrees>104.05464172363281</LongitudeDegrees>
                        </Position>
                        <AltitudeMeters>441.720703125</AltitudeMeters>
                    </Trackpoint>
                    <Trackpoint>
                        <DistanceMeters>2716.9604682922363</DistanceMeters>
                        <Time>2022-05-07T14:14:00.904Z</Time>
                        <Position>
                            <LatitudeDegrees>30.52063751220703</LatitudeDegrees>
                            <LongitudeDegrees>104.05464935302734</LongitudeDegrees>
                        </Position>
                        <AltitudeMeters>441.7364501953125</AltitudeMeters>
                    </Trackpoint>
                    <Trackpoint>
                        <DistanceMeters>2716.9604682922363</DistanceMeters>
                        <Time>2022-05-07T14:14:01.659Z</Time>
                        <Position>
                            <LatitudeDegrees>30.520626068115234</LatitudeDegrees>
                            <LongitudeDegrees>104.05464172363281</LongitudeDegrees>
                        </Position>
                        <AltitudeMeters>441.3660888671875</AltitudeMeters>
                    </Trackpoint>
                    <Trackpoint>
                        <DistanceMeters>2716.9604682922363</DistanceMeters>
                        <Time>2022-05-07T14:14:02.379Z</Time>
                        <Position>
                            <LatitudeDegrees>30.52061653137207</LatitudeDegrees>
                            <LongitudeDegrees>104.05464172363281</LongitudeDegrees>
                        </Position>
                        <AltitudeMeters>441.3660888671875</AltitudeMeters>
                    </Trackpoint>
                    <Trackpoint>
                        <DistanceMeters>2716.9604682922363</DistanceMeters>
                        <Time>2022-05-07T14:14:03.642Z</Time>
                        <Position>
                            <LatitudeDegrees>30.520599365234375</LatitudeDegrees>
                            <LongitudeDegrees>104.05463409423828</LongitudeDegrees>
                        </Position>
                        <AltitudeMeters>441.3660888671875</AltitudeMeters>
                    </Trackpoint>
                    <Trackpoint>
                        <DistanceMeters>2716.9604682922363</DistanceMeters>
                        <Time>2022-05-07T14:14:05.100Z</Time>
                        <Position>
                            <LatitudeDegrees>30.52057647705078</LatitudeDegrees>
                            <LongitudeDegrees>104.05463409423828</LongitudeDegrees>
                        </Position>
                        <AltitudeMeters>442.1180419921875</AltitudeMeters>
                    </Trackpoint>
                    <Trackpoint>
                        <DistanceMeters>2716.9604682922363</DistanceMeters>
                        <Time>2022-05-07T14:14:05.658Z</Time>
                        <Position>
                            <LatitudeDegrees>30.520566940307617</LatitudeDegrees>
                            <LongitudeDegrees>104.05463409423828</LongitudeDegrees>
                        </Position>
                        <AltitudeMeters>442.328125</AltitudeMeters>
                    </Trackpoint>
                    <Trackpoint>
                        <DistanceMeters>2716.9604682922363</DistanceMeters>
                        <Time>2022-05-07T14:14:06.544Z</Time>
                        <Position>
                            <LatitudeDegrees>30.520553588867188</LatitudeDegrees>
                            <LongitudeDegrees>104.05463409423828</LongitudeDegrees>
                        </Position>
                        <AltitudeMeters>442.328125</AltitudeMeters>
                    </Trackpoint>
                    <Trackpoint>
                        <DistanceMeters>2716.9604682922363</DistanceMeters>
                        <Time>2022-05-07T14:14:07.444Z</Time>
                        <Position>
                            <LatitudeDegrees>30.52054214477539</LatitudeDegrees>
                            <LongitudeDegrees>104.05463409423828</LongitudeDegrees>
                        </Position>
                        <AltitudeMeters>442.328125</AltitudeMeters>
                    </Trackpoint>
                    <Trackpoint>
                        <DistanceMeters>2716.9604682922363</DistanceMeters>
                        <Time>2022-05-07T14:14:08.402Z</Time>
                        <Position>
                            <LatitudeDegrees>30.52053451538086</LatitudeDegrees>
                            <LongitudeDegrees>104.05461883544922</LongitudeDegrees>
                        </Position>
                        <AltitudeMeters>441.298095703125</AltitudeMeters>
                    </Trackpoint>
                    <Trackpoint>
                        <DistanceMeters>2716.9604682922363</DistanceMeters>
                        <Time>2022-05-07T14:14:09.398Z</Time>
                        <Position>
                            <LatitudeDegrees>30.520524978637695</LatitudeDegrees>
                            <LongitudeDegrees>104.05461883544922</LongitudeDegrees>
                        </Position>
                        <AltitudeMeters>441.298095703125</AltitudeMeters>
                    </Trackpoint>
                    <Trackpoint>
                        <DistanceMeters>2716.9604682922363</DistanceMeters>
                        <Time>2022-05-07T14:14:11.046Z</Time>
                        <Position>
                            <LatitudeDegrees>30.520517349243164</LatitudeDegrees>
                            <LongitudeDegrees>104.05461120605469</LongitudeDegrees>
                        </Position>
                        <AltitudeMeters>440.56427001953125</AltitudeMeters>
                    </Trackpoint>
                    <Trackpoint>
                        <DistanceMeters>2716.9604682922363</DistanceMeters>
                        <Time>2022-05-07T14:14:12.425Z</Time>
                        <Position>
                            <LatitudeDegrees>30.520509719848633</LatitudeDegrees>
                            <LongitudeDegrees>104.05460357666016</LongitudeDegrees>
                        </Position>
                        <AltitudeMeters>439.908447265625</AltitudeMeters>
                    </Trackpoint>
                    <Trackpoint>
                        <DistanceMeters>2716.9604682922363</DistanceMeters>
                        <Time>2022-05-07T14:14:13.659Z</Time>
                        <Position>
                            <LatitudeDegrees>30.52049446105957</LatitudeDegrees>
                            <LongitudeDegrees>104.05461120605469</LongitudeDegrees>
                        </Position>
                        <AltitudeMeters>440.370849609375</AltitudeMeters>
                    </Trackpoint>
                    <Trackpoint>
                        <DistanceMeters>2716.9604682922363</DistanceMeters>
                        <Time>2022-05-07T14:14:14.465Z</Time>
                        <Position>
                            <LatitudeDegrees>30.520484924316406</LatitudeDegrees>
                            <LongitudeDegrees>104.05462646484375</LongitudeDegrees>
                        </Position>
                        <AltitudeMeters>440.370849609375</AltitudeMeters>
                    </Trackpoint>
                    <Trackpoint>
                        <DistanceMeters>2716.9604682922363</DistanceMeters>
                        <Time>2022-05-07T14:14:15.499Z</Time>
                        <Position>
                            <LatitudeDegrees>30.520477294921875</LatitudeDegrees>
                            <LongitudeDegrees>104.05464172363281</LongitudeDegrees>
                        </Position>
                        <AltitudeMeters>440.370849609375</AltitudeMeters>
                    </Trackpoint>
                    <Trackpoint>
                        <DistanceMeters>2716.9604682922363</DistanceMeters>
                        <Time>2022-05-07T14:14:16.524Z</Time>
                        <Position>
                            <LatitudeDegrees>30.520469665527344</LatitudeDegrees>
                            <LongitudeDegrees>104.0546646118164</LongitudeDegrees>
                        </Position>
                        <AltitudeMeters>440.4068603515625</AltitudeMeters>
                    </Trackpoint>
                    <Trackpoint>
                        <DistanceMeters>2716.9604682922363</DistanceMeters>
                        <Time>2022-05-07T14:14:17.578Z</Time>
                        <Position>
                            <LatitudeDegrees>30.52046012878418</LatitudeDegrees>
                            <LongitudeDegrees>104.05467987060547</LongitudeDegrees>
                        </Position>
                        <AltitudeMeters>440.4068603515625</AltitudeMeters>
                    </Trackpoint>
                    <Trackpoint>
                        <DistanceMeters>2716.9604682922363</DistanceMeters>
                        <Time>2022-05-07T14:14:18.603Z</Time>
                        <Position>
                            <LatitudeDegrees>30.520448684692383</LatitudeDegrees>
                            <LongitudeDegrees>104.05470275878906</LongitudeDegrees>
                        </Position>
                        <AltitudeMeters>440.501220703125</AltitudeMeters>
                    </Trackpoint>
                    <Trackpoint>
                        <DistanceMeters>2716.9604682922363</DistanceMeters>
                        <Time>2022-05-07T14:14:19.659Z</Time>
                        <Position>
                            <LatitudeDegrees>30.520437240600586</LatitudeDegrees>
                            <LongitudeDegrees>104.05472564697266</LongitudeDegrees>
                        </Position>
                        <AltitudeMeters>440.0457763671875</AltitudeMeters>
                    </Trackpoint>
                    <Trackpoint>
                        <DistanceMeters>2716.9604682922363</DistanceMeters>
                        <Time>2022-05-07T14:14:20.086Z</Time>
                        <Position>
                            <LatitudeDegrees>30.52043914794922</LatitudeDegrees>
                            <LongitudeDegrees>104.05473327636719</LongitudeDegrees>
                        </Position>
                        <AltitudeMeters>445.21826171875</AltitudeMeters>
                    </Trackpoint>
                    <Trackpoint>
                        <DistanceMeters>2716.9604682922363</DistanceMeters>
                        <Time>2022-05-07T14:14:21.659Z</Time>
                        <Position>
                            <LatitudeDegrees>30.52044105529785</LatitudeDegrees>
                            <LongitudeDegrees>104.05475616455078</LongitudeDegrees>
                        </Position>
                        <AltitudeMeters>444.9293212890625</AltitudeMeters>
                    </Trackpoint>
                    <Trackpoint>
                        <DistanceMeters>2716.9604682922363</DistanceMeters>
                        <Time>2022-05-07T14:14:22.658Z</Time>
                        <Position>
                            <LatitudeDegrees>30.52046012878418</LatitudeDegrees>
                            <LongitudeDegrees>104.05476379394531</LongitudeDegrees>
                        </Position>
                        <AltitudeMeters>443.277099609375</AltitudeMeters>
                    </Trackpoint>
                    <Trackpoint>
                        <DistanceMeters>2716.9604682922363</DistanceMeters>
                        <Time>2022-05-07T14:14:23.659Z</Time>
                        <Position>
                            <LatitudeDegrees>30.52046775817871</LatitudeDegrees>
                            <LongitudeDegrees>104.05477142333984</LongitudeDegrees>
                        </Position>
                        <AltitudeMeters>442.2900390625</AltitudeMeters>
                    </Trackpoint>
                    <Trackpoint>
                        <DistanceMeters>2716.9604682922363</DistanceMeters>
                        <Time>2022-05-07T14:14:25.659Z</Time>
                        <Position>
                            <LatitudeDegrees>30.52047348022461</LatitudeDegrees>
                            <LongitudeDegrees>104.05477905273438</LongitudeDegrees>
                        </Position>
                        <AltitudeMeters>441.22802734375</AltitudeMeters>
                    </Trackpoint>
                    <Trackpoint>
                        <DistanceMeters>2751.8419914245605</DistanceMeters>
                        <Time>2022-05-07T14:14:30.659Z</Time>
                        <Position>
                            <LatitudeDegrees>30.520483016967773</LatitudeDegrees>
                            <LongitudeDegrees>104.0547866821289</LongitudeDegrees>
                        </Position>
                        <AltitudeMeters>438.2349853515625</AltitudeMeters>
                    </Trackpoint>
                    <Trackpoint>
                        <DistanceMeters>2751.8419914245605</DistanceMeters>
                        <Time>2022-05-07T14:14:32.658Z</Time>
                        <Position>
                            <LatitudeDegrees>30.52049446105957</LatitudeDegrees>
                            <LongitudeDegrees>104.0548095703125</LongitudeDegrees>
                        </Position>
                        <AltitudeMeters>438.232666015625</AltitudeMeters>
                    </Trackpoint>
                    <Trackpoint>
                        <DistanceMeters>2751.8419914245605</DistanceMeters>
                        <Time>2022-05-07T14:14:33.880Z</Time>
                        <Position>
                            <LatitudeDegrees>30.52049446105957</LatitudeDegrees>
                            <LongitudeDegrees>104.05482482910156</LongitudeDegrees>
                        </Position>
                        <AltitudeMeters>438.232666015625</AltitudeMeters>
                    </Trackpoint>
                    <Trackpoint>
                        <DistanceMeters>2751.8419914245605</DistanceMeters>
                        <Time>2022-05-07T14:14:36.087Z</Time>
                        <Position>
                            <LatitudeDegrees>30.520483016967773</LatitudeDegrees>
                            <LongitudeDegrees>104.05484771728516</LongitudeDegrees>
                        </Position>
                        <AltitudeMeters>444.6656494140625</AltitudeMeters>
                    </Trackpoint>
                    <Trackpoint>
                        <DistanceMeters>2751.8419914245605</DistanceMeters>
                        <Time>2022-05-07T14:14:38.084Z</Time>
                        <Position>
                            <LatitudeDegrees>30.520492553710938</LatitudeDegrees>
                            <LongitudeDegrees>104.05489349365234</LongitudeDegrees>
                        </Position>
                        <AltitudeMeters>444.0228271484375</AltitudeMeters>
                    </Trackpoint>
                    <Trackpoint>
                        <DistanceMeters>2751.8419914245605</DistanceMeters>
                        <Time>2022-05-07T14:14:38.659Z</Time>
                        <Position>
                            <LatitudeDegrees>30.52050018310547</LatitudeDegrees>
                            <LongitudeDegrees>104.0549087524414</LongitudeDegrees>
                        </Position>
                        <AltitudeMeters>444.0201416015625</AltitudeMeters>
                    </Trackpoint>
                    <Trackpoint>
                        <DistanceMeters>2751.8419914245605</DistanceMeters>
                        <Time>2022-05-07T14:14:39.659Z</Time>
                        <Position>
                            <LatitudeDegrees>30.520505905151367</LatitudeDegrees>
                            <LongitudeDegrees>104.05492401123047</LongitudeDegrees>
                        </Position>
                        <AltitudeMeters>445.0826416015625</AltitudeMeters>
                    </Trackpoint>
                    <Trackpoint>
                        <DistanceMeters>2751.8419914245605</DistanceMeters>
                        <Time>2022-05-07T14:14:40.659Z</Time>
                        <Position>
                            <LatitudeDegrees>30.520511627197266</LatitudeDegrees>
                            <LongitudeDegrees>104.05494689941406</LongitudeDegrees>
                        </Position>
                        <AltitudeMeters>444.4710693359375</AltitudeMeters>
                    </Trackpoint>
                    <Trackpoint>
                        <DistanceMeters>2751.8419914245605</DistanceMeters>
                        <Time>2022-05-07T14:14:41.659Z</Time>
                        <Position>
                            <LatitudeDegrees>30.520519256591797</LatitudeDegrees>
                            <LongitudeDegrees>104.05496215820312</LongitudeDegrees>
                        </Position>
                        <AltitudeMeters>443.84527587890625</AltitudeMeters>
                    </Trackpoint>
                    <Trackpoint>
                        <DistanceMeters>2751.8419914245605</DistanceMeters>
                        <Time>2022-05-07T14:14:43.660Z</Time>
                        <Position>
                            <LatitudeDegrees>30.5205078125</LatitudeDegrees>
                            <LongitudeDegrees>104.05497741699219</LongitudeDegrees>
                        </Position>
                        <AltitudeMeters>442.6810302734375</AltitudeMeters>
                    </Trackpoint>
                    <Trackpoint>
                        <DistanceMeters>2751.8419914245605</DistanceMeters>
                        <Time>2022-05-07T14:14:44.659Z</Time>
                        <Position>
                            <LatitudeDegrees>30.520503997802734</LatitudeDegrees>
                            <LongitudeDegrees>104.05499267578125</LongitudeDegrees>
                        </Position>
                        <AltitudeMeters>442.6005859375</AltitudeMeters>
                    </Trackpoint>
                    <Trackpoint>
                        <DistanceMeters>2751.8419914245605</DistanceMeters>
                        <Time>2022-05-07T14:14:45.659Z</Time>
                        <Position>
                            <LatitudeDegrees>30.520503997802734</LatitudeDegrees>
                            <LongitudeDegrees>104.05500793457031</LongitudeDegrees>
                        </Position>
                        <AltitudeMeters>442.7864990234375</AltitudeMeters>
                    </Trackpoint>
                    <Trackpoint>
                        <DistanceMeters>2751.8419914245605</DistanceMeters>
                        <Time>2022-05-07T14:14:51.141Z</Time>
                        <Position>
                            <LatitudeDegrees>30.520511627197266</LatitudeDegrees>
                            <LongitudeDegrees>104.05500793457031</LongitudeDegrees>
                        </Position>
                        <AltitudeMeters>442.2698974609375</AltitudeMeters>
                    </Trackpoint>
                    <Trackpoint>
                        <DistanceMeters>2751.8419914245605</DistanceMeters>
                        <Time>2022-05-07T14:14:52.658Z</Time>
                        <Position>
                            <LatitudeDegrees>30.520511627197266</LatitudeDegrees>
                            <LongitudeDegrees>104.05502319335938</LongitudeDegrees>
                        </Position>
                        <AltitudeMeters>442.60009765625</AltitudeMeters>
                    </Trackpoint>
                    <Trackpoint>
                        <DistanceMeters>2751.8419914245605</DistanceMeters>
                        <Time>2022-05-07T14:14:53.658Z</Time>
                        <Position>
                            <LatitudeDegrees>30.520511627197266</LatitudeDegrees>
                            <LongitudeDegrees>104.0550308227539</LongitudeDegrees>
                        </Position>
                        <AltitudeMeters>441.88671875</AltitudeMeters>
                    </Trackpoint>
                    <Trackpoint>
                        <DistanceMeters>2751.8419914245605</DistanceMeters>
                        <Time>2022-05-07T14:14:54.659Z</Time>
                        <Position>
                            <LatitudeDegrees>30.520511627197266</LatitudeDegrees>
                            <LongitudeDegrees>104.05504608154297</LongitudeDegrees>
                        </Position>
                        <AltitudeMeters>441.446044921875</AltitudeMeters>
                    </Trackpoint>
                    <Trackpoint>
                        <DistanceMeters>2751.8419914245605</DistanceMeters>
                        <Time>2022-05-07T14:14:55.658Z</Time>
                        <Position>
                            <LatitudeDegrees>30.520511627197266</LatitudeDegrees>
                            <LongitudeDegrees>104.05506896972656</LongitudeDegrees>
                        </Position>
                        <AltitudeMeters>441.24603271484375</AltitudeMeters>
                    </Trackpoint>
                    <Trackpoint>
                        <DistanceMeters>2751.8419914245605</DistanceMeters>
                        <Time>2022-05-07T14:14:56.418Z</Time>
                        <Position>
                            <LatitudeDegrees>30.520511627197266</LatitudeDegrees>
                            <LongitudeDegrees>104.05508422851562</LongitudeDegrees>
                        </Position>
                        <AltitudeMeters>441.24603271484375</AltitudeMeters>
                    </Trackpoint>
                    <Trackpoint>
                        <DistanceMeters>2751.8419914245605</DistanceMeters>
                        <Time>2022-05-07T14:14:56.965Z</Time>
                        <Position>
                            <LatitudeDegrees>30.5205135345459</LatitudeDegrees>
                            <LongitudeDegrees>104.05509185791016</LongitudeDegrees>
                        </Position>
                        <AltitudeMeters>441.0146484375</AltitudeMeters>
                    </Trackpoint>
                    <Trackpoint>
                        <DistanceMeters>2751.8419914245605</DistanceMeters>
                        <Time>2022-05-07T14:14:57.659Z</Time>
                        <Position>
                            <LatitudeDegrees>30.52051544189453</LatitudeDegrees>
                            <LongitudeDegrees>104.05510711669922</LongitudeDegrees>
                        </Position>
                        <AltitudeMeters>440.95782470703125</AltitudeMeters>
                    </Trackpoint>
                    <Trackpoint>
                        <DistanceMeters>2798.4536170959473</DistanceMeters>
                        <Time>2022-05-07T14:15:01.080Z</Time>
                        <Position>
                            <LatitudeDegrees>30.520524978637695</LatitudeDegrees>
                            <LongitudeDegrees>104.05516815185547</LongitudeDegrees>
                        </Position>
                        <AltitudeMeters>444.034423828125</AltitudeMeters>
                    </Trackpoint>
                    <Trackpoint>
                        <DistanceMeters>2798.4536170959473</DistanceMeters>
                        <Time>2022-05-07T14:15:03.659Z</Time>
                        <Position>
                            <LatitudeDegrees>30.520530700683594</LatitudeDegrees>
                            <LongitudeDegrees>104.0551986694336</LongitudeDegrees>
                        </Position>
                        <AltitudeMeters>442.8502197265625</AltitudeMeters>
                    </Trackpoint>
                    <Trackpoint>
                        <DistanceMeters>2798.4536170959473</DistanceMeters>
                        <Time>2022-05-07T14:15:05.658Z</Time>
                        <Position>
                            <LatitudeDegrees>30.520536422729492</LatitudeDegrees>
                            <LongitudeDegrees>104.05522918701172</LongitudeDegrees>
                        </Position>
                        <AltitudeMeters>443.574462890625</AltitudeMeters>
                    </Trackpoint>
                    <Trackpoint>
                        <DistanceMeters>2798.4536170959473</DistanceMeters>
                        <Time>2022-05-07T14:15:07.659Z</Time>
                        <Position>
                            <LatitudeDegrees>30.520538330078125</LatitudeDegrees>
                            <LongitudeDegrees>104.05525970458984</LongitudeDegrees>
                        </Position>
                        <AltitudeMeters>443.3441162109375</AltitudeMeters>
                    </Trackpoint>
                    <Trackpoint>
                        <DistanceMeters>2798.4536170959473</DistanceMeters>
                        <Time>2022-05-07T14:15:09.658Z</Time>
                        <Position>
                            <LatitudeDegrees>30.52054214477539</LatitudeDegrees>
                            <LongitudeDegrees>104.0552978515625</LongitudeDegrees>
                        </Position>
                        <AltitudeMeters>443.25701904296875</AltitudeMeters>
                    </Trackpoint>
                    <Trackpoint>
                        <DistanceMeters>2798.4536170959473</DistanceMeters>
                        <Time>2022-05-07T14:15:11.658Z</Time>
                        <Position>
                            <LatitudeDegrees>30.520544052124023</LatitudeDegrees>
                            <LongitudeDegrees>104.05532836914062</LongitudeDegrees>
                        </Position>
                        <AltitudeMeters>443.3060302734375</AltitudeMeters>
                    </Trackpoint>
                    <Trackpoint>
                        <DistanceMeters>2798.4536170959473</DistanceMeters>
                        <Time>2022-05-07T14:15:12.742Z</Time>
                        <Position>
                            <LatitudeDegrees>30.520545959472656</LatitudeDegrees>
                            <LongitudeDegrees>104.05534362792969</LongitudeDegrees>
                        </Position>
                        <AltitudeMeters>443.3060302734375</AltitudeMeters>
                    </Trackpoint>
                    <Trackpoint>
                        <DistanceMeters>2798.4536170959473</DistanceMeters>
                        <Time>2022-05-07T14:15:13.659Z</Time>
                        <Position>
                            <LatitudeDegrees>30.52054786682129</LatitudeDegrees>
                            <LongitudeDegrees>104.05535888671875</LongitudeDegrees>
                        </Position>
                        <AltitudeMeters>443.0411376953125</AltitudeMeters>
                    </Trackpoint>
                    <Trackpoint>
                        <DistanceMeters>2798.4536170959473</DistanceMeters>
                        <Time>2022-05-07T14:15:15.658Z</Time>
                        <Position>
                            <LatitudeDegrees>30.520549774169922</LatitudeDegrees>
                            <LongitudeDegrees>104.05538940429688</LongitudeDegrees>
                        </Position>
                        <AltitudeMeters>442.2950439453125</AltitudeMeters>
                    </Trackpoint>
                    <Trackpoint>
                        <DistanceMeters>2798.4536170959473</DistanceMeters>
                        <Time>2022-05-07T14:15:16.824Z</Time>
                        <Position>
                            <LatitudeDegrees>30.520545959472656</LatitudeDegrees>
                            <LongitudeDegrees>104.05541229248047</LongitudeDegrees>
                        </Position>
                        <AltitudeMeters>442.2950439453125</AltitudeMeters>
                    </Trackpoint>
                    <Trackpoint>
                        <DistanceMeters>2798.4536170959473</DistanceMeters>
                        <Time>2022-05-07T14:15:17.659Z</Time>
                        <Position>
                            <LatitudeDegrees>30.52054214477539</LatitudeDegrees>
                            <LongitudeDegrees>104.055419921875</LongitudeDegrees>
                        </Position>
                        <AltitudeMeters>441.85400390625</AltitudeMeters>
                    </Trackpoint>
                    <Trackpoint>
                        <DistanceMeters>2798.4536170959473</DistanceMeters>
                        <Time>2022-05-07T14:15:18.807Z</Time>
                        <Position>
                            <LatitudeDegrees>30.520536422729492</LatitudeDegrees>
                            <LongitudeDegrees>104.05543518066406</LongitudeDegrees>
                        </Position>
                        <AltitudeMeters>441.85400390625</AltitudeMeters>
                    </Trackpoint>
                    <Trackpoint>
                        <DistanceMeters>2798.4536170959473</DistanceMeters>
                        <Time>2022-05-07T14:15:19.659Z</Time>
                        <Position>
                            <LatitudeDegrees>30.520532608032227</LatitudeDegrees>
                            <LongitudeDegrees>104.05545043945312</LongitudeDegrees>
                        </Position>
                        <AltitudeMeters>441.2081298828125</AltitudeMeters>
                    </Trackpoint>
                    <Trackpoint>
                        <DistanceMeters>2798.4536170959473</DistanceMeters>
                        <Time>2022-05-07T14:15:21.605Z</Time>
                        <Position>
                            <LatitudeDegrees>30.52052116394043</LatitudeDegrees>
                            <LongitudeDegrees>104.05547332763672</LongitudeDegrees>
                        </Position>
                        <AltitudeMeters>441.2081298828125</AltitudeMeters>
                    </Trackpoint>
                    <Trackpoint>
                        <DistanceMeters>2798.4536170959473</DistanceMeters>
                        <Time>2022-05-07T14:15:22.764Z</Time>
                        <Position>
                            <LatitudeDegrees>30.520509719848633</LatitudeDegrees>
                            <LongitudeDegrees>104.05548095703125</LongitudeDegrees>
                        </Position>
                        <AltitudeMeters>440.88958740234375</AltitudeMeters>
                    </Trackpoint>
                    <Trackpoint>
                        <DistanceMeters>2798.4536170959473</DistanceMeters>
                        <Time>2022-05-07T14:15:23.659Z</Time>
                        <Position>
                            <LatitudeDegrees>30.5205020904541</LatitudeDegrees>
                            <LongitudeDegrees>104.05549621582031</LongitudeDegrees>
                        </Position>
                        <AltitudeMeters>439.1121826171875</AltitudeMeters>
                    </Trackpoint>
                    <Trackpoint>
                        <DistanceMeters>2798.4536170959473</DistanceMeters>
                        <Time>2022-05-07T14:15:24.823Z</Time>
                        <Position>
                            <LatitudeDegrees>30.52049446105957</LatitudeDegrees>
                            <LongitudeDegrees>104.05551147460938</LongitudeDegrees>
                        </Position>
                        <AltitudeMeters>439.1121826171875</AltitudeMeters>
                    </Trackpoint>
                    <Trackpoint>
                        <DistanceMeters>2798.4536170959473</DistanceMeters>
                        <Time>2022-05-07T14:15:27.659Z</Time>
                        <Position>
                            <LatitudeDegrees>30.52048110961914</LatitudeDegrees>
                            <LongitudeDegrees>104.0555419921875</LongitudeDegrees>
                        </Position>
                        <AltitudeMeters>438.51898193359375</AltitudeMeters>
                    </Trackpoint>
                    <Trackpoint>
                        <DistanceMeters>2798.4536170959473</DistanceMeters>
                        <Time>2022-05-07T14:15:29.658Z</Time>
                        <Position>
                            <LatitudeDegrees>30.520471572875977</LatitudeDegrees>
                            <LongitudeDegrees>104.0555648803711</LongitudeDegrees>
                        </Position>
                        <AltitudeMeters>439.0382080078125</AltitudeMeters>
                    </Trackpoint>
                    <Trackpoint>
                        <DistanceMeters>2843.4595909118652</DistanceMeters>
                        <Time>2022-05-07T14:15:31.659Z</Time>
                        <Position>
                            <LatitudeDegrees>30.520469665527344</LatitudeDegrees>
                            <LongitudeDegrees>104.05559539794922</LongitudeDegrees>
                        </Position>
                        <AltitudeMeters>438.546630859375</AltitudeMeters>
                    </Trackpoint>
                    <Trackpoint>
                        <DistanceMeters>2843.4595909118652</DistanceMeters>
                        <Time>2022-05-07T14:15:33.659Z</Time>
                        <Position>
                            <LatitudeDegrees>30.520475387573242</LatitudeDegrees>
                            <LongitudeDegrees>104.05561828613281</LongitudeDegrees>
                        </Position>
                        <AltitudeMeters>438.183349609375</AltitudeMeters>
                    </Trackpoint>
                    <Trackpoint>
                        <DistanceMeters>2843.4595909118652</DistanceMeters>
                        <Time>2022-05-07T14:15:35.658Z</Time>
                        <Position>
                            <LatitudeDegrees>30.520488739013672</LatitudeDegrees>
                            <LongitudeDegrees>104.05565643310547</LongitudeDegrees>
                        </Position>
                        <AltitudeMeters>437.5472412109375</AltitudeMeters>
                    </Trackpoint>
                    <Trackpoint>
                        <DistanceMeters>2843.4595909118652</DistanceMeters>
                        <Time>2022-05-07T14:15:37.659Z</Time>
                        <Position>
                            <LatitudeDegrees>30.5205020904541</LatitudeDegrees>
                            <LongitudeDegrees>104.0556869506836</LongitudeDegrees>
                        </Position>
                        <AltitudeMeters>437.0924072265625</AltitudeMeters>
                    </Trackpoint>
                    <Trackpoint>
                        <DistanceMeters>2843.4595909118652</DistanceMeters>
                        <Time>2022-05-07T14:15:39.659Z</Time>
                        <Position>
                            <LatitudeDegrees>30.52052116394043</LatitudeDegrees>
                            <LongitudeDegrees>104.05572509765625</LongitudeDegrees>
                        </Position>
                        <AltitudeMeters>436.7440185546875</AltitudeMeters>
                    </Trackpoint>
                    <Trackpoint>
                        <DistanceMeters>2843.4595909118652</DistanceMeters>
                        <Time>2022-05-07T14:15:41.659Z</Time>
                        <Position>
                            <LatitudeDegrees>30.52053451538086</LatitudeDegrees>
                            <LongitudeDegrees>104.05574798583984</LongitudeDegrees>
                        </Position>
                        <AltitudeMeters>436.553466796875</AltitudeMeters>
                    </Trackpoint>
                    <Trackpoint>
                        <DistanceMeters>2843.4595909118652</DistanceMeters>
                        <Time>2022-05-07T14:15:42.380Z</Time>
                        <Position>
                            <LatitudeDegrees>30.520538330078125</LatitudeDegrees>
                            <LongitudeDegrees>104.0557632446289</LongitudeDegrees>
                        </Position>
                        <AltitudeMeters>436.553466796875</AltitudeMeters>
                    </Trackpoint>
                    <Trackpoint>
                        <DistanceMeters>2843.4595909118652</DistanceMeters>
                        <Time>2022-05-07T14:15:43.659Z</Time>
                        <Position>
                            <LatitudeDegrees>30.520540237426758</LatitudeDegrees>
                            <LongitudeDegrees>104.05577850341797</LongitudeDegrees>
                        </Position>
                        <AltitudeMeters>436.52032470703125</AltitudeMeters>
                    </Trackpoint>
                    <Trackpoint>
                        <DistanceMeters>2843.4595909118652</DistanceMeters>
                        <Time>2022-05-07T14:15:45.658Z</Time>
                        <Position>
                            <LatitudeDegrees>30.520540237426758</LatitudeDegrees>
                            <LongitudeDegrees>104.0558090209961</LongitudeDegrees>
                        </Position>
                        <AltitudeMeters>436.37652587890625</AltitudeMeters>
                    </Trackpoint>
                    <Trackpoint>
                        <DistanceMeters>2843.4595909118652</DistanceMeters>
                        <Time>2022-05-07T14:15:47.658Z</Time>
                        <Position>
                            <LatitudeDegrees>30.52052879333496</LatitudeDegrees>
                            <LongitudeDegrees>104.05583190917969</LongitudeDegrees>
                        </Position>
                        <AltitudeMeters>436.552490234375</AltitudeMeters>
                    </Trackpoint>
                    <Trackpoint>
                        <DistanceMeters>2843.4595909118652</DistanceMeters>
                        <Time>2022-05-07T14:15:49.657Z</Time>
                        <Position>
                            <LatitudeDegrees>30.52052116394043</LatitudeDegrees>
                            <LongitudeDegrees>104.05585479736328</LongitudeDegrees>
                        </Position>
                        <AltitudeMeters>436.1722412109375</AltitudeMeters>
                    </Trackpoint>
                    <Trackpoint>
                        <DistanceMeters>2843.4595909118652</DistanceMeters>
                        <Time>2022-05-07T14:15:51.657Z</Time>
                        <Position>
                            <LatitudeDegrees>30.52052116394043</LatitudeDegrees>
                            <LongitudeDegrees>104.05587005615234</LongitudeDegrees>
                        </Position>
                        <AltitudeMeters>435.9888916015625</AltitudeMeters>
                    </Trackpoint>
                    <Trackpoint>
                        <DistanceMeters>2843.4595909118652</DistanceMeters>
                        <Time>2022-05-07T14:15:52.706Z</Time>
                        <Position>
                            <LatitudeDegrees>30.520524978637695</LatitudeDegrees>
                            <LongitudeDegrees>104.05589294433594</LongitudeDegrees>
                        </Position>
                        <AltitudeMeters>435.9888916015625</AltitudeMeters>
                    </Trackpoint>
                    <Trackpoint>
                        <DistanceMeters>2843.4595909118652</DistanceMeters>
                        <Time>2022-05-07T14:15:53.658Z</Time>
                        <Position>
                            <LatitudeDegrees>30.52052879333496</LatitudeDegrees>
                            <LongitudeDegrees>104.05591583251953</LongitudeDegrees>
                        </Position>
                        <AltitudeMeters>435.65478515625</AltitudeMeters>
                    </Trackpoint>
                    <Trackpoint>
                        <DistanceMeters>2843.4595909118652</DistanceMeters>
                        <Time>2022-05-07T14:15:55.658Z</Time>
                        <Position>
                            <LatitudeDegrees>30.520530700683594</LatitudeDegrees>
                            <LongitudeDegrees>104.05594635009766</LongitudeDegrees>
                        </Position>
                        <AltitudeMeters>435.41168212890625</AltitudeMeters>
                    </Trackpoint>
                    <Trackpoint>
                        <DistanceMeters>2843.4595909118652</DistanceMeters>
                        <Time>2022-05-07T14:15:56.278Z</Time>
                        <Position>
                            <LatitudeDegrees>30.520523071289062</LatitudeDegrees>
                            <LongitudeDegrees>104.05595397949219</LongitudeDegrees>
                        </Position>
                        <AltitudeMeters>435.41168212890625</AltitudeMeters>
                    </Trackpoint>
                    <Trackpoint>
                        <DistanceMeters>2843.4595909118652</DistanceMeters>
                        <Time>2022-05-07T14:15:57.284Z</Time>
                        <Position>
                            <LatitudeDegrees>30.520511627197266</LatitudeDegrees>
                            <LongitudeDegrees>104.05596160888672</LongitudeDegrees>
                        </Position>
                        <AltitudeMeters>435.41168212890625</AltitudeMeters>
                    </Trackpoint>
                    <Trackpoint>
                        <DistanceMeters>2843.4595909118652</DistanceMeters>
                        <Time>2022-05-07T14:15:59.658Z</Time>
                        <Position>
                            <LatitudeDegrees>30.52048110961914</LatitudeDegrees>
                            <LongitudeDegrees>104.05595397949219</LongitudeDegrees>
                        </Position>
                        <AltitudeMeters>435.074951171875</AltitudeMeters>
                    </Trackpoint>
                    <Trackpoint>
                        <DistanceMeters>2873.2975578308105</DistanceMeters>
                        <Time>2022-05-07T14:16:00.686Z</Time>
                        <Position>
                            <LatitudeDegrees>30.520463943481445</LatitudeDegrees>
                            <LongitudeDegrees>104.0559310913086</LongitudeDegrees>
                        </Position>
                        <AltitudeMeters>435.074951171875</AltitudeMeters>
                    </Trackpoint>
                    <Trackpoint>
                        <DistanceMeters>2873.2975578308105</DistanceMeters>
                        <Time>2022-05-07T14:16:01.658Z</Time>
                        <Position>
                            <LatitudeDegrees>30.52045249938965</LatitudeDegrees>
                            <LongitudeDegrees>104.05592346191406</LongitudeDegrees>
                        </Position>
                        <AltitudeMeters>435.0810546875</AltitudeMeters>
                    </Trackpoint>
                    <Trackpoint>
                        <DistanceMeters>2873.2975578308105</DistanceMeters>
                        <Time>2022-05-07T14:16:03.657Z</Time>
                        <Position>
                            <LatitudeDegrees>30.52043342590332</LatitudeDegrees>
                            <LongitudeDegrees>104.05589294433594</LongitudeDegrees>
                        </Position>
                        <AltitudeMeters>435.46923828125</AltitudeMeters>
                    </Trackpoint>
                    <Trackpoint>
                        <DistanceMeters>2873.2975578308105</DistanceMeters>
                        <Time>2022-05-07T14:16:05.657Z</Time>
                        <Position>
                            <LatitudeDegrees>30.520418167114258</LatitudeDegrees>
                            <LongitudeDegrees>104.05586242675781</LongitudeDegrees>
                        </Position>
                        <AltitudeMeters>435.77685546875</AltitudeMeters>
                    </Trackpoint>
                    <Trackpoint>
                        <DistanceMeters>2873.2975578308105</DistanceMeters>
                        <Time>2022-05-07T14:16:07.658Z</Time>
                        <Position>
                            <LatitudeDegrees>30.520401000976562</LatitudeDegrees>
                            <LongitudeDegrees>104.05582427978516</LongitudeDegrees>
                        </Position>
                        <AltitudeMeters>435.78875732421875</AltitudeMeters>
                    </Trackpoint>
                    <Trackpoint>
                        <DistanceMeters>2873.2975578308105</DistanceMeters>
                        <Time>2022-05-07T14:16:10.089Z</Time>
                        <Position>
                            <LatitudeDegrees>30.520383834838867</LatitudeDegrees>
                            <LongitudeDegrees>104.05580139160156</LongitudeDegrees>
                        </Position>
                        <AltitudeMeters>437.5233154296875</AltitudeMeters>
                    </Trackpoint>
                    <Trackpoint>
                        <DistanceMeters>2873.2975578308105</DistanceMeters>
                        <Time>2022-05-07T14:16:11.657Z</Time>
                        <Position>
                            <LatitudeDegrees>30.52037811279297</LatitudeDegrees>
                            <LongitudeDegrees>104.05583190917969</LongitudeDegrees>
                        </Position>
                        <AltitudeMeters>437.14495849609375</AltitudeMeters>
                    </Trackpoint>
                    <Trackpoint>
                        <DistanceMeters>2873.2975578308105</DistanceMeters>
                        <Time>2022-05-07T14:16:12.657Z</Time>
                        <Position>
                            <LatitudeDegrees>30.520376205444336</LatitudeDegrees>
                            <LongitudeDegrees>104.05583953857422</LongitudeDegrees>
                        </Position>
                        <AltitudeMeters>436.8900146484375</AltitudeMeters>
                    </Trackpoint>
                    <Trackpoint>
                        <DistanceMeters>2873.2975578308105</DistanceMeters>
                        <Time>2022-05-07T14:16:14.657Z</Time>
                        <Position>
                            <LatitudeDegrees>30.520370483398438</LatitudeDegrees>
                            <LongitudeDegrees>104.05586242675781</LongitudeDegrees>
                        </Position>
                        <AltitudeMeters>435.939208984375</AltitudeMeters>
                    </Trackpoint>
                    <Trackpoint>
                        <DistanceMeters>2873.2975578308105</DistanceMeters>
                        <Time>2022-05-07T14:16:19.657Z</Time>
                        <Position>
                            <LatitudeDegrees>30.520376205444336</LatitudeDegrees>
                            <LongitudeDegrees>104.05587005615234</LongitudeDegrees>
                        </Position>
                        <AltitudeMeters>435.7318115234375</AltitudeMeters>
                    </Trackpoint>
                    <Trackpoint>
                        <DistanceMeters>2873.2975578308105</DistanceMeters>
                        <Time>2022-05-07T14:16:20.658Z</Time>
                        <Position>
                            <LatitudeDegrees>30.520387649536133</LatitudeDegrees>
                            <LongitudeDegrees>104.05587768554688</LongitudeDegrees>
                        </Position>
                        <AltitudeMeters>436.02947998046875</AltitudeMeters>
                    </Trackpoint>
                    <Trackpoint>
                        <DistanceMeters>2873.2975578308105</DistanceMeters>
                        <Time>2022-05-07T14:16:22.657Z</Time>
                        <Position>
                            <LatitudeDegrees>30.5203914642334</LatitudeDegrees>
                            <LongitudeDegrees>104.05589294433594</LongitudeDegrees>
                        </Position>
                        <AltitudeMeters>436.25653076171875</AltitudeMeters>
                    </Trackpoint>
                    <Trackpoint>
                        <DistanceMeters>2873.2975578308105</DistanceMeters>
                        <Time>2022-05-07T14:16:25.658Z</Time>
                        <Position>
                            <LatitudeDegrees>30.5203800201416</LatitudeDegrees>
                            <LongitudeDegrees>104.0558853149414</LongitudeDegrees>
                        </Position>
                        <AltitudeMeters>434.8072509765625</AltitudeMeters>
                    </Trackpoint>
                    <Trackpoint>
                        <DistanceMeters>2878.1801629066467</DistanceMeters>
                        <Time>2022-05-07T14:16:42.658Z</Time>
                        <Position>
                            <LatitudeDegrees>30.520370483398438</LatitudeDegrees>
                            <LongitudeDegrees>104.05589294433594</LongitudeDegrees>
                        </Position>
                        <AltitudeMeters>432.817138671875</AltitudeMeters>
                    </Trackpoint>
                    <Trackpoint>
                        <DistanceMeters>2878.1801629066467</DistanceMeters>
                        <Time>2022-05-07T14:16:44.658Z</Time>
                        <Position>
                            <LatitudeDegrees>30.520368576049805</LatitudeDegrees>
                            <LongitudeDegrees>104.05587768554688</LongitudeDegrees>
                        </Position>
                        <AltitudeMeters>432.4351806640625</AltitudeMeters>
                    </Trackpoint>
                    <Trackpoint>
                        <DistanceMeters>2878.1801629066467</DistanceMeters>
                        <Time>2022-05-07T14:16:50.658Z</Time>
                        <Position>
                            <LatitudeDegrees>30.52035903930664</LatitudeDegrees>
                            <LongitudeDegrees>104.05587768554688</LongitudeDegrees>
                        </Position>
                        <AltitudeMeters>432.5159912109375</AltitudeMeters>
                    </Trackpoint>
                    <Trackpoint>
                        <DistanceMeters>2878.1801629066467</DistanceMeters>
                        <Time>2022-05-07T14:16:55.658Z</Time>
                        <Position>
                            <LatitudeDegrees>30.520368576049805</LatitudeDegrees>
                            <LongitudeDegrees>104.05587768554688</LongitudeDegrees>
                        </Position>
                        <AltitudeMeters>433.6470947265625</AltitudeMeters>
                    </Trackpoint>
                    <Trackpoint>
                        <DistanceMeters>2880.299706220627</DistanceMeters>
                        <Time>2022-05-07T14:17:10.658Z</Time>
                        <Position>
                            <LatitudeDegrees>30.52035903930664</LatitudeDegrees>
                            <LongitudeDegrees>104.05587768554688</LongitudeDegrees>
                        </Position>
                        <AltitudeMeters>434.70965576171875</AltitudeMeters>
                    </Trackpoint>
                    <Trackpoint>
                        <DistanceMeters>2880.299706220627</DistanceMeters>
                        <Time>2022-05-07T14:17:21.658Z</Time>
                        <Position>
                            <LatitudeDegrees>30.520349502563477</LatitudeDegrees>
                            <LongitudeDegrees>104.05587768554688</LongitudeDegrees>
                        </Position>
                        <AltitudeMeters>433.651611328125</AltitudeMeters>
                    </Trackpoint>
                    <Trackpoint>
                        <DistanceMeters>2885.7645633220673</DistanceMeters>
                        <Time>2022-05-07T14:17:34.658Z</Time>
                        <Position>
                            <LatitudeDegrees>30.520349502563477</LatitudeDegrees>
                            <LongitudeDegrees>104.05589294433594</LongitudeDegrees>
                        </Position>
                        <AltitudeMeters>431.83984375</AltitudeMeters>
                    </Trackpoint>
                    <Trackpoint>
                        <DistanceMeters>2885.7645633220673</DistanceMeters>
                        <Time>2022-05-07T14:17:38.658Z</Time>
                        <Position>
                            <LatitudeDegrees>30.520360946655273</LatitudeDegrees>
                            <LongitudeDegrees>104.05589294433594</LongitudeDegrees>
                        </Position>
                        <AltitudeMeters>431.135498046875</AltitudeMeters>
                    </Trackpoint>
                    <Trackpoint>
                        <DistanceMeters>2885.7645633220673</DistanceMeters>
                        <Time>2022-05-07T14:17:42.658Z</Time>
                        <Position>
                            <LatitudeDegrees>30.520360946655273</LatitudeDegrees>
                            <LongitudeDegrees>104.05590057373047</LongitudeDegrees>
                        </Position>
                        <AltitudeMeters>430.61590576171875</AltitudeMeters>
                    </Trackpoint>
                    <Trackpoint>
                        <DistanceMeters>2885.7645633220673</DistanceMeters>
                        <Time>2022-05-07T14:17:45.658Z</Time>
                        <Position>
                            <LatitudeDegrees>30.520349502563477</LatitudeDegrees>
                            <LongitudeDegrees>104.05590057373047</LongitudeDegrees>
                        </Position>
                        <AltitudeMeters>430.06048583984375</AltitudeMeters>
                    </Trackpoint>
                    <Trackpoint>
                        <DistanceMeters>2885.7645633220673</DistanceMeters>
                        <Time>2022-05-07T14:17:57.658Z</Time>
                        <Position>
                            <LatitudeDegrees>30.520349502563477</LatitudeDegrees>
                            <LongitudeDegrees>104.05589294433594</LongitudeDegrees>
                        </Position>
                        <AltitudeMeters>429.0782470703125</AltitudeMeters>
                    </Trackpoint>
                    <Trackpoint>
                        <DistanceMeters>2886.8835839033127</DistanceMeters>
                        <Time>2022-05-07T14:18:06.658Z</Time>
                        <Position>
                            <LatitudeDegrees>30.520357131958008</LatitudeDegrees>
                            <LongitudeDegrees>104.0558853149414</LongitudeDegrees>
                        </Position>
                        <AltitudeMeters>429.6905517578125</AltitudeMeters>
                    </Trackpoint>
                    <Trackpoint>
                        <DistanceMeters>2888.5725024938583</DistanceMeters>
                        <Time>2022-05-07T14:19:09.658Z</Time>
                    </Trackpoint>
                    <Trackpoint>
                        <DistanceMeters>2890.362625479698</DistanceMeters>
                        <Time>2022-05-07T14:20:51.657Z</Time>
                        <Position>
                            <LatitudeDegrees>30.520339965820312</LatitudeDegrees>
                            <LongitudeDegrees>104.05587005615234</LongitudeDegrees>
                        </Position>
                        <AltitudeMeters>430.80767822265625</AltitudeMeters>
                    </Trackpoint>
                    <Trackpoint>
                        <DistanceMeters>2890.362625479698</DistanceMeters>
                        <Time>2022-05-07T14:20:54.657Z</Time>
                        <Position>
                            <LatitudeDegrees>30.520339965820312</LatitudeDegrees>
                            <LongitudeDegrees>104.05586242675781</LongitudeDegrees>
                        </Position>
                        <AltitudeMeters>430.82275390625</AltitudeMeters>
                    </Trackpoint>
                    <Trackpoint>
                        <DistanceMeters>2893.613451361656</DistanceMeters>
                        <Time>2022-05-07T14:24:55.655Z</Time>
                        <Position>
                            <LatitudeDegrees>30.520339965820312</LatitudeDegrees>
                            <LongitudeDegrees>104.05583953857422</LongitudeDegrees>
                        </Position>
                        <AltitudeMeters>432.6502685546875</AltitudeMeters>
                    </Trackpoint>
                    <Trackpoint>
                        <DistanceMeters>2893.613451361656</DistanceMeters>
                        <Time>2022-05-07T14:24:59.656Z</Time>
                        <Position>
                            <LatitudeDegrees>30.52033042907715</LatitudeDegrees>
                            <LongitudeDegrees>104.05583953857422</LongitudeDegrees>
                        </Position>
                        <AltitudeMeters>432.66162109375</AltitudeMeters>
                    </Trackpoint>
                    <Trackpoint>
                        <DistanceMeters>2898.3978465795517</DistanceMeters>
                        <Time>2022-05-07T14:26:39.656Z</Time>
                        <Position>
                            <LatitudeDegrees>30.520334243774414</LatitudeDegrees>
                            <LongitudeDegrees>104.05584716796875</LongitudeDegrees>
                        </Position>
                        <AltitudeMeters>433.9752197265625</AltitudeMeters>
                    </Trackpoint>
                    <Trackpoint>
                        <DistanceMeters>2898.3978465795517</DistanceMeters>
                        <Time>2022-05-07T14:26:41.656Z</Time>
                        <Position>
                            <LatitudeDegrees>30.520339965820312</LatitudeDegrees>
                            <LongitudeDegrees>104.05586242675781</LongitudeDegrees>
                        </Position>
                        <AltitudeMeters>434.1033935546875</AltitudeMeters>
                    </Trackpoint>
                    <Trackpoint>
                        <DistanceMeters>2898.3978465795517</DistanceMeters>
                        <Time>2022-05-07T14:26:51.655Z</Time>
                        <Position>
                            <LatitudeDegrees>30.520349502563477</LatitudeDegrees>
                            <LongitudeDegrees>104.05587005615234</LongitudeDegrees>
                        </Position>
                        <AltitudeMeters>433.253173828125</AltitudeMeters>
                    </Trackpoint>
                    <Trackpoint>
                        <DistanceMeters>2898.3978465795517</DistanceMeters>
                        <Time>2022-05-07T14:26:59.075Z</Time>
                        <Position>
                            <LatitudeDegrees>30.52035903930664</LatitudeDegrees>
                            <LongitudeDegrees>104.05587005615234</LongitudeDegrees>
                        </Position>
                        <AltitudeMeters>432.1689453125</AltitudeMeters>
                    </Trackpoint>
                    <Trackpoint>
                        <DistanceMeters>2902.220180630684</DistanceMeters>
                        <Time>2022-05-07T14:27:17.656Z</Time>
                        <Position>
                            <LatitudeDegrees>30.520360946655273</LatitudeDegrees>
                            <LongitudeDegrees>104.05586242675781</LongitudeDegrees>
                        </Position>
                        <AltitudeMeters>434.4608154296875</AltitudeMeters>
                    </Trackpoint>
                    <Trackpoint>
                        <DistanceMeters>2902.220180630684</DistanceMeters>
                        <Time>2022-05-07T14:27:24.085Z</Time>
                        <Position>
                            <LatitudeDegrees>30.520370483398438</LatitudeDegrees>
                            <LongitudeDegrees>104.05586242675781</LongitudeDegrees>
                        </Position>
                        <AltitudeMeters>434.845458984375</AltitudeMeters>
                    </Trackpoint>
                    <Trackpoint>
                        <DistanceMeters>2902.220180630684</DistanceMeters>
                        <Time>2022-05-07T14:27:26.656Z</Time>
                        <Position>
                            <LatitudeDegrees>30.52035903930664</LatitudeDegrees>
                            <LongitudeDegrees>104.05586242675781</LongitudeDegrees>
                        </Position>
                        <AltitudeMeters>435.15142822265625</AltitudeMeters>
                    </Trackpoint>
                    <Trackpoint>
                        <DistanceMeters>2902.220180630684</DistanceMeters>
                        <Time>2022-05-07T14:27:28.656Z</Time>
                        <Position>
                            <LatitudeDegrees>30.52035903930664</LatitudeDegrees>
                            <LongitudeDegrees>104.05587005615234</LongitudeDegrees>
                        </Position>
                        <AltitudeMeters>435.292724609375</AltitudeMeters>
                    </Trackpoint>
                    <Trackpoint>
                        <DistanceMeters>2926.134870648384</DistanceMeters>
                        <Time>2022-05-07T14:27:31.655Z</Time>
                        <Position>
                            <LatitudeDegrees>30.520360946655273</LatitudeDegrees>
                            <LongitudeDegrees>104.05586242675781</LongitudeDegrees>
                        </Position>
                        <AltitudeMeters>434.5416259765625</AltitudeMeters>
                    </Trackpoint>
                    <Trackpoint>
                        <DistanceMeters>2926.134870648384</DistanceMeters>
                        <Time>2022-05-07T14:27:41.656Z</Time>
                        <Position>
                            <LatitudeDegrees>30.520339965820312</LatitudeDegrees>
                            <LongitudeDegrees>104.05583190917969</LongitudeDegrees>
                        </Position>
                        <AltitudeMeters>434.5177001953125</AltitudeMeters>
                    </Trackpoint>
                    <Trackpoint>
                        <DistanceMeters>2926.134870648384</DistanceMeters>
                        <Time>2022-05-07T14:27:43.657Z</Time>
                        <Position>
                            <LatitudeDegrees>30.520328521728516</LatitudeDegrees>
                            <LongitudeDegrees>104.0558090209961</LongitudeDegrees>
                        </Position>
                        <AltitudeMeters>434.19366455078125</AltitudeMeters>
                    </Trackpoint>
                    <Trackpoint>
                        <DistanceMeters>2926.134870648384</DistanceMeters>
                        <Time>2022-05-07T14:27:45.657Z</Time>
                        <Position>
                            <LatitudeDegrees>30.52031898498535</LatitudeDegrees>
                            <LongitudeDegrees>104.05579376220703</LongitudeDegrees>
                        </Position>
                        <AltitudeMeters>433.74658203125</AltitudeMeters>
                    </Trackpoint>
                    <Trackpoint>
                        <DistanceMeters>2926.134870648384</DistanceMeters>
                        <Time>2022-05-07T14:27:47.656Z</Time>
                        <Position>
                            <LatitudeDegrees>30.520309448242188</LatitudeDegrees>
                            <LongitudeDegrees>104.05577850341797</LongitudeDegrees>
                        </Position>
                        <AltitudeMeters>433.27587890625</AltitudeMeters>
                    </Trackpoint>
                    <Trackpoint>
                        <DistanceMeters>2926.134870648384</DistanceMeters>
                        <Time>2022-05-07T14:27:49.655Z</Time>
                        <Position>
                            <LatitudeDegrees>30.520292282104492</LatitudeDegrees>
                            <LongitudeDegrees>104.0557632446289</LongitudeDegrees>
                        </Position>
                        <AltitudeMeters>433.0791015625</AltitudeMeters>
                    </Trackpoint>
                    <Trackpoint>
                        <DistanceMeters>2926.134870648384</DistanceMeters>
                        <Time>2022-05-07T14:27:51.656Z</Time>
                        <Position>
                            <LatitudeDegrees>30.52027130126953</LatitudeDegrees>
                            <LongitudeDegrees>104.05574798583984</LongitudeDegrees>
                        </Position>
                        <AltitudeMeters>432.9066162109375</AltitudeMeters>
                    </Trackpoint>
                    <Trackpoint>
                        <DistanceMeters>2926.134870648384</DistanceMeters>
                        <Time>2022-05-07T14:27:53.656Z</Time>
                        <Position>
                            <LatitudeDegrees>30.520254135131836</LatitudeDegrees>
                            <LongitudeDegrees>104.05574798583984</LongitudeDegrees>
                        </Position>
                        <AltitudeMeters>432.84149169921875</AltitudeMeters>
                    </Trackpoint>
                    <Trackpoint>
                        <DistanceMeters>2926.134870648384</DistanceMeters>
                        <Time>2022-05-07T14:27:55.347Z</Time>
                        <Position>
                            <LatitudeDegrees>30.520240783691406</LatitudeDegrees>
                            <LongitudeDegrees>104.05574798583984</LongitudeDegrees>
                        </Position>
                        <AltitudeMeters>432.84149169921875</AltitudeMeters>
                    </Trackpoint>
                    <Trackpoint>
                        <DistanceMeters>2926.134870648384</DistanceMeters>
                        <Time>2022-05-07T14:27:57.655Z</Time>
                        <Position>
                            <LatitudeDegrees>30.52022933959961</LatitudeDegrees>
                            <LongitudeDegrees>104.05574035644531</LongitudeDegrees>
                        </Position>
                        <AltitudeMeters>432.319091796875</AltitudeMeters>
                    </Trackpoint>
                    <Trackpoint>
                        <DistanceMeters>2926.134870648384</DistanceMeters>
                        <Time>2022-05-07T14:27:59.655Z</Time>
                        <Position>
                            <LatitudeDegrees>30.520200729370117</LatitudeDegrees>
                            <LongitudeDegrees>104.05573272705078</LongitudeDegrees>
                        </Position>
                        <AltitudeMeters>432.12908935546875</AltitudeMeters>
                    </Trackpoint>
                    <Trackpoint>
                        <DistanceMeters>2969.91643345356</DistanceMeters>
                        <Time>2022-05-07T14:28:00.367Z</Time>
                        <Position>
                            <LatitudeDegrees>30.520183563232422</LatitudeDegrees>
                            <LongitudeDegrees>104.05574035644531</LongitudeDegrees>
                        </Position>
                        <AltitudeMeters>432.12908935546875</AltitudeMeters>
                    </Trackpoint>
                    <Trackpoint>
                        <DistanceMeters>2969.91643345356</DistanceMeters>
                        <Time>2022-05-07T14:28:01.606Z</Time>
                        <Position>
                            <LatitudeDegrees>30.520164489746094</LatitudeDegrees>
                            <LongitudeDegrees>104.05573272705078</LongitudeDegrees>
                        </Position>
                        <AltitudeMeters>432.12908935546875</AltitudeMeters>
                    </Trackpoint>
                    <Trackpoint>
                        <DistanceMeters>2969.91643345356</DistanceMeters>
                        <Time>2022-05-07T14:28:02.143Z</Time>
                        <Position>
                            <LatitudeDegrees>30.520153045654297</LatitudeDegrees>
                            <LongitudeDegrees>104.05573272705078</LongitudeDegrees>
                        </Position>
                        <AltitudeMeters>432.942138671875</AltitudeMeters>
                    </Trackpoint>
                    <Trackpoint>
                        <DistanceMeters>2969.91643345356</DistanceMeters>
                        <Time>2022-05-07T14:28:03.280Z</Time>
                        <Position>
                            <LatitudeDegrees>30.520139694213867</LatitudeDegrees>
                            <LongitudeDegrees>104.05573272705078</LongitudeDegrees>
                        </Position>
                        <AltitudeMeters>432.942138671875</AltitudeMeters>
                    </Trackpoint>
                    <Trackpoint>
                        <DistanceMeters>2969.91643345356</DistanceMeters>
                        <Time>2022-05-07T14:28:04.326Z</Time>
                        <Position>
                            <LatitudeDegrees>30.520124435424805</LatitudeDegrees>
                            <LongitudeDegrees>104.05573272705078</LongitudeDegrees>
                        </Position>
                        <AltitudeMeters>433.4942626953125</AltitudeMeters>
                    </Trackpoint>
                    <Trackpoint>
                        <DistanceMeters>2969.91643345356</DistanceMeters>
                        <Time>2022-05-07T14:28:05.656Z</Time>
                        <Position>
                            <LatitudeDegrees>30.520109176635742</LatitudeDegrees>
                            <LongitudeDegrees>104.05574035644531</LongitudeDegrees>
                        </Position>
                        <AltitudeMeters>433.784423828125</AltitudeMeters>
                    </Trackpoint>
                    <Trackpoint>
                        <DistanceMeters>2969.91643345356</DistanceMeters>
                        <Time>2022-05-07T14:28:06.406Z</Time>
                        <Position>
                            <LatitudeDegrees>30.520099639892578</LatitudeDegrees>
                            <LongitudeDegrees>104.05574798583984</LongitudeDegrees>
                        </Position>
                        <AltitudeMeters>433.784423828125</AltitudeMeters>
                    </Trackpoint>
                    <Trackpoint>
                        <DistanceMeters>2969.91643345356</DistanceMeters>
                        <Time>2022-05-07T14:28:07.469Z</Time>
                        <Position>
                            <LatitudeDegrees>30.52008628845215</LatitudeDegrees>
                            <LongitudeDegrees>104.05575561523438</LongitudeDegrees>
                        </Position>
                        <AltitudeMeters>433.784423828125</AltitudeMeters>
                    </Trackpoint>
                    <Trackpoint>
                        <DistanceMeters>2969.91643345356</DistanceMeters>
                        <Time>2022-05-07T14:28:08.886Z</Time>
                        <Position>
                            <LatitudeDegrees>30.520065307617188</LatitudeDegrees>
                            <LongitudeDegrees>104.0557632446289</LongitudeDegrees>
                        </Position>
                        <AltitudeMeters>433.59814453125</AltitudeMeters>
                    </Trackpoint>
                    <Trackpoint>
                        <DistanceMeters>2969.91643345356</DistanceMeters>
                        <Time>2022-05-07T14:28:09.656Z</Time>
                        <Position>
                            <LatitudeDegrees>30.520055770874023</LatitudeDegrees>
                            <LongitudeDegrees>104.05577087402344</LongitudeDegrees>
                        </Position>
                        <AltitudeMeters>433.3939208984375</AltitudeMeters>
                    </Trackpoint>
                    <Trackpoint>
                        <DistanceMeters>2969.91643345356</DistanceMeters>
                        <Time>2022-05-07T14:28:10.621Z</Time>
                        <Position>
                            <LatitudeDegrees>30.52004051208496</LatitudeDegrees>
                            <LongitudeDegrees>104.05577850341797</LongitudeDegrees>
                        </Position>
                        <AltitudeMeters>433.3939208984375</AltitudeMeters>
                    </Trackpoint>
                    <Trackpoint>
                        <DistanceMeters>2969.91643345356</DistanceMeters>
                        <Time>2022-05-07T14:28:11.688Z</Time>
                        <Position>
                            <LatitudeDegrees>30.52002716064453</LatitudeDegrees>
                            <LongitudeDegrees>104.05577850341797</LongitudeDegrees>
                        </Position>
                        <AltitudeMeters>433.3939208984375</AltitudeMeters>
                    </Trackpoint>
                    <Trackpoint>
                        <DistanceMeters>2969.91643345356</DistanceMeters>
                        <Time>2022-05-07T14:28:13.046Z</Time>
                        <Position>
                            <LatitudeDegrees>30.52001190185547</LatitudeDegrees>
                            <LongitudeDegrees>104.0557861328125</LongitudeDegrees>
                        </Position>
                        <AltitudeMeters>433.224609375</AltitudeMeters>
                    </Trackpoint>
                    <Trackpoint>
                        <DistanceMeters>2969.91643345356</DistanceMeters>
                        <Time>2022-05-07T14:28:14.128Z</Time>
                        <Position>
                            <LatitudeDegrees>30.520002365112305</LatitudeDegrees>
                            <LongitudeDegrees>104.05579376220703</LongitudeDegrees>
                        </Position>
                        <AltitudeMeters>432.0587158203125</AltitudeMeters>
                    </Trackpoint>
                    <Trackpoint>
                        <DistanceMeters>2969.91643345356</DistanceMeters>
                        <Time>2022-05-07T14:28:15.201Z</Time>
                        <Position>
                            <LatitudeDegrees>30.51999282836914</LatitudeDegrees>
                            <LongitudeDegrees>104.05580139160156</LongitudeDegrees>
                        </Position>
                        <AltitudeMeters>432.0587158203125</AltitudeMeters>
                    </Trackpoint>
                    <Trackpoint>
                        <DistanceMeters>2969.91643345356</DistanceMeters>
                        <Time>2022-05-07T14:28:16.277Z</Time>
                        <Position>
                            <LatitudeDegrees>30.519983291625977</LatitudeDegrees>
                            <LongitudeDegrees>104.05581665039062</LongitudeDegrees>
                        </Position>
                        <AltitudeMeters>433.30059814453125</AltitudeMeters>
                    </Trackpoint>
                    <Trackpoint>
                        <DistanceMeters>2969.91643345356</DistanceMeters>
                        <Time>2022-05-07T14:28:17.367Z</Time>
                        <Position>
                            <LatitudeDegrees>30.519969940185547</LatitudeDegrees>
                            <LongitudeDegrees>104.05581665039062</LongitudeDegrees>
                        </Position>
                        <AltitudeMeters>433.30059814453125</AltitudeMeters>
                    </Trackpoint>
                    <Trackpoint>
                        <DistanceMeters>2969.91643345356</DistanceMeters>
                        <Time>2022-05-07T14:28:19.502Z</Time>
                        <Position>
                            <LatitudeDegrees>30.51995086669922</LatitudeDegrees>
                            <LongitudeDegrees>104.05581665039062</LongitudeDegrees>
                        </Position>
                        <AltitudeMeters>433.134521484375</AltitudeMeters>
                    </Trackpoint>
                    <Trackpoint>
                        <DistanceMeters>2969.91643345356</DistanceMeters>
                        <Time>2022-05-07T14:28:20.229Z</Time>
                        <Position>
                            <LatitudeDegrees>30.519941329956055</LatitudeDegrees>
                            <LongitudeDegrees>104.05581665039062</LongitudeDegrees>
                        </Position>
                        <AltitudeMeters>434.5748291015625</AltitudeMeters>
                    </Trackpoint>
                    <Trackpoint>
                        <DistanceMeters>2969.91643345356</DistanceMeters>
                        <Time>2022-05-07T14:28:21.669Z</Time>
                        <Position>
                            <LatitudeDegrees>30.519927978515625</LatitudeDegrees>
                            <LongitudeDegrees>104.05581665039062</LongitudeDegrees>
                        </Position>
                        <AltitudeMeters>434.5748291015625</AltitudeMeters>
                    </Trackpoint>
                    <Trackpoint>
                        <DistanceMeters>2969.91643345356</DistanceMeters>
                        <Time>2022-05-07T14:28:22.723Z</Time>
                        <Position>
                            <LatitudeDegrees>30.519914627075195</LatitudeDegrees>
                            <LongitudeDegrees>104.0558090209961</LongitudeDegrees>
                        </Position>
                        <AltitudeMeters>435.17230224609375</AltitudeMeters>
                    </Trackpoint>
                    <Trackpoint>
                        <DistanceMeters>2969.91643345356</DistanceMeters>
                        <Time>2022-05-07T14:28:23.655Z</Time>
                        <Position>
                            <LatitudeDegrees>30.51990509033203</LatitudeDegrees>
                            <LongitudeDegrees>104.0558090209961</LongitudeDegrees>
                        </Position>
                        <AltitudeMeters>435.3060302734375</AltitudeMeters>
                    </Trackpoint>
                    <Trackpoint>
                        <DistanceMeters>2969.91643345356</DistanceMeters>
                        <Time>2022-05-07T14:28:24.727Z</Time>
                        <Position>
                            <LatitudeDegrees>30.5198917388916</LatitudeDegrees>
                            <LongitudeDegrees>104.0558090209961</LongitudeDegrees>
                        </Position>
                        <AltitudeMeters>435.3060302734375</AltitudeMeters>
                    </Trackpoint>
                    <Trackpoint>
                        <DistanceMeters>2969.91643345356</DistanceMeters>
                        <Time>2022-05-07T14:28:25.607Z</Time>
                        <Position>
                            <LatitudeDegrees>30.519880294799805</LatitudeDegrees>
                            <LongitudeDegrees>104.0558090209961</LongitudeDegrees>
                        </Position>
                        <AltitudeMeters>435.3060302734375</AltitudeMeters>
                    </Trackpoint>
                    <Trackpoint>
                        <DistanceMeters>2969.91643345356</DistanceMeters>
                        <Time>2022-05-07T14:28:26.709Z</Time>
                        <Position>
                            <LatitudeDegrees>30.519866943359375</LatitudeDegrees>
                            <LongitudeDegrees>104.05581665039062</LongitudeDegrees>
                        </Position>
                        <AltitudeMeters>434.8828125</AltitudeMeters>
                    </Trackpoint>
                    <Trackpoint>
                        <DistanceMeters>2969.91643345356</DistanceMeters>
                        <Time>2022-05-07T14:28:27.655Z</Time>
                        <Position>
                            <LatitudeDegrees>30.519855499267578</LatitudeDegrees>
                            <LongitudeDegrees>104.05582427978516</LongitudeDegrees>
                        </Position>
                        <AltitudeMeters>434.986572265625</AltitudeMeters>
                    </Trackpoint>
                    <Trackpoint>
                        <DistanceMeters>2969.91643345356</DistanceMeters>
                        <Time>2022-05-07T14:28:29.226Z</Time>
                        <Position>
                            <LatitudeDegrees>30.519840240478516</LatitudeDegrees>
                            <LongitudeDegrees>104.05583953857422</LongitudeDegrees>
                        </Position>
                        <AltitudeMeters>434.986572265625</AltitudeMeters>
                    </Trackpoint>
                    <Trackpoint>
                        <DistanceMeters>3007.4444905519485</DistanceMeters>
                        <Time>2022-05-07T14:28:31.346Z</Time>
                        <Position>
                            <LatitudeDegrees>30.519821166992188</LatitudeDegrees>
                            <LongitudeDegrees>104.05585479736328</LongitudeDegrees>
                        </Position>
                        <AltitudeMeters>435.33502197265625</AltitudeMeters>
                    </Trackpoint>
                    <Trackpoint>
                        <DistanceMeters>3007.4444905519485</DistanceMeters>
                        <Time>2022-05-07T14:28:32.446Z</Time>
                        <Position>
                            <LatitudeDegrees>30.519813537597656</LatitudeDegrees>
                            <LongitudeDegrees>104.05586242675781</LongitudeDegrees>
                        </Position>
                        <AltitudeMeters>435.1063232421875</AltitudeMeters>
                    </Trackpoint>
                    <Trackpoint>
                        <DistanceMeters>3007.4444905519485</DistanceMeters>
                        <Time>2022-05-07T14:28:33.655Z</Time>
                        <Position>
                            <LatitudeDegrees>30.519805908203125</LatitudeDegrees>
                            <LongitudeDegrees>104.05587005615234</LongitudeDegrees>
                        </Position>
                        <AltitudeMeters>436.0975341796875</AltitudeMeters>
                    </Trackpoint>
                    <Trackpoint>
                        <DistanceMeters>3007.4444905519485</DistanceMeters>
                        <Time>2022-05-07T14:28:35.026Z</Time>
                        <Position>
                            <LatitudeDegrees>30.519807815551758</LatitudeDegrees>
                            <LongitudeDegrees>104.0558853149414</LongitudeDegrees>
                        </Position>
                        <AltitudeMeters>436.0975341796875</AltitudeMeters>
                    </Trackpoint>
                    <Trackpoint>
                        <DistanceMeters>3007.4444905519485</DistanceMeters>
                        <Time>2022-05-07T14:28:36.682Z</Time>
                        <Position>
                            <LatitudeDegrees>30.519807815551758</LatitudeDegrees>
                            <LongitudeDegrees>104.055908203125</LongitudeDegrees>
                        </Position>
                        <AltitudeMeters>435.1585693359375</AltitudeMeters>
                    </Trackpoint>
                    <Trackpoint>
                        <DistanceMeters>3007.4444905519485</DistanceMeters>
                        <Time>2022-05-07T14:28:37.745Z</Time>
                        <Position>
                            <LatitudeDegrees>30.519807815551758</LatitudeDegrees>
                            <LongitudeDegrees>104.05592346191406</LongitudeDegrees>
                        </Position>
                        <AltitudeMeters>435.04376220703125</AltitudeMeters>
                    </Trackpoint>
                    <Trackpoint>
                        <DistanceMeters>3007.4444905519485</DistanceMeters>
                        <Time>2022-05-07T14:28:38.781Z</Time>
                        <Position>
                            <LatitudeDegrees>30.519804000854492</LatitudeDegrees>
                            <LongitudeDegrees>104.05593872070312</LongitudeDegrees>
                        </Position>
                        <AltitudeMeters>435.04376220703125</AltitudeMeters>
                    </Trackpoint>
                    <Trackpoint>
                        <DistanceMeters>3007.4444905519485</DistanceMeters>
                        <Time>2022-05-07T14:28:39.655Z</Time>
                        <Position>
                            <LatitudeDegrees>30.519798278808594</LatitudeDegrees>
                            <LongitudeDegrees>104.05594635009766</LongitudeDegrees>
                        </Position>
                        <AltitudeMeters>436.21173095703125</AltitudeMeters>
                    </Trackpoint>
                    <Trackpoint>
                        <DistanceMeters>3007.4444905519485</DistanceMeters>
                        <Time>2022-05-07T14:28:40.927Z</Time>
                        <Position>
                            <LatitudeDegrees>30.519792556762695</LatitudeDegrees>
                            <LongitudeDegrees>104.05596923828125</LongitudeDegrees>
                        </Position>
                        <AltitudeMeters>436.21173095703125</AltitudeMeters>
                    </Trackpoint>
                    <Trackpoint>
                        <DistanceMeters>3007.4444905519485</DistanceMeters>
                        <Time>2022-05-07T14:28:41.983Z</Time>
                        <Position>
                            <LatitudeDegrees>30.519792556762695</LatitudeDegrees>
                            <LongitudeDegrees>104.05598449707031</LongitudeDegrees>
                        </Position>
                        <AltitudeMeters>436.06787109375</AltitudeMeters>
                    </Trackpoint>
                    <Trackpoint>
                        <DistanceMeters>3007.4444905519485</DistanceMeters>
                        <Time>2022-05-07T14:28:43.122Z</Time>
                        <Position>
                            <LatitudeDegrees>30.51978874206543</LatitudeDegrees>
                            <LongitudeDegrees>104.05599975585938</LongitudeDegrees>
                        </Position>
                        <AltitudeMeters>436.06787109375</AltitudeMeters>
                    </Trackpoint>
                    <Trackpoint>
                        <DistanceMeters>3007.4444905519485</DistanceMeters>
                        <Time>2022-05-07T14:28:45.655Z</Time>
                        <Position>
                            <LatitudeDegrees>30.519777297973633</LatitudeDegrees>
                            <LongitudeDegrees>104.05603790283203</LongitudeDegrees>
                        </Position>
                        <AltitudeMeters>437.2017822265625</AltitudeMeters>
                    </Trackpoint>
                    <Trackpoint>
                        <DistanceMeters>3007.4444905519485</DistanceMeters>
                        <Time>2022-05-07T14:28:47.655Z</Time>
                        <Position>
                            <LatitudeDegrees>30.519771575927734</LatitudeDegrees>
                            <LongitudeDegrees>104.05606079101562</LongitudeDegrees>
                        </Position>
                        <AltitudeMeters>436.9232177734375</AltitudeMeters>
                    </Trackpoint>
                    <Trackpoint>
                        <DistanceMeters>3007.4444905519485</DistanceMeters>
                        <Time>2022-05-07T14:28:49.656Z</Time>
                        <Position>
                            <LatitudeDegrees>30.51976203918457</LatitudeDegrees>
                            <LongitudeDegrees>104.05607604980469</LongitudeDegrees>
                        </Position>
                        <AltitudeMeters>436.60260009765625</AltitudeMeters>
                    </Trackpoint>
                    <Trackpoint>
                        <DistanceMeters>3007.4444905519485</DistanceMeters>
                        <Time>2022-05-07T14:28:51.656Z</Time>
                        <Position>
                            <LatitudeDegrees>30.519742965698242</LatitudeDegrees>
                            <LongitudeDegrees>104.05609130859375</LongitudeDegrees>
                        </Position>
                        <AltitudeMeters>436.6484375</AltitudeMeters>
                    </Trackpoint>
                    <Trackpoint>
                        <DistanceMeters>3007.4444905519485</DistanceMeters>
                        <Time>2022-05-07T14:28:53.654Z</Time>
                        <Position>
                            <LatitudeDegrees>30.51972770690918</LatitudeDegrees>
                            <LongitudeDegrees>104.05609893798828</LongitudeDegrees>
                        </Position>
                        <AltitudeMeters>436.442626953125</AltitudeMeters>
                    </Trackpoint>
                    <Trackpoint>
                        <DistanceMeters>3007.4444905519485</DistanceMeters>
                        <Time>2022-05-07T14:28:55.656Z</Time>
                        <Position>
                            <LatitudeDegrees>30.51970863342285</LatitudeDegrees>
                            <LongitudeDegrees>104.05611419677734</LongitudeDegrees>
                        </Position>
                        <AltitudeMeters>436.4044189453125</AltitudeMeters>
                    </Trackpoint>
                    <Trackpoint>
                        <DistanceMeters>3007.4444905519485</DistanceMeters>
                        <Time>2022-05-07T14:28:57.656Z</Time>
                        <Position>
                            <LatitudeDegrees>30.519689559936523</LatitudeDegrees>
                            <LongitudeDegrees>104.05612182617188</LongitudeDegrees>
                        </Position>
                        <AltitudeMeters>436.4320068359375</AltitudeMeters>
                    </Trackpoint>
                    <Trackpoint>
                        <DistanceMeters>3007.4444905519485</DistanceMeters>
                        <Time>2022-05-07T14:28:59.656Z</Time>
                        <Position>
                            <LatitudeDegrees>30.51966667175293</LatitudeDegrees>
                            <LongitudeDegrees>104.0561294555664</LongitudeDegrees>
                        </Position>
                        <AltitudeMeters>436.3775634765625</AltitudeMeters>
                    </Trackpoint>
                    <Trackpoint>
                        <DistanceMeters>3022.9917002916336</DistanceMeters>
                        <Time>2022-05-07T14:29:01.655Z</Time>
                        <Position>
                            <LatitudeDegrees>30.519649505615234</LatitudeDegrees>
                            <LongitudeDegrees>104.0561294555664</LongitudeDegrees>
                        </Position>
                        <AltitudeMeters>436.4012451171875</AltitudeMeters>
                    </Trackpoint>
                    <Trackpoint>
                        <DistanceMeters>3022.9917002916336</DistanceMeters>
                        <Time>2022-05-07T14:29:03.654Z</Time>
                        <Position>
                            <LatitudeDegrees>30.519624710083008</LatitudeDegrees>
                            <LongitudeDegrees>104.05613708496094</LongitudeDegrees>
                        </Position>
                        <AltitudeMeters>436.62359619140625</AltitudeMeters>
                    </Trackpoint>
                    <Trackpoint>
                        <DistanceMeters>3022.9917002916336</DistanceMeters>
                        <Time>2022-05-07T14:29:05.655Z</Time>
                        <Position>
                            <LatitudeDegrees>30.519601821899414</LatitudeDegrees>
                            <LongitudeDegrees>104.05614471435547</LongitudeDegrees>
                        </Position>
                        <AltitudeMeters>437.14569091796875</AltitudeMeters>
                    </Trackpoint>
                    <Trackpoint>
                        <DistanceMeters>3022.9917002916336</DistanceMeters>
                        <Time>2022-05-07T14:29:07.654Z</Time>
                        <Position>
                            <LatitudeDegrees>30.519575119018555</LatitudeDegrees>
                            <LongitudeDegrees>104.05615234375</LongitudeDegrees>
                        </Position>
                        <AltitudeMeters>437.423583984375</AltitudeMeters>
                    </Trackpoint>
                    <Trackpoint>
                        <DistanceMeters>3022.9917002916336</DistanceMeters>
                        <Time>2022-05-07T14:29:09.655Z</Time>
                        <Position>
                            <LatitudeDegrees>30.51955223083496</LatitudeDegrees>
                            <LongitudeDegrees>104.05615234375</LongitudeDegrees>
                        </Position>
                        <AltitudeMeters>437.5400390625</AltitudeMeters>
                    </Trackpoint>
                    <Trackpoint>
                        <DistanceMeters>3022.9917002916336</DistanceMeters>
                        <Time>2022-05-07T14:29:11.460Z</Time>
                    </Trackpoint>
                </Track>
                <DistanceMeters>3022.9917002916336</DistanceMeters>
                <TotalTimeSeconds>2237.58486988</TotalTimeSeconds>
                <Calories>287.12548828125</Calories>
                <Intensity>Active</Intensity>
                <TriggerMethod>Manual</TriggerMethod>
            </Lap>
        </Activity>
    </Activities>
    <Author xsi:type="Application_t">
        <Name>Google Fit</Name>
        <Build>
            <Version>
                <VersionMajor>0</VersionMajor>
                <VersionMinor>0</VersionMinor>
                <BuildMajor>0</BuildMajor>
                <BuildMinor>0</BuildMinor>
            </Version>
        </Build>
        <LangID>en</LangID>
        <PartNumber>000-00000-00</PartNumber>
    </Author>
</TrainingCenterDatabase>
