<?xml version="1.0" encoding="UTF-8"?>
<TrainingCenterDatabase
    xmlns="http://www.garmin.com/xmlschemas/TrainingCenterDatabase/v2"
    xmlns:ns2="http://www.garmin.com/xmlschemas/UserProfile/v2"
    xmlns:ns3="http://www.garmin.com/xmlschemas/ActivityExtension/v2"
    xmlns:ns4="http://www.garmin.com/xmlschemas/ProfileExtension/v1"
    xmlns:ns5="http://www.garmin.com/xmlschemas/ActivityGoals/v1"
    xmlns:xsi="http://www.w3.org/2001/XMLSchema-instance" xsi:schemaLocation="http://www.garmin.com/xmlschemas/TrainingCenterDatabase/v2 http://www.garmin.com/xmlschemas/TrainingCenterDatabasev2.xsd">
    <Activities>
        <Activity Sport="Running">
            <Id>2022-01-03T11:17:32.469Z</Id>
            <Lap StartTime="2022-01-03T11:17:32.469Z">
                <Track>
                    <Trackpoint>
                        <DistanceMeters>0.0</DistanceMeters>
                        <Time>2022-01-03T11:17:32.469Z</Time>
                    </Trackpoint>
                    <Trackpoint>
                        <DistanceMeters>8.447477340698242</DistanceMeters>
                        <Time>2022-01-03T11:17:38.519Z</Time>
                    </Trackpoint>
                    <Trackpoint>
                        <DistanceMeters>8.447477340698242</DistanceMeters>
                        <Time>2022-01-03T11:17:38.669Z</Time>
                        <Position>
                            <LatitudeDegrees>30.518434524536133</LatitudeDegrees>
                            <LongitudeDegrees>104.05797576904297</LongitudeDegrees>
                        </Position>
                        <AltitudeMeters>432.5</AltitudeMeters>
                    </Trackpoint>
                    <Trackpoint>
                        <DistanceMeters>61.902910232543945</DistanceMeters>
                        <Time>2022-01-03T11:17:42.092Z</Time>
                        <Position>
                            <LatitudeDegrees>30.518428802490234</LatitudeDegrees>
                            <LongitudeDegrees>104.0579605102539</LongitudeDegrees>
                        </Position>
                        <AltitudeMeters>432.5</AltitudeMeters>
                    </Trackpoint>
                    <Trackpoint>
                        <DistanceMeters>61.902910232543945</DistanceMeters>
                        <Time>2022-01-03T11:17:43.090Z</Time>
                        <Position>
                            <LatitudeDegrees>30.518430709838867</LatitudeDegrees>
                            <LongitudeDegrees>104.05794525146484</LongitudeDegrees>
                        </Position>
                        <AltitudeMeters>432.5</AltitudeMeters>
                    </Trackpoint>
                    <Trackpoint>
                        <DistanceMeters>61.902910232543945</DistanceMeters>
                        <Time>2022-01-03T11:17:51.124Z</Time>
                        <Position>
                            <LatitudeDegrees>30.518409729003906</LatitudeDegrees>
                            <LongitudeDegrees>104.05796813964844</LongitudeDegrees>
                        </Position>
                        <AltitudeMeters>432.6000061035156</AltitudeMeters>
                    </Trackpoint>
                    <Trackpoint>
                        <DistanceMeters>61.902910232543945</DistanceMeters>
                        <Time>2022-01-03T11:17:51.784Z</Time>
                        <Position>
                            <LatitudeDegrees>30.51846694946289</LatitudeDegrees>
                            <LongitudeDegrees>104.05799865722656</LongitudeDegrees>
                        </Position>
                        <AltitudeMeters>432.6000061035156</AltitudeMeters>
                    </Trackpoint>
                    <Trackpoint>
                        <DistanceMeters>61.902910232543945</DistanceMeters>
                        <Time>2022-01-03T11:17:52.342Z</Time>
                        <Position>
                            <LatitudeDegrees>30.518495559692383</LatitudeDegrees>
                            <LongitudeDegrees>104.05801391601562</LongitudeDegrees>
                        </Position>
                        <AltitudeMeters>432.6000061035156</AltitudeMeters>
                    </Trackpoint>
                    <Trackpoint>
                        <DistanceMeters>61.902910232543945</DistanceMeters>
                        <Time>2022-01-03T11:17:52.885Z</Time>
                        <Position>
                            <LatitudeDegrees>30.518524169921875</LatitudeDegrees>
                            <LongitudeDegrees>104.05802917480469</LongitudeDegrees>
                        </Position>
                        <AltitudeMeters>432.6000061035156</AltitudeMeters>
                    </Trackpoint>
                    <Trackpoint>
                        <DistanceMeters>61.902910232543945</DistanceMeters>
                        <Time>2022-01-03T11:17:53.922Z</Time>
                        <Position>
                            <LatitudeDegrees>30.518545150756836</LatitudeDegrees>
                            <LongitudeDegrees>104.05804443359375</LongitudeDegrees>
                        </Position>
                        <AltitudeMeters>432.6000061035156</AltitudeMeters>
                    </Trackpoint>
                    <Trackpoint>
                        <DistanceMeters>61.902910232543945</DistanceMeters>
                        <Time>2022-01-03T11:17:55.122Z</Time>
                        <Position>
                            <LatitudeDegrees>30.518558502197266</LatitudeDegrees>
                            <LongitudeDegrees>104.05804443359375</LongitudeDegrees>
                        </Position>
                        <AltitudeMeters>432.6000061035156</AltitudeMeters>
                    </Trackpoint>
                    <Trackpoint>
                        <DistanceMeters>61.902910232543945</DistanceMeters>
                        <Time>2022-01-03T11:17:57.902Z</Time>
                        <Position>
                            <LatitudeDegrees>30.518556594848633</LatitudeDegrees>
                            <LongitudeDegrees>104.05803680419922</LongitudeDegrees>
                        </Position>
                        <AltitudeMeters>432.6000061035156</AltitudeMeters>
                    </Trackpoint>
                    <Trackpoint>
                        <DistanceMeters>61.902910232543945</DistanceMeters>
                        <Time>2022-01-03T11:17:58.822Z</Time>
                        <Position>
                            <LatitudeDegrees>30.51854705810547</LatitudeDegrees>
                            <LongitudeDegrees>104.0580062866211</LongitudeDegrees>
                        </Position>
                        <AltitudeMeters>432.6000061035156</AltitudeMeters>
                    </Trackpoint>
                    <Trackpoint>
                        <DistanceMeters>61.902910232543945</DistanceMeters>
                        <Time>2022-01-03T11:17:59.147Z</Time>
                        <Position>
                            <LatitudeDegrees>30.51854133605957</LatitudeDegrees>
                            <LongitudeDegrees>104.05799102783203</LongitudeDegrees>
                        </Position>
                        <AltitudeMeters>432.6000061035156</AltitudeMeters>
                    </Trackpoint>
                    <Trackpoint>
                        <DistanceMeters>61.902910232543945</DistanceMeters>
                        <Time>2022-01-03T11:17:59.743Z</Time>
                        <Position>
                            <LatitudeDegrees>30.51853370666504</LatitudeDegrees>
                            <LongitudeDegrees>104.05796813964844</LongitudeDegrees>
                        </Position>
                        <AltitudeMeters>432.6000061035156</AltitudeMeters>
                    </Trackpoint>
                    <Trackpoint>
                        <DistanceMeters>139.9387607574463</DistanceMeters>
                        <Time>2022-01-03T11:18:00.347Z</Time>
                        <Position>
                            <LatitudeDegrees>30.518512725830078</LatitudeDegrees>
                            <LongitudeDegrees>104.05789947509766</LongitudeDegrees>
                        </Position>
                        <AltitudeMeters>432.6000061035156</AltitudeMeters>
                    </Trackpoint>
                    <Trackpoint>
                        <DistanceMeters>139.9387607574463</DistanceMeters>
                        <Time>2022-01-03T11:18:00.884Z</Time>
                        <Position>
                            <LatitudeDegrees>30.51850128173828</LatitudeDegrees>
                            <LongitudeDegrees>104.05786895751953</LongitudeDegrees>
                        </Position>
                        <AltitudeMeters>432.6000061035156</AltitudeMeters>
                    </Trackpoint>
                    <Trackpoint>
                        <DistanceMeters>139.9387607574463</DistanceMeters>
                        <Time>2022-01-03T11:18:01.269Z</Time>
                        <Position>
                            <LatitudeDegrees>30.518491744995117</LatitudeDegrees>
                            <LongitudeDegrees>104.0578384399414</LongitudeDegrees>
                        </Position>
                        <AltitudeMeters>432.6000061035156</AltitudeMeters>
                    </Trackpoint>
                    <Trackpoint>
                        <DistanceMeters>139.9387607574463</DistanceMeters>
                        <Time>2022-01-03T11:18:02.142Z</Time>
                        <Position>
                            <LatitudeDegrees>30.518484115600586</LatitudeDegrees>
                            <LongitudeDegrees>104.05781555175781</LongitudeDegrees>
                        </Position>
                        <AltitudeMeters>432.6000061035156</AltitudeMeters>
                    </Trackpoint>
                    <Trackpoint>
                        <DistanceMeters>139.9387607574463</DistanceMeters>
                        <Time>2022-01-03T11:18:02.467Z</Time>
                        <Position>
                            <LatitudeDegrees>30.518482208251953</LatitudeDegrees>
                            <LongitudeDegrees>104.05780029296875</LongitudeDegrees>
                        </Position>
                        <AltitudeMeters>432.6000061035156</AltitudeMeters>
                    </Trackpoint>
                    <Trackpoint>
                        <DistanceMeters>139.9387607574463</DistanceMeters>
                        <Time>2022-01-03T11:18:02.884Z</Time>
                        <Position>
                            <LatitudeDegrees>30.518478393554688</LatitudeDegrees>
                            <LongitudeDegrees>104.05779266357422</LongitudeDegrees>
                        </Position>
                        <AltitudeMeters>432.6000061035156</AltitudeMeters>
                    </Trackpoint>
                    <Trackpoint>
                        <DistanceMeters>139.9387607574463</DistanceMeters>
                        <Time>2022-01-03T11:18:03.388Z</Time>
                        <Position>
                            <LatitudeDegrees>30.518474578857422</LatitudeDegrees>
                            <LongitudeDegrees>104.05776977539062</LongitudeDegrees>
                        </Position>
                        <AltitudeMeters>432.6000061035156</AltitudeMeters>
                    </Trackpoint>
                    <Trackpoint>
                        <DistanceMeters>139.9387607574463</DistanceMeters>
                        <Time>2022-01-03T11:18:04.262Z</Time>
                        <Position>
                            <LatitudeDegrees>30.518468856811523</LatitudeDegrees>
                            <LongitudeDegrees>104.05774688720703</LongitudeDegrees>
                        </Position>
                        <AltitudeMeters>432.6000061035156</AltitudeMeters>
                    </Trackpoint>
                    <Trackpoint>
                        <DistanceMeters>139.9387607574463</DistanceMeters>
                        <Time>2022-01-03T11:18:04.596Z</Time>
                        <Position>
                            <LatitudeDegrees>30.51846694946289</LatitudeDegrees>
                            <LongitudeDegrees>104.0577392578125</LongitudeDegrees>
                        </Position>
                        <AltitudeMeters>432.6000061035156</AltitudeMeters>
                    </Trackpoint>
                    <Trackpoint>
                        <DistanceMeters>139.9387607574463</DistanceMeters>
                        <Time>2022-01-03T11:18:05.163Z</Time>
                        <Position>
                            <LatitudeDegrees>30.518463134765625</LatitudeDegrees>
                            <LongitudeDegrees>104.0577163696289</LongitudeDegrees>
                        </Position>
                        <AltitudeMeters>432.6000061035156</AltitudeMeters>
                    </Trackpoint>
                    <Trackpoint>
                        <DistanceMeters>139.9387607574463</DistanceMeters>
                        <Time>2022-01-03T11:18:05.786Z</Time>
                        <Position>
                            <LatitudeDegrees>30.51845932006836</LatitudeDegrees>
                            <LongitudeDegrees>104.05770111083984</LongitudeDegrees>
                        </Position>
                        <AltitudeMeters>432.6000061035156</AltitudeMeters>
                    </Trackpoint>
                    <Trackpoint>
                        <DistanceMeters>139.9387607574463</DistanceMeters>
                        <Time>2022-01-03T11:18:06.725Z</Time>
                        <Position>
                            <LatitudeDegrees>30.518451690673828</LatitudeDegrees>
                            <LongitudeDegrees>104.05768585205078</LongitudeDegrees>
                        </Position>
                        <AltitudeMeters>432.6000061035156</AltitudeMeters>
                    </Trackpoint>
                    <Trackpoint>
                        <DistanceMeters>139.9387607574463</DistanceMeters>
                        <Time>2022-01-03T11:18:07.349Z</Time>
                        <Position>
                            <LatitudeDegrees>30.518444061279297</LatitudeDegrees>
                            <LongitudeDegrees>104.05767059326172</LongitudeDegrees>
                        </Position>
                        <AltitudeMeters>432.6000061035156</AltitudeMeters>
                    </Trackpoint>
                    <Trackpoint>
                        <DistanceMeters>139.9387607574463</DistanceMeters>
                        <Time>2022-01-03T11:18:07.942Z</Time>
                        <Position>
                            <LatitudeDegrees>30.5184326171875</LatitudeDegrees>
                            <LongitudeDegrees>104.05765533447266</LongitudeDegrees>
                        </Position>
                        <AltitudeMeters>432.6000061035156</AltitudeMeters>
                    </Trackpoint>
                    <Trackpoint>
                        <DistanceMeters>139.9387607574463</DistanceMeters>
                        <Time>2022-01-03T11:18:08.528Z</Time>
                        <Position>
                            <LatitudeDegrees>30.518421173095703</LatitudeDegrees>
                            <LongitudeDegrees>104.05764770507812</LongitudeDegrees>
                        </Position>
                        <AltitudeMeters>432.6000061035156</AltitudeMeters>
                    </Trackpoint>
                    <Trackpoint>
                        <DistanceMeters>139.9387607574463</DistanceMeters>
                        <Time>2022-01-03T11:18:08.884Z</Time>
                        <Position>
                            <LatitudeDegrees>30.518400192260742</LatitudeDegrees>
                            <LongitudeDegrees>104.05762481689453</LongitudeDegrees>
                        </Position>
                        <AltitudeMeters>432.6000061035156</AltitudeMeters>
                    </Trackpoint>
                    <Trackpoint>
                        <DistanceMeters>139.9387607574463</DistanceMeters>
                        <Time>2022-01-03T11:18:09.746Z</Time>
                        <Position>
                            <LatitudeDegrees>30.51838493347168</LatitudeDegrees>
                            <LongitudeDegrees>104.0576171875</LongitudeDegrees>
                        </Position>
                        <AltitudeMeters>432.6000061035156</AltitudeMeters>
                    </Trackpoint>
                    <Trackpoint>
                        <DistanceMeters>139.9387607574463</DistanceMeters>
                        <Time>2022-01-03T11:18:10.648Z</Time>
                        <Position>
                            <LatitudeDegrees>30.518375396728516</LatitudeDegrees>
                            <LongitudeDegrees>104.05760192871094</LongitudeDegrees>
                        </Position>
                        <AltitudeMeters>432.6000061035156</AltitudeMeters>
                    </Trackpoint>
                    <Trackpoint>
                        <DistanceMeters>139.9387607574463</DistanceMeters>
                        <Time>2022-01-03T11:18:11.829Z</Time>
                        <Position>
                            <LatitudeDegrees>30.518367767333984</LatitudeDegrees>
                            <LongitudeDegrees>104.0575942993164</LongitudeDegrees>
                        </Position>
                        <AltitudeMeters>432.6000061035156</AltitudeMeters>
                    </Trackpoint>
                    <Trackpoint>
                        <DistanceMeters>139.9387607574463</DistanceMeters>
                        <Time>2022-01-03T11:18:13.363Z</Time>
                        <Position>
                            <LatitudeDegrees>30.51836585998535</LatitudeDegrees>
                            <LongitudeDegrees>104.05757904052734</LongitudeDegrees>
                        </Position>
                        <AltitudeMeters>432.6000061035156</AltitudeMeters>
                    </Trackpoint>
                    <Trackpoint>
                        <DistanceMeters>139.9387607574463</DistanceMeters>
                        <Time>2022-01-03T11:18:14.004Z</Time>
                        <Position>
                            <LatitudeDegrees>30.51836395263672</LatitudeDegrees>
                            <LongitudeDegrees>104.05757141113281</LongitudeDegrees>
                        </Position>
                        <AltitudeMeters>432.6000061035156</AltitudeMeters>
                    </Trackpoint>
                    <Trackpoint>
                        <DistanceMeters>139.9387607574463</DistanceMeters>
                        <Time>2022-01-03T11:18:15.205Z</Time>
                        <Position>
                            <LatitudeDegrees>30.51835823059082</LatitudeDegrees>
                            <LongitudeDegrees>104.05755615234375</LongitudeDegrees>
                        </Position>
                        <AltitudeMeters>432.6000061035156</AltitudeMeters>
                    </Trackpoint>
                    <Trackpoint>
                        <DistanceMeters>139.9387607574463</DistanceMeters>
                        <Time>2022-01-03T11:18:16.404Z</Time>
                        <Position>
                            <LatitudeDegrees>30.518354415893555</LatitudeDegrees>
                            <LongitudeDegrees>104.05754852294922</LongitudeDegrees>
                        </Position>
                        <AltitudeMeters>432.6000061035156</AltitudeMeters>
                    </Trackpoint>
                    <Trackpoint>
                        <DistanceMeters>139.9387607574463</DistanceMeters>
                        <Time>2022-01-03T11:18:17.610Z</Time>
                        <Position>
                            <LatitudeDegrees>30.51834487915039</LatitudeDegrees>
                            <LongitudeDegrees>104.05752563476562</LongitudeDegrees>
                        </Position>
                        <AltitudeMeters>432.6000061035156</AltitudeMeters>
                    </Trackpoint>
                    <Trackpoint>
                        <DistanceMeters>139.9387607574463</DistanceMeters>
                        <Time>2022-01-03T11:18:18.524Z</Time>
                        <Position>
                            <LatitudeDegrees>30.518333435058594</LatitudeDegrees>
                            <LongitudeDegrees>104.05751037597656</LongitudeDegrees>
                        </Position>
                        <AltitudeMeters>432.6000061035156</AltitudeMeters>
                    </Trackpoint>
                    <Trackpoint>
                        <DistanceMeters>139.9387607574463</DistanceMeters>
                        <Time>2022-01-03T11:18:20.067Z</Time>
                        <Position>
                            <LatitudeDegrees>30.518301010131836</LatitudeDegrees>
                            <LongitudeDegrees>104.05747985839844</LongitudeDegrees>
                        </Position>
                        <AltitudeMeters>436.1000061035156</AltitudeMeters>
                    </Trackpoint>
                    <Trackpoint>
                        <DistanceMeters>139.9387607574463</DistanceMeters>
                        <Time>2022-01-03T11:18:20.664Z</Time>
                        <Position>
                            <LatitudeDegrees>30.518291473388672</LatitudeDegrees>
                            <LongitudeDegrees>104.0574722290039</LongitudeDegrees>
                        </Position>
                        <AltitudeMeters>436.1000061035156</AltitudeMeters>
                    </Trackpoint>
                    <Trackpoint>
                        <DistanceMeters>139.9387607574463</DistanceMeters>
                        <Time>2022-01-03T11:18:21.268Z</Time>
                        <Position>
                            <LatitudeDegrees>30.518280029296875</LatitudeDegrees>
                            <LongitudeDegrees>104.0574722290039</LongitudeDegrees>
                        </Position>
                        <AltitudeMeters>436.1000061035156</AltitudeMeters>
                    </Trackpoint>
                    <Trackpoint>
                        <DistanceMeters>139.9387607574463</DistanceMeters>
                        <Time>2022-01-03T11:18:21.890Z</Time>
                        <Position>
                            <LatitudeDegrees>30.51827049255371</LatitudeDegrees>
                            <LongitudeDegrees>104.0574722290039</LongitudeDegrees>
                        </Position>
                        <AltitudeMeters>436.1000061035156</AltitudeMeters>
                    </Trackpoint>
                    <Trackpoint>
                        <DistanceMeters>139.9387607574463</DistanceMeters>
                        <Time>2022-01-03T11:18:22.504Z</Time>
                        <Position>
                            <LatitudeDegrees>30.518260955810547</LatitudeDegrees>
                            <LongitudeDegrees>104.0574722290039</LongitudeDegrees>
                        </Position>
                        <AltitudeMeters>436.1000061035156</AltitudeMeters>
                    </Trackpoint>
                    <Trackpoint>
                        <DistanceMeters>139.9387607574463</DistanceMeters>
                        <Time>2022-01-03T11:18:23.404Z</Time>
                        <Position>
                            <LatitudeDegrees>30.51824188232422</LatitudeDegrees>
                            <LongitudeDegrees>104.05748748779297</LongitudeDegrees>
                        </Position>
                        <AltitudeMeters>436.1000061035156</AltitudeMeters>
                    </Trackpoint>
                    <Trackpoint>
                        <DistanceMeters>139.9387607574463</DistanceMeters>
                        <Time>2022-01-03T11:18:24.029Z</Time>
                        <Position>
                            <LatitudeDegrees>30.518234252929688</LatitudeDegrees>
                            <LongitudeDegrees>104.05748748779297</LongitudeDegrees>
                        </Position>
                        <AltitudeMeters>436.1000061035156</AltitudeMeters>
                    </Trackpoint>
                    <Trackpoint>
                        <DistanceMeters>139.9387607574463</DistanceMeters>
                        <Time>2022-01-03T11:18:24.884Z</Time>
                        <Position>
                            <LatitudeDegrees>30.51822280883789</LatitudeDegrees>
                            <LongitudeDegrees>104.0574951171875</LongitudeDegrees>
                        </Position>
                        <AltitudeMeters>436.1000061035156</AltitudeMeters>
                    </Trackpoint>
                    <Trackpoint>
                        <DistanceMeters>139.9387607574463</DistanceMeters>
                        <Time>2022-01-03T11:18:25.563Z</Time>
                        <Position>
                            <LatitudeDegrees>30.518203735351562</LatitudeDegrees>
                            <LongitudeDegrees>104.05751037597656</LongitudeDegrees>
                        </Position>
                        <AltitudeMeters>436.1000061035156</AltitudeMeters>
                    </Trackpoint>
                    <Trackpoint>
                        <DistanceMeters>139.9387607574463</DistanceMeters>
                        <Time>2022-01-03T11:18:26.204Z</Time>
                        <Position>
                            <LatitudeDegrees>30.5181941986084</LatitudeDegrees>
                            <LongitudeDegrees>104.0575180053711</LongitudeDegrees>
                        </Position>
                        <AltitudeMeters>436.1000061035156</AltitudeMeters>
                    </Trackpoint>
                    <Trackpoint>
                        <DistanceMeters>139.9387607574463</DistanceMeters>
                        <Time>2022-01-03T11:18:26.826Z</Time>
                        <Position>
                            <LatitudeDegrees>30.518184661865234</LatitudeDegrees>
                            <LongitudeDegrees>104.05752563476562</LongitudeDegrees>
                        </Position>
                        <AltitudeMeters>436.1000061035156</AltitudeMeters>
                    </Trackpoint>
                    <Trackpoint>
                        <DistanceMeters>139.9387607574463</DistanceMeters>
                        <Time>2022-01-03T11:18:27.449Z</Time>
                        <Position>
                            <LatitudeDegrees>30.518173217773438</LatitudeDegrees>
                            <LongitudeDegrees>104.05753326416016</LongitudeDegrees>
                        </Position>
                        <AltitudeMeters>436.1000061035156</AltitudeMeters>
                    </Trackpoint>
                    <Trackpoint>
                        <DistanceMeters>139.9387607574463</DistanceMeters>
                        <Time>2022-01-03T11:18:28.061Z</Time>
                        <Position>
                            <LatitudeDegrees>30.518163681030273</LatitudeDegrees>
                            <LongitudeDegrees>104.05754089355469</LongitudeDegrees>
                        </Position>
                        <AltitudeMeters>436.1000061035156</AltitudeMeters>
                    </Trackpoint>
                    <Trackpoint>
                        <DistanceMeters>139.9387607574463</DistanceMeters>
                        <Time>2022-01-03T11:18:28.884Z</Time>
                        <Position>
                            <LatitudeDegrees>30.518144607543945</LatitudeDegrees>
                            <LongitudeDegrees>104.05754089355469</LongitudeDegrees>
                        </Position>
                        <AltitudeMeters>436.1000061035156</AltitudeMeters>
                    </Trackpoint>
                    <Trackpoint>
                        <DistanceMeters>139.9387607574463</DistanceMeters>
                        <Time>2022-01-03T11:18:29.591Z</Time>
                        <Position>
                            <LatitudeDegrees>30.518125534057617</LatitudeDegrees>
                            <LongitudeDegrees>104.0575180053711</LongitudeDegrees>
                        </Position>
                        <AltitudeMeters>436.1000061035156</AltitudeMeters>
                    </Trackpoint>
                    <Trackpoint>
                        <DistanceMeters>198.36634254455566</DistanceMeters>
                        <Time>2022-01-03T11:18:30.202Z</Time>
                        <Position>
                            <LatitudeDegrees>30.51811408996582</LatitudeDegrees>
                            <LongitudeDegrees>104.0575180053711</LongitudeDegrees>
                        </Position>
                        <AltitudeMeters>436.1000061035156</AltitudeMeters>
                    </Trackpoint>
                    <Trackpoint>
                        <DistanceMeters>198.36634254455566</DistanceMeters>
                        <Time>2022-01-03T11:18:31.102Z</Time>
                        <Position>
                            <LatitudeDegrees>30.51808738708496</LatitudeDegrees>
                            <LongitudeDegrees>104.05751037597656</LongitudeDegrees>
                        </Position>
                        <AltitudeMeters>436.1000061035156</AltitudeMeters>
                    </Trackpoint>
                    <Trackpoint>
                        <DistanceMeters>198.36634254455566</DistanceMeters>
                        <Time>2022-01-03T11:18:32.022Z</Time>
                        <Position>
                            <LatitudeDegrees>30.518075942993164</LatitudeDegrees>
                            <LongitudeDegrees>104.05750274658203</LongitudeDegrees>
                        </Position>
                        <AltitudeMeters>436.1000061035156</AltitudeMeters>
                    </Trackpoint>
                    <Trackpoint>
                        <DistanceMeters>198.36634254455566</DistanceMeters>
                        <Time>2022-01-03T11:18:32.884Z</Time>
                        <Position>
                            <LatitudeDegrees>30.518062591552734</LatitudeDegrees>
                            <LongitudeDegrees>104.05750274658203</LongitudeDegrees>
                        </Position>
                        <AltitudeMeters>436.1000061035156</AltitudeMeters>
                    </Trackpoint>
                    <Trackpoint>
                        <DistanceMeters>198.36634254455566</DistanceMeters>
                        <Time>2022-01-03T11:18:33.901Z</Time>
                        <Position>
                            <LatitudeDegrees>30.51804542541504</LatitudeDegrees>
                            <LongitudeDegrees>104.05750274658203</LongitudeDegrees>
                        </Position>
                        <AltitudeMeters>436.1000061035156</AltitudeMeters>
                    </Trackpoint>
                    <Trackpoint>
                        <DistanceMeters>198.36634254455566</DistanceMeters>
                        <Time>2022-01-03T11:18:34.851Z</Time>
                        <Position>
                            <LatitudeDegrees>30.518028259277344</LatitudeDegrees>
                            <LongitudeDegrees>104.05750274658203</LongitudeDegrees>
                        </Position>
                        <AltitudeMeters>436.1000061035156</AltitudeMeters>
                    </Trackpoint>
                    <Trackpoint>
                        <DistanceMeters>198.36634254455566</DistanceMeters>
                        <Time>2022-01-03T11:18:35.741Z</Time>
                        <Position>
                            <LatitudeDegrees>30.51801109313965</LatitudeDegrees>
                            <LongitudeDegrees>104.05750274658203</LongitudeDegrees>
                        </Position>
                        <AltitudeMeters>436.1000061035156</AltitudeMeters>
                    </Trackpoint>
                    <Trackpoint>
                        <DistanceMeters>198.36634254455566</DistanceMeters>
                        <Time>2022-01-03T11:18:36.884Z</Time>
                        <Position>
                            <LatitudeDegrees>30.51799201965332</LatitudeDegrees>
                            <LongitudeDegrees>104.0575180053711</LongitudeDegrees>
                        </Position>
                        <AltitudeMeters>436.1000061035156</AltitudeMeters>
                    </Trackpoint>
                    <Trackpoint>
                        <DistanceMeters>198.36634254455566</DistanceMeters>
                        <Time>2022-01-03T11:18:37.928Z</Time>
                        <Position>
                            <LatitudeDegrees>30.517976760864258</LatitudeDegrees>
                            <LongitudeDegrees>104.05753326416016</LongitudeDegrees>
                        </Position>
                        <AltitudeMeters>436.1000061035156</AltitudeMeters>
                    </Trackpoint>
                    <Trackpoint>
                        <DistanceMeters>198.36634254455566</DistanceMeters>
                        <Time>2022-01-03T11:18:38.522Z</Time>
                        <Position>
                            <LatitudeDegrees>30.517969131469727</LatitudeDegrees>
                            <LongitudeDegrees>104.05754089355469</LongitudeDegrees>
                        </Position>
                        <AltitudeMeters>436.1000061035156</AltitudeMeters>
                    </Trackpoint>
                    <Trackpoint>
                        <DistanceMeters>198.36634254455566</DistanceMeters>
                        <Time>2022-01-03T11:18:39.165Z</Time>
                        <Position>
                            <LatitudeDegrees>30.517961502075195</LatitudeDegrees>
                            <LongitudeDegrees>104.05755615234375</LongitudeDegrees>
                        </Position>
                        <AltitudeMeters>436.1000061035156</AltitudeMeters>
                    </Trackpoint>
                    <Trackpoint>
                        <DistanceMeters>198.36634254455566</DistanceMeters>
                        <Time>2022-01-03T11:18:40.382Z</Time>
                        <Position>
                            <LatitudeDegrees>30.5179500579834</LatitudeDegrees>
                            <LongitudeDegrees>104.05757141113281</LongitudeDegrees>
                        </Position>
                        <AltitudeMeters>436.1000061035156</AltitudeMeters>
                    </Trackpoint>
                    <Trackpoint>
                        <DistanceMeters>198.36634254455566</DistanceMeters>
                        <Time>2022-01-03T11:18:41.332Z</Time>
                        <Position>
                            <LatitudeDegrees>30.517942428588867</LatitudeDegrees>
                            <LongitudeDegrees>104.05758666992188</LongitudeDegrees>
                        </Position>
                        <AltitudeMeters>436.1000061035156</AltitudeMeters>
                    </Trackpoint>
                    <Trackpoint>
                        <DistanceMeters>198.36634254455566</DistanceMeters>
                        <Time>2022-01-03T11:18:42.269Z</Time>
                        <Position>
                            <LatitudeDegrees>30.517932891845703</LatitudeDegrees>
                            <LongitudeDegrees>104.05760955810547</LongitudeDegrees>
                        </Position>
                        <AltitudeMeters>436.1000061035156</AltitudeMeters>
                    </Trackpoint>
                    <Trackpoint>
                        <DistanceMeters>198.36634254455566</DistanceMeters>
                        <Time>2022-01-03T11:18:43.504Z</Time>
                        <Position>
                            <LatitudeDegrees>30.517925262451172</LatitudeDegrees>
                            <LongitudeDegrees>104.05762481689453</LongitudeDegrees>
                        </Position>
                        <AltitudeMeters>436.1000061035156</AltitudeMeters>
                    </Trackpoint>
                    <Trackpoint>
                        <DistanceMeters>198.36634254455566</DistanceMeters>
                        <Time>2022-01-03T11:18:44.083Z</Time>
                        <Position>
                            <LatitudeDegrees>30.517921447753906</LatitudeDegrees>
                            <LongitudeDegrees>104.0576400756836</LongitudeDegrees>
                        </Position>
                        <AltitudeMeters>436.1000061035156</AltitudeMeters>
                    </Trackpoint>
                    <Trackpoint>
                        <DistanceMeters>198.36634254455566</DistanceMeters>
                        <Time>2022-01-03T11:18:44.705Z</Time>
                        <Position>
                            <LatitudeDegrees>30.517915725708008</LatitudeDegrees>
                            <LongitudeDegrees>104.05765533447266</LongitudeDegrees>
                        </Position>
                        <AltitudeMeters>436.1000061035156</AltitudeMeters>
                    </Trackpoint>
                    <Trackpoint>
                        <DistanceMeters>198.36634254455566</DistanceMeters>
                        <Time>2022-01-03T11:18:45.327Z</Time>
                        <Position>
                            <LatitudeDegrees>30.517915725708008</LatitudeDegrees>
                            <LongitudeDegrees>104.05767059326172</LongitudeDegrees>
                        </Position>
                        <AltitudeMeters>436.1000061035156</AltitudeMeters>
                    </Trackpoint>
                    <Trackpoint>
                        <DistanceMeters>198.36634254455566</DistanceMeters>
                        <Time>2022-01-03T11:18:46.269Z</Time>
                        <Position>
                            <LatitudeDegrees>30.517919540405273</LatitudeDegrees>
                            <LongitudeDegrees>104.05767822265625</LongitudeDegrees>
                        </Position>
                        <AltitudeMeters>436.1000061035156</AltitudeMeters>
                    </Trackpoint>
                    <Trackpoint>
                        <DistanceMeters>198.36634254455566</DistanceMeters>
                        <Time>2022-01-03T11:18:47.505Z</Time>
                        <Position>
                            <LatitudeDegrees>30.517925262451172</LatitudeDegrees>
                            <LongitudeDegrees>104.05770111083984</LongitudeDegrees>
                        </Position>
                        <AltitudeMeters>436.1000061035156</AltitudeMeters>
                    </Trackpoint>
                    <Trackpoint>
                        <DistanceMeters>198.36634254455566</DistanceMeters>
                        <Time>2022-01-03T11:18:48.442Z</Time>
                        <Position>
                            <LatitudeDegrees>30.517921447753906</LatitudeDegrees>
                            <LongitudeDegrees>104.0577163696289</LongitudeDegrees>
                        </Position>
                        <AltitudeMeters>436.1000061035156</AltitudeMeters>
                    </Trackpoint>
                    <Trackpoint>
                        <DistanceMeters>198.36634254455566</DistanceMeters>
                        <Time>2022-01-03T11:18:49.343Z</Time>
                        <Position>
                            <LatitudeDegrees>30.51791763305664</LatitudeDegrees>
                            <LongitudeDegrees>104.05773162841797</LongitudeDegrees>
                        </Position>
                        <AltitudeMeters>436.1000061035156</AltitudeMeters>
                    </Trackpoint>
                    <Trackpoint>
                        <DistanceMeters>198.36634254455566</DistanceMeters>
                        <Time>2022-01-03T11:18:49.986Z</Time>
                        <Position>
                            <LatitudeDegrees>30.517915725708008</LatitudeDegrees>
                            <LongitudeDegrees>104.0577392578125</LongitudeDegrees>
                        </Position>
                        <AltitudeMeters>436.1000061035156</AltitudeMeters>
                    </Trackpoint>
                    <Trackpoint>
                        <DistanceMeters>198.36634254455566</DistanceMeters>
                        <Time>2022-01-03T11:18:50.884Z</Time>
                        <Position>
                            <LatitudeDegrees>30.517913818359375</LatitudeDegrees>
                            <LongitudeDegrees>104.05775451660156</LongitudeDegrees>
                        </Position>
                        <AltitudeMeters>436.1000061035156</AltitudeMeters>
                    </Trackpoint>
                    <Trackpoint>
                        <DistanceMeters>198.36634254455566</DistanceMeters>
                        <Time>2022-01-03T11:18:51.846Z</Time>
                        <Position>
                            <LatitudeDegrees>30.517915725708008</LatitudeDegrees>
                            <LongitudeDegrees>104.05776977539062</LongitudeDegrees>
                        </Position>
                        <AltitudeMeters>436.1000061035156</AltitudeMeters>
                    </Trackpoint>
                    <Trackpoint>
                        <DistanceMeters>198.36634254455566</DistanceMeters>
                        <Time>2022-01-03T11:18:52.765Z</Time>
                        <Position>
                            <LatitudeDegrees>30.517913818359375</LatitudeDegrees>
                            <LongitudeDegrees>104.05778503417969</LongitudeDegrees>
                        </Position>
                        <AltitudeMeters>436.1000061035156</AltitudeMeters>
                    </Trackpoint>
                    <Trackpoint>
                        <DistanceMeters>198.36634254455566</DistanceMeters>
                        <Time>2022-01-03T11:18:53.707Z</Time>
                        <Position>
                            <LatitudeDegrees>30.517913818359375</LatitudeDegrees>
                            <LongitudeDegrees>104.05780029296875</LongitudeDegrees>
                        </Position>
                        <AltitudeMeters>436.1000061035156</AltitudeMeters>
                    </Trackpoint>
                    <Trackpoint>
                        <DistanceMeters>198.36634254455566</DistanceMeters>
                        <Time>2022-01-03T11:18:54.922Z</Time>
                        <Position>
                            <LatitudeDegrees>30.517908096313477</LatitudeDegrees>
                            <LongitudeDegrees>104.05783081054688</LongitudeDegrees>
                        </Position>
                        <AltitudeMeters>436.1000061035156</AltitudeMeters>
                    </Trackpoint>
                    <Trackpoint>
                        <DistanceMeters>198.36634254455566</DistanceMeters>
                        <Time>2022-01-03T11:18:55.862Z</Time>
                        <Position>
                            <LatitudeDegrees>30.517908096313477</LatitudeDegrees>
                            <LongitudeDegrees>104.05784606933594</LongitudeDegrees>
                        </Position>
                        <AltitudeMeters>436.1000061035156</AltitudeMeters>
                    </Trackpoint>
                    <Trackpoint>
                        <DistanceMeters>198.36634254455566</DistanceMeters>
                        <Time>2022-01-03T11:18:56.810Z</Time>
                        <Position>
                            <LatitudeDegrees>30.517908096313477</LatitudeDegrees>
                            <LongitudeDegrees>104.057861328125</LongitudeDegrees>
                        </Position>
                        <AltitudeMeters>436.1000061035156</AltitudeMeters>
                    </Trackpoint>
                    <Trackpoint>
                        <DistanceMeters>198.36634254455566</DistanceMeters>
                        <Time>2022-01-03T11:18:57.424Z</Time>
                        <Position>
                            <LatitudeDegrees>30.51791000366211</LatitudeDegrees>
                            <LongitudeDegrees>104.05787658691406</LongitudeDegrees>
                        </Position>
                        <AltitudeMeters>436.1000061035156</AltitudeMeters>
                    </Trackpoint>
                    <Trackpoint>
                        <DistanceMeters>198.36634254455566</DistanceMeters>
                        <Time>2022-01-03T11:18:58.065Z</Time>
                        <Position>
                            <LatitudeDegrees>30.517913818359375</LatitudeDegrees>
                            <LongitudeDegrees>104.05789184570312</LongitudeDegrees>
                        </Position>
                        <AltitudeMeters>436.1000061035156</AltitudeMeters>
                    </Trackpoint>
                    <Trackpoint>
                        <DistanceMeters>198.36634254455566</DistanceMeters>
                        <Time>2022-01-03T11:18:58.884Z</Time>
                        <Position>
                            <LatitudeDegrees>30.51791763305664</LatitudeDegrees>
                            <LongitudeDegrees>104.05790710449219</LongitudeDegrees>
                        </Position>
                        <AltitudeMeters>436.1000061035156</AltitudeMeters>
                    </Trackpoint>
                    <Trackpoint>
                        <DistanceMeters>198.36634254455566</DistanceMeters>
                        <Time>2022-01-03T11:18:59.302Z</Time>
                        <Position>
                            <LatitudeDegrees>30.517919540405273</LatitudeDegrees>
                            <LongitudeDegrees>104.05791473388672</LongitudeDegrees>
                        </Position>
                        <AltitudeMeters>436.1000061035156</AltitudeMeters>
                    </Trackpoint>
                    <Trackpoint>
                        <DistanceMeters>198.36634254455566</DistanceMeters>
                        <Time>2022-01-03T11:18:59.628Z</Time>
                        <Position>
                            <LatitudeDegrees>30.517921447753906</LatitudeDegrees>
                            <LongitudeDegrees>104.05792999267578</LongitudeDegrees>
                        </Position>
                        <AltitudeMeters>436.1000061035156</AltitudeMeters>
                    </Trackpoint>
                    <Trackpoint>
                        <DistanceMeters>275.71570014953613</DistanceMeters>
                        <Time>2022-01-03T11:19:00.249Z</Time>
                        <Position>
                            <LatitudeDegrees>30.517927169799805</LatitudeDegrees>
                            <LongitudeDegrees>104.05794525146484</LongitudeDegrees>
                        </Position>
                        <AltitudeMeters>436.1000061035156</AltitudeMeters>
                    </Trackpoint>
                    <Trackpoint>
                        <DistanceMeters>275.71570014953613</DistanceMeters>
                        <Time>2022-01-03T11:19:00.863Z</Time>
                        <Position>
                            <LatitudeDegrees>30.51793098449707</LatitudeDegrees>
                            <LongitudeDegrees>104.0579605102539</LongitudeDegrees>
                        </Position>
                        <AltitudeMeters>436.1000061035156</AltitudeMeters>
                    </Trackpoint>
                    <Trackpoint>
                        <DistanceMeters>275.71570014953613</DistanceMeters>
                        <Time>2022-01-03T11:19:01.487Z</Time>
                        <Position>
                            <LatitudeDegrees>30.5179386138916</LatitudeDegrees>
                            <LongitudeDegrees>104.05797576904297</LongitudeDegrees>
                        </Position>
                        <AltitudeMeters>436.1000061035156</AltitudeMeters>
                    </Trackpoint>
                    <Trackpoint>
                        <DistanceMeters>275.71570014953613</DistanceMeters>
                        <Time>2022-01-03T11:19:02.112Z</Time>
                        <Position>
                            <LatitudeDegrees>30.5179443359375</LatitudeDegrees>
                            <LongitudeDegrees>104.0579833984375</LongitudeDegrees>
                        </Position>
                        <AltitudeMeters>436.1000061035156</AltitudeMeters>
                    </Trackpoint>
                    <Trackpoint>
                        <DistanceMeters>275.71570014953613</DistanceMeters>
                        <Time>2022-01-03T11:19:03.048Z</Time>
                        <Position>
                            <LatitudeDegrees>30.517955780029297</LatitudeDegrees>
                            <LongitudeDegrees>104.05799865722656</LongitudeDegrees>
                        </Position>
                        <AltitudeMeters>436.1000061035156</AltitudeMeters>
                    </Trackpoint>
                    <Trackpoint>
                        <DistanceMeters>275.71570014953613</DistanceMeters>
                        <Time>2022-01-03T11:19:03.643Z</Time>
                        <Position>
                            <LatitudeDegrees>30.517961502075195</LatitudeDegrees>
                            <LongitudeDegrees>104.0580062866211</LongitudeDegrees>
                        </Position>
                        <AltitudeMeters>436.1000061035156</AltitudeMeters>
                    </Trackpoint>
                    <Trackpoint>
                        <DistanceMeters>275.71570014953613</DistanceMeters>
                        <Time>2022-01-03T11:19:04.286Z</Time>
                        <Position>
                            <LatitudeDegrees>30.517967224121094</LatitudeDegrees>
                            <LongitudeDegrees>104.05802154541016</LongitudeDegrees>
                        </Position>
                        <AltitudeMeters>436.1000061035156</AltitudeMeters>
                    </Trackpoint>
                    <Trackpoint>
                        <DistanceMeters>275.71570014953613</DistanceMeters>
                        <Time>2022-01-03T11:19:05.243Z</Time>
                        <Position>
                            <LatitudeDegrees>30.517980575561523</LatitudeDegrees>
                            <LongitudeDegrees>104.05804443359375</LongitudeDegrees>
                        </Position>
                        <AltitudeMeters>436.1000061035156</AltitudeMeters>
                    </Trackpoint>
                    <Trackpoint>
                        <DistanceMeters>275.71570014953613</DistanceMeters>
                        <Time>2022-01-03T11:19:05.868Z</Time>
                        <Position>
                            <LatitudeDegrees>30.517988204956055</LatitudeDegrees>
                            <LongitudeDegrees>104.05806732177734</LongitudeDegrees>
                        </Position>
                        <AltitudeMeters>436.1000061035156</AltitudeMeters>
                    </Trackpoint>
                    <Trackpoint>
                        <DistanceMeters>275.71570014953613</DistanceMeters>
                        <Time>2022-01-03T11:19:06.488Z</Time>
                        <Position>
                            <LatitudeDegrees>30.517993927001953</LatitudeDegrees>
                            <LongitudeDegrees>104.0580825805664</LongitudeDegrees>
                        </Position>
                        <AltitudeMeters>436.1000061035156</AltitudeMeters>
                    </Trackpoint>
                    <Trackpoint>
                        <DistanceMeters>275.71570014953613</DistanceMeters>
                        <Time>2022-01-03T11:19:06.884Z</Time>
                        <Position>
                            <LatitudeDegrees>30.51799774169922</LatitudeDegrees>
                            <LongitudeDegrees>104.05809783935547</LongitudeDegrees>
                        </Position>
                        <AltitudeMeters>436.1000061035156</AltitudeMeters>
                    </Trackpoint>
                    <Trackpoint>
                        <DistanceMeters>275.71570014953613</DistanceMeters>
                        <Time>2022-01-03T11:19:07.410Z</Time>
                        <Position>
                            <LatitudeDegrees>30.518003463745117</LatitudeDegrees>
                            <LongitudeDegrees>104.05811309814453</LongitudeDegrees>
                        </Position>
                        <AltitudeMeters>436.1000061035156</AltitudeMeters>
                    </Trackpoint>
                    <Trackpoint>
                        <DistanceMeters>275.71570014953613</DistanceMeters>
                        <Time>2022-01-03T11:19:08.003Z</Time>
                        <Position>
                            <LatitudeDegrees>30.51801300048828</LatitudeDegrees>
                            <LongitudeDegrees>104.0581283569336</LongitudeDegrees>
                        </Position>
                        <AltitudeMeters>436.1000061035156</AltitudeMeters>
                    </Trackpoint>
                    <Trackpoint>
                        <DistanceMeters>275.71570014953613</DistanceMeters>
                        <Time>2022-01-03T11:19:08.884Z</Time>
                        <Position>
                            <LatitudeDegrees>30.51802635192871</LatitudeDegrees>
                            <LongitudeDegrees>104.05815124511719</LongitudeDegrees>
                        </Position>
                        <AltitudeMeters>436.1000061035156</AltitudeMeters>
                    </Trackpoint>
                    <Trackpoint>
                        <DistanceMeters>275.71570014953613</DistanceMeters>
                        <Time>2022-01-03T11:19:09.599Z</Time>
                        <Position>
                            <LatitudeDegrees>30.518033981323242</LatitudeDegrees>
                            <LongitudeDegrees>104.05817413330078</LongitudeDegrees>
                        </Position>
                        <AltitudeMeters>436.1000061035156</AltitudeMeters>
                    </Trackpoint>
                    <Trackpoint>
                        <DistanceMeters>275.71570014953613</DistanceMeters>
                        <Time>2022-01-03T11:19:10.207Z</Time>
                        <Position>
                            <LatitudeDegrees>30.51803970336914</LatitudeDegrees>
                            <LongitudeDegrees>104.05818939208984</LongitudeDegrees>
                        </Position>
                        <AltitudeMeters>436.1000061035156</AltitudeMeters>
                    </Trackpoint>
                    <Trackpoint>
                        <DistanceMeters>275.71570014953613</DistanceMeters>
                        <Time>2022-01-03T11:19:10.850Z</Time>
                        <Position>
                            <LatitudeDegrees>30.518043518066406</LatitudeDegrees>
                            <LongitudeDegrees>104.0582046508789</LongitudeDegrees>
                        </Position>
                        <AltitudeMeters>436.1000061035156</AltitudeMeters>
                    </Trackpoint>
                    <Trackpoint>
                        <DistanceMeters>275.71570014953613</DistanceMeters>
                        <Time>2022-01-03T11:19:11.480Z</Time>
                        <Position>
                            <LatitudeDegrees>30.518049240112305</LatitudeDegrees>
                            <LongitudeDegrees>104.05821990966797</LongitudeDegrees>
                        </Position>
                        <AltitudeMeters>436.1000061035156</AltitudeMeters>
                    </Trackpoint>
                    <Trackpoint>
                        <DistanceMeters>275.71570014953613</DistanceMeters>
                        <Time>2022-01-03T11:19:12.402Z</Time>
                        <Position>
                            <LatitudeDegrees>30.518056869506836</LatitudeDegrees>
                            <LongitudeDegrees>104.05823516845703</LongitudeDegrees>
                        </Position>
                        <AltitudeMeters>436.1000061035156</AltitudeMeters>
                    </Trackpoint>
                    <Trackpoint>
                        <DistanceMeters>275.71570014953613</DistanceMeters>
                        <Time>2022-01-03T11:19:13.042Z</Time>
                        <Position>
                            <LatitudeDegrees>30.518062591552734</LatitudeDegrees>
                            <LongitudeDegrees>104.0582504272461</LongitudeDegrees>
                        </Position>
                        <AltitudeMeters>436.1000061035156</AltitudeMeters>
                    </Trackpoint>
                    <Trackpoint>
                        <DistanceMeters>275.71570014953613</DistanceMeters>
                        <Time>2022-01-03T11:19:13.647Z</Time>
                        <Position>
                            <LatitudeDegrees>30.518068313598633</LatitudeDegrees>
                            <LongitudeDegrees>104.05825805664062</LongitudeDegrees>
                        </Position>
                        <AltitudeMeters>436.1000061035156</AltitudeMeters>
                    </Trackpoint>
                    <Trackpoint>
                        <DistanceMeters>275.71570014953613</DistanceMeters>
                        <Time>2022-01-03T11:19:14.290Z</Time>
                        <Position>
                            <LatitudeDegrees>30.518077850341797</LatitudeDegrees>
                            <LongitudeDegrees>104.05826568603516</LongitudeDegrees>
                        </Position>
                        <AltitudeMeters>436.1000061035156</AltitudeMeters>
                    </Trackpoint>
                    <Trackpoint>
                        <DistanceMeters>275.71570014953613</DistanceMeters>
                        <Time>2022-01-03T11:19:15.230Z</Time>
                        <Position>
                            <LatitudeDegrees>30.518091201782227</LatitudeDegrees>
                            <LongitudeDegrees>104.05828857421875</LongitudeDegrees>
                        </Position>
                        <AltitudeMeters>436.1000061035156</AltitudeMeters>
                    </Trackpoint>
                    <Trackpoint>
                        <DistanceMeters>275.71570014953613</DistanceMeters>
                        <Time>2022-01-03T11:19:15.841Z</Time>
                        <Position>
                            <LatitudeDegrees>30.518098831176758</LatitudeDegrees>
                            <LongitudeDegrees>104.05829620361328</LongitudeDegrees>
                        </Position>
                        <AltitudeMeters>436.1000061035156</AltitudeMeters>
                    </Trackpoint>
                    <Trackpoint>
                        <DistanceMeters>275.71570014953613</DistanceMeters>
                        <Time>2022-01-03T11:19:16.745Z</Time>
                        <Position>
                            <LatitudeDegrees>30.518115997314453</LatitudeDegrees>
                            <LongitudeDegrees>104.05831909179688</LongitudeDegrees>
                        </Position>
                        <AltitudeMeters>436.1000061035156</AltitudeMeters>
                    </Trackpoint>
                    <Trackpoint>
                        <DistanceMeters>275.71570014953613</DistanceMeters>
                        <Time>2022-01-03T11:19:17.733Z</Time>
                        <Position>
                            <LatitudeDegrees>30.51812744140625</LatitudeDegrees>
                            <LongitudeDegrees>104.05834197998047</LongitudeDegrees>
                        </Position>
                        <AltitudeMeters>436.1000061035156</AltitudeMeters>
                    </Trackpoint>
                    <Trackpoint>
                        <DistanceMeters>275.71570014953613</DistanceMeters>
                        <Time>2022-01-03T11:19:18.622Z</Time>
                        <Position>
                            <LatitudeDegrees>30.518136978149414</LatitudeDegrees>
                            <LongitudeDegrees>104.05835723876953</LongitudeDegrees>
                        </Position>
                        <AltitudeMeters>436.1000061035156</AltitudeMeters>
                    </Trackpoint>
                    <Trackpoint>
                        <DistanceMeters>275.71570014953613</DistanceMeters>
                        <Time>2022-01-03T11:19:19.263Z</Time>
                        <Position>
                            <LatitudeDegrees>30.518144607543945</LatitudeDegrees>
                            <LongitudeDegrees>104.0583724975586</LongitudeDegrees>
                        </Position>
                        <AltitudeMeters>436.1000061035156</AltitudeMeters>
                    </Trackpoint>
                    <Trackpoint>
                        <DistanceMeters>275.71570014953613</DistanceMeters>
                        <Time>2022-01-03T11:19:19.867Z</Time>
                        <Position>
                            <LatitudeDegrees>30.518152236938477</LatitudeDegrees>
                            <LongitudeDegrees>104.05838775634766</LongitudeDegrees>
                        </Position>
                        <AltitudeMeters>436.1000061035156</AltitudeMeters>
                    </Trackpoint>
                    <Trackpoint>
                        <DistanceMeters>275.71570014953613</DistanceMeters>
                        <Time>2022-01-03T11:19:20.807Z</Time>
                        <Position>
                            <LatitudeDegrees>30.518163681030273</LatitudeDegrees>
                            <LongitudeDegrees>104.05841064453125</LongitudeDegrees>
                        </Position>
                        <AltitudeMeters>436.1000061035156</AltitudeMeters>
                    </Trackpoint>
                    <Trackpoint>
                        <DistanceMeters>275.71570014953613</DistanceMeters>
                        <Time>2022-01-03T11:19:21.448Z</Time>
                        <Position>
                            <LatitudeDegrees>30.518173217773438</LatitudeDegrees>
                            <LongitudeDegrees>104.05842590332031</LongitudeDegrees>
                        </Position>
                        <AltitudeMeters>436.1000061035156</AltitudeMeters>
                    </Trackpoint>
                    <Trackpoint>
                        <DistanceMeters>275.71570014953613</DistanceMeters>
                        <Time>2022-01-03T11:19:22.061Z</Time>
                        <Position>
                            <LatitudeDegrees>30.5181827545166</LatitudeDegrees>
                            <LongitudeDegrees>104.05843353271484</LongitudeDegrees>
                        </Position>
                        <AltitudeMeters>436.1000061035156</AltitudeMeters>
                    </Trackpoint>
                    <Trackpoint>
                        <DistanceMeters>275.71570014953613</DistanceMeters>
                        <Time>2022-01-03T11:19:22.684Z</Time>
                        <Position>
                            <LatitudeDegrees>30.5181941986084</LatitudeDegrees>
                            <LongitudeDegrees>104.05844116210938</LongitudeDegrees>
                        </Position>
                        <AltitudeMeters>436.1000061035156</AltitudeMeters>
                    </Trackpoint>
                    <Trackpoint>
                        <DistanceMeters>275.71570014953613</DistanceMeters>
                        <Time>2022-01-03T11:19:23.608Z</Time>
                        <Position>
                            <LatitudeDegrees>30.51821517944336</LatitudeDegrees>
                            <LongitudeDegrees>104.0584487915039</LongitudeDegrees>
                        </Position>
                        <AltitudeMeters>436.1000061035156</AltitudeMeters>
                    </Trackpoint>
                    <Trackpoint>
                        <DistanceMeters>275.71570014953613</DistanceMeters>
                        <Time>2022-01-03T11:19:24.229Z</Time>
                        <Position>
                            <LatitudeDegrees>30.518230438232422</LatitudeDegrees>
                            <LongitudeDegrees>104.05845642089844</LongitudeDegrees>
                        </Position>
                        <AltitudeMeters>436.1000061035156</AltitudeMeters>
                    </Trackpoint>
                    <Trackpoint>
                        <DistanceMeters>275.71570014953613</DistanceMeters>
                        <Time>2022-01-03T11:19:24.824Z</Time>
                        <Position>
                            <LatitudeDegrees>30.51824378967285</LatitudeDegrees>
                            <LongitudeDegrees>104.05845642089844</LongitudeDegrees>
                        </Position>
                        <AltitudeMeters>436.1000061035156</AltitudeMeters>
                    </Trackpoint>
                    <Trackpoint>
                        <DistanceMeters>275.71570014953613</DistanceMeters>
                        <Time>2022-01-03T11:19:25.743Z</Time>
                        <Position>
                            <LatitudeDegrees>30.518268585205078</LatitudeDegrees>
                            <LongitudeDegrees>104.05846405029297</LongitudeDegrees>
                        </Position>
                        <AltitudeMeters>436.1000061035156</AltitudeMeters>
                    </Trackpoint>
                    <Trackpoint>
                        <DistanceMeters>275.71570014953613</DistanceMeters>
                        <Time>2022-01-03T11:19:26.402Z</Time>
                        <Position>
                            <LatitudeDegrees>30.51828384399414</LatitudeDegrees>
                            <LongitudeDegrees>104.0584716796875</LongitudeDegrees>
                        </Position>
                        <AltitudeMeters>436.1000061035156</AltitudeMeters>
                    </Trackpoint>
                    <Trackpoint>
                        <DistanceMeters>275.71570014953613</DistanceMeters>
                        <Time>2022-01-03T11:19:26.884Z</Time>
                        <Position>
                            <LatitudeDegrees>30.518293380737305</LatitudeDegrees>
                            <LongitudeDegrees>104.05848693847656</LongitudeDegrees>
                        </Position>
                        <AltitudeMeters>436.1000061035156</AltitudeMeters>
                    </Trackpoint>
                    <Trackpoint>
                        <DistanceMeters>275.71570014953613</DistanceMeters>
                        <Time>2022-01-03T11:19:27.621Z</Time>
                        <Position>
                            <LatitudeDegrees>30.518306732177734</LatitudeDegrees>
                            <LongitudeDegrees>104.05850219726562</LongitudeDegrees>
                        </Position>
                        <AltitudeMeters>436.1000061035156</AltitudeMeters>
                    </Trackpoint>
                    <Trackpoint>
                        <DistanceMeters>275.71570014953613</DistanceMeters>
                        <Time>2022-01-03T11:19:28.246Z</Time>
                        <Position>
                            <LatitudeDegrees>30.518314361572266</LatitudeDegrees>
                            <LongitudeDegrees>104.05850982666016</LongitudeDegrees>
                        </Position>
                        <AltitudeMeters>436.1000061035156</AltitudeMeters>
                    </Trackpoint>
                    <Trackpoint>
                        <DistanceMeters>275.71570014953613</DistanceMeters>
                        <Time>2022-01-03T11:19:29.510Z</Time>
                        <Position>
                            <LatitudeDegrees>30.518329620361328</LatitudeDegrees>
                            <LongitudeDegrees>104.05854034423828</LongitudeDegrees>
                        </Position>
                        <AltitudeMeters>436.1000061035156</AltitudeMeters>
                    </Trackpoint>
                    <Trackpoint>
                        <DistanceMeters>352.9106159210205</DistanceMeters>
                        <Time>2022-01-03T11:19:30.121Z</Time>
                        <Position>
                            <LatitudeDegrees>30.518333435058594</LatitudeDegrees>
                            <LongitudeDegrees>104.05855560302734</LongitudeDegrees>
                        </Position>
                        <AltitudeMeters>436.1000061035156</AltitudeMeters>
                    </Trackpoint>
                    <Trackpoint>
                        <DistanceMeters>352.9106159210205</DistanceMeters>
                        <Time>2022-01-03T11:19:30.884Z</Time>
                        <Position>
                            <LatitudeDegrees>30.518339157104492</LatitudeDegrees>
                            <LongitudeDegrees>104.05857849121094</LongitudeDegrees>
                        </Position>
                        <AltitudeMeters>436.1000061035156</AltitudeMeters>
                    </Trackpoint>
                    <Trackpoint>
                        <DistanceMeters>352.9106159210205</DistanceMeters>
                        <Time>2022-01-03T11:19:31.388Z</Time>
                        <Position>
                            <LatitudeDegrees>30.51834487915039</LatitudeDegrees>
                            <LongitudeDegrees>104.05859375</LongitudeDegrees>
                        </Position>
                        <AltitudeMeters>436.1000061035156</AltitudeMeters>
                    </Trackpoint>
                    <Trackpoint>
                        <DistanceMeters>352.9106159210205</DistanceMeters>
                        <Time>2022-01-03T11:19:31.684Z</Time>
                        <Position>
                            <LatitudeDegrees>30.51835060119629</LatitudeDegrees>
                            <LongitudeDegrees>104.05860137939453</LongitudeDegrees>
                        </Position>
                        <AltitudeMeters>436.1000061035156</AltitudeMeters>
                    </Trackpoint>
                    <Trackpoint>
                        <DistanceMeters>352.9106159210205</DistanceMeters>
                        <Time>2022-01-03T11:19:32.308Z</Time>
                        <Position>
                            <LatitudeDegrees>30.51836395263672</LatitudeDegrees>
                            <LongitudeDegrees>104.0586166381836</LongitudeDegrees>
                        </Position>
                        <AltitudeMeters>436.1000061035156</AltitudeMeters>
                    </Trackpoint>
                    <Trackpoint>
                        <DistanceMeters>352.9106159210205</DistanceMeters>
                        <Time>2022-01-03T11:19:32.902Z</Time>
                        <Position>
                            <LatitudeDegrees>30.51837921142578</LatitudeDegrees>
                            <LongitudeDegrees>104.05863189697266</LongitudeDegrees>
                        </Position>
                        <AltitudeMeters>436.1000061035156</AltitudeMeters>
                    </Trackpoint>
                    <Trackpoint>
                        <DistanceMeters>352.9106159210205</DistanceMeters>
                        <Time>2022-01-03T11:19:33.841Z</Time>
                        <Position>
                            <LatitudeDegrees>30.518402099609375</LatitudeDegrees>
                            <LongitudeDegrees>104.05865478515625</LongitudeDegrees>
                        </Position>
                        <AltitudeMeters>436.1000061035156</AltitudeMeters>
                    </Trackpoint>
                    <Trackpoint>
                        <DistanceMeters>352.9106159210205</DistanceMeters>
                        <Time>2022-01-03T11:19:34.447Z</Time>
                        <Position>
                            <LatitudeDegrees>30.518415451049805</LatitudeDegrees>
                            <LongitudeDegrees>104.05866241455078</LongitudeDegrees>
                        </Position>
                        <AltitudeMeters>436.1000061035156</AltitudeMeters>
                    </Trackpoint>
                    <Trackpoint>
                        <DistanceMeters>352.9106159210205</DistanceMeters>
                        <Time>2022-01-03T11:19:34.761Z</Time>
                        <Position>
                            <LatitudeDegrees>30.518423080444336</LatitudeDegrees>
                            <LongitudeDegrees>104.05867004394531</LongitudeDegrees>
                        </Position>
                        <AltitudeMeters>436.1000061035156</AltitudeMeters>
                    </Trackpoint>
                    <Trackpoint>
                        <DistanceMeters>352.9106159210205</DistanceMeters>
                        <Time>2022-01-03T11:19:35.090Z</Time>
                        <Position>
                            <LatitudeDegrees>30.5184326171875</LatitudeDegrees>
                            <LongitudeDegrees>104.05867767333984</LongitudeDegrees>
                        </Position>
                        <AltitudeMeters>436.1000061035156</AltitudeMeters>
                    </Trackpoint>
                    <Trackpoint>
                        <DistanceMeters>352.9106159210205</DistanceMeters>
                        <Time>2022-01-03T11:19:35.681Z</Time>
                        <Position>
                            <LatitudeDegrees>30.518442153930664</LatitudeDegrees>
                            <LongitudeDegrees>104.05868530273438</LongitudeDegrees>
                        </Position>
                        <AltitudeMeters>436.1000061035156</AltitudeMeters>
                    </Trackpoint>
                    <Trackpoint>
                        <DistanceMeters>352.9106159210205</DistanceMeters>
                        <Time>2022-01-03T11:19:36.303Z</Time>
                        <Position>
                            <LatitudeDegrees>30.518451690673828</LatitudeDegrees>
                            <LongitudeDegrees>104.0586929321289</LongitudeDegrees>
                        </Position>
                        <AltitudeMeters>436.1000061035156</AltitudeMeters>
                    </Trackpoint>
                    <Trackpoint>
                        <DistanceMeters>352.9106159210205</DistanceMeters>
                        <Time>2022-01-03T11:19:36.884Z</Time>
                        <Position>
                            <LatitudeDegrees>30.518461227416992</LatitudeDegrees>
                            <LongitudeDegrees>104.05870056152344</LongitudeDegrees>
                        </Position>
                        <AltitudeMeters>436.1000061035156</AltitudeMeters>
                    </Trackpoint>
                    <Trackpoint>
                        <DistanceMeters>352.9106159210205</DistanceMeters>
                        <Time>2022-01-03T11:19:37.544Z</Time>
                        <Position>
                            <LatitudeDegrees>30.51847267150879</LatitudeDegrees>
                            <LongitudeDegrees>104.05870819091797</LongitudeDegrees>
                        </Position>
                        <AltitudeMeters>436.1000061035156</AltitudeMeters>
                    </Trackpoint>
                    <Trackpoint>
                        <DistanceMeters>352.9106159210205</DistanceMeters>
                        <Time>2022-01-03T11:19:38.129Z</Time>
                        <Position>
                            <LatitudeDegrees>30.518482208251953</LatitudeDegrees>
                            <LongitudeDegrees>104.0587158203125</LongitudeDegrees>
                        </Position>
                        <AltitudeMeters>436.1000061035156</AltitudeMeters>
                    </Trackpoint>
                    <Trackpoint>
                        <DistanceMeters>352.9106159210205</DistanceMeters>
                        <Time>2022-01-03T11:19:38.741Z</Time>
                        <Position>
                            <LatitudeDegrees>30.518491744995117</LatitudeDegrees>
                            <LongitudeDegrees>104.05872344970703</LongitudeDegrees>
                        </Position>
                        <AltitudeMeters>436.1000061035156</AltitudeMeters>
                    </Trackpoint>
                    <Trackpoint>
                        <DistanceMeters>352.9106159210205</DistanceMeters>
                        <Time>2022-01-03T11:19:39.662Z</Time>
                        <Position>
                            <LatitudeDegrees>30.51850700378418</LatitudeDegrees>
                            <LongitudeDegrees>104.0587387084961</LongitudeDegrees>
                        </Position>
                        <AltitudeMeters>436.1000061035156</AltitudeMeters>
                    </Trackpoint>
                    <Trackpoint>
                        <DistanceMeters>352.9106159210205</DistanceMeters>
                        <Time>2022-01-03T11:19:40.607Z</Time>
                        <Position>
                            <LatitudeDegrees>30.518518447875977</LatitudeDegrees>
                            <LongitudeDegrees>104.05875396728516</LongitudeDegrees>
                        </Position>
                        <AltitudeMeters>436.1000061035156</AltitudeMeters>
                    </Trackpoint>
                    <Trackpoint>
                        <DistanceMeters>352.9106159210205</DistanceMeters>
                        <Time>2022-01-03T11:19:41.224Z</Time>
                        <Position>
                            <LatitudeDegrees>30.518529891967773</LatitudeDegrees>
                            <LongitudeDegrees>104.05876922607422</LongitudeDegrees>
                        </Position>
                        <AltitudeMeters>436.1000061035156</AltitudeMeters>
                    </Trackpoint>
                    <Trackpoint>
                        <DistanceMeters>352.9106159210205</DistanceMeters>
                        <Time>2022-01-03T11:19:41.847Z</Time>
                        <Position>
                            <LatitudeDegrees>30.518539428710938</LatitudeDegrees>
                            <LongitudeDegrees>104.05877685546875</LongitudeDegrees>
                        </Position>
                        <AltitudeMeters>436.1000061035156</AltitudeMeters>
                    </Trackpoint>
                    <Trackpoint>
                        <DistanceMeters>352.9106159210205</DistanceMeters>
                        <Time>2022-01-03T11:19:42.470Z</Time>
                        <Position>
                            <LatitudeDegrees>30.51854705810547</LatitudeDegrees>
                            <LongitudeDegrees>104.05878448486328</LongitudeDegrees>
                        </Position>
                        <AltitudeMeters>436.1000061035156</AltitudeMeters>
                    </Trackpoint>
                    <Trackpoint>
                        <DistanceMeters>352.9106159210205</DistanceMeters>
                        <Time>2022-01-03T11:19:43.390Z</Time>
                        <Position>
                            <LatitudeDegrees>30.518564224243164</LatitudeDegrees>
                            <LongitudeDegrees>104.05880737304688</LongitudeDegrees>
                        </Position>
                        <AltitudeMeters>436.1000061035156</AltitudeMeters>
                    </Trackpoint>
                    <Trackpoint>
                        <DistanceMeters>352.9106159210205</DistanceMeters>
                        <Time>2022-01-03T11:19:44.304Z</Time>
                        <Position>
                            <LatitudeDegrees>30.51857566833496</LatitudeDegrees>
                            <LongitudeDegrees>104.0588150024414</LongitudeDegrees>
                        </Position>
                        <AltitudeMeters>436.1000061035156</AltitudeMeters>
                    </Trackpoint>
                    <Trackpoint>
                        <DistanceMeters>352.9106159210205</DistanceMeters>
                        <Time>2022-01-03T11:19:45.548Z</Time>
                        <Position>
                            <LatitudeDegrees>30.518596649169922</LatitudeDegrees>
                            <LongitudeDegrees>104.058837890625</LongitudeDegrees>
                        </Position>
                        <AltitudeMeters>436.1000061035156</AltitudeMeters>
                    </Trackpoint>
                    <Trackpoint>
                        <DistanceMeters>352.9106159210205</DistanceMeters>
                        <Time>2022-01-03T11:19:46.188Z</Time>
                        <Position>
                            <LatitudeDegrees>30.518604278564453</LatitudeDegrees>
                            <LongitudeDegrees>104.05884552001953</LongitudeDegrees>
                        </Position>
                        <AltitudeMeters>436.1000061035156</AltitudeMeters>
                    </Trackpoint>
                    <Trackpoint>
                        <DistanceMeters>352.9106159210205</DistanceMeters>
                        <Time>2022-01-03T11:19:46.785Z</Time>
                        <Position>
                            <LatitudeDegrees>30.518613815307617</LatitudeDegrees>
                            <LongitudeDegrees>104.05885314941406</LongitudeDegrees>
                        </Position>
                        <AltitudeMeters>436.1000061035156</AltitudeMeters>
                    </Trackpoint>
                    <Trackpoint>
                        <DistanceMeters>352.9106159210205</DistanceMeters>
                        <Time>2022-01-03T11:19:47.425Z</Time>
                        <Position>
                            <LatitudeDegrees>30.51862335205078</LatitudeDegrees>
                            <LongitudeDegrees>104.05886840820312</LongitudeDegrees>
                        </Position>
                        <AltitudeMeters>436.1000061035156</AltitudeMeters>
                    </Trackpoint>
                    <Trackpoint>
                        <DistanceMeters>352.9106159210205</DistanceMeters>
                        <Time>2022-01-03T11:19:48.066Z</Time>
                        <Position>
                            <LatitudeDegrees>30.518632888793945</LatitudeDegrees>
                            <LongitudeDegrees>104.05887603759766</LongitudeDegrees>
                        </Position>
                        <AltitudeMeters>436.1000061035156</AltitudeMeters>
                    </Trackpoint>
                    <Trackpoint>
                        <DistanceMeters>352.9106159210205</DistanceMeters>
                        <Time>2022-01-03T11:19:48.884Z</Time>
                        <Position>
                            <LatitudeDegrees>30.518646240234375</LatitudeDegrees>
                            <LongitudeDegrees>104.05889892578125</LongitudeDegrees>
                        </Position>
                        <AltitudeMeters>436.1000061035156</AltitudeMeters>
                    </Trackpoint>
                    <Trackpoint>
                        <DistanceMeters>352.9106159210205</DistanceMeters>
                        <Time>2022-01-03T11:19:49.612Z</Time>
                        <Position>
                            <LatitudeDegrees>30.518653869628906</LatitudeDegrees>
                            <LongitudeDegrees>104.05890655517578</LongitudeDegrees>
                        </Position>
                        <AltitudeMeters>436.1000061035156</AltitudeMeters>
                    </Trackpoint>
                    <Trackpoint>
                        <DistanceMeters>352.9106159210205</DistanceMeters>
                        <Time>2022-01-03T11:19:50.501Z</Time>
                        <Position>
                            <LatitudeDegrees>30.5186710357666</LatitudeDegrees>
                            <LongitudeDegrees>104.0589370727539</LongitudeDegrees>
                        </Position>
                        <AltitudeMeters>436.1000061035156</AltitudeMeters>
                    </Trackpoint>
                    <Trackpoint>
                        <DistanceMeters>352.9106159210205</DistanceMeters>
                        <Time>2022-01-03T11:19:51.422Z</Time>
                        <Position>
                            <LatitudeDegrees>30.518680572509766</LatitudeDegrees>
                            <LongitudeDegrees>104.05895233154297</LongitudeDegrees>
                        </Position>
                        <AltitudeMeters>436.1000061035156</AltitudeMeters>
                    </Trackpoint>
                    <Trackpoint>
                        <DistanceMeters>352.9106159210205</DistanceMeters>
                        <Time>2022-01-03T11:19:52.342Z</Time>
                        <Position>
                            <LatitudeDegrees>30.518692016601562</LatitudeDegrees>
                            <LongitudeDegrees>104.05896759033203</LongitudeDegrees>
                        </Position>
                        <AltitudeMeters>436.1000061035156</AltitudeMeters>
                    </Trackpoint>
                    <Trackpoint>
                        <DistanceMeters>352.9106159210205</DistanceMeters>
                        <Time>2022-01-03T11:19:52.884Z</Time>
                        <Position>
                            <LatitudeDegrees>30.518699645996094</LatitudeDegrees>
                            <LongitudeDegrees>104.05897521972656</LongitudeDegrees>
                        </Position>
                        <AltitudeMeters>436.1000061035156</AltitudeMeters>
                    </Trackpoint>
                    <Trackpoint>
                        <DistanceMeters>352.9106159210205</DistanceMeters>
                        <Time>2022-01-03T11:19:53.328Z</Time>
                        <Position>
                            <LatitudeDegrees>30.51870346069336</LatitudeDegrees>
                            <LongitudeDegrees>104.05899047851562</LongitudeDegrees>
                        </Position>
                        <AltitudeMeters>436.1000061035156</AltitudeMeters>
                    </Trackpoint>
                    <Trackpoint>
                        <DistanceMeters>352.9106159210205</DistanceMeters>
                        <Time>2022-01-03T11:19:53.942Z</Time>
                        <Position>
                            <LatitudeDegrees>30.518707275390625</LatitudeDegrees>
                            <LongitudeDegrees>104.05900573730469</LongitudeDegrees>
                        </Position>
                        <AltitudeMeters>436.1000061035156</AltitudeMeters>
                    </Trackpoint>
                    <Trackpoint>
                        <DistanceMeters>352.9106159210205</DistanceMeters>
                        <Time>2022-01-03T11:19:54.864Z</Time>
                        <Position>
                            <LatitudeDegrees>30.518714904785156</LatitudeDegrees>
                            <LongitudeDegrees>104.05902862548828</LongitudeDegrees>
                        </Position>
                        <AltitudeMeters>436.1000061035156</AltitudeMeters>
                    </Trackpoint>
                    <Trackpoint>
                        <DistanceMeters>352.9106159210205</DistanceMeters>
                        <Time>2022-01-03T11:19:55.190Z</Time>
                        <Position>
                            <LatitudeDegrees>30.51871681213379</LatitudeDegrees>
                            <LongitudeDegrees>104.05903625488281</LongitudeDegrees>
                        </Position>
                        <AltitudeMeters>436.1000061035156</AltitudeMeters>
                    </Trackpoint>
                    <Trackpoint>
                        <DistanceMeters>352.9106159210205</DistanceMeters>
                        <Time>2022-01-03T11:19:56.127Z</Time>
                        <Position>
                            <LatitudeDegrees>30.51873016357422</LatitudeDegrees>
                            <LongitudeDegrees>104.0590591430664</LongitudeDegrees>
                        </Position>
                        <AltitudeMeters>436.1000061035156</AltitudeMeters>
                    </Trackpoint>
                    <Trackpoint>
                        <DistanceMeters>352.9106159210205</DistanceMeters>
                        <Time>2022-01-03T11:19:56.769Z</Time>
                        <Position>
                            <LatitudeDegrees>30.51873779296875</LatitudeDegrees>
                            <LongitudeDegrees>104.05907440185547</LongitudeDegrees>
                        </Position>
                        <AltitudeMeters>436.1000061035156</AltitudeMeters>
                    </Trackpoint>
                    <Trackpoint>
                        <DistanceMeters>352.9106159210205</DistanceMeters>
                        <Time>2022-01-03T11:19:57.364Z</Time>
                        <Position>
                            <LatitudeDegrees>30.51874542236328</LatitudeDegrees>
                            <LongitudeDegrees>104.05908966064453</LongitudeDegrees>
                        </Position>
                        <AltitudeMeters>436.1000061035156</AltitudeMeters>
                    </Trackpoint>
                    <Trackpoint>
                        <DistanceMeters>352.9106159210205</DistanceMeters>
                        <Time>2022-01-03T11:19:57.987Z</Time>
                        <Position>
                            <LatitudeDegrees>30.518753051757812</LatitudeDegrees>
                            <LongitudeDegrees>104.0591049194336</LongitudeDegrees>
                        </Position>
                        <AltitudeMeters>436.1000061035156</AltitudeMeters>
                    </Trackpoint>
                    <Trackpoint>
                        <DistanceMeters>352.9106159210205</DistanceMeters>
                        <Time>2022-01-03T11:19:58.884Z</Time>
                        <Position>
                            <LatitudeDegrees>30.51876449584961</LatitudeDegrees>
                            <LongitudeDegrees>104.05912017822266</LongitudeDegrees>
                        </Position>
                        <AltitudeMeters>436.1000061035156</AltitudeMeters>
                    </Trackpoint>
                    <Trackpoint>
                        <DistanceMeters>352.9106159210205</DistanceMeters>
                        <Time>2022-01-03T11:19:59.568Z</Time>
                        <Position>
                            <LatitudeDegrees>30.51877212524414</LatitudeDegrees>
                            <LongitudeDegrees>104.05913543701172</LongitudeDegrees>
                        </Position>
                        <AltitudeMeters>436.1000061035156</AltitudeMeters>
                    </Trackpoint>
                    <Trackpoint>
                        <DistanceMeters>443.4260501861572</DistanceMeters>
                        <Time>2022-01-03T11:20:00.210Z</Time>
                        <Position>
                            <LatitudeDegrees>30.518779754638672</LatitudeDegrees>
                            <LongitudeDegrees>104.05915069580078</LongitudeDegrees>
                        </Position>
                        <AltitudeMeters>436.1000061035156</AltitudeMeters>
                    </Trackpoint>
                    <Trackpoint>
                        <DistanceMeters>443.4260501861572</DistanceMeters>
                        <Time>2022-01-03T11:20:00.525Z</Time>
                        <Position>
                            <LatitudeDegrees>30.518783569335938</LatitudeDegrees>
                            <LongitudeDegrees>104.05916595458984</LongitudeDegrees>
                        </Position>
                        <AltitudeMeters>436.1000061035156</AltitudeMeters>
                    </Trackpoint>
                    <Trackpoint>
                        <DistanceMeters>443.4260501861572</DistanceMeters>
                        <Time>2022-01-03T11:20:01.130Z</Time>
                        <Position>
                            <LatitudeDegrees>30.518789291381836</LatitudeDegrees>
                            <LongitudeDegrees>104.0591812133789</LongitudeDegrees>
                        </Position>
                        <AltitudeMeters>436.1000061035156</AltitudeMeters>
                    </Trackpoint>
                    <Trackpoint>
                        <DistanceMeters>443.4260501861572</DistanceMeters>
                        <Time>2022-01-03T11:20:01.762Z</Time>
                        <Position>
                            <LatitudeDegrees>30.518796920776367</LatitudeDegrees>
                            <LongitudeDegrees>104.05919647216797</LongitudeDegrees>
                        </Position>
                        <AltitudeMeters>436.1000061035156</AltitudeMeters>
                    </Trackpoint>
                    <Trackpoint>
                        <DistanceMeters>443.4260501861572</DistanceMeters>
                        <Time>2022-01-03T11:20:02.664Z</Time>
                        <Position>
                            <LatitudeDegrees>30.518808364868164</LatitudeDegrees>
                            <LongitudeDegrees>104.05921936035156</LongitudeDegrees>
                        </Position>
                        <AltitudeMeters>436.1000061035156</AltitudeMeters>
                    </Trackpoint>
                    <Trackpoint>
                        <DistanceMeters>443.4260501861572</DistanceMeters>
                        <Time>2022-01-03T11:20:03.324Z</Time>
                        <Position>
                            <LatitudeDegrees>30.518817901611328</LatitudeDegrees>
                            <LongitudeDegrees>104.05923461914062</LongitudeDegrees>
                        </Position>
                        <AltitudeMeters>436.1000061035156</AltitudeMeters>
                    </Trackpoint>
                    <Trackpoint>
                        <DistanceMeters>443.4260501861572</DistanceMeters>
                        <Time>2022-01-03T11:20:03.965Z</Time>
                        <Position>
                            <LatitudeDegrees>30.518827438354492</LatitudeDegrees>
                            <LongitudeDegrees>104.05925750732422</LongitudeDegrees>
                        </Position>
                        <AltitudeMeters>436.1000061035156</AltitudeMeters>
                    </Trackpoint>
                    <Trackpoint>
                        <DistanceMeters>443.4260501861572</DistanceMeters>
                        <Time>2022-01-03T11:20:04.903Z</Time>
                        <Position>
                            <LatitudeDegrees>30.518840789794922</LatitudeDegrees>
                            <LongitudeDegrees>104.05928802490234</LongitudeDegrees>
                        </Position>
                        <AltitudeMeters>436.1000061035156</AltitudeMeters>
                    </Trackpoint>
                    <Trackpoint>
                        <DistanceMeters>443.4260501861572</DistanceMeters>
                        <Time>2022-01-03T11:20:05.527Z</Time>
                        <Position>
                            <LatitudeDegrees>30.518850326538086</LatitudeDegrees>
                            <LongitudeDegrees>104.0593032836914</LongitudeDegrees>
                        </Position>
                        <AltitudeMeters>436.1000061035156</AltitudeMeters>
                    </Trackpoint>
                    <Trackpoint>
                        <DistanceMeters>443.4260501861572</DistanceMeters>
                        <Time>2022-01-03T11:20:06.155Z</Time>
                        <Position>
                            <LatitudeDegrees>30.51885986328125</LatitudeDegrees>
                            <LongitudeDegrees>104.05931854248047</LongitudeDegrees>
                        </Position>
                        <AltitudeMeters>436.1000061035156</AltitudeMeters>
                    </Trackpoint>
                    <Trackpoint>
                        <DistanceMeters>443.4260501861572</DistanceMeters>
                        <Time>2022-01-03T11:20:06.884Z</Time>
                        <Position>
                            <LatitudeDegrees>30.51887321472168</LatitudeDegrees>
                            <LongitudeDegrees>104.05933380126953</LongitudeDegrees>
                        </Position>
                        <AltitudeMeters>436.1000061035156</AltitudeMeters>
                    </Trackpoint>
                    <Trackpoint>
                        <DistanceMeters>443.4260501861572</DistanceMeters>
                        <Time>2022-01-03T11:20:07.407Z</Time>
                        <Position>
                            <LatitudeDegrees>30.518882751464844</LatitudeDegrees>
                            <LongitudeDegrees>104.0593490600586</LongitudeDegrees>
                        </Position>
                        <AltitudeMeters>436.1000061035156</AltitudeMeters>
                    </Trackpoint>
                    <Trackpoint>
                        <DistanceMeters>443.4260501861572</DistanceMeters>
                        <Time>2022-01-03T11:20:08.012Z</Time>
                        <Position>
                            <LatitudeDegrees>30.51889419555664</LatitudeDegrees>
                            <LongitudeDegrees>104.05936431884766</LongitudeDegrees>
                        </Position>
                        <AltitudeMeters>436.1000061035156</AltitudeMeters>
                    </Trackpoint>
                    <Trackpoint>
                        <DistanceMeters>443.4260501861572</DistanceMeters>
                        <Time>2022-01-03T11:20:08.323Z</Time>
                        <Position>
                            <LatitudeDegrees>30.518901824951172</LatitudeDegrees>
                            <LongitudeDegrees>104.05937194824219</LongitudeDegrees>
                        </Position>
                        <AltitudeMeters>436.1000061035156</AltitudeMeters>
                    </Trackpoint>
                    <Trackpoint>
                        <DistanceMeters>443.4260501861572</DistanceMeters>
                        <Time>2022-01-03T11:20:08.884Z</Time>
                        <Position>
                            <LatitudeDegrees>30.5189151763916</LatitudeDegrees>
                            <LongitudeDegrees>104.05938720703125</LongitudeDegrees>
                        </Position>
                        <AltitudeMeters>436.1000061035156</AltitudeMeters>
                    </Trackpoint>
                    <Trackpoint>
                        <DistanceMeters>443.4260501861572</DistanceMeters>
                        <Time>2022-01-03T11:20:09.592Z</Time>
                        <Position>
                            <LatitudeDegrees>30.51892852783203</LatitudeDegrees>
                            <LongitudeDegrees>104.05940246582031</LongitudeDegrees>
                        </Position>
                        <AltitudeMeters>436.1000061035156</AltitudeMeters>
                    </Trackpoint>
                    <Trackpoint>
                        <DistanceMeters>443.4260501861572</DistanceMeters>
                        <Time>2022-01-03T11:20:10.528Z</Time>
                        <Position>
                            <LatitudeDegrees>30.518943786621094</LatitudeDegrees>
                            <LongitudeDegrees>104.05943298339844</LongitudeDegrees>
                        </Position>
                        <AltitudeMeters>436.1000061035156</AltitudeMeters>
                    </Trackpoint>
                    <Trackpoint>
                        <DistanceMeters>443.4260501861572</DistanceMeters>
                        <Time>2022-01-03T11:20:11.161Z</Time>
                        <Position>
                            <LatitudeDegrees>30.518957138061523</LatitudeDegrees>
                            <LongitudeDegrees>104.05945587158203</LongitudeDegrees>
                        </Position>
                        <AltitudeMeters>436.1000061035156</AltitudeMeters>
                    </Trackpoint>
                    <Trackpoint>
                        <DistanceMeters>443.4260501861572</DistanceMeters>
                        <Time>2022-01-03T11:20:11.766Z</Time>
                        <Position>
                            <LatitudeDegrees>30.51896858215332</LatitudeDegrees>
                            <LongitudeDegrees>104.0594711303711</LongitudeDegrees>
                        </Position>
                        <AltitudeMeters>436.1000061035156</AltitudeMeters>
                    </Trackpoint>
                    <Trackpoint>
                        <DistanceMeters>443.4260501861572</DistanceMeters>
                        <Time>2022-01-03T11:20:12.425Z</Time>
                        <Position>
                            <LatitudeDegrees>30.51898193359375</LatitudeDegrees>
                            <LongitudeDegrees>104.05949401855469</LongitudeDegrees>
                        </Position>
                        <AltitudeMeters>436.1000061035156</AltitudeMeters>
                    </Trackpoint>
                    <Trackpoint>
                        <DistanceMeters>443.4260501861572</DistanceMeters>
                        <Time>2022-01-03T11:20:12.884Z</Time>
                        <Position>
                            <LatitudeDegrees>30.518991470336914</LatitudeDegrees>
                            <LongitudeDegrees>104.05950164794922</LongitudeDegrees>
                        </Position>
                        <AltitudeMeters>436.1000061035156</AltitudeMeters>
                    </Trackpoint>
                    <Trackpoint>
                        <DistanceMeters>443.4260501861572</DistanceMeters>
                        <Time>2022-01-03T11:20:13.327Z</Time>
                        <Position>
                            <LatitudeDegrees>30.518999099731445</LatitudeDegrees>
                            <LongitudeDegrees>104.05951690673828</LongitudeDegrees>
                        </Position>
                        <AltitudeMeters>436.1000061035156</AltitudeMeters>
                    </Trackpoint>
                    <Trackpoint>
                        <DistanceMeters>443.4260501861572</DistanceMeters>
                        <Time>2022-01-03T11:20:13.905Z</Time>
                        <Position>
                            <LatitudeDegrees>30.519006729125977</LatitudeDegrees>
                            <LongitudeDegrees>104.05953216552734</LongitudeDegrees>
                        </Position>
                        <AltitudeMeters>436.1000061035156</AltitudeMeters>
                    </Trackpoint>
                    <Trackpoint>
                        <DistanceMeters>443.4260501861572</DistanceMeters>
                        <Time>2022-01-03T11:20:14.563Z</Time>
                        <Position>
                            <LatitudeDegrees>30.519014358520508</LatitudeDegrees>
                            <LongitudeDegrees>104.05955505371094</LongitudeDegrees>
                        </Position>
                        <AltitudeMeters>436.1000061035156</AltitudeMeters>
                    </Trackpoint>
                    <Trackpoint>
                        <DistanceMeters>443.4260501861572</DistanceMeters>
                        <Time>2022-01-03T11:20:15.187Z</Time>
                        <Position>
                            <LatitudeDegrees>30.51902198791504</LatitudeDegrees>
                            <LongitudeDegrees>104.05957794189453</LongitudeDegrees>
                        </Position>
                        <AltitudeMeters>436.1000061035156</AltitudeMeters>
                    </Trackpoint>
                    <Trackpoint>
                        <DistanceMeters>443.4260501861572</DistanceMeters>
                        <Time>2022-01-03T11:20:15.781Z</Time>
                        <Position>
                            <LatitudeDegrees>30.519033432006836</LatitudeDegrees>
                            <LongitudeDegrees>104.05958557128906</LongitudeDegrees>
                        </Position>
                        <AltitudeMeters>436.1000061035156</AltitudeMeters>
                    </Trackpoint>
                    <Trackpoint>
                        <DistanceMeters>443.4260501861572</DistanceMeters>
                        <Time>2022-01-03T11:20:16.106Z</Time>
                        <Position>
                            <LatitudeDegrees>30.519039154052734</LatitudeDegrees>
                            <LongitudeDegrees>104.0595932006836</LongitudeDegrees>
                        </Position>
                        <AltitudeMeters>436.1000061035156</AltitudeMeters>
                    </Trackpoint>
                    <Trackpoint>
                        <DistanceMeters>443.4260501861572</DistanceMeters>
                        <Time>2022-01-03T11:20:16.767Z</Time>
                        <Position>
                            <LatitudeDegrees>30.519054412841797</LatitudeDegrees>
                            <LongitudeDegrees>104.05960845947266</LongitudeDegrees>
                        </Position>
                        <AltitudeMeters>436.1000061035156</AltitudeMeters>
                    </Trackpoint>
                    <Trackpoint>
                        <DistanceMeters>443.4260501861572</DistanceMeters>
                        <Time>2022-01-03T11:20:17.383Z</Time>
                        <Position>
                            <LatitudeDegrees>30.519067764282227</LatitudeDegrees>
                            <LongitudeDegrees>104.05961608886719</LongitudeDegrees>
                        </Position>
                        <AltitudeMeters>436.1000061035156</AltitudeMeters>
                    </Trackpoint>
                    <Trackpoint>
                        <DistanceMeters>443.4260501861572</DistanceMeters>
                        <Time>2022-01-03T11:20:18.023Z</Time>
                        <Position>
                            <LatitudeDegrees>30.519075393676758</LatitudeDegrees>
                            <LongitudeDegrees>104.05963134765625</LongitudeDegrees>
                        </Position>
                        <AltitudeMeters>436.1000061035156</AltitudeMeters>
                    </Trackpoint>
                    <Trackpoint>
                        <DistanceMeters>443.4260501861572</DistanceMeters>
                        <Time>2022-01-03T11:20:18.884Z</Time>
                        <Position>
                            <LatitudeDegrees>30.519084930419922</LatitudeDegrees>
                            <LongitudeDegrees>104.05965423583984</LongitudeDegrees>
                        </Position>
                        <AltitudeMeters>436.1000061035156</AltitudeMeters>
                    </Trackpoint>
                    <Trackpoint>
                        <DistanceMeters>443.4260501861572</DistanceMeters>
                        <Time>2022-01-03T11:20:19.607Z</Time>
                        <Position>
                            <LatitudeDegrees>30.519094467163086</LatitudeDegrees>
                            <LongitudeDegrees>104.05966186523438</LongitudeDegrees>
                        </Position>
                        <AltitudeMeters>436.1000061035156</AltitudeMeters>
                    </Trackpoint>
                    <Trackpoint>
                        <DistanceMeters>443.4260501861572</DistanceMeters>
                        <Time>2022-01-03T11:20:20.207Z</Time>
                        <Position>
                            <LatitudeDegrees>30.519102096557617</LatitudeDegrees>
                            <LongitudeDegrees>104.05967712402344</LongitudeDegrees>
                        </Position>
                        <AltitudeMeters>436.1000061035156</AltitudeMeters>
                    </Trackpoint>
                    <Trackpoint>
                        <DistanceMeters>443.4260501861572</DistanceMeters>
                        <Time>2022-01-03T11:20:20.805Z</Time>
                        <Position>
                            <LatitudeDegrees>30.51911163330078</LatitudeDegrees>
                            <LongitudeDegrees>104.05968475341797</LongitudeDegrees>
                        </Position>
                        <AltitudeMeters>436.1000061035156</AltitudeMeters>
                    </Trackpoint>
                    <Trackpoint>
                        <DistanceMeters>443.4260501861572</DistanceMeters>
                        <Time>2022-01-03T11:20:21.770Z</Time>
                        <Position>
                            <LatitudeDegrees>30.519121170043945</LatitudeDegrees>
                            <LongitudeDegrees>104.05970764160156</LongitudeDegrees>
                        </Position>
                        <AltitudeMeters>436.1000061035156</AltitudeMeters>
                    </Trackpoint>
                    <Trackpoint>
                        <DistanceMeters>443.4260501861572</DistanceMeters>
                        <Time>2022-01-03T11:20:22.404Z</Time>
                        <Position>
                            <LatitudeDegrees>30.519134521484375</LatitudeDegrees>
                            <LongitudeDegrees>104.05973815917969</LongitudeDegrees>
                        </Position>
                        <AltitudeMeters>435.75323486328125</AltitudeMeters>
                    </Trackpoint>
                    <Trackpoint>
                        <DistanceMeters>443.4260501861572</DistanceMeters>
                        <Time>2022-01-03T11:20:23.350Z</Time>
                        <Position>
                            <LatitudeDegrees>30.519134521484375</LatitudeDegrees>
                            <LongitudeDegrees>104.05976104736328</LongitudeDegrees>
                        </Position>
                        <AltitudeMeters>435.75323486328125</AltitudeMeters>
                    </Trackpoint>
                    <Trackpoint>
                        <DistanceMeters>443.4260501861572</DistanceMeters>
                        <Time>2022-01-03T11:20:23.965Z</Time>
                        <Position>
                            <LatitudeDegrees>30.519134521484375</LatitudeDegrees>
                            <LongitudeDegrees>104.05977630615234</LongitudeDegrees>
                        </Position>
                        <AltitudeMeters>435.75323486328125</AltitudeMeters>
                    </Trackpoint>
                    <Trackpoint>
                        <DistanceMeters>443.4260501861572</DistanceMeters>
                        <Time>2022-01-03T11:20:24.605Z</Time>
                        <Position>
                            <LatitudeDegrees>30.519126892089844</LatitudeDegrees>
                            <LongitudeDegrees>104.0597915649414</LongitudeDegrees>
                        </Position>
                        <AltitudeMeters>435.75323486328125</AltitudeMeters>
                    </Trackpoint>
                    <Trackpoint>
                        <DistanceMeters>443.4260501861572</DistanceMeters>
                        <Time>2022-01-03T11:20:25.229Z</Time>
                        <Position>
                            <LatitudeDegrees>30.51911735534668</LatitudeDegrees>
                            <LongitudeDegrees>104.05980682373047</LongitudeDegrees>
                        </Position>
                        <AltitudeMeters>435.661865234375</AltitudeMeters>
                    </Trackpoint>
                    <Trackpoint>
                        <DistanceMeters>443.4260501861572</DistanceMeters>
                        <Time>2022-01-03T11:20:25.843Z</Time>
                        <Position>
                            <LatitudeDegrees>30.51910972595215</LatitudeDegrees>
                            <LongitudeDegrees>104.05982208251953</LongitudeDegrees>
                        </Position>
                        <AltitudeMeters>435.661865234375</AltitudeMeters>
                    </Trackpoint>
                    <Trackpoint>
                        <DistanceMeters>443.4260501861572</DistanceMeters>
                        <Time>2022-01-03T11:20:26.186Z</Time>
                        <Position>
                            <LatitudeDegrees>30.519102096557617</LatitudeDegrees>
                            <LongitudeDegrees>104.05982971191406</LongitudeDegrees>
                        </Position>
                        <AltitudeMeters>435.661865234375</AltitudeMeters>
                    </Trackpoint>
                    <Trackpoint>
                        <DistanceMeters>443.4260501861572</DistanceMeters>
                        <Time>2022-01-03T11:20:26.829Z</Time>
                        <Position>
                            <LatitudeDegrees>30.519088745117188</LatitudeDegrees>
                            <LongitudeDegrees>104.05984497070312</LongitudeDegrees>
                        </Position>
                        <AltitudeMeters>435.661865234375</AltitudeMeters>
                    </Trackpoint>
                    <Trackpoint>
                        <DistanceMeters>443.4260501861572</DistanceMeters>
                        <Time>2022-01-03T11:20:27.403Z</Time>
                        <Position>
                            <LatitudeDegrees>30.519075393676758</LatitudeDegrees>
                            <LongitudeDegrees>104.05985260009766</LongitudeDegrees>
                        </Position>
                        <AltitudeMeters>435.75323486328125</AltitudeMeters>
                    </Trackpoint>
                    <Trackpoint>
                        <DistanceMeters>443.4260501861572</DistanceMeters>
                        <Time>2022-01-03T11:20:28.326Z</Time>
                        <Position>
                            <LatitudeDegrees>30.519058227539062</LatitudeDegrees>
                            <LongitudeDegrees>104.05986022949219</LongitudeDegrees>
                        </Position>
                        <AltitudeMeters>435.75323486328125</AltitudeMeters>
                    </Trackpoint>
                    <Trackpoint>
                        <DistanceMeters>443.4260501861572</DistanceMeters>
                        <Time>2022-01-03T11:20:29.003Z</Time>
                        <Position>
                            <LatitudeDegrees>30.51904296875</LatitudeDegrees>
                            <LongitudeDegrees>104.05986785888672</LongitudeDegrees>
                        </Position>
                        <AltitudeMeters>435.75323486328125</AltitudeMeters>
                    </Trackpoint>
                    <Trackpoint>
                        <DistanceMeters>443.4260501861572</DistanceMeters>
                        <Time>2022-01-03T11:20:29.626Z</Time>
                        <Position>
                            <LatitudeDegrees>30.519033432006836</LatitudeDegrees>
                            <LongitudeDegrees>104.05987548828125</LongitudeDegrees>
                        </Position>
                        <AltitudeMeters>435.75323486328125</AltitudeMeters>
                    </Trackpoint>
                    <Trackpoint>
                        <DistanceMeters>524.5032901763916</DistanceMeters>
                        <Time>2022-01-03T11:20:30.249Z</Time>
                        <Position>
                            <LatitudeDegrees>30.519025802612305</LatitudeDegrees>
                            <LongitudeDegrees>104.05988311767578</LongitudeDegrees>
                        </Position>
                        <AltitudeMeters>435.75323486328125</AltitudeMeters>
                    </Trackpoint>
                    <Trackpoint>
                        <DistanceMeters>524.5032901763916</DistanceMeters>
                        <Time>2022-01-03T11:20:30.844Z</Time>
                        <Position>
                            <LatitudeDegrees>30.519020080566406</LatitudeDegrees>
                            <LongitudeDegrees>104.05989837646484</LongitudeDegrees>
                        </Position>
                        <AltitudeMeters>435.75323486328125</AltitudeMeters>
                    </Trackpoint>
                    <Trackpoint>
                        <DistanceMeters>524.5032901763916</DistanceMeters>
                        <Time>2022-01-03T11:20:31.207Z</Time>
                        <Position>
                            <LatitudeDegrees>30.519010543823242</LatitudeDegrees>
                            <LongitudeDegrees>104.05989837646484</LongitudeDegrees>
                        </Position>
                        <AltitudeMeters>435.75323486328125</AltitudeMeters>
                    </Trackpoint>
                    <Trackpoint>
                        <DistanceMeters>524.5032901763916</DistanceMeters>
                        <Time>2022-01-03T11:20:31.830Z</Time>
                        <Position>
                            <LatitudeDegrees>30.518997192382812</LatitudeDegrees>
                            <LongitudeDegrees>104.05990600585938</LongitudeDegrees>
                        </Position>
                        <AltitudeMeters>435.75323486328125</AltitudeMeters>
                    </Trackpoint>
                    <Trackpoint>
                        <DistanceMeters>524.5032901763916</DistanceMeters>
                        <Time>2022-01-03T11:20:32.443Z</Time>
                        <Position>
                            <LatitudeDegrees>30.51898193359375</LatitudeDegrees>
                            <LongitudeDegrees>104.0599136352539</LongitudeDegrees>
                        </Position>
                        <AltitudeMeters>435.75323486328125</AltitudeMeters>
                    </Trackpoint>
                    <Trackpoint>
                        <DistanceMeters>524.5032901763916</DistanceMeters>
                        <Time>2022-01-03T11:20:32.885Z</Time>
                        <Position>
                            <LatitudeDegrees>30.518964767456055</LatitudeDegrees>
                            <LongitudeDegrees>104.0599136352539</LongitudeDegrees>
                        </Position>
                        <AltitudeMeters>435.75323486328125</AltitudeMeters>
                    </Trackpoint>
                    <Trackpoint>
                        <DistanceMeters>524.5032901763916</DistanceMeters>
                        <Time>2022-01-03T11:20:33.382Z</Time>
                        <Position>
                            <LatitudeDegrees>30.518951416015625</LatitudeDegrees>
                            <LongitudeDegrees>104.05992126464844</LongitudeDegrees>
                        </Position>
                        <AltitudeMeters>435.75323486328125</AltitudeMeters>
                    </Trackpoint>
                    <Trackpoint>
                        <DistanceMeters>524.5032901763916</DistanceMeters>
                        <Time>2022-01-03T11:20:34.042Z</Time>
                        <Position>
                            <LatitudeDegrees>30.518932342529297</LatitudeDegrees>
                            <LongitudeDegrees>104.05992889404297</LongitudeDegrees>
                        </Position>
                        <AltitudeMeters>435.75323486328125</AltitudeMeters>
                    </Trackpoint>
                    <Trackpoint>
                        <DistanceMeters>524.5032901763916</DistanceMeters>
                        <Time>2022-01-03T11:20:34.884Z</Time>
                        <Position>
                            <LatitudeDegrees>30.51891326904297</LatitudeDegrees>
                            <LongitudeDegrees>104.0599365234375</LongitudeDegrees>
                        </Position>
                        <AltitudeMeters>435.75323486328125</AltitudeMeters>
                    </Trackpoint>
                    <Trackpoint>
                        <DistanceMeters>524.5032901763916</DistanceMeters>
                        <Time>2022-01-03T11:20:35.307Z</Time>
                        <Position>
                            <LatitudeDegrees>30.518901824951172</LatitudeDegrees>
                            <LongitudeDegrees>104.05994415283203</LongitudeDegrees>
                        </Position>
                        <AltitudeMeters>435.75323486328125</AltitudeMeters>
                    </Trackpoint>
                    <Trackpoint>
                        <DistanceMeters>524.5032901763916</DistanceMeters>
                        <Time>2022-01-03T11:20:35.622Z</Time>
                        <Position>
                            <LatitudeDegrees>30.51889419555664</LatitudeDegrees>
                            <LongitudeDegrees>104.05995178222656</LongitudeDegrees>
                        </Position>
                        <AltitudeMeters>435.75323486328125</AltitudeMeters>
                    </Trackpoint>
                    <Trackpoint>
                        <DistanceMeters>524.5032901763916</DistanceMeters>
                        <Time>2022-01-03T11:20:36.263Z</Time>
                        <Position>
                            <LatitudeDegrees>30.51888084411621</LatitudeDegrees>
                            <LongitudeDegrees>104.05996704101562</LongitudeDegrees>
                        </Position>
                        <AltitudeMeters>435.75323486328125</AltitudeMeters>
                    </Trackpoint>
                    <Trackpoint>
                        <DistanceMeters>524.5032901763916</DistanceMeters>
                        <Time>2022-01-03T11:20:36.886Z</Time>
                        <Position>
                            <LatitudeDegrees>30.51887321472168</LatitudeDegrees>
                            <LongitudeDegrees>104.05998229980469</LongitudeDegrees>
                        </Position>
                        <AltitudeMeters>435.75323486328125</AltitudeMeters>
                    </Trackpoint>
                    <Trackpoint>
                        <DistanceMeters>524.5032901763916</DistanceMeters>
                        <Time>2022-01-03T11:20:37.529Z</Time>
                        <Position>
                            <LatitudeDegrees>30.51886558532715</LatitudeDegrees>
                            <LongitudeDegrees>104.05999755859375</LongitudeDegrees>
                        </Position>
                        <AltitudeMeters>435.75323486328125</AltitudeMeters>
                    </Trackpoint>
                    <Trackpoint>
                        <DistanceMeters>524.5032901763916</DistanceMeters>
                        <Time>2022-01-03T11:20:38.174Z</Time>
                        <Position>
                            <LatitudeDegrees>30.51885986328125</LatitudeDegrees>
                            <LongitudeDegrees>104.06001281738281</LongitudeDegrees>
                        </Position>
                        <AltitudeMeters>435.75323486328125</AltitudeMeters>
                    </Trackpoint>
                    <Trackpoint>
                        <DistanceMeters>524.5032901763916</DistanceMeters>
                        <Time>2022-01-03T11:20:39.109Z</Time>
                        <Position>
                            <LatitudeDegrees>30.51885414123535</LatitudeDegrees>
                            <LongitudeDegrees>104.0600357055664</LongitudeDegrees>
                        </Position>
                        <AltitudeMeters>435.75323486328125</AltitudeMeters>
                    </Trackpoint>
                    <Trackpoint>
                        <DistanceMeters>524.5032901763916</DistanceMeters>
                        <Time>2022-01-03T11:20:40.048Z</Time>
                        <Position>
                            <LatitudeDegrees>30.518848419189453</LatitudeDegrees>
                            <LongitudeDegrees>104.06005859375</LongitudeDegrees>
                        </Position>
                        <AltitudeMeters>435.75323486328125</AltitudeMeters>
                    </Trackpoint>
                    <Trackpoint>
                        <DistanceMeters>524.5032901763916</DistanceMeters>
                        <Time>2022-01-03T11:20:40.708Z</Time>
                        <Position>
                            <LatitudeDegrees>30.518842697143555</LatitudeDegrees>
                            <LongitudeDegrees>104.06006622314453</LongitudeDegrees>
                        </Position>
                        <AltitudeMeters>435.75323486328125</AltitudeMeters>
                    </Trackpoint>
                    <Trackpoint>
                        <DistanceMeters>524.5032901763916</DistanceMeters>
                        <Time>2022-01-03T11:20:41.350Z</Time>
                        <Position>
                            <LatitudeDegrees>30.518831253051758</LatitudeDegrees>
                            <LongitudeDegrees>104.0600814819336</LongitudeDegrees>
                        </Position>
                        <AltitudeMeters>435.75323486328125</AltitudeMeters>
                    </Trackpoint>
                    <Trackpoint>
                        <DistanceMeters>524.5032901763916</DistanceMeters>
                        <Time>2022-01-03T11:20:42.262Z</Time>
                        <Position>
                            <LatitudeDegrees>30.518814086914062</LatitudeDegrees>
                            <LongitudeDegrees>104.06008911132812</LongitudeDegrees>
                        </Position>
                        <AltitudeMeters>435.75323486328125</AltitudeMeters>
                    </Trackpoint>
                    <Trackpoint>
                        <DistanceMeters>524.5032901763916</DistanceMeters>
                        <Time>2022-01-03T11:20:42.607Z</Time>
                        <Position>
                            <LatitudeDegrees>30.5188045501709</LatitudeDegrees>
                            <LongitudeDegrees>104.06009674072266</LongitudeDegrees>
                        </Position>
                        <AltitudeMeters>435.75323486328125</AltitudeMeters>
                    </Trackpoint>
                    <Trackpoint>
                        <DistanceMeters>524.5032901763916</DistanceMeters>
                        <Time>2022-01-03T11:20:43.869Z</Time>
                        <Position>
                            <LatitudeDegrees>30.518774032592773</LatitudeDegrees>
                            <LongitudeDegrees>104.06009674072266</LongitudeDegrees>
                        </Position>
                        <AltitudeMeters>435.75323486328125</AltitudeMeters>
                    </Trackpoint>
                    <Trackpoint>
                        <DistanceMeters>524.5032901763916</DistanceMeters>
                        <Time>2022-01-03T11:20:44.502Z</Time>
                        <Position>
                            <LatitudeDegrees>30.51875877380371</LatitudeDegrees>
                            <LongitudeDegrees>104.06010437011719</LongitudeDegrees>
                        </Position>
                        <AltitudeMeters>435.75323486328125</AltitudeMeters>
                    </Trackpoint>
                    <Trackpoint>
                        <DistanceMeters>524.5032901763916</DistanceMeters>
                        <Time>2022-01-03T11:20:44.884Z</Time>
                        <Position>
                            <LatitudeDegrees>30.518749237060547</LatitudeDegrees>
                            <LongitudeDegrees>104.06011199951172</LongitudeDegrees>
                        </Position>
                        <AltitudeMeters>435.75323486328125</AltitudeMeters>
                    </Trackpoint>
                    <Trackpoint>
                        <DistanceMeters>524.5032901763916</DistanceMeters>
                        <Time>2022-01-03T11:20:45.127Z</Time>
                        <Position>
                            <LatitudeDegrees>30.518739700317383</LatitudeDegrees>
                            <LongitudeDegrees>104.06011199951172</LongitudeDegrees>
                        </Position>
                        <AltitudeMeters>435.75323486328125</AltitudeMeters>
                    </Trackpoint>
                    <Trackpoint>
                        <DistanceMeters>524.5032901763916</DistanceMeters>
                        <Time>2022-01-03T11:20:45.767Z</Time>
                        <Position>
                            <LatitudeDegrees>30.51872444152832</LatitudeDegrees>
                            <LongitudeDegrees>104.06011962890625</LongitudeDegrees>
                        </Position>
                        <AltitudeMeters>435.75323486328125</AltitudeMeters>
                    </Trackpoint>
                    <Trackpoint>
                        <DistanceMeters>524.5032901763916</DistanceMeters>
                        <Time>2022-01-03T11:20:46.389Z</Time>
                        <Position>
                            <LatitudeDegrees>30.51871109008789</LatitudeDegrees>
                            <LongitudeDegrees>104.06013488769531</LongitudeDegrees>
                        </Position>
                        <AltitudeMeters>435.75323486328125</AltitudeMeters>
                    </Trackpoint>
                    <Trackpoint>
                        <DistanceMeters>524.5032901763916</DistanceMeters>
                        <Time>2022-01-03T11:20:46.885Z</Time>
                        <Position>
                            <LatitudeDegrees>30.518699645996094</LatitudeDegrees>
                            <LongitudeDegrees>104.06014251708984</LongitudeDegrees>
                        </Position>
                        <AltitudeMeters>435.75323486328125</AltitudeMeters>
                    </Trackpoint>
                    <Trackpoint>
                        <DistanceMeters>524.5032901763916</DistanceMeters>
                        <Time>2022-01-03T11:20:47.368Z</Time>
                        <Position>
                            <LatitudeDegrees>30.51869010925293</LatitudeDegrees>
                            <LongitudeDegrees>104.06015014648438</LongitudeDegrees>
                        </Position>
                        <AltitudeMeters>435.75323486328125</AltitudeMeters>
                    </Trackpoint>
                    <Trackpoint>
                        <DistanceMeters>524.5032901763916</DistanceMeters>
                        <Time>2022-01-03T11:20:48.304Z</Time>
                        <Position>
                            <LatitudeDegrees>30.518680572509766</LatitudeDegrees>
                            <LongitudeDegrees>104.06017303466797</LongitudeDegrees>
                        </Position>
                        <AltitudeMeters>435.75323486328125</AltitudeMeters>
                    </Trackpoint>
                    <Trackpoint>
                        <DistanceMeters>524.5032901763916</DistanceMeters>
                        <Time>2022-01-03T11:20:49.226Z</Time>
                        <Position>
                            <LatitudeDegrees>30.518672943115234</LatitudeDegrees>
                            <LongitudeDegrees>104.06019592285156</LongitudeDegrees>
                        </Position>
                        <AltitudeMeters>435.75323486328125</AltitudeMeters>
                    </Trackpoint>
                    <Trackpoint>
                        <DistanceMeters>524.5032901763916</DistanceMeters>
                        <Time>2022-01-03T11:20:49.602Z</Time>
                        <Position>
                            <LatitudeDegrees>30.5186710357666</LatitudeDegrees>
                            <LongitudeDegrees>104.06021118164062</LongitudeDegrees>
                        </Position>
                        <AltitudeMeters>435.75323486328125</AltitudeMeters>
                    </Trackpoint>
                    <Trackpoint>
                        <DistanceMeters>524.5032901763916</DistanceMeters>
                        <Time>2022-01-03T11:20:50.184Z</Time>
                        <Position>
                            <LatitudeDegrees>30.518665313720703</LatitudeDegrees>
                            <LongitudeDegrees>104.06022644042969</LongitudeDegrees>
                        </Position>
                        <AltitudeMeters>435.75323486328125</AltitudeMeters>
                    </Trackpoint>
                    <Trackpoint>
                        <DistanceMeters>524.5032901763916</DistanceMeters>
                        <Time>2022-01-03T11:20:50.824Z</Time>
                        <Position>
                            <LatitudeDegrees>30.518661499023438</LatitudeDegrees>
                            <LongitudeDegrees>104.06024169921875</LongitudeDegrees>
                        </Position>
                        <AltitudeMeters>435.75323486328125</AltitudeMeters>
                    </Trackpoint>
                    <Trackpoint>
                        <DistanceMeters>524.5032901763916</DistanceMeters>
                        <Time>2022-01-03T11:20:51.467Z</Time>
                        <Position>
                            <LatitudeDegrees>30.518659591674805</LatitudeDegrees>
                            <LongitudeDegrees>104.06025695800781</LongitudeDegrees>
                        </Position>
                        <AltitudeMeters>435.75323486328125</AltitudeMeters>
                    </Trackpoint>
                    <Trackpoint>
                        <DistanceMeters>524.5032901763916</DistanceMeters>
                        <Time>2022-01-03T11:20:52.089Z</Time>
                        <Position>
                            <LatitudeDegrees>30.518657684326172</LatitudeDegrees>
                            <LongitudeDegrees>104.06027221679688</LongitudeDegrees>
                        </Position>
                        <AltitudeMeters>435.75323486328125</AltitudeMeters>
                    </Trackpoint>
                    <Trackpoint>
                        <DistanceMeters>524.5032901763916</DistanceMeters>
                        <Time>2022-01-03T11:20:53.009Z</Time>
                        <Position>
                            <LatitudeDegrees>30.518653869628906</LatitudeDegrees>
                            <LongitudeDegrees>104.06029510498047</LongitudeDegrees>
                        </Position>
                        <AltitudeMeters>435.75323486328125</AltitudeMeters>
                    </Trackpoint>
                    <Trackpoint>
                        <DistanceMeters>524.5032901763916</DistanceMeters>
                        <Time>2022-01-03T11:20:53.603Z</Time>
                        <Position>
                            <LatitudeDegrees>30.518648147583008</LatitudeDegrees>
                            <LongitudeDegrees>104.06031036376953</LongitudeDegrees>
                        </Position>
                        <AltitudeMeters>435.75323486328125</AltitudeMeters>
                    </Trackpoint>
                    <Trackpoint>
                        <DistanceMeters>524.5032901763916</DistanceMeters>
                        <Time>2022-01-03T11:20:54.245Z</Time>
                        <Position>
                            <LatitudeDegrees>30.518640518188477</LatitudeDegrees>
                            <LongitudeDegrees>104.0603256225586</LongitudeDegrees>
                        </Position>
                        <AltitudeMeters>435.72918701171875</AltitudeMeters>
                    </Trackpoint>
                    <Trackpoint>
                        <DistanceMeters>524.5032901763916</DistanceMeters>
                        <Time>2022-01-03T11:20:54.886Z</Time>
                        <Position>
                            <LatitudeDegrees>30.518630981445312</LatitudeDegrees>
                            <LongitudeDegrees>104.06034088134766</LongitudeDegrees>
                        </Position>
                        <AltitudeMeters>435.72918701171875</AltitudeMeters>
                    </Trackpoint>
                    <Trackpoint>
                        <DistanceMeters>524.5032901763916</DistanceMeters>
                        <Time>2022-01-03T11:20:55.202Z</Time>
                        <Position>
                            <LatitudeDegrees>30.518625259399414</LatitudeDegrees>
                            <LongitudeDegrees>104.06034851074219</LongitudeDegrees>
                        </Position>
                        <AltitudeMeters>435.72918701171875</AltitudeMeters>
                    </Trackpoint>
                    <Trackpoint>
                        <DistanceMeters>524.5032901763916</DistanceMeters>
                        <Time>2022-01-03T11:20:56.104Z</Time>
                        <Position>
                            <LatitudeDegrees>30.51861000061035</LatitudeDegrees>
                            <LongitudeDegrees>104.06037139892578</LongitudeDegrees>
                        </Position>
                        <AltitudeMeters>435.72918701171875</AltitudeMeters>
                    </Trackpoint>
                    <Trackpoint>
                        <DistanceMeters>524.5032901763916</DistanceMeters>
                        <Time>2022-01-03T11:20:56.450Z</Time>
                        <Position>
                            <LatitudeDegrees>30.518604278564453</LatitudeDegrees>
                            <LongitudeDegrees>104.06037902832031</LongitudeDegrees>
                        </Position>
                        <AltitudeMeters>435.72918701171875</AltitudeMeters>
                    </Trackpoint>
                    <Trackpoint>
                        <DistanceMeters>524.5032901763916</DistanceMeters>
                        <Time>2022-01-03T11:20:56.884Z</Time>
                        <Position>
                            <LatitudeDegrees>30.51859474182129</LatitudeDegrees>
                            <LongitudeDegrees>104.06038665771484</LongitudeDegrees>
                        </Position>
                        <AltitudeMeters>435.73828125</AltitudeMeters>
                    </Trackpoint>
                    <Trackpoint>
                        <DistanceMeters>524.5032901763916</DistanceMeters>
                        <Time>2022-01-03T11:20:57.368Z</Time>
                        <Position>
                            <LatitudeDegrees>30.518590927124023</LatitudeDegrees>
                            <LongitudeDegrees>104.06039428710938</LongitudeDegrees>
                        </Position>
                        <AltitudeMeters>435.73828125</AltitudeMeters>
                    </Trackpoint>
                    <Trackpoint>
                        <DistanceMeters>524.5032901763916</DistanceMeters>
                        <Time>2022-01-03T11:20:58.000Z</Time>
                        <Position>
                            <LatitudeDegrees>30.518587112426758</LatitudeDegrees>
                            <LongitudeDegrees>104.06040954589844</LongitudeDegrees>
                        </Position>
                        <AltitudeMeters>435.73828125</AltitudeMeters>
                    </Trackpoint>
                    <Trackpoint>
                        <DistanceMeters>524.5032901763916</DistanceMeters>
                        <Time>2022-01-03T11:20:58.641Z</Time>
                        <Position>
                            <LatitudeDegrees>30.518587112426758</LatitudeDegrees>
                            <LongitudeDegrees>104.0604248046875</LongitudeDegrees>
                        </Position>
                        <AltitudeMeters>435.73828125</AltitudeMeters>
                    </Trackpoint>
                    <Trackpoint>
                        <DistanceMeters>524.5032901763916</DistanceMeters>
                        <Time>2022-01-03T11:20:59.609Z</Time>
                        <Position>
                            <LatitudeDegrees>30.518592834472656</LatitudeDegrees>
                            <LongitudeDegrees>104.06044006347656</LongitudeDegrees>
                        </Position>
                        <AltitudeMeters>435.72918701171875</AltitudeMeters>
                    </Trackpoint>
                    <Trackpoint>
                        <DistanceMeters>605.1680927276611</DistanceMeters>
                        <Time>2022-01-03T11:21:00.240Z</Time>
                        <Position>
                            <LatitudeDegrees>30.518600463867188</LatitudeDegrees>
                            <LongitudeDegrees>104.06045532226562</LongitudeDegrees>
                        </Position>
                        <AltitudeMeters>435.72918701171875</AltitudeMeters>
                    </Trackpoint>
                    <Trackpoint>
                        <DistanceMeters>605.1680927276611</DistanceMeters>
                        <Time>2022-01-03T11:21:00.864Z</Time>
                        <Position>
                            <LatitudeDegrees>30.518606185913086</LatitudeDegrees>
                            <LongitudeDegrees>104.06046295166016</LongitudeDegrees>
                        </Position>
                        <AltitudeMeters>435.72918701171875</AltitudeMeters>
                    </Trackpoint>
                    <Trackpoint>
                        <DistanceMeters>605.1680927276611</DistanceMeters>
                        <Time>2022-01-03T11:21:01.509Z</Time>
                        <Position>
                            <LatitudeDegrees>30.51862335205078</LatitudeDegrees>
                            <LongitudeDegrees>104.06047821044922</LongitudeDegrees>
                        </Position>
                        <AltitudeMeters>435.72918701171875</AltitudeMeters>
                    </Trackpoint>
                    <Trackpoint>
                        <DistanceMeters>605.1680927276611</DistanceMeters>
                        <Time>2022-01-03T11:21:02.103Z</Time>
                        <Position>
                            <LatitudeDegrees>30.51862907409668</LatitudeDegrees>
                            <LongitudeDegrees>104.06049346923828</LongitudeDegrees>
                        </Position>
                        <AltitudeMeters>435.4555969238281</AltitudeMeters>
                    </Trackpoint>
                    <Trackpoint>
                        <DistanceMeters>605.1680927276611</DistanceMeters>
                        <Time>2022-01-03T11:21:02.426Z</Time>
                        <Position>
                            <LatitudeDegrees>30.518634796142578</LatitudeDegrees>
                            <LongitudeDegrees>104.06050872802734</LongitudeDegrees>
                        </Position>
                        <AltitudeMeters>435.4555969238281</AltitudeMeters>
                    </Trackpoint>
                    <Trackpoint>
                        <DistanceMeters>605.1680927276611</DistanceMeters>
                        <Time>2022-01-03T11:21:03.366Z</Time>
                        <Position>
                            <LatitudeDegrees>30.51865577697754</LatitudeDegrees>
                            <LongitudeDegrees>104.06053924560547</LongitudeDegrees>
                        </Position>
                        <AltitudeMeters>435.5133056640625</AltitudeMeters>
                    </Trackpoint>
                    <Trackpoint>
                        <DistanceMeters>605.1680927276611</DistanceMeters>
                        <Time>2022-01-03T11:21:04.286Z</Time>
                        <Position>
                            <LatitudeDegrees>30.51866912841797</LatitudeDegrees>
                            <LongitudeDegrees>104.06053161621094</LongitudeDegrees>
                        </Position>
                        <AltitudeMeters>435.5133056640625</AltitudeMeters>
                    </Trackpoint>
                    <Trackpoint>
                        <DistanceMeters>605.1680927276611</DistanceMeters>
                        <Time>2022-01-03T11:21:05.505Z</Time>
                        <Position>
                            <LatitudeDegrees>30.518686294555664</LatitudeDegrees>
                            <LongitudeDegrees>104.06053924560547</LongitudeDegrees>
                        </Position>
                        <AltitudeMeters>435.4555969238281</AltitudeMeters>
                    </Trackpoint>
                    <Trackpoint>
                        <DistanceMeters>605.1680927276611</DistanceMeters>
                        <Time>2022-01-03T11:21:06.490Z</Time>
                        <Position>
                            <LatitudeDegrees>30.518701553344727</LatitudeDegrees>
                            <LongitudeDegrees>104.06055450439453</LongitudeDegrees>
                        </Position>
                        <AltitudeMeters>435.4555969238281</AltitudeMeters>
                    </Trackpoint>
                    <Trackpoint>
                        <DistanceMeters>605.1680927276611</DistanceMeters>
                        <Time>2022-01-03T11:21:06.884Z</Time>
                        <Position>
                            <LatitudeDegrees>30.51871109008789</LatitudeDegrees>
                            <LongitudeDegrees>104.06056213378906</LongitudeDegrees>
                        </Position>
                        <AltitudeMeters>435.5133056640625</AltitudeMeters>
                    </Trackpoint>
                    <Trackpoint>
                        <DistanceMeters>605.1680927276611</DistanceMeters>
                        <Time>2022-01-03T11:21:07.429Z</Time>
                        <Position>
                            <LatitudeDegrees>30.518720626831055</LatitudeDegrees>
                            <LongitudeDegrees>104.0605697631836</LongitudeDegrees>
                        </Position>
                        <AltitudeMeters>435.5133056640625</AltitudeMeters>
                    </Trackpoint>
                    <Trackpoint>
                        <DistanceMeters>605.1680927276611</DistanceMeters>
                        <Time>2022-01-03T11:21:08.061Z</Time>
                        <Position>
                            <LatitudeDegrees>30.518735885620117</LatitudeDegrees>
                            <LongitudeDegrees>104.06058502197266</LongitudeDegrees>
                        </Position>
                        <AltitudeMeters>435.5133056640625</AltitudeMeters>
                    </Trackpoint>
                    <Trackpoint>
                        <DistanceMeters>605.1680927276611</DistanceMeters>
                        <Time>2022-01-03T11:21:08.884Z</Time>
                        <Position>
                            <LatitudeDegrees>30.51875114440918</LatitudeDegrees>
                            <LongitudeDegrees>104.06060028076172</LongitudeDegrees>
                        </Position>
                        <AltitudeMeters>435.5133056640625</AltitudeMeters>
                    </Trackpoint>
                    <Trackpoint>
                        <DistanceMeters>605.1680927276611</DistanceMeters>
                        <Time>2022-01-03T11:21:09.325Z</Time>
                        <Position>
                            <LatitudeDegrees>30.518760681152344</LatitudeDegrees>
                            <LongitudeDegrees>104.06060791015625</LongitudeDegrees>
                        </Position>
                        <AltitudeMeters>435.5133056640625</AltitudeMeters>
                    </Trackpoint>
                    <Trackpoint>
                        <DistanceMeters>605.1680927276611</DistanceMeters>
                        <Time>2022-01-03T11:21:10.284Z</Time>
                        <Position>
                            <LatitudeDegrees>30.518775939941406</LatitudeDegrees>
                            <LongitudeDegrees>104.06062316894531</LongitudeDegrees>
                        </Position>
                        <AltitudeMeters>435.1755065917969</AltitudeMeters>
                    </Trackpoint>
                    <Trackpoint>
                        <DistanceMeters>605.1680927276611</DistanceMeters>
                        <Time>2022-01-03T11:21:10.885Z</Time>
                        <Position>
                            <LatitudeDegrees>30.518798828125</LatitudeDegrees>
                            <LongitudeDegrees>104.06065368652344</LongitudeDegrees>
                        </Position>
                        <AltitudeMeters>435.1755065917969</AltitudeMeters>
                    </Trackpoint>
                    <Trackpoint>
                        <DistanceMeters>605.1680927276611</DistanceMeters>
                        <Time>2022-01-03T11:21:11.548Z</Time>
                        <Position>
                            <LatitudeDegrees>30.51880645751953</LatitudeDegrees>
                            <LongitudeDegrees>104.0606689453125</LongitudeDegrees>
                        </Position>
                        <AltitudeMeters>435.1755065917969</AltitudeMeters>
                    </Trackpoint>
                    <Trackpoint>
                        <DistanceMeters>605.1680927276611</DistanceMeters>
                        <Time>2022-01-03T11:21:12.160Z</Time>
                        <Position>
                            <LatitudeDegrees>30.518814086914062</LatitudeDegrees>
                            <LongitudeDegrees>104.06067657470703</LongitudeDegrees>
                        </Position>
                        <AltitudeMeters>435.1755065917969</AltitudeMeters>
                    </Trackpoint>
                    <Trackpoint>
                        <DistanceMeters>605.1680927276611</DistanceMeters>
                        <Time>2022-01-03T11:21:13.129Z</Time>
                        <Position>
                            <LatitudeDegrees>30.51882553100586</LatitudeDegrees>
                            <LongitudeDegrees>104.0606918334961</LongitudeDegrees>
                        </Position>
                        <AltitudeMeters>435.1755065917969</AltitudeMeters>
                    </Trackpoint>
                    <Trackpoint>
                        <DistanceMeters>605.1680927276611</DistanceMeters>
                        <Time>2022-01-03T11:21:13.707Z</Time>
                        <Position>
                            <LatitudeDegrees>30.51883316040039</LatitudeDegrees>
                            <LongitudeDegrees>104.06070709228516</LongitudeDegrees>
                        </Position>
                        <AltitudeMeters>435.1755065917969</AltitudeMeters>
                    </Trackpoint>
                    <Trackpoint>
                        <DistanceMeters>605.1680927276611</DistanceMeters>
                        <Time>2022-01-03T11:21:14.709Z</Time>
                        <Position>
                            <LatitudeDegrees>30.518848419189453</LatitudeDegrees>
                            <LongitudeDegrees>104.06072235107422</LongitudeDegrees>
                        </Position>
                        <AltitudeMeters>435.1755065917969</AltitudeMeters>
                    </Trackpoint>
                    <Trackpoint>
                        <DistanceMeters>605.1680927276611</DistanceMeters>
                        <Time>2022-01-03T11:21:15.304Z</Time>
                        <Position>
                            <LatitudeDegrees>30.518857955932617</LatitudeDegrees>
                            <LongitudeDegrees>104.06072998046875</LongitudeDegrees>
                        </Position>
                        <AltitudeMeters>435.1755065917969</AltitudeMeters>
                    </Trackpoint>
                    <Trackpoint>
                        <DistanceMeters>605.1680927276611</DistanceMeters>
                        <Time>2022-01-03T11:21:16.223Z</Time>
                        <Position>
                            <LatitudeDegrees>30.51887321472168</LatitudeDegrees>
                            <LongitudeDegrees>104.06073760986328</LongitudeDegrees>
                        </Position>
                        <AltitudeMeters>435.1755065917969</AltitudeMeters>
                    </Trackpoint>
                    <Trackpoint>
                        <DistanceMeters>605.1680927276611</DistanceMeters>
                        <Time>2022-01-03T11:21:16.885Z</Time>
                        <Position>
                            <LatitudeDegrees>30.518884658813477</LatitudeDegrees>
                            <LongitudeDegrees>104.06073760986328</LongitudeDegrees>
                        </Position>
                        <AltitudeMeters>435.1755065917969</AltitudeMeters>
                    </Trackpoint>
                    <Trackpoint>
                        <DistanceMeters>605.1680927276611</DistanceMeters>
                        <Time>2022-01-03T11:21:17.525Z</Time>
                        <Position>
                            <LatitudeDegrees>30.518896102905273</LatitudeDegrees>
                            <LongitudeDegrees>104.06074523925781</LongitudeDegrees>
                        </Position>
                        <AltitudeMeters>435.1755065917969</AltitudeMeters>
                    </Trackpoint>
                    <Trackpoint>
                        <DistanceMeters>605.1680927276611</DistanceMeters>
                        <Time>2022-01-03T11:21:18.167Z</Time>
                        <Position>
                            <LatitudeDegrees>30.518905639648438</LatitudeDegrees>
                            <LongitudeDegrees>104.06076049804688</LongitudeDegrees>
                        </Position>
                        <AltitudeMeters>435.2348327636719</AltitudeMeters>
                    </Trackpoint>
                    <Trackpoint>
                        <DistanceMeters>605.1680927276611</DistanceMeters>
                        <Time>2022-01-03T11:21:18.464Z</Time>
                        <Position>
                            <LatitudeDegrees>30.51892852783203</LatitudeDegrees>
                            <LongitudeDegrees>104.06078338623047</LongitudeDegrees>
                        </Position>
                        <AltitudeMeters>435.2348327636719</AltitudeMeters>
                    </Trackpoint>
                    <Trackpoint>
                        <DistanceMeters>605.1680927276611</DistanceMeters>
                        <Time>2022-01-03T11:21:19.088Z</Time>
                        <Position>
                            <LatitudeDegrees>30.518932342529297</LatitudeDegrees>
                            <LongitudeDegrees>104.06079864501953</LongitudeDegrees>
                        </Position>
                        <AltitudeMeters>435.2348327636719</AltitudeMeters>
                    </Trackpoint>
                    <Trackpoint>
                        <DistanceMeters>605.1680927276611</DistanceMeters>
                        <Time>2022-01-03T11:21:19.748Z</Time>
                        <Position>
                            <LatitudeDegrees>30.518938064575195</LatitudeDegrees>
                            <LongitudeDegrees>104.06080627441406</LongitudeDegrees>
                        </Position>
                        <AltitudeMeters>435.2348327636719</AltitudeMeters>
                    </Trackpoint>
                    <Trackpoint>
                        <DistanceMeters>605.1680927276611</DistanceMeters>
                        <Time>2022-01-03T11:21:20.388Z</Time>
                        <Position>
                            <LatitudeDegrees>30.51894187927246</LatitudeDegrees>
                            <LongitudeDegrees>104.06082153320312</LongitudeDegrees>
                        </Position>
                        <AltitudeMeters>435.2348327636719</AltitudeMeters>
                    </Trackpoint>
                    <Trackpoint>
                        <DistanceMeters>605.1680927276611</DistanceMeters>
                        <Time>2022-01-03T11:21:21.327Z</Time>
                        <Position>
                            <LatitudeDegrees>30.518951416015625</LatitudeDegrees>
                            <LongitudeDegrees>104.06083679199219</LongitudeDegrees>
                        </Position>
                        <AltitudeMeters>434.9874267578125</AltitudeMeters>
                    </Trackpoint>
                    <Trackpoint>
                        <DistanceMeters>605.1680927276611</DistanceMeters>
                        <Time>2022-01-03T11:21:22.681Z</Time>
                        <Position>
                            <LatitudeDegrees>30.51896858215332</LatitudeDegrees>
                            <LongitudeDegrees>104.06086730957031</LongitudeDegrees>
                        </Position>
                        <AltitudeMeters>434.9874267578125</AltitudeMeters>
                    </Trackpoint>
                    <Trackpoint>
                        <DistanceMeters>605.1680927276611</DistanceMeters>
                        <Time>2022-01-03T11:21:23.922Z</Time>
                        <Position>
                            <LatitudeDegrees>30.51898193359375</LatitudeDegrees>
                            <LongitudeDegrees>104.0608901977539</LongitudeDegrees>
                        </Position>
                        <AltitudeMeters>435.2348327636719</AltitudeMeters>
                    </Trackpoint>
                    <Trackpoint>
                        <DistanceMeters>605.1680927276611</DistanceMeters>
                        <Time>2022-01-03T11:21:26.884Z</Time>
                        <Position>
                            <LatitudeDegrees>30.518985748291016</LatitudeDegrees>
                            <LongitudeDegrees>104.06096649169922</LongitudeDegrees>
                        </Position>
                        <AltitudeMeters>431.5</AltitudeMeters>
                    </Trackpoint>
                    <Trackpoint>
                        <DistanceMeters>605.1680927276611</DistanceMeters>
                        <Time>2022-01-03T11:21:28.300Z</Time>
                        <Position>
                            <LatitudeDegrees>30.519006729125977</LatitudeDegrees>
                            <LongitudeDegrees>104.06099700927734</LongitudeDegrees>
                        </Position>
                        <AltitudeMeters>431.5</AltitudeMeters>
                    </Trackpoint>
                    <Trackpoint>
                        <DistanceMeters>605.1680927276611</DistanceMeters>
                        <Time>2022-01-03T11:21:28.924Z</Time>
                        <Position>
                            <LatitudeDegrees>30.51901626586914</LatitudeDegrees>
                            <LongitudeDegrees>104.06100463867188</LongitudeDegrees>
                        </Position>
                        <AltitudeMeters>431.5</AltitudeMeters>
                    </Trackpoint>
                    <Trackpoint>
                        <DistanceMeters>605.1680927276611</DistanceMeters>
                        <Time>2022-01-03T11:21:29.602Z</Time>
                        <Position>
                            <LatitudeDegrees>30.519054412841797</LatitudeDegrees>
                            <LongitudeDegrees>104.0610122680664</LongitudeDegrees>
                        </Position>
                        <AltitudeMeters>435.1039123535156</AltitudeMeters>
                    </Trackpoint>
                    <Trackpoint>
                        <DistanceMeters>677.4679355621338</DistanceMeters>
                        <Time>2022-01-03T11:21:30.245Z</Time>
                        <Position>
                            <LatitudeDegrees>30.519062042236328</LatitudeDegrees>
                            <LongitudeDegrees>104.06101989746094</LongitudeDegrees>
                        </Position>
                        <AltitudeMeters>435.1039123535156</AltitudeMeters>
                    </Trackpoint>
                    <Trackpoint>
                        <DistanceMeters>677.4679355621338</DistanceMeters>
                        <Time>2022-01-03T11:21:30.888Z</Time>
                        <Position>
                            <LatitudeDegrees>30.519071578979492</LatitudeDegrees>
                            <LongitudeDegrees>104.06102752685547</LongitudeDegrees>
                        </Position>
                        <AltitudeMeters>435.1039123535156</AltitudeMeters>
                    </Trackpoint>
                    <Trackpoint>
                        <DistanceMeters>677.4679355621338</DistanceMeters>
                        <Time>2022-01-03T11:21:31.740Z</Time>
                        <Position>
                            <LatitudeDegrees>30.51908302307129</LatitudeDegrees>
                            <LongitudeDegrees>104.06104278564453</LongitudeDegrees>
                        </Position>
                        <AltitudeMeters>431.5</AltitudeMeters>
                    </Trackpoint>
                    <Trackpoint>
                        <DistanceMeters>677.4679355621338</DistanceMeters>
                        <Time>2022-01-03T11:21:32.402Z</Time>
                        <Position>
                            <LatitudeDegrees>30.51909065246582</LatitudeDegrees>
                            <LongitudeDegrees>104.0610580444336</LongitudeDegrees>
                        </Position>
                        <AltitudeMeters>431.5</AltitudeMeters>
                    </Trackpoint>
                    <Trackpoint>
                        <DistanceMeters>677.4679355621338</DistanceMeters>
                        <Time>2022-01-03T11:21:33.351Z</Time>
                        <Position>
                            <LatitudeDegrees>30.519102096557617</LatitudeDegrees>
                            <LongitudeDegrees>104.06107330322266</LongitudeDegrees>
                        </Position>
                        <AltitudeMeters>431.5</AltitudeMeters>
                    </Trackpoint>
                    <Trackpoint>
                        <DistanceMeters>677.4679355621338</DistanceMeters>
                        <Time>2022-01-03T11:21:34.027Z</Time>
                        <Position>
                            <LatitudeDegrees>30.519115447998047</LatitudeDegrees>
                            <LongitudeDegrees>104.06108856201172</LongitudeDegrees>
                        </Position>
                        <AltitudeMeters>431.5</AltitudeMeters>
                    </Trackpoint>
                    <Trackpoint>
                        <DistanceMeters>677.4679355621338</DistanceMeters>
                        <Time>2022-01-03T11:21:34.884Z</Time>
                        <Position>
                            <LatitudeDegrees>30.519134521484375</LatitudeDegrees>
                            <LongitudeDegrees>104.06111145019531</LongitudeDegrees>
                        </Position>
                        <AltitudeMeters>434.9665832519531</AltitudeMeters>
                    </Trackpoint>
                    <Trackpoint>
                        <DistanceMeters>677.4679355621338</DistanceMeters>
                        <Time>2022-01-03T11:21:35.265Z</Time>
                        <Position>
                            <LatitudeDegrees>30.519142150878906</LatitudeDegrees>
                            <LongitudeDegrees>104.06111907958984</LongitudeDegrees>
                        </Position>
                        <AltitudeMeters>434.9665832519531</AltitudeMeters>
                    </Trackpoint>
                    <Trackpoint>
                        <DistanceMeters>677.4679355621338</DistanceMeters>
                        <Time>2022-01-03T11:21:36.501Z</Time>
                        <Position>
                            <LatitudeDegrees>30.519161224365234</LatitudeDegrees>
                            <LongitudeDegrees>104.0611572265625</LongitudeDegrees>
                        </Position>
                        <AltitudeMeters>434.9665832519531</AltitudeMeters>
                    </Trackpoint>
                    <Trackpoint>
                        <DistanceMeters>677.4679355621338</DistanceMeters>
                        <Time>2022-01-03T11:21:36.884Z</Time>
                        <Position>
                            <LatitudeDegrees>30.5191650390625</LatitudeDegrees>
                            <LongitudeDegrees>104.06116485595703</LongitudeDegrees>
                        </Position>
                        <AltitudeMeters>431.5</AltitudeMeters>
                    </Trackpoint>
                    <Trackpoint>
                        <DistanceMeters>677.4679355621338</DistanceMeters>
                        <Time>2022-01-03T11:21:37.404Z</Time>
                        <Position>
                            <LatitudeDegrees>30.5191707611084</LatitudeDegrees>
                            <LongitudeDegrees>104.0611801147461</LongitudeDegrees>
                        </Position>
                        <AltitudeMeters>431.5</AltitudeMeters>
                    </Trackpoint>
                    <Trackpoint>
                        <DistanceMeters>677.4679355621338</DistanceMeters>
                        <Time>2022-01-03T11:21:38.407Z</Time>
                        <Position>
                            <LatitudeDegrees>30.519182205200195</LatitudeDegrees>
                            <LongitudeDegrees>104.06121063232422</LongitudeDegrees>
                        </Position>
                        <AltitudeMeters>431.5</AltitudeMeters>
                    </Trackpoint>
                    <Trackpoint>
                        <DistanceMeters>677.4679355621338</DistanceMeters>
                        <Time>2022-01-03T11:21:39.003Z</Time>
                        <Position>
                            <LatitudeDegrees>30.519187927246094</LatitudeDegrees>
                            <LongitudeDegrees>104.06122589111328</LongitudeDegrees>
                        </Position>
                        <AltitudeMeters>431.5</AltitudeMeters>
                    </Trackpoint>
                    <Trackpoint>
                        <DistanceMeters>677.4679355621338</DistanceMeters>
                        <Time>2022-01-03T11:21:39.607Z</Time>
                        <Position>
                            <LatitudeDegrees>30.519195556640625</LatitudeDegrees>
                            <LongitudeDegrees>104.06123352050781</LongitudeDegrees>
                        </Position>
                        <AltitudeMeters>431.5</AltitudeMeters>
                    </Trackpoint>
                    <Trackpoint>
                        <DistanceMeters>677.4679355621338</DistanceMeters>
                        <Time>2022-01-03T11:21:40.247Z</Time>
                        <Position>
                            <LatitudeDegrees>30.519203186035156</LatitudeDegrees>
                            <LongitudeDegrees>104.06124877929688</LongitudeDegrees>
                        </Position>
                        <AltitudeMeters>431.5</AltitudeMeters>
                    </Trackpoint>
                    <Trackpoint>
                        <DistanceMeters>677.4679355621338</DistanceMeters>
                        <Time>2022-01-03T11:21:40.889Z</Time>
                        <Position>
                            <LatitudeDegrees>30.51921272277832</LatitudeDegrees>
                            <LongitudeDegrees>104.0612564086914</LongitudeDegrees>
                        </Position>
                        <AltitudeMeters>431.5</AltitudeMeters>
                    </Trackpoint>
                    <Trackpoint>
                        <DistanceMeters>677.4679355621338</DistanceMeters>
                        <Time>2022-01-03T11:21:41.465Z</Time>
                        <Position>
                            <LatitudeDegrees>30.51921844482422</LatitudeDegrees>
                            <LongitudeDegrees>104.06126403808594</LongitudeDegrees>
                        </Position>
                        <AltitudeMeters>434.9665832519531</AltitudeMeters>
                    </Trackpoint>
                    <Trackpoint>
                        <DistanceMeters>677.4679355621338</DistanceMeters>
                        <Time>2022-01-03T11:21:42.423Z</Time>
                        <Position>
                            <LatitudeDegrees>30.51923179626465</LatitudeDegrees>
                            <LongitudeDegrees>104.061279296875</LongitudeDegrees>
                        </Position>
                        <AltitudeMeters>434.9665832519531</AltitudeMeters>
                    </Trackpoint>
                    <Trackpoint>
                        <DistanceMeters>677.4679355621338</DistanceMeters>
                        <Time>2022-01-03T11:21:43.408Z</Time>
                        <Position>
                            <LatitudeDegrees>30.51923942565918</LatitudeDegrees>
                            <LongitudeDegrees>104.0613021850586</LongitudeDegrees>
                        </Position>
                        <AltitudeMeters>434.9665832519531</AltitudeMeters>
                    </Trackpoint>
                    <Trackpoint>
                        <DistanceMeters>677.4679355621338</DistanceMeters>
                        <Time>2022-01-03T11:21:44.086Z</Time>
                        <Position>
                            <LatitudeDegrees>30.519245147705078</LatitudeDegrees>
                            <LongitudeDegrees>104.06131744384766</LongitudeDegrees>
                        </Position>
                        <AltitudeMeters>434.9665832519531</AltitudeMeters>
                    </Trackpoint>
                    <Trackpoint>
                        <DistanceMeters>677.4679355621338</DistanceMeters>
                        <Time>2022-01-03T11:21:44.681Z</Time>
                        <Position>
                            <LatitudeDegrees>30.519250869750977</LatitudeDegrees>
                            <LongitudeDegrees>104.06133270263672</LongitudeDegrees>
                        </Position>
                        <AltitudeMeters>434.9665832519531</AltitudeMeters>
                    </Trackpoint>
                    <Trackpoint>
                        <DistanceMeters>677.4679355621338</DistanceMeters>
                        <Time>2022-01-03T11:21:45.909Z</Time>
                        <Position>
                            <LatitudeDegrees>30.519262313842773</LatitudeDegrees>
                            <LongitudeDegrees>104.06135559082031</LongitudeDegrees>
                        </Position>
                        <AltitudeMeters>431.5</AltitudeMeters>
                    </Trackpoint>
                    <Trackpoint>
                        <DistanceMeters>677.4679355621338</DistanceMeters>
                        <Time>2022-01-03T11:21:46.589Z</Time>
                        <Position>
                            <LatitudeDegrees>30.519271850585938</LatitudeDegrees>
                            <LongitudeDegrees>104.06137084960938</LongitudeDegrees>
                        </Position>
                        <AltitudeMeters>431.5</AltitudeMeters>
                    </Trackpoint>
                    <Trackpoint>
                        <DistanceMeters>677.4679355621338</DistanceMeters>
                        <Time>2022-01-03T11:21:47.204Z</Time>
                        <Position>
                            <LatitudeDegrees>30.51927947998047</LatitudeDegrees>
                            <LongitudeDegrees>104.0613784790039</LongitudeDegrees>
                        </Position>
                        <AltitudeMeters>434.9665832519531</AltitudeMeters>
                    </Trackpoint>
                    <Trackpoint>
                        <DistanceMeters>677.4679355621338</DistanceMeters>
                        <Time>2022-01-03T11:21:47.824Z</Time>
                        <Position>
                            <LatitudeDegrees>30.519285202026367</LatitudeDegrees>
                            <LongitudeDegrees>104.06139373779297</LongitudeDegrees>
                        </Position>
                        <AltitudeMeters>434.9665832519531</AltitudeMeters>
                    </Trackpoint>
                    <Trackpoint>
                        <DistanceMeters>677.4679355621338</DistanceMeters>
                        <Time>2022-01-03T11:21:48.485Z</Time>
                        <Position>
                            <LatitudeDegrees>30.519290924072266</LatitudeDegrees>
                            <LongitudeDegrees>104.0614013671875</LongitudeDegrees>
                        </Position>
                        <AltitudeMeters>434.9665832519531</AltitudeMeters>
                    </Trackpoint>
                    <Trackpoint>
                        <DistanceMeters>677.4679355621338</DistanceMeters>
                        <Time>2022-01-03T11:21:49.722Z</Time>
                        <Position>
                            <LatitudeDegrees>30.519302368164062</LatitudeDegrees>
                            <LongitudeDegrees>104.0614242553711</LongitudeDegrees>
                        </Position>
                        <AltitudeMeters>434.9665832519531</AltitudeMeters>
                    </Trackpoint>
                    <Trackpoint>
                        <DistanceMeters>677.4679355621338</DistanceMeters>
                        <Time>2022-01-03T11:21:50.884Z</Time>
                        <Position>
                            <LatitudeDegrees>30.519319534301758</LatitudeDegrees>
                            <LongitudeDegrees>104.06144714355469</LongitudeDegrees>
                        </Position>
                        <AltitudeMeters>431.5</AltitudeMeters>
                    </Trackpoint>
                    <Trackpoint>
                        <DistanceMeters>677.4679355621338</DistanceMeters>
                        <Time>2022-01-03T11:21:51.302Z</Time>
                        <Position>
                            <LatitudeDegrees>30.519325256347656</LatitudeDegrees>
                            <LongitudeDegrees>104.06145477294922</LongitudeDegrees>
                        </Position>
                        <AltitudeMeters>431.5</AltitudeMeters>
                    </Trackpoint>
                    <Trackpoint>
                        <DistanceMeters>677.4679355621338</DistanceMeters>
                        <Time>2022-01-03T11:21:52.245Z</Time>
                        <Position>
                            <LatitudeDegrees>30.51934051513672</LatitudeDegrees>
                            <LongitudeDegrees>104.06147766113281</LongitudeDegrees>
                        </Position>
                        <AltitudeMeters>431.5</AltitudeMeters>
                    </Trackpoint>
                    <Trackpoint>
                        <DistanceMeters>677.4679355621338</DistanceMeters>
                        <Time>2022-01-03T11:21:52.882Z</Time>
                        <Position>
                            <LatitudeDegrees>30.519351959228516</LatitudeDegrees>
                            <LongitudeDegrees>104.06149291992188</LongitudeDegrees>
                        </Position>
                        <AltitudeMeters>431.5</AltitudeMeters>
                    </Trackpoint>
                    <Trackpoint>
                        <DistanceMeters>677.4679355621338</DistanceMeters>
                        <Time>2022-01-03T11:21:53.524Z</Time>
                        <Position>
                            <LatitudeDegrees>30.519363403320312</LatitudeDegrees>
                            <LongitudeDegrees>104.0615005493164</LongitudeDegrees>
                        </Position>
                        <AltitudeMeters>431.5</AltitudeMeters>
                    </Trackpoint>
                    <Trackpoint>
                        <DistanceMeters>677.4679355621338</DistanceMeters>
                        <Time>2022-01-03T11:21:54.806Z</Time>
                        <Position>
                            <LatitudeDegrees>30.519390106201172</LatitudeDegrees>
                            <LongitudeDegrees>104.06151580810547</LongitudeDegrees>
                        </Position>
                        <AltitudeMeters>431.5</AltitudeMeters>
                    </Trackpoint>
                    <Trackpoint>
                        <DistanceMeters>677.4679355621338</DistanceMeters>
                        <Time>2022-01-03T11:21:55.105Z</Time>
                        <Position>
                            <LatitudeDegrees>30.5194149017334</LatitudeDegrees>
                            <LongitudeDegrees>104.0615234375</LongitudeDegrees>
                        </Position>
                        <AltitudeMeters>431.5</AltitudeMeters>
                    </Trackpoint>
                    <Trackpoint>
                        <DistanceMeters>677.4679355621338</DistanceMeters>
                        <Time>2022-01-03T11:21:56.061Z</Time>
                        <Position>
                            <LatitudeDegrees>30.51943016052246</LatitudeDegrees>
                            <LongitudeDegrees>104.06153106689453</LongitudeDegrees>
                        </Position>
                        <AltitudeMeters>431.5</AltitudeMeters>
                    </Trackpoint>
                    <Trackpoint>
                        <DistanceMeters>677.4679355621338</DistanceMeters>
                        <Time>2022-01-03T11:21:56.723Z</Time>
                        <Position>
                            <LatitudeDegrees>30.519441604614258</LatitudeDegrees>
                            <LongitudeDegrees>104.06153106689453</LongitudeDegrees>
                        </Position>
                        <AltitudeMeters>431.5</AltitudeMeters>
                    </Trackpoint>
                    <Trackpoint>
                        <DistanceMeters>677.4679355621338</DistanceMeters>
                        <Time>2022-01-03T11:21:57.986Z</Time>
                        <Position>
                            <LatitudeDegrees>30.519451141357422</LatitudeDegrees>
                            <LongitudeDegrees>104.0615463256836</LongitudeDegrees>
                        </Position>
                        <AltitudeMeters>431.68408203125</AltitudeMeters>
                    </Trackpoint>
                    <Trackpoint>
                        <DistanceMeters>677.4679355621338</DistanceMeters>
                        <Time>2022-01-03T11:21:58.884Z</Time>
                        <Position>
                            <LatitudeDegrees>30.519445419311523</LatitudeDegrees>
                            <LongitudeDegrees>104.06156921386719</LongitudeDegrees>
                        </Position>
                        <AltitudeMeters>431.68408203125</AltitudeMeters>
                    </Trackpoint>
                    <Trackpoint>
                        <DistanceMeters>756.260217666626</DistanceMeters>
                        <Time>2022-01-03T11:22:00.543Z</Time>
                        <Position>
                            <LatitudeDegrees>30.519447326660156</LatitudeDegrees>
                            <LongitudeDegrees>104.06159973144531</LongitudeDegrees>
                        </Position>
                        <AltitudeMeters>431.68408203125</AltitudeMeters>
                    </Trackpoint>
                    <Trackpoint>
                        <DistanceMeters>756.260217666626</DistanceMeters>
                        <Time>2022-01-03T11:22:01.185Z</Time>
                        <Position>
                            <LatitudeDegrees>30.519458770751953</LatitudeDegrees>
                            <LongitudeDegrees>104.06161499023438</LongitudeDegrees>
                        </Position>
                        <AltitudeMeters>431.5</AltitudeMeters>
                    </Trackpoint>
                    <Trackpoint>
                        <DistanceMeters>756.260217666626</DistanceMeters>
                        <Time>2022-01-03T11:22:01.845Z</Time>
                        <Position>
                            <LatitudeDegrees>30.51947021484375</LatitudeDegrees>
                            <LongitudeDegrees>104.0616226196289</LongitudeDegrees>
                        </Position>
                        <AltitudeMeters>431.5</AltitudeMeters>
                    </Trackpoint>
                    <Trackpoint>
                        <DistanceMeters>756.260217666626</DistanceMeters>
                        <Time>2022-01-03T11:22:02.449Z</Time>
                        <Position>
                            <LatitudeDegrees>30.51948356628418</LatitudeDegrees>
                            <LongitudeDegrees>104.06163024902344</LongitudeDegrees>
                        </Position>
                        <AltitudeMeters>431.5</AltitudeMeters>
                    </Trackpoint>
                    <Trackpoint>
                        <DistanceMeters>756.260217666626</DistanceMeters>
                        <Time>2022-01-03T11:22:02.784Z</Time>
                        <Position>
                            <LatitudeDegrees>30.51949119567871</LatitudeDegrees>
                            <LongitudeDegrees>104.06163787841797</LongitudeDegrees>
                        </Position>
                        <AltitudeMeters>431.5</AltitudeMeters>
                    </Trackpoint>
                    <Trackpoint>
                        <DistanceMeters>756.260217666626</DistanceMeters>
                        <Time>2022-01-03T11:22:03.386Z</Time>
                        <Position>
                            <LatitudeDegrees>30.51950454711914</LatitudeDegrees>
                            <LongitudeDegrees>104.0616455078125</LongitudeDegrees>
                        </Position>
                        <AltitudeMeters>431.5</AltitudeMeters>
                    </Trackpoint>
                    <Trackpoint>
                        <DistanceMeters>756.260217666626</DistanceMeters>
                        <Time>2022-01-03T11:22:04.048Z</Time>
                        <Position>
                            <LatitudeDegrees>30.519512176513672</LatitudeDegrees>
                            <LongitudeDegrees>104.06166076660156</LongitudeDegrees>
                        </Position>
                        <AltitudeMeters>431.5</AltitudeMeters>
                    </Trackpoint>
                    <Trackpoint>
                        <DistanceMeters>756.260217666626</DistanceMeters>
                        <Time>2022-01-03T11:22:04.884Z</Time>
                        <Position>
                            <LatitudeDegrees>30.51952362060547</LatitudeDegrees>
                            <LongitudeDegrees>104.06167602539062</LongitudeDegrees>
                        </Position>
                        <AltitudeMeters>431.68408203125</AltitudeMeters>
                    </Trackpoint>
                    <Trackpoint>
                        <DistanceMeters>756.260217666626</DistanceMeters>
                        <Time>2022-01-03T11:22:05.601Z</Time>
                        <Position>
                            <LatitudeDegrees>30.519533157348633</LatitudeDegrees>
                            <LongitudeDegrees>104.06169128417969</LongitudeDegrees>
                        </Position>
                        <AltitudeMeters>431.68408203125</AltitudeMeters>
                    </Trackpoint>
                    <Trackpoint>
                        <DistanceMeters>756.260217666626</DistanceMeters>
                        <Time>2022-01-03T11:22:06.241Z</Time>
                        <Position>
                            <LatitudeDegrees>30.51954460144043</LatitudeDegrees>
                            <LongitudeDegrees>104.06170654296875</LongitudeDegrees>
                        </Position>
                        <AltitudeMeters>431.68408203125</AltitudeMeters>
                    </Trackpoint>
                    <Trackpoint>
                        <DistanceMeters>756.260217666626</DistanceMeters>
                        <Time>2022-01-03T11:22:06.883Z</Time>
                        <Position>
                            <LatitudeDegrees>30.519554138183594</LatitudeDegrees>
                            <LongitudeDegrees>104.06171417236328</LongitudeDegrees>
                        </Position>
                        <AltitudeMeters>431.68408203125</AltitudeMeters>
                    </Trackpoint>
                    <Trackpoint>
                        <DistanceMeters>756.260217666626</DistanceMeters>
                        <Time>2022-01-03T11:22:07.785Z</Time>
                        <Position>
                            <LatitudeDegrees>30.519569396972656</LatitudeDegrees>
                            <LongitudeDegrees>104.06172943115234</LongitudeDegrees>
                        </Position>
                        <AltitudeMeters>431.5</AltitudeMeters>
                    </Trackpoint>
                    <Trackpoint>
                        <DistanceMeters>756.260217666626</DistanceMeters>
                        <Time>2022-01-03T11:22:08.761Z</Time>
                        <Position>
                            <LatitudeDegrees>30.519582748413086</LatitudeDegrees>
                            <LongitudeDegrees>104.06175231933594</LongitudeDegrees>
                        </Position>
                        <AltitudeMeters>431.5</AltitudeMeters>
                    </Trackpoint>
                    <Trackpoint>
                        <DistanceMeters>756.260217666626</DistanceMeters>
                        <Time>2022-01-03T11:22:10.026Z</Time>
                        <Position>
                            <LatitudeDegrees>30.519596099853516</LatitudeDegrees>
                            <LongitudeDegrees>104.06178283691406</LongitudeDegrees>
                        </Position>
                        <AltitudeMeters>431.5</AltitudeMeters>
                    </Trackpoint>
                    <Trackpoint>
                        <DistanceMeters>756.260217666626</DistanceMeters>
                        <Time>2022-01-03T11:22:10.649Z</Time>
                        <Position>
                            <LatitudeDegrees>30.519603729248047</LatitudeDegrees>
                            <LongitudeDegrees>104.0617904663086</LongitudeDegrees>
                        </Position>
                        <AltitudeMeters>431.5</AltitudeMeters>
                    </Trackpoint>
                    <Trackpoint>
                        <DistanceMeters>756.260217666626</DistanceMeters>
                        <Time>2022-01-03T11:22:11.283Z</Time>
                        <Position>
                            <LatitudeDegrees>30.51961326599121</LatitudeDegrees>
                            <LongitudeDegrees>104.06180572509766</LongitudeDegrees>
                        </Position>
                        <AltitudeMeters>431.68408203125</AltitudeMeters>
                    </Trackpoint>
                    <Trackpoint>
                        <DistanceMeters>756.260217666626</DistanceMeters>
                        <Time>2022-01-03T11:22:11.905Z</Time>
                        <Position>
                            <LatitudeDegrees>30.519622802734375</LatitudeDegrees>
                            <LongitudeDegrees>104.06182098388672</LongitudeDegrees>
                        </Position>
                        <AltitudeMeters>431.68408203125</AltitudeMeters>
                    </Trackpoint>
                    <Trackpoint>
                        <DistanceMeters>756.260217666626</DistanceMeters>
                        <Time>2022-01-03T11:22:12.526Z</Time>
                        <Position>
                            <LatitudeDegrees>30.51963233947754</LatitudeDegrees>
                            <LongitudeDegrees>104.06182861328125</LongitudeDegrees>
                        </Position>
                        <AltitudeMeters>431.68408203125</AltitudeMeters>
                    </Trackpoint>
                    <Trackpoint>
                        <DistanceMeters>756.260217666626</DistanceMeters>
                        <Time>2022-01-03T11:22:13.660Z</Time>
                        <Position>
                            <LatitudeDegrees>30.5196533203125</LatitudeDegrees>
                            <LongitudeDegrees>104.06184387207031</LongitudeDegrees>
                        </Position>
                        <AltitudeMeters>431.68408203125</AltitudeMeters>
                    </Trackpoint>
                    <Trackpoint>
                        <DistanceMeters>756.260217666626</DistanceMeters>
                        <Time>2022-01-03T11:22:14.683Z</Time>
                        <Position>
                            <LatitudeDegrees>30.519676208496094</LatitudeDegrees>
                            <LongitudeDegrees>104.06184387207031</LongitudeDegrees>
                        </Position>
                        <AltitudeMeters>431.68408203125</AltitudeMeters>
                    </Trackpoint>
                    <Trackpoint>
                        <DistanceMeters>756.260217666626</DistanceMeters>
                        <Time>2022-01-03T11:22:15.641Z</Time>
                        <Position>
                            <LatitudeDegrees>30.519697189331055</LatitudeDegrees>
                            <LongitudeDegrees>104.06184387207031</LongitudeDegrees>
                        </Position>
                        <AltitudeMeters>431.5</AltitudeMeters>
                    </Trackpoint>
                    <Trackpoint>
                        <DistanceMeters>756.260217666626</DistanceMeters>
                        <Time>2022-01-03T11:22:16.302Z</Time>
                        <Position>
                            <LatitudeDegrees>30.519712448120117</LatitudeDegrees>
                            <LongitudeDegrees>104.06184387207031</LongitudeDegrees>
                        </Position>
                        <AltitudeMeters>431.5</AltitudeMeters>
                    </Trackpoint>
                    <Trackpoint>
                        <DistanceMeters>756.260217666626</DistanceMeters>
                        <Time>2022-01-03T11:22:17.222Z</Time>
                        <Position>
                            <LatitudeDegrees>30.519733428955078</LatitudeDegrees>
                            <LongitudeDegrees>104.06183624267578</LongitudeDegrees>
                        </Position>
                        <AltitudeMeters>431.5</AltitudeMeters>
                    </Trackpoint>
                    <Trackpoint>
                        <DistanceMeters>756.260217666626</DistanceMeters>
                        <Time>2022-01-03T11:22:18.208Z</Time>
                        <Position>
                            <LatitudeDegrees>30.51975440979004</LatitudeDegrees>
                            <LongitudeDegrees>104.06182861328125</LongitudeDegrees>
                        </Position>
                        <AltitudeMeters>431.5</AltitudeMeters>
                    </Trackpoint>
                    <Trackpoint>
                        <DistanceMeters>756.260217666626</DistanceMeters>
                        <Time>2022-01-03T11:22:18.849Z</Time>
                        <Position>
                            <LatitudeDegrees>30.5197696685791</LatitudeDegrees>
                            <LongitudeDegrees>104.06181335449219</LongitudeDegrees>
                        </Position>
                        <AltitudeMeters>431.5</AltitudeMeters>
                    </Trackpoint>
                    <Trackpoint>
                        <DistanceMeters>756.260217666626</DistanceMeters>
                        <Time>2022-01-03T11:22:19.462Z</Time>
                        <Position>
                            <LatitudeDegrees>30.519784927368164</LatitudeDegrees>
                            <LongitudeDegrees>104.06180572509766</LongitudeDegrees>
                        </Position>
                        <AltitudeMeters>431.68408203125</AltitudeMeters>
                    </Trackpoint>
                    <Trackpoint>
                        <DistanceMeters>756.260217666626</DistanceMeters>
                        <Time>2022-01-03T11:22:20.124Z</Time>
                        <Position>
                            <LatitudeDegrees>30.519798278808594</LatitudeDegrees>
                            <LongitudeDegrees>104.06179809570312</LongitudeDegrees>
                        </Position>
                        <AltitudeMeters>431.68408203125</AltitudeMeters>
                    </Trackpoint>
                    <Trackpoint>
                        <DistanceMeters>756.260217666626</DistanceMeters>
                        <Time>2022-01-03T11:22:20.746Z</Time>
                        <Position>
                            <LatitudeDegrees>30.51980972290039</LatitudeDegrees>
                            <LongitudeDegrees>104.0617904663086</LongitudeDegrees>
                        </Position>
                        <AltitudeMeters>431.68408203125</AltitudeMeters>
                    </Trackpoint>
                    <Trackpoint>
                        <DistanceMeters>756.260217666626</DistanceMeters>
                        <Time>2022-01-03T11:22:21.368Z</Time>
                        <Position>
                            <LatitudeDegrees>30.519821166992188</LatitudeDegrees>
                            <LongitudeDegrees>104.06178283691406</LongitudeDegrees>
                        </Position>
                        <AltitudeMeters>431.68408203125</AltitudeMeters>
                    </Trackpoint>
                    <Trackpoint>
                        <DistanceMeters>756.260217666626</DistanceMeters>
                        <Time>2022-01-03T11:22:22.306Z</Time>
                        <Position>
                            <LatitudeDegrees>30.51984214782715</LatitudeDegrees>
                            <LongitudeDegrees>104.06177520751953</LongitudeDegrees>
                        </Position>
                        <AltitudeMeters>431.68408203125</AltitudeMeters>
                    </Trackpoint>
                    <Trackpoint>
                        <DistanceMeters>756.260217666626</DistanceMeters>
                        <Time>2022-01-03T11:22:22.884Z</Time>
                        <Position>
                            <LatitudeDegrees>30.519853591918945</LatitudeDegrees>
                            <LongitudeDegrees>104.06177520751953</LongitudeDegrees>
                        </Position>
                        <AltitudeMeters>431.5</AltitudeMeters>
                    </Trackpoint>
                    <Trackpoint>
                        <DistanceMeters>756.260217666626</DistanceMeters>
                        <Time>2022-01-03T11:22:23.561Z</Time>
                        <Position>
                            <LatitudeDegrees>30.519866943359375</LatitudeDegrees>
                            <LongitudeDegrees>104.06177520751953</LongitudeDegrees>
                        </Position>
                        <AltitudeMeters>431.5</AltitudeMeters>
                    </Trackpoint>
                    <Trackpoint>
                        <DistanceMeters>756.260217666626</DistanceMeters>
                        <Time>2022-01-03T11:22:24.529Z</Time>
                        <Position>
                            <LatitudeDegrees>30.51988983154297</LatitudeDegrees>
                            <LongitudeDegrees>104.061767578125</LongitudeDegrees>
                        </Position>
                        <AltitudeMeters>431.5</AltitudeMeters>
                    </Trackpoint>
                    <Trackpoint>
                        <DistanceMeters>756.260217666626</DistanceMeters>
                        <Time>2022-01-03T11:22:25.160Z</Time>
                        <Position>
                            <LatitudeDegrees>30.51990509033203</LatitudeDegrees>
                            <LongitudeDegrees>104.061767578125</LongitudeDegrees>
                        </Position>
                        <AltitudeMeters>431.5</AltitudeMeters>
                    </Trackpoint>
                    <Trackpoint>
                        <DistanceMeters>756.260217666626</DistanceMeters>
                        <Time>2022-01-03T11:22:25.783Z</Time>
                        <Position>
                            <LatitudeDegrees>30.51991844177246</LatitudeDegrees>
                            <LongitudeDegrees>104.061767578125</LongitudeDegrees>
                        </Position>
                        <AltitudeMeters>431.5</AltitudeMeters>
                    </Trackpoint>
                    <Trackpoint>
                        <DistanceMeters>756.260217666626</DistanceMeters>
                        <Time>2022-01-03T11:22:26.742Z</Time>
                        <Position>
                            <LatitudeDegrees>30.519941329956055</LatitudeDegrees>
                            <LongitudeDegrees>104.06178283691406</LongitudeDegrees>
                        </Position>
                        <AltitudeMeters>431.5</AltitudeMeters>
                    </Trackpoint>
                    <Trackpoint>
                        <DistanceMeters>756.260217666626</DistanceMeters>
                        <Time>2022-01-03T11:22:27.328Z</Time>
                        <Position>
                            <LatitudeDegrees>30.519954681396484</LatitudeDegrees>
                            <LongitudeDegrees>104.0617904663086</LongitudeDegrees>
                        </Position>
                        <AltitudeMeters>431.5</AltitudeMeters>
                    </Trackpoint>
                    <Trackpoint>
                        <DistanceMeters>756.260217666626</DistanceMeters>
                        <Time>2022-01-03T11:22:27.987Z</Time>
                        <Position>
                            <LatitudeDegrees>30.519968032836914</LatitudeDegrees>
                            <LongitudeDegrees>104.06180572509766</LongitudeDegrees>
                        </Position>
                        <AltitudeMeters>431.5</AltitudeMeters>
                    </Trackpoint>
                    <Trackpoint>
                        <DistanceMeters>756.260217666626</DistanceMeters>
                        <Time>2022-01-03T11:22:28.324Z</Time>
                        <Position>
                            <LatitudeDegrees>30.519975662231445</LatitudeDegrees>
                            <LongitudeDegrees>104.06180572509766</LongitudeDegrees>
                        </Position>
                        <AltitudeMeters>431.5</AltitudeMeters>
                    </Trackpoint>
                    <Trackpoint>
                        <DistanceMeters>756.260217666626</DistanceMeters>
                        <Time>2022-01-03T11:22:28.885Z</Time>
                        <Position>
                            <LatitudeDegrees>30.519987106323242</LatitudeDegrees>
                            <LongitudeDegrees>104.06182098388672</LongitudeDegrees>
                        </Position>
                        <AltitudeMeters>431.68408203125</AltitudeMeters>
                    </Trackpoint>
                    <Trackpoint>
                        <DistanceMeters>756.260217666626</DistanceMeters>
                        <Time>2022-01-03T11:22:29.570Z</Time>
                        <Position>
                            <LatitudeDegrees>30.520002365112305</LatitudeDegrees>
                            <LongitudeDegrees>104.06182861328125</LongitudeDegrees>
                        </Position>
                        <AltitudeMeters>431.68408203125</AltitudeMeters>
                    </Trackpoint>
                    <Trackpoint>
                        <DistanceMeters>832.3981189727783</DistanceMeters>
                        <Time>2022-01-03T11:22:30.230Z</Time>
                        <Position>
                            <LatitudeDegrees>30.520017623901367</LatitudeDegrees>
                            <LongitudeDegrees>104.06184387207031</LongitudeDegrees>
                        </Position>
                        <AltitudeMeters>431.68408203125</AltitudeMeters>
                    </Trackpoint>
                    <Trackpoint>
                        <DistanceMeters>832.3981189727783</DistanceMeters>
                        <Time>2022-01-03T11:22:30.804Z</Time>
                        <Position>
                            <LatitudeDegrees>30.52003288269043</LatitudeDegrees>
                            <LongitudeDegrees>104.06185150146484</LongitudeDegrees>
                        </Position>
                        <AltitudeMeters>431.68408203125</AltitudeMeters>
                    </Trackpoint>
                    <Trackpoint>
                        <DistanceMeters>832.3981189727783</DistanceMeters>
                        <Time>2022-01-03T11:22:31.466Z</Time>
                        <Position>
                            <LatitudeDegrees>30.52004623413086</LatitudeDegrees>
                            <LongitudeDegrees>104.06185913085938</LongitudeDegrees>
                        </Position>
                        <AltitudeMeters>431.5</AltitudeMeters>
                    </Trackpoint>
                    <Trackpoint>
                        <DistanceMeters>832.3981189727783</DistanceMeters>
                        <Time>2022-01-03T11:22:32.748Z</Time>
                        <Position>
                            <LatitudeDegrees>30.520069122314453</LatitudeDegrees>
                            <LongitudeDegrees>104.0618896484375</LongitudeDegrees>
                        </Position>
                        <AltitudeMeters>431.5</AltitudeMeters>
                    </Trackpoint>
                    <Trackpoint>
                        <DistanceMeters>832.3981189727783</DistanceMeters>
                        <Time>2022-01-03T11:22:33.360Z</Time>
                        <Position>
                            <LatitudeDegrees>30.52008056640625</LatitudeDegrees>
                            <LongitudeDegrees>104.06190490722656</LongitudeDegrees>
                        </Position>
                        <AltitudeMeters>431.5</AltitudeMeters>
                    </Trackpoint>
                    <Trackpoint>
                        <DistanceMeters>832.3981189727783</DistanceMeters>
                        <Time>2022-01-03T11:22:33.946Z</Time>
                        <Position>
                            <LatitudeDegrees>30.520092010498047</LatitudeDegrees>
                            <LongitudeDegrees>104.06192016601562</LongitudeDegrees>
                        </Position>
                        <AltitudeMeters>431.5</AltitudeMeters>
                    </Trackpoint>
                    <Trackpoint>
                        <DistanceMeters>832.3981189727783</DistanceMeters>
                        <Time>2022-01-03T11:22:34.606Z</Time>
                        <Position>
                            <LatitudeDegrees>30.520105361938477</LatitudeDegrees>
                            <LongitudeDegrees>104.06192779541016</LongitudeDegrees>
                        </Position>
                        <AltitudeMeters>431.5</AltitudeMeters>
                    </Trackpoint>
                    <Trackpoint>
                        <DistanceMeters>832.3981189727783</DistanceMeters>
                        <Time>2022-01-03T11:22:35.268Z</Time>
                        <Position>
                            <LatitudeDegrees>30.52011489868164</LatitudeDegrees>
                            <LongitudeDegrees>104.06194305419922</LongitudeDegrees>
                        </Position>
                        <AltitudeMeters>431.5</AltitudeMeters>
                    </Trackpoint>
                    <Trackpoint>
                        <DistanceMeters>832.3981189727783</DistanceMeters>
                        <Time>2022-01-03T11:22:36.523Z</Time>
                        <Position>
                            <LatitudeDegrees>30.52013397216797</LatitudeDegrees>
                            <LongitudeDegrees>104.06197357177734</LongitudeDegrees>
                        </Position>
                        <AltitudeMeters>431.5</AltitudeMeters>
                    </Trackpoint>
                    <Trackpoint>
                        <DistanceMeters>832.3981189727783</DistanceMeters>
                        <Time>2022-01-03T11:22:37.462Z</Time>
                        <Position>
                            <LatitudeDegrees>30.52014923095703</LatitudeDegrees>
                            <LongitudeDegrees>104.0619888305664</LongitudeDegrees>
                        </Position>
                        <AltitudeMeters>431.68408203125</AltitudeMeters>
                    </Trackpoint>
                    <Trackpoint>
                        <DistanceMeters>832.3981189727783</DistanceMeters>
                        <Time>2022-01-03T11:22:38.430Z</Time>
                        <Position>
                            <LatitudeDegrees>30.52016830444336</LatitudeDegrees>
                            <LongitudeDegrees>104.06200408935547</LongitudeDegrees>
                        </Position>
                        <AltitudeMeters>431.68408203125</AltitudeMeters>
                    </Trackpoint>
                    <Trackpoint>
                        <DistanceMeters>832.3981189727783</DistanceMeters>
                        <Time>2022-01-03T11:22:39.041Z</Time>
                        <Position>
                            <LatitudeDegrees>30.520177841186523</LatitudeDegrees>
                            <LongitudeDegrees>104.06201171875</LongitudeDegrees>
                        </Position>
                        <AltitudeMeters>431.5</AltitudeMeters>
                    </Trackpoint>
                    <Trackpoint>
                        <DistanceMeters>832.3981189727783</DistanceMeters>
                        <Time>2022-01-03T11:22:39.722Z</Time>
                        <Position>
                            <LatitudeDegrees>30.52018165588379</LatitudeDegrees>
                            <LongitudeDegrees>104.0620346069336</LongitudeDegrees>
                        </Position>
                        <AltitudeMeters>431.5</AltitudeMeters>
                    </Trackpoint>
                    <Trackpoint>
                        <DistanceMeters>832.3981189727783</DistanceMeters>
                        <Time>2022-01-03T11:22:40.031Z</Time>
                        <Position>
                            <LatitudeDegrees>30.520183563232422</LatitudeDegrees>
                            <LongitudeDegrees>104.06204223632812</LongitudeDegrees>
                        </Position>
                        <AltitudeMeters>431.5</AltitudeMeters>
                    </Trackpoint>
                    <Trackpoint>
                        <DistanceMeters>832.3981189727783</DistanceMeters>
                        <Time>2022-01-03T11:22:40.640Z</Time>
                        <Position>
                            <LatitudeDegrees>30.520185470581055</LatitudeDegrees>
                            <LongitudeDegrees>104.06206512451172</LongitudeDegrees>
                        </Position>
                        <AltitudeMeters>431.5</AltitudeMeters>
                    </Trackpoint>
                    <Trackpoint>
                        <DistanceMeters>832.3981189727783</DistanceMeters>
                        <Time>2022-01-03T11:22:41.608Z</Time>
                        <Position>
                            <LatitudeDegrees>30.520198822021484</LatitudeDegrees>
                            <LongitudeDegrees>104.06208801269531</LongitudeDegrees>
                        </Position>
                        <AltitudeMeters>431.5</AltitudeMeters>
                    </Trackpoint>
                    <Trackpoint>
                        <DistanceMeters>832.3981189727783</DistanceMeters>
                        <Time>2022-01-03T11:22:42.305Z</Time>
                        <Position>
                            <LatitudeDegrees>30.520219802856445</LatitudeDegrees>
                            <LongitudeDegrees>104.06209564208984</LongitudeDegrees>
                        </Position>
                        <AltitudeMeters>431.5</AltitudeMeters>
                    </Trackpoint>
                    <Trackpoint>
                        <DistanceMeters>832.3981189727783</DistanceMeters>
                        <Time>2022-01-03T11:22:42.909Z</Time>
                        <Position>
                            <LatitudeDegrees>30.520235061645508</LatitudeDegrees>
                            <LongitudeDegrees>104.06210327148438</LongitudeDegrees>
                        </Position>
                        <AltitudeMeters>431.5</AltitudeMeters>
                    </Trackpoint>
                    <Trackpoint>
                        <DistanceMeters>832.3981189727783</DistanceMeters>
                        <Time>2022-01-03T11:22:43.524Z</Time>
                        <Position>
                            <LatitudeDegrees>30.520254135131836</LatitudeDegrees>
                            <LongitudeDegrees>104.06210327148438</LongitudeDegrees>
                        </Position>
                        <AltitudeMeters>431.5</AltitudeMeters>
                    </Trackpoint>
                    <Trackpoint>
                        <DistanceMeters>832.3981189727783</DistanceMeters>
                        <Time>2022-01-03T11:22:44.229Z</Time>
                        <Position>
                            <LatitudeDegrees>30.5202693939209</LatitudeDegrees>
                            <LongitudeDegrees>104.0621109008789</LongitudeDegrees>
                        </Position>
                        <AltitudeMeters>431.5</AltitudeMeters>
                    </Trackpoint>
                    <Trackpoint>
                        <DistanceMeters>832.3981189727783</DistanceMeters>
                        <Time>2022-01-03T11:22:44.526Z</Time>
                        <Position>
                            <LatitudeDegrees>30.52027702331543</LatitudeDegrees>
                            <LongitudeDegrees>104.06210327148438</LongitudeDegrees>
                        </Position>
                        <AltitudeMeters>431.5</AltitudeMeters>
                    </Trackpoint>
                    <Trackpoint>
                        <DistanceMeters>832.3981189727783</DistanceMeters>
                        <Time>2022-01-03T11:22:45.168Z</Time>
                        <Position>
                            <LatitudeDegrees>30.520286560058594</LatitudeDegrees>
                            <LongitudeDegrees>104.06208801269531</LongitudeDegrees>
                        </Position>
                        <AltitudeMeters>431.5</AltitudeMeters>
                    </Trackpoint>
                    <Trackpoint>
                        <DistanceMeters>832.3981189727783</DistanceMeters>
                        <Time>2022-01-03T11:22:46.125Z</Time>
                        <Position>
                            <LatitudeDegrees>30.520294189453125</LatitudeDegrees>
                            <LongitudeDegrees>104.06206512451172</LongitudeDegrees>
                        </Position>
                        <AltitudeMeters>431.5</AltitudeMeters>
                    </Trackpoint>
                    <Trackpoint>
                        <DistanceMeters>832.3981189727783</DistanceMeters>
                        <Time>2022-01-03T11:22:46.747Z</Time>
                        <Position>
                            <LatitudeDegrees>30.520299911499023</LatitudeDegrees>
                            <LongitudeDegrees>104.06204986572266</LongitudeDegrees>
                        </Position>
                        <AltitudeMeters>431.5</AltitudeMeters>
                    </Trackpoint>
                    <Trackpoint>
                        <DistanceMeters>832.3981189727783</DistanceMeters>
                        <Time>2022-01-03T11:22:47.428Z</Time>
                        <Position>
                            <LatitudeDegrees>30.520309448242188</LatitudeDegrees>
                            <LongitudeDegrees>104.0620346069336</LongitudeDegrees>
                        </Position>
                        <AltitudeMeters>431.68408203125</AltitudeMeters>
                    </Trackpoint>
                    <Trackpoint>
                        <DistanceMeters>832.3981189727783</DistanceMeters>
                        <Time>2022-01-03T11:22:48.701Z</Time>
                        <Position>
                            <LatitudeDegrees>30.52033233642578</LatitudeDegrees>
                            <LongitudeDegrees>104.06202697753906</LongitudeDegrees>
                        </Position>
                        <AltitudeMeters>431.68408203125</AltitudeMeters>
                    </Trackpoint>
                    <Trackpoint>
                        <DistanceMeters>832.3981189727783</DistanceMeters>
                        <Time>2022-01-03T11:22:49.389Z</Time>
                        <Position>
                            <LatitudeDegrees>30.52034568786621</LatitudeDegrees>
                            <LongitudeDegrees>104.06202697753906</LongitudeDegrees>
                        </Position>
                        <AltitudeMeters>431.5</AltitudeMeters>
                    </Trackpoint>
                    <Trackpoint>
                        <DistanceMeters>832.3981189727783</DistanceMeters>
                        <Time>2022-01-03T11:22:50.021Z</Time>
                        <Position>
                            <LatitudeDegrees>30.520353317260742</LatitudeDegrees>
                            <LongitudeDegrees>104.0620346069336</LongitudeDegrees>
                        </Position>
                        <AltitudeMeters>431.5</AltitudeMeters>
                    </Trackpoint>
                    <Trackpoint>
                        <DistanceMeters>832.3981189727783</DistanceMeters>
                        <Time>2022-01-03T11:22:50.681Z</Time>
                        <Position>
                            <LatitudeDegrees>30.520362854003906</LatitudeDegrees>
                            <LongitudeDegrees>104.06204223632812</LongitudeDegrees>
                        </Position>
                        <AltitudeMeters>431.5</AltitudeMeters>
                    </Trackpoint>
                    <Trackpoint>
                        <DistanceMeters>832.3981189727783</DistanceMeters>
                        <Time>2022-01-03T11:22:51.341Z</Time>
                        <Position>
                            <LatitudeDegrees>30.520368576049805</LatitudeDegrees>
                            <LongitudeDegrees>104.06204986572266</LongitudeDegrees>
                        </Position>
                        <AltitudeMeters>431.5</AltitudeMeters>
                    </Trackpoint>
                    <Trackpoint>
                        <DistanceMeters>832.3981189727783</DistanceMeters>
                        <Time>2022-01-03T11:22:52.308Z</Time>
                        <Position>
                            <LatitudeDegrees>30.52039909362793</LatitudeDegrees>
                            <LongitudeDegrees>104.06207275390625</LongitudeDegrees>
                        </Position>
                        <AltitudeMeters>433.51123046875</AltitudeMeters>
                    </Trackpoint>
                    <Trackpoint>
                        <DistanceMeters>832.3981189727783</DistanceMeters>
                        <Time>2022-01-03T11:22:52.624Z</Time>
                        <Position>
                            <LatitudeDegrees>30.520414352416992</LatitudeDegrees>
                            <LongitudeDegrees>104.06207275390625</LongitudeDegrees>
                        </Position>
                        <AltitudeMeters>433.51123046875</AltitudeMeters>
                    </Trackpoint>
                    <Trackpoint>
                        <DistanceMeters>832.3981189727783</DistanceMeters>
                        <Time>2022-01-03T11:22:53.266Z</Time>
                        <Position>
                            <LatitudeDegrees>30.520435333251953</LatitudeDegrees>
                            <LongitudeDegrees>104.06208038330078</LongitudeDegrees>
                        </Position>
                        <AltitudeMeters>433.51123046875</AltitudeMeters>
                    </Trackpoint>
                    <Trackpoint>
                        <DistanceMeters>832.3981189727783</DistanceMeters>
                        <Time>2022-01-03T11:22:54.866Z</Time>
                        <Position>
                            <LatitudeDegrees>30.52044677734375</LatitudeDegrees>
                            <LongitudeDegrees>104.06208038330078</LongitudeDegrees>
                        </Position>
                        <AltitudeMeters>433.51123046875</AltitudeMeters>
                    </Trackpoint>
                    <Trackpoint>
                        <DistanceMeters>832.3981189727783</DistanceMeters>
                        <Time>2022-01-03T11:22:56.203Z</Time>
                        <Position>
                            <LatitudeDegrees>30.520456314086914</LatitudeDegrees>
                            <LongitudeDegrees>104.06207275390625</LongitudeDegrees>
                        </Position>
                        <AltitudeMeters>433.5823059082031</AltitudeMeters>
                    </Trackpoint>
                    <Trackpoint>
                        <DistanceMeters>832.3981189727783</DistanceMeters>
                        <Time>2022-01-03T11:22:57.189Z</Time>
                        <Position>
                            <LatitudeDegrees>30.520469665527344</LatitudeDegrees>
                            <LongitudeDegrees>104.06207275390625</LongitudeDegrees>
                        </Position>
                        <AltitudeMeters>433.51123046875</AltitudeMeters>
                    </Trackpoint>
                    <Trackpoint>
                        <DistanceMeters>832.3981189727783</DistanceMeters>
                        <Time>2022-01-03T11:22:58.483Z</Time>
                        <Position>
                            <LatitudeDegrees>30.520488739013672</LatitudeDegrees>
                            <LongitudeDegrees>104.06208038330078</LongitudeDegrees>
                        </Position>
                        <AltitudeMeters>433.51123046875</AltitudeMeters>
                    </Trackpoint>
                    <Trackpoint>
                        <DistanceMeters>832.3981189727783</DistanceMeters>
                        <Time>2022-01-03T11:22:59.828Z</Time>
                        <Position>
                            <LatitudeDegrees>30.5205135345459</LatitudeDegrees>
                            <LongitudeDegrees>104.06208038330078</LongitudeDegrees>
                        </Position>
                        <AltitudeMeters>433.51123046875</AltitudeMeters>
                    </Trackpoint>
                    <Trackpoint>
                        <DistanceMeters>851.5839443206787</DistanceMeters>
                        <Time>2022-01-03T11:23:00.884Z</Time>
                        <Position>
                            <LatitudeDegrees>30.520488739013672</LatitudeDegrees>
                            <LongitudeDegrees>104.06211853027344</LongitudeDegrees>
                        </Position>
                        <AltitudeMeters>433.51123046875</AltitudeMeters>
                    </Trackpoint>
                    <Trackpoint>
                        <DistanceMeters>851.5839443206787</DistanceMeters>
                        <Time>2022-01-03T11:23:02.885Z</Time>
                        <Position>
                            <LatitudeDegrees>30.520503997802734</LatitudeDegrees>
                            <LongitudeDegrees>104.0621337890625</LongitudeDegrees>
                        </Position>
                        <AltitudeMeters>433.51123046875</AltitudeMeters>
                    </Trackpoint>
                    <Trackpoint>
                        <DistanceMeters>851.5839443206787</DistanceMeters>
                        <Time>2022-01-03T11:23:04.885Z</Time>
                        <Position>
                            <LatitudeDegrees>30.5205135345459</LatitudeDegrees>
                            <LongitudeDegrees>104.06214141845703</LongitudeDegrees>
                        </Position>
                        <AltitudeMeters>433.51123046875</AltitudeMeters>
                    </Trackpoint>
                    <Trackpoint>
                        <DistanceMeters>851.5839443206787</DistanceMeters>
                        <Time>2022-01-03T11:23:05.203Z</Time>
                    </Trackpoint>
                </Track>
                <DistanceMeters>851.5839443206787</DistanceMeters>
                <TotalTimeSeconds>332.733497148</TotalTimeSeconds>
                <Calories>60.084930419921875</Calories>
                <Intensity>Active</Intensity>
                <TriggerMethod>Manual</TriggerMethod>
            </Lap>
        </Activity>
        <Activity Sport="Running">
            <Id>2022-01-03T11:23:44.396Z</Id>
            <Lap StartTime="2022-01-03T11:23:44.396Z">
                <Track>
                    <Trackpoint>
                        <DistanceMeters>0.0</DistanceMeters>
                        <Time>2022-01-03T11:23:44.396Z</Time>
                    </Trackpoint>
                    <Trackpoint>
                        <DistanceMeters>28.677682876586914</DistanceMeters>
                        <Time>2022-01-03T11:23:45.883Z</Time>
                        <Position>
                            <LatitudeDegrees>30.52052879333496</LatitudeDegrees>
                            <LongitudeDegrees>104.06218719482422</LongitudeDegrees>
                        </Position>
                        <AltitudeMeters>433.5816955566406</AltitudeMeters>
                    </Trackpoint>
                    <Trackpoint>
                        <DistanceMeters>28.677682876586914</DistanceMeters>
                        <Time>2022-01-03T11:23:48.881Z</Time>
                        <Position>
                            <LatitudeDegrees>30.520538330078125</LatitudeDegrees>
                            <LongitudeDegrees>104.06217956542969</LongitudeDegrees>
                        </Position>
                        <AltitudeMeters>433.5816955566406</AltitudeMeters>
                    </Trackpoint>
                    <Trackpoint>
                        <DistanceMeters>28.677682876586914</DistanceMeters>
                        <Time>2022-01-03T11:23:51.915Z</Time>
                        <Position>
                            <LatitudeDegrees>30.520551681518555</LatitudeDegrees>
                            <LongitudeDegrees>104.06217193603516</LongitudeDegrees>
                        </Position>
                        <AltitudeMeters>429.1000061035156</AltitudeMeters>
                    </Trackpoint>
                    <Trackpoint>
                        <DistanceMeters>28.677682876586914</DistanceMeters>
                        <Time>2022-01-03T11:23:52.556Z</Time>
                        <Position>
                            <LatitudeDegrees>30.52056121826172</LatitudeDegrees>
                            <LongitudeDegrees>104.06216430664062</LongitudeDegrees>
                        </Position>
                        <AltitudeMeters>429.1000061035156</AltitudeMeters>
                    </Trackpoint>
                    <Trackpoint>
                        <DistanceMeters>28.677682876586914</DistanceMeters>
                        <Time>2022-01-03T11:23:53.513Z</Time>
                        <Position>
                            <LatitudeDegrees>30.52057456970215</LatitudeDegrees>
                            <LongitudeDegrees>104.06216430664062</LongitudeDegrees>
                        </Position>
                        <AltitudeMeters>432.6688232421875</AltitudeMeters>
                    </Trackpoint>
                    <Trackpoint>
                        <DistanceMeters>28.677682876586914</DistanceMeters>
                        <Time>2022-01-03T11:23:54.769Z</Time>
                        <Position>
                            <LatitudeDegrees>30.520584106445312</LatitudeDegrees>
                            <LongitudeDegrees>104.06217956542969</LongitudeDegrees>
                        </Position>
                        <AltitudeMeters>432.6688232421875</AltitudeMeters>
                    </Trackpoint>
                    <Trackpoint>
                        <DistanceMeters>28.677682876586914</DistanceMeters>
                        <Time>2022-01-03T11:23:55.689Z</Time>
                        <Position>
                            <LatitudeDegrees>30.520587921142578</LatitudeDegrees>
                            <LongitudeDegrees>104.06219482421875</LongitudeDegrees>
                        </Position>
                        <AltitudeMeters>432.6688232421875</AltitudeMeters>
                    </Trackpoint>
                    <Trackpoint>
                        <DistanceMeters>28.677682876586914</DistanceMeters>
                        <Time>2022-01-03T11:23:56.333Z</Time>
                        <Position>
                            <LatitudeDegrees>30.52058982849121</LatitudeDegrees>
                            <LongitudeDegrees>104.06221771240234</LongitudeDegrees>
                        </Position>
                        <AltitudeMeters>430.1999816894531</AltitudeMeters>
                    </Trackpoint>
                    <Trackpoint>
                        <DistanceMeters>28.677682876586914</DistanceMeters>
                        <Time>2022-01-03T11:23:56.674Z</Time>
                        <Position>
                            <LatitudeDegrees>30.520591735839844</LatitudeDegrees>
                            <LongitudeDegrees>104.06222534179688</LongitudeDegrees>
                        </Position>
                        <AltitudeMeters>430.1999816894531</AltitudeMeters>
                    </Trackpoint>
                    <Trackpoint>
                        <DistanceMeters>28.677682876586914</DistanceMeters>
                        <Time>2022-01-03T11:23:57.270Z</Time>
                        <Position>
                            <LatitudeDegrees>30.52059555053711</LatitudeDegrees>
                            <LongitudeDegrees>104.062255859375</LongitudeDegrees>
                        </Position>
                        <AltitudeMeters>430.1999816894531</AltitudeMeters>
                    </Trackpoint>
                    <Trackpoint>
                        <DistanceMeters>28.677682876586914</DistanceMeters>
                        <Time>2022-01-03T11:23:57.912Z</Time>
                        <Position>
                            <LatitudeDegrees>30.520601272583008</LatitudeDegrees>
                            <LongitudeDegrees>104.06228637695312</LongitudeDegrees>
                        </Position>
                        <AltitudeMeters>430.1999816894531</AltitudeMeters>
                    </Trackpoint>
                    <Trackpoint>
                        <DistanceMeters>28.677682876586914</DistanceMeters>
                        <Time>2022-01-03T11:23:58.209Z</Time>
                        <Position>
                            <LatitudeDegrees>30.52060317993164</LatitudeDegrees>
                            <LongitudeDegrees>104.06230163574219</LongitudeDegrees>
                        </Position>
                        <AltitudeMeters>430.1999816894531</AltitudeMeters>
                    </Trackpoint>
                    <Trackpoint>
                        <DistanceMeters>28.677682876586914</DistanceMeters>
                        <Time>2022-01-03T11:23:58.850Z</Time>
                        <Position>
                            <LatitudeDegrees>30.520606994628906</LatitudeDegrees>
                            <LongitudeDegrees>104.06233215332031</LongitudeDegrees>
                        </Position>
                        <AltitudeMeters>430.1999816894531</AltitudeMeters>
                    </Trackpoint>
                    <Trackpoint>
                        <DistanceMeters>28.677682876586914</DistanceMeters>
                        <Time>2022-01-03T11:23:59.473Z</Time>
                        <Position>
                            <LatitudeDegrees>30.520606994628906</LatitudeDegrees>
                            <LongitudeDegrees>104.06236267089844</LongitudeDegrees>
                        </Position>
                        <AltitudeMeters>430.1999816894531</AltitudeMeters>
                    </Trackpoint>
                    <Trackpoint>
                        <DistanceMeters>28.677682876586914</DistanceMeters>
                        <Time>2022-01-03T11:23:59.880Z</Time>
                        <Position>
                            <LatitudeDegrees>30.520606994628906</LatitudeDegrees>
                            <LongitudeDegrees>104.06237030029297</LongitudeDegrees>
                        </Position>
                        <AltitudeMeters>432.6688232421875</AltitudeMeters>
                    </Trackpoint>
                    <Trackpoint>
                        <DistanceMeters>111.31990242004395</DistanceMeters>
                        <Time>2022-01-03T11:24:00.690Z</Time>
                        <Position>
                            <LatitudeDegrees>30.52060317993164</LatitudeDegrees>
                            <LongitudeDegrees>104.0624008178711</LongitudeDegrees>
                        </Position>
                        <AltitudeMeters>432.6688232421875</AltitudeMeters>
                    </Trackpoint>
                    <Trackpoint>
                        <DistanceMeters>111.31990242004395</DistanceMeters>
                        <Time>2022-01-03T11:24:01.332Z</Time>
                        <Position>
                            <LatitudeDegrees>30.520597457885742</LatitudeDegrees>
                            <LongitudeDegrees>104.06242370605469</LongitudeDegrees>
                        </Position>
                        <AltitudeMeters>432.6688232421875</AltitudeMeters>
                    </Trackpoint>
                    <Trackpoint>
                        <DistanceMeters>111.31990242004395</DistanceMeters>
                        <Time>2022-01-03T11:24:01.883Z</Time>
                        <Position>
                            <LatitudeDegrees>30.520587921142578</LatitudeDegrees>
                            <LongitudeDegrees>104.06244659423828</LongitudeDegrees>
                        </Position>
                        <AltitudeMeters>432.6688232421875</AltitudeMeters>
                    </Trackpoint>
                    <Trackpoint>
                        <DistanceMeters>111.31990242004395</DistanceMeters>
                        <Time>2022-01-03T11:24:02.568Z</Time>
                        <Position>
                            <LatitudeDegrees>30.52058219909668</LatitudeDegrees>
                            <LongitudeDegrees>104.06246185302734</LongitudeDegrees>
                        </Position>
                        <AltitudeMeters>432.6688232421875</AltitudeMeters>
                    </Trackpoint>
                    <Trackpoint>
                        <DistanceMeters>111.31990242004395</DistanceMeters>
                        <Time>2022-01-03T11:24:03.535Z</Time>
                        <Position>
                            <LatitudeDegrees>30.520578384399414</LatitudeDegrees>
                            <LongitudeDegrees>104.06248474121094</LongitudeDegrees>
                        </Position>
                        <AltitudeMeters>432.6688232421875</AltitudeMeters>
                    </Trackpoint>
                    <Trackpoint>
                        <DistanceMeters>111.31990242004395</DistanceMeters>
                        <Time>2022-01-03T11:24:04.474Z</Time>
                        <Position>
                            <LatitudeDegrees>30.52057456970215</LatitudeDegrees>
                            <LongitudeDegrees>104.0625</LongitudeDegrees>
                        </Position>
                        <AltitudeMeters>430.1999816894531</AltitudeMeters>
                    </Trackpoint>
                    <Trackpoint>
                        <DistanceMeters>111.31990242004395</DistanceMeters>
                        <Time>2022-01-03T11:24:05.713Z</Time>
                        <Position>
                            <LatitudeDegrees>30.520572662353516</LatitudeDegrees>
                            <LongitudeDegrees>104.0625228881836</LongitudeDegrees>
                        </Position>
                        <AltitudeMeters>430.1999816894531</AltitudeMeters>
                    </Trackpoint>
                    <Trackpoint>
                        <DistanceMeters>111.31990242004395</DistanceMeters>
                        <Time>2022-01-03T11:24:06.930Z</Time>
                        <Position>
                            <LatitudeDegrees>30.520570755004883</LatitudeDegrees>
                            <LongitudeDegrees>104.06253814697266</LongitudeDegrees>
                        </Position>
                        <AltitudeMeters>430.1999816894531</AltitudeMeters>
                    </Trackpoint>
                    <Trackpoint>
                        <DistanceMeters>111.31990242004395</DistanceMeters>
                        <Time>2022-01-03T11:24:07.571Z</Time>
                        <Position>
                            <LatitudeDegrees>30.520566940307617</LatitudeDegrees>
                            <LongitudeDegrees>104.06254577636719</LongitudeDegrees>
                        </Position>
                        <AltitudeMeters>430.1999816894531</AltitudeMeters>
                    </Trackpoint>
                    <Trackpoint>
                        <DistanceMeters>111.31990242004395</DistanceMeters>
                        <Time>2022-01-03T11:24:08.195Z</Time>
                        <Position>
                            <LatitudeDegrees>30.520559310913086</LatitudeDegrees>
                            <LongitudeDegrees>104.06256103515625</LongitudeDegrees>
                        </Position>
                        <AltitudeMeters>430.1999816894531</AltitudeMeters>
                    </Trackpoint>
                    <Trackpoint>
                        <DistanceMeters>111.31990242004395</DistanceMeters>
                        <Time>2022-01-03T11:24:08.833Z</Time>
                        <Position>
                            <LatitudeDegrees>30.520551681518555</LatitudeDegrees>
                            <LongitudeDegrees>104.06257629394531</LongitudeDegrees>
                        </Position>
                        <AltitudeMeters>430.1999816894531</AltitudeMeters>
                    </Trackpoint>
                    <Trackpoint>
                        <DistanceMeters>111.31990242004395</DistanceMeters>
                        <Time>2022-01-03T11:24:09.450Z</Time>
                        <Position>
                            <LatitudeDegrees>30.520544052124023</LatitudeDegrees>
                            <LongitudeDegrees>104.06259155273438</LongitudeDegrees>
                        </Position>
                        <AltitudeMeters>432.6688232421875</AltitudeMeters>
                    </Trackpoint>
                    <Trackpoint>
                        <DistanceMeters>111.31990242004395</DistanceMeters>
                        <Time>2022-01-03T11:24:10.395Z</Time>
                        <Position>
                            <LatitudeDegrees>30.52053451538086</LatitudeDegrees>
                            <LongitudeDegrees>104.06261444091797</LongitudeDegrees>
                        </Position>
                        <AltitudeMeters>432.6688232421875</AltitudeMeters>
                    </Trackpoint>
                    <Trackpoint>
                        <DistanceMeters>111.31990242004395</DistanceMeters>
                        <Time>2022-01-03T11:24:11.335Z</Time>
                        <Position>
                            <LatitudeDegrees>30.52052879333496</LatitudeDegrees>
                            <LongitudeDegrees>104.0626449584961</LongitudeDegrees>
                        </Position>
                        <AltitudeMeters>430.1999816894531</AltitudeMeters>
                    </Trackpoint>
                    <Trackpoint>
                        <DistanceMeters>111.31990242004395</DistanceMeters>
                        <Time>2022-01-03T11:24:11.885Z</Time>
                        <Position>
                            <LatitudeDegrees>30.520524978637695</LatitudeDegrees>
                            <LongitudeDegrees>104.06266021728516</LongitudeDegrees>
                        </Position>
                        <AltitudeMeters>430.1999816894531</AltitudeMeters>
                    </Trackpoint>
                    <Trackpoint>
                        <DistanceMeters>111.31990242004395</DistanceMeters>
                        <Time>2022-01-03T11:24:12.274Z</Time>
                        <Position>
                            <LatitudeDegrees>30.52052116394043</LatitudeDegrees>
                            <LongitudeDegrees>104.06266784667969</LongitudeDegrees>
                        </Position>
                        <AltitudeMeters>430.1999816894531</AltitudeMeters>
                    </Trackpoint>
                    <Trackpoint>
                        <DistanceMeters>111.31990242004395</DistanceMeters>
                        <Time>2022-01-03T11:24:12.888Z</Time>
                        <Position>
                            <LatitudeDegrees>30.52051544189453</LatitudeDegrees>
                            <LongitudeDegrees>104.06269073486328</LongitudeDegrees>
                        </Position>
                        <AltitudeMeters>430.1999816894531</AltitudeMeters>
                    </Trackpoint>
                    <Trackpoint>
                        <DistanceMeters>111.31990242004395</DistanceMeters>
                        <Time>2022-01-03T11:24:13.837Z</Time>
                        <Position>
                            <LatitudeDegrees>30.520511627197266</LatitudeDegrees>
                            <LongitudeDegrees>104.06271362304688</LongitudeDegrees>
                        </Position>
                        <AltitudeMeters>430.1999816894531</AltitudeMeters>
                    </Trackpoint>
                    <Trackpoint>
                        <DistanceMeters>111.31990242004395</DistanceMeters>
                        <Time>2022-01-03T11:24:14.467Z</Time>
                        <Position>
                            <LatitudeDegrees>30.520505905151367</LatitudeDegrees>
                            <LongitudeDegrees>104.06272888183594</LongitudeDegrees>
                        </Position>
                        <AltitudeMeters>430.1999816894531</AltitudeMeters>
                    </Trackpoint>
                    <Trackpoint>
                        <DistanceMeters>111.31990242004395</DistanceMeters>
                        <Time>2022-01-03T11:24:15.072Z</Time>
                        <Position>
                            <LatitudeDegrees>30.5205020904541</LatitudeDegrees>
                            <LongitudeDegrees>104.062744140625</LongitudeDegrees>
                        </Position>
                        <AltitudeMeters>430.1999816894531</AltitudeMeters>
                    </Trackpoint>
                    <Trackpoint>
                        <DistanceMeters>111.31990242004395</DistanceMeters>
                        <Time>2022-01-03T11:24:15.698Z</Time>
                        <Position>
                            <LatitudeDegrees>30.52050018310547</LatitudeDegrees>
                            <LongitudeDegrees>104.06275939941406</LongitudeDegrees>
                        </Position>
                        <AltitudeMeters>430.1999816894531</AltitudeMeters>
                    </Trackpoint>
                    <Trackpoint>
                        <DistanceMeters>111.31990242004395</DistanceMeters>
                        <Time>2022-01-03T11:24:16.615Z</Time>
                        <Position>
                            <LatitudeDegrees>30.520498275756836</LatitudeDegrees>
                            <LongitudeDegrees>104.06278991699219</LongitudeDegrees>
                        </Position>
                        <AltitudeMeters>430.1999816894531</AltitudeMeters>
                    </Trackpoint>
                    <Trackpoint>
                        <DistanceMeters>111.31990242004395</DistanceMeters>
                        <Time>2022-01-03T11:24:17.555Z</Time>
                        <Position>
                            <LatitudeDegrees>30.52049446105957</LatitudeDegrees>
                            <LongitudeDegrees>104.06282043457031</LongitudeDegrees>
                        </Position>
                        <AltitudeMeters>432.6688232421875</AltitudeMeters>
                    </Trackpoint>
                    <Trackpoint>
                        <DistanceMeters>111.31990242004395</DistanceMeters>
                        <Time>2022-01-03T11:24:18.198Z</Time>
                        <Position>
                            <LatitudeDegrees>30.520492553710938</LatitudeDegrees>
                            <LongitudeDegrees>104.06283569335938</LongitudeDegrees>
                        </Position>
                        <AltitudeMeters>432.6688232421875</AltitudeMeters>
                    </Trackpoint>
                    <Trackpoint>
                        <DistanceMeters>111.31990242004395</DistanceMeters>
                        <Time>2022-01-03T11:24:18.791Z</Time>
                        <Position>
                            <LatitudeDegrees>30.520490646362305</LatitudeDegrees>
                            <LongitudeDegrees>104.06285858154297</LongitudeDegrees>
                        </Position>
                        <AltitudeMeters>432.6688232421875</AltitudeMeters>
                    </Trackpoint>
                    <Trackpoint>
                        <DistanceMeters>111.31990242004395</DistanceMeters>
                        <Time>2022-01-03T11:24:19.729Z</Time>
                        <Position>
                            <LatitudeDegrees>30.520490646362305</LatitudeDegrees>
                            <LongitudeDegrees>104.06288146972656</LongitudeDegrees>
                        </Position>
                        <AltitudeMeters>432.6688232421875</AltitudeMeters>
                    </Trackpoint>
                    <Trackpoint>
                        <DistanceMeters>111.31990242004395</DistanceMeters>
                        <Time>2022-01-03T11:24:20.668Z</Time>
                        <Position>
                            <LatitudeDegrees>30.520490646362305</LatitudeDegrees>
                            <LongitudeDegrees>104.06290435791016</LongitudeDegrees>
                        </Position>
                        <AltitudeMeters>432.6688232421875</AltitudeMeters>
                    </Trackpoint>
                    <Trackpoint>
                        <DistanceMeters>111.31990242004395</DistanceMeters>
                        <Time>2022-01-03T11:24:21.310Z</Time>
                        <Position>
                            <LatitudeDegrees>30.52049446105957</LatitudeDegrees>
                            <LongitudeDegrees>104.06291961669922</LongitudeDegrees>
                        </Position>
                        <AltitudeMeters>431.3999938964844</AltitudeMeters>
                    </Trackpoint>
                    <Trackpoint>
                        <DistanceMeters>111.31990242004395</DistanceMeters>
                        <Time>2022-01-03T11:24:21.885Z</Time>
                        <Position>
                            <LatitudeDegrees>30.520496368408203</LatitudeDegrees>
                            <LongitudeDegrees>104.06293487548828</LongitudeDegrees>
                        </Position>
                        <AltitudeMeters>431.3999938964844</AltitudeMeters>
                    </Trackpoint>
                    <Trackpoint>
                        <DistanceMeters>111.31990242004395</DistanceMeters>
                        <Time>2022-01-03T11:24:22.573Z</Time>
                        <Position>
                            <LatitudeDegrees>30.52050018310547</LatitudeDegrees>
                            <LongitudeDegrees>104.06295776367188</LongitudeDegrees>
                        </Position>
                        <AltitudeMeters>431.3999938964844</AltitudeMeters>
                    </Trackpoint>
                    <Trackpoint>
                        <DistanceMeters>111.31990242004395</DistanceMeters>
                        <Time>2022-01-03T11:24:23.169Z</Time>
                        <Position>
                            <LatitudeDegrees>30.5205020904541</LatitudeDegrees>
                            <LongitudeDegrees>104.06297302246094</LongitudeDegrees>
                        </Position>
                        <AltitudeMeters>431.3999938964844</AltitudeMeters>
                    </Trackpoint>
                    <Trackpoint>
                        <DistanceMeters>111.31990242004395</DistanceMeters>
                        <Time>2022-01-03T11:24:23.513Z</Time>
                        <Position>
                            <LatitudeDegrees>30.520503997802734</LatitudeDegrees>
                            <LongitudeDegrees>104.06298065185547</LongitudeDegrees>
                        </Position>
                        <AltitudeMeters>431.3999938964844</AltitudeMeters>
                    </Trackpoint>
                    <Trackpoint>
                        <DistanceMeters>111.31990242004395</DistanceMeters>
                        <Time>2022-01-03T11:24:23.881Z</Time>
                        <Position>
                            <LatitudeDegrees>30.5205078125</LatitudeDegrees>
                            <LongitudeDegrees>104.06299591064453</LongitudeDegrees>
                        </Position>
                        <AltitudeMeters>431.3999938964844</AltitudeMeters>
                    </Trackpoint>
                    <Trackpoint>
                        <DistanceMeters>111.31990242004395</DistanceMeters>
                        <Time>2022-01-03T11:24:24.459Z</Time>
                        <Position>
                            <LatitudeDegrees>30.5205135345459</LatitudeDegrees>
                            <LongitudeDegrees>104.0630111694336</LongitudeDegrees>
                        </Position>
                        <AltitudeMeters>431.3999938964844</AltitudeMeters>
                    </Trackpoint>
                    <Trackpoint>
                        <DistanceMeters>111.31990242004395</DistanceMeters>
                        <Time>2022-01-03T11:24:24.749Z</Time>
                        <Position>
                            <LatitudeDegrees>30.520517349243164</LatitudeDegrees>
                            <LongitudeDegrees>104.06302642822266</LongitudeDegrees>
                        </Position>
                        <AltitudeMeters>431.3999938964844</AltitudeMeters>
                    </Trackpoint>
                    <Trackpoint>
                        <DistanceMeters>111.31990242004395</DistanceMeters>
                        <Time>2022-01-03T11:24:25.689Z</Time>
                        <Position>
                            <LatitudeDegrees>30.52052879333496</LatitudeDegrees>
                            <LongitudeDegrees>104.06305694580078</LongitudeDegrees>
                        </Position>
                        <AltitudeMeters>431.3999938964844</AltitudeMeters>
                    </Trackpoint>
                    <Trackpoint>
                        <DistanceMeters>111.31990242004395</DistanceMeters>
                        <Time>2022-01-03T11:24:26.331Z</Time>
                        <Position>
                            <LatitudeDegrees>30.520536422729492</LatitudeDegrees>
                            <LongitudeDegrees>104.06307983398438</LongitudeDegrees>
                        </Position>
                        <AltitudeMeters>431.9147033691406</AltitudeMeters>
                    </Trackpoint>
                    <Trackpoint>
                        <DistanceMeters>111.31990242004395</DistanceMeters>
                        <Time>2022-01-03T11:24:27.593Z</Time>
                        <Position>
                            <LatitudeDegrees>30.520559310913086</LatitudeDegrees>
                            <LongitudeDegrees>104.06312561035156</LongitudeDegrees>
                        </Position>
                        <AltitudeMeters>430.3999938964844</AltitudeMeters>
                    </Trackpoint>
                    <Trackpoint>
                        <DistanceMeters>111.31990242004395</DistanceMeters>
                        <Time>2022-01-03T11:24:28.208Z</Time>
                        <Position>
                            <LatitudeDegrees>30.520565032958984</LatitudeDegrees>
                            <LongitudeDegrees>104.06314086914062</LongitudeDegrees>
                        </Position>
                        <AltitudeMeters>430.3999938964844</AltitudeMeters>
                    </Trackpoint>
                    <Trackpoint>
                        <DistanceMeters>111.31990242004395</DistanceMeters>
                        <Time>2022-01-03T11:24:28.849Z</Time>
                        <Position>
                            <LatitudeDegrees>30.52057456970215</LatitudeDegrees>
                            <LongitudeDegrees>104.06315612792969</LongitudeDegrees>
                        </Position>
                        <AltitudeMeters>430.3999938964844</AltitudeMeters>
                    </Trackpoint>
                    <Trackpoint>
                        <DistanceMeters>111.31990242004395</DistanceMeters>
                        <Time>2022-01-03T11:24:29.491Z</Time>
                        <Position>
                            <LatitudeDegrees>30.520584106445312</LatitudeDegrees>
                            <LongitudeDegrees>104.06318664550781</LongitudeDegrees>
                        </Position>
                        <AltitudeMeters>430.3999938964844</AltitudeMeters>
                    </Trackpoint>
                    <Trackpoint>
                        <DistanceMeters>193.2374210357666</DistanceMeters>
                        <Time>2022-01-03T11:24:30.117Z</Time>
                        <Position>
                            <LatitudeDegrees>30.520591735839844</LatitudeDegrees>
                            <LongitudeDegrees>104.06320190429688</LongitudeDegrees>
                        </Position>
                        <AltitudeMeters>430.3999938964844</AltitudeMeters>
                    </Trackpoint>
                    <Trackpoint>
                        <DistanceMeters>193.2374210357666</DistanceMeters>
                        <Time>2022-01-03T11:24:30.754Z</Time>
                        <Position>
                            <LatitudeDegrees>30.520599365234375</LatitudeDegrees>
                            <LongitudeDegrees>104.06321716308594</LongitudeDegrees>
                        </Position>
                        <AltitudeMeters>430.3999938964844</AltitudeMeters>
                    </Trackpoint>
                    <Trackpoint>
                        <DistanceMeters>193.2374210357666</DistanceMeters>
                        <Time>2022-01-03T11:24:31.351Z</Time>
                        <Position>
                            <LatitudeDegrees>30.520605087280273</LatitudeDegrees>
                            <LongitudeDegrees>104.06322479248047</LongitudeDegrees>
                        </Position>
                        <AltitudeMeters>430.3999938964844</AltitudeMeters>
                    </Trackpoint>
                    <Trackpoint>
                        <DistanceMeters>193.2374210357666</DistanceMeters>
                        <Time>2022-01-03T11:24:31.675Z</Time>
                        <Position>
                            <LatitudeDegrees>30.52060890197754</LatitudeDegrees>
                            <LongitudeDegrees>104.06324005126953</LongitudeDegrees>
                        </Position>
                        <AltitudeMeters>430.3999938964844</AltitudeMeters>
                    </Trackpoint>
                    <Trackpoint>
                        <DistanceMeters>193.2374210357666</DistanceMeters>
                        <Time>2022-01-03T11:24:32.316Z</Time>
                        <Position>
                            <LatitudeDegrees>30.52061653137207</LatitudeDegrees>
                            <LongitudeDegrees>104.0632553100586</LongitudeDegrees>
                        </Position>
                        <AltitudeMeters>432.9429931640625</AltitudeMeters>
                    </Trackpoint>
                    <Trackpoint>
                        <DistanceMeters>193.2374210357666</DistanceMeters>
                        <Time>2022-01-03T11:24:32.632Z</Time>
                        <Position>
                            <LatitudeDegrees>30.520620346069336</LatitudeDegrees>
                            <LongitudeDegrees>104.06326293945312</LongitudeDegrees>
                        </Position>
                        <AltitudeMeters>432.9429931640625</AltitudeMeters>
                    </Trackpoint>
                    <Trackpoint>
                        <DistanceMeters>193.2374210357666</DistanceMeters>
                        <Time>2022-01-03T11:24:33.276Z</Time>
                        <Position>
                            <LatitudeDegrees>30.5206298828125</LatitudeDegrees>
                            <LongitudeDegrees>104.06328582763672</LongitudeDegrees>
                        </Position>
                        <AltitudeMeters>432.9429931640625</AltitudeMeters>
                    </Trackpoint>
                    <Trackpoint>
                        <DistanceMeters>193.2374210357666</DistanceMeters>
                        <Time>2022-01-03T11:24:33.881Z</Time>
                        <Position>
                            <LatitudeDegrees>30.5206356048584</LatitudeDegrees>
                            <LongitudeDegrees>104.06330108642578</LongitudeDegrees>
                        </Position>
                        <AltitudeMeters>432.9429931640625</AltitudeMeters>
                    </Trackpoint>
                    <Trackpoint>
                        <DistanceMeters>193.2374210357666</DistanceMeters>
                        <Time>2022-01-03T11:24:34.232Z</Time>
                        <Position>
                            <LatitudeDegrees>30.520641326904297</LatitudeDegrees>
                            <LongitudeDegrees>104.06331634521484</LongitudeDegrees>
                        </Position>
                        <AltitudeMeters>432.9429931640625</AltitudeMeters>
                    </Trackpoint>
                    <Trackpoint>
                        <DistanceMeters>193.2374210357666</DistanceMeters>
                        <Time>2022-01-03T11:24:35.170Z</Time>
                        <Position>
                            <LatitudeDegrees>30.52065086364746</LatitudeDegrees>
                            <LongitudeDegrees>104.06333923339844</LongitudeDegrees>
                        </Position>
                        <AltitudeMeters>432.9429931640625</AltitudeMeters>
                    </Trackpoint>
                    <Trackpoint>
                        <DistanceMeters>193.2374210357666</DistanceMeters>
                        <Time>2022-01-03T11:24:35.812Z</Time>
                        <Position>
                            <LatitudeDegrees>30.520658493041992</LatitudeDegrees>
                            <LongitudeDegrees>104.0633544921875</LongitudeDegrees>
                        </Position>
                        <AltitudeMeters>432.9429931640625</AltitudeMeters>
                    </Trackpoint>
                    <Trackpoint>
                        <DistanceMeters>193.2374210357666</DistanceMeters>
                        <Time>2022-01-03T11:24:36.736Z</Time>
                        <Position>
                            <LatitudeDegrees>30.520671844482422</LatitudeDegrees>
                            <LongitudeDegrees>104.06336975097656</LongitudeDegrees>
                        </Position>
                        <AltitudeMeters>430.3999938964844</AltitudeMeters>
                    </Trackpoint>
                    <Trackpoint>
                        <DistanceMeters>193.2374210357666</DistanceMeters>
                        <Time>2022-01-03T11:24:37.392Z</Time>
                        <Position>
                            <LatitudeDegrees>30.520681381225586</LatitudeDegrees>
                            <LongitudeDegrees>104.06336975097656</LongitudeDegrees>
                        </Position>
                        <AltitudeMeters>430.3999938964844</AltitudeMeters>
                    </Trackpoint>
                    <Trackpoint>
                        <DistanceMeters>193.2374210357666</DistanceMeters>
                        <Time>2022-01-03T11:24:38.655Z</Time>
                        <Position>
                            <LatitudeDegrees>30.52070426940918</LatitudeDegrees>
                            <LongitudeDegrees>104.0633773803711</LongitudeDegrees>
                        </Position>
                        <AltitudeMeters>430.3999938964844</AltitudeMeters>
                    </Trackpoint>
                    <Trackpoint>
                        <DistanceMeters>193.2374210357666</DistanceMeters>
                        <Time>2022-01-03T11:24:39.596Z</Time>
                        <Position>
                            <LatitudeDegrees>30.520723342895508</LatitudeDegrees>
                            <LongitudeDegrees>104.06336975097656</LongitudeDegrees>
                        </Position>
                        <AltitudeMeters>430.3999938964844</AltitudeMeters>
                    </Trackpoint>
                    <Trackpoint>
                        <DistanceMeters>193.2374210357666</DistanceMeters>
                        <Time>2022-01-03T11:24:40.552Z</Time>
                        <Position>
                            <LatitudeDegrees>30.520748138427734</LatitudeDegrees>
                            <LongitudeDegrees>104.0633544921875</LongitudeDegrees>
                        </Position>
                        <AltitudeMeters>430.3999938964844</AltitudeMeters>
                    </Trackpoint>
                    <Trackpoint>
                        <DistanceMeters>193.2374210357666</DistanceMeters>
                        <Time>2022-01-03T11:24:41.148Z</Time>
                        <Position>
                            <LatitudeDegrees>30.52076530456543</LatitudeDegrees>
                            <LongitudeDegrees>104.0633544921875</LongitudeDegrees>
                        </Position>
                        <AltitudeMeters>430.3999938964844</AltitudeMeters>
                    </Trackpoint>
                    <Trackpoint>
                        <DistanceMeters>193.2374210357666</DistanceMeters>
                        <Time>2022-01-03T11:24:41.493Z</Time>
                        <Position>
                            <LatitudeDegrees>30.520776748657227</LatitudeDegrees>
                            <LongitudeDegrees>104.0633544921875</LongitudeDegrees>
                        </Position>
                        <AltitudeMeters>430.3999938964844</AltitudeMeters>
                    </Trackpoint>
                    <Trackpoint>
                        <DistanceMeters>193.2374210357666</DistanceMeters>
                        <Time>2022-01-03T11:24:41.880Z</Time>
                        <Position>
                            <LatitudeDegrees>30.52079963684082</LatitudeDegrees>
                            <LongitudeDegrees>104.06336212158203</LongitudeDegrees>
                        </Position>
                        <AltitudeMeters>430.3999938964844</AltitudeMeters>
                    </Trackpoint>
                    <Trackpoint>
                        <DistanceMeters>193.2374210357666</DistanceMeters>
                        <Time>2022-01-03T11:24:43.881Z</Time>
                        <Position>
                            <LatitudeDegrees>30.52081871032715</LatitudeDegrees>
                            <LongitudeDegrees>104.06336975097656</LongitudeDegrees>
                        </Position>
                        <AltitudeMeters>430.3999938964844</AltitudeMeters>
                    </Trackpoint>
                    <Trackpoint>
                        <DistanceMeters>193.2374210357666</DistanceMeters>
                        <Time>2022-01-03T11:24:44.885Z</Time>
                        <Position>
                            <LatitudeDegrees>30.52083969116211</LatitudeDegrees>
                            <LongitudeDegrees>104.06338500976562</LongitudeDegrees>
                        </Position>
                        <AltitudeMeters>430.3999938964844</AltitudeMeters>
                    </Trackpoint>
                    <Trackpoint>
                        <DistanceMeters>193.2374210357666</DistanceMeters>
                        <Time>2022-01-03T11:24:46.885Z</Time>
                        <Position>
                            <LatitudeDegrees>30.520856857299805</LatitudeDegrees>
                            <LongitudeDegrees>104.06340789794922</LongitudeDegrees>
                        </Position>
                        <AltitudeMeters>430.3999938964844</AltitudeMeters>
                    </Trackpoint>
                    <Trackpoint>
                        <DistanceMeters>193.2374210357666</DistanceMeters>
                        <Time>2022-01-03T11:24:48.392Z</Time>
                        <Position>
                            <LatitudeDegrees>30.520877838134766</LatitudeDegrees>
                            <LongitudeDegrees>104.06343841552734</LongitudeDegrees>
                        </Position>
                        <AltitudeMeters>428.79998779296875</AltitudeMeters>
                    </Trackpoint>
                    <Trackpoint>
                        <DistanceMeters>193.2374210357666</DistanceMeters>
                        <Time>2022-01-03T11:24:49.376Z</Time>
                        <Position>
                            <LatitudeDegrees>30.520889282226562</LatitudeDegrees>
                            <LongitudeDegrees>104.06343841552734</LongitudeDegrees>
                        </Position>
                        <AltitudeMeters>428.79998779296875</AltitudeMeters>
                    </Trackpoint>
                    <Trackpoint>
                        <DistanceMeters>193.2374210357666</DistanceMeters>
                        <Time>2022-01-03T11:24:49.991Z</Time>
                        <Position>
                            <LatitudeDegrees>30.520898818969727</LatitudeDegrees>
                            <LongitudeDegrees>104.06346130371094</LongitudeDegrees>
                        </Position>
                        <AltitudeMeters>428.79998779296875</AltitudeMeters>
                    </Trackpoint>
                    <Trackpoint>
                        <DistanceMeters>193.2374210357666</DistanceMeters>
                        <Time>2022-01-03T11:24:50.332Z</Time>
                        <Position>
                            <LatitudeDegrees>30.520904541015625</LatitudeDegrees>
                            <LongitudeDegrees>104.06346893310547</LongitudeDegrees>
                        </Position>
                        <AltitudeMeters>428.79998779296875</AltitudeMeters>
                    </Trackpoint>
                    <Trackpoint>
                        <DistanceMeters>193.2374210357666</DistanceMeters>
                        <Time>2022-01-03T11:24:50.884Z</Time>
                        <Position>
                            <LatitudeDegrees>30.52091407775879</LatitudeDegrees>
                            <LongitudeDegrees>104.06348419189453</LongitudeDegrees>
                        </Position>
                        <AltitudeMeters>428.79998779296875</AltitudeMeters>
                    </Trackpoint>
                    <Trackpoint>
                        <DistanceMeters>193.2374210357666</DistanceMeters>
                        <Time>2022-01-03T11:24:51.587Z</Time>
                        <Position>
                            <LatitudeDegrees>30.520925521850586</LatitudeDegrees>
                            <LongitudeDegrees>104.06350708007812</LongitudeDegrees>
                        </Position>
                        <AltitudeMeters>428.79998779296875</AltitudeMeters>
                    </Trackpoint>
                    <Trackpoint>
                        <DistanceMeters>193.2374210357666</DistanceMeters>
                        <Time>2022-01-03T11:24:51.882Z</Time>
                        <Position>
                            <LatitudeDegrees>30.520931243896484</LatitudeDegrees>
                            <LongitudeDegrees>104.06352233886719</LongitudeDegrees>
                        </Position>
                        <AltitudeMeters>428.79998779296875</AltitudeMeters>
                    </Trackpoint>
                    <Trackpoint>
                        <DistanceMeters>193.2374210357666</DistanceMeters>
                        <Time>2022-01-03T11:24:52.553Z</Time>
                        <Position>
                            <LatitudeDegrees>30.52094268798828</LatitudeDegrees>
                            <LongitudeDegrees>104.06353759765625</LongitudeDegrees>
                        </Position>
                        <AltitudeMeters>428.79998779296875</AltitudeMeters>
                    </Trackpoint>
                    <Trackpoint>
                        <DistanceMeters>193.2374210357666</DistanceMeters>
                        <Time>2022-01-03T11:24:53.167Z</Time>
                        <Position>
                            <LatitudeDegrees>30.520952224731445</LatitudeDegrees>
                            <LongitudeDegrees>104.06356048583984</LongitudeDegrees>
                        </Position>
                        <AltitudeMeters>428.79998779296875</AltitudeMeters>
                    </Trackpoint>
                    <Trackpoint>
                        <DistanceMeters>193.2374210357666</DistanceMeters>
                        <Time>2022-01-03T11:24:53.529Z</Time>
                        <Position>
                            <LatitudeDegrees>30.520957946777344</LatitudeDegrees>
                            <LongitudeDegrees>104.0635757446289</LongitudeDegrees>
                        </Position>
                        <AltitudeMeters>428.79998779296875</AltitudeMeters>
                    </Trackpoint>
                    <Trackpoint>
                        <DistanceMeters>193.2374210357666</DistanceMeters>
                        <Time>2022-01-03T11:24:53.881Z</Time>
                        <Position>
                            <LatitudeDegrees>30.520963668823242</LatitudeDegrees>
                            <LongitudeDegrees>104.06358337402344</LongitudeDegrees>
                        </Position>
                        <AltitudeMeters>428.79998779296875</AltitudeMeters>
                    </Trackpoint>
                    <Trackpoint>
                        <DistanceMeters>193.2374210357666</DistanceMeters>
                        <Time>2022-01-03T11:24:54.470Z</Time>
                        <Position>
                            <LatitudeDegrees>30.520973205566406</LatitudeDegrees>
                            <LongitudeDegrees>104.06360626220703</LongitudeDegrees>
                        </Position>
                        <AltitudeMeters>428.79998779296875</AltitudeMeters>
                    </Trackpoint>
                    <Trackpoint>
                        <DistanceMeters>193.2374210357666</DistanceMeters>
                        <Time>2022-01-03T11:24:54.883Z</Time>
                        <Position>
                            <LatitudeDegrees>30.520980834960938</LatitudeDegrees>
                            <LongitudeDegrees>104.0636215209961</LongitudeDegrees>
                        </Position>
                        <AltitudeMeters>428.79998779296875</AltitudeMeters>
                    </Trackpoint>
                    <Trackpoint>
                        <DistanceMeters>193.2374210357666</DistanceMeters>
                        <Time>2022-01-03T11:24:55.738Z</Time>
                        <Position>
                            <LatitudeDegrees>30.52099609375</LatitudeDegrees>
                            <LongitudeDegrees>104.06364440917969</LongitudeDegrees>
                        </Position>
                        <AltitudeMeters>428.79998779296875</AltitudeMeters>
                    </Trackpoint>
                    <Trackpoint>
                        <DistanceMeters>193.2374210357666</DistanceMeters>
                        <Time>2022-01-03T11:24:56.883Z</Time>
                        <Position>
                            <LatitudeDegrees>30.521011352539062</LatitudeDegrees>
                            <LongitudeDegrees>104.06366729736328</LongitudeDegrees>
                        </Position>
                        <AltitudeMeters>428.79998779296875</AltitudeMeters>
                    </Trackpoint>
                    <Trackpoint>
                        <DistanceMeters>193.2374210357666</DistanceMeters>
                        <Time>2022-01-03T11:24:57.334Z</Time>
                        <Position>
                            <LatitudeDegrees>30.521018981933594</LatitudeDegrees>
                            <LongitudeDegrees>104.06368255615234</LongitudeDegrees>
                        </Position>
                        <AltitudeMeters>428.79998779296875</AltitudeMeters>
                    </Trackpoint>
                    <Trackpoint>
                        <DistanceMeters>193.2374210357666</DistanceMeters>
                        <Time>2022-01-03T11:24:57.930Z</Time>
                        <Position>
                            <LatitudeDegrees>30.521028518676758</LatitudeDegrees>
                            <LongitudeDegrees>104.06369018554688</LongitudeDegrees>
                        </Position>
                        <AltitudeMeters>428.79998779296875</AltitudeMeters>
                    </Trackpoint>
                    <Trackpoint>
                        <DistanceMeters>193.2374210357666</DistanceMeters>
                        <Time>2022-01-03T11:24:58.877Z</Time>
                        <Position>
                            <LatitudeDegrees>30.521045684814453</LatitudeDegrees>
                            <LongitudeDegrees>104.06371307373047</LongitudeDegrees>
                        </Position>
                        <AltitudeMeters>428.79998779296875</AltitudeMeters>
                    </Trackpoint>
                    <Trackpoint>
                        <DistanceMeters>193.2374210357666</DistanceMeters>
                        <Time>2022-01-03T11:24:59.833Z</Time>
                        <Position>
                            <LatitudeDegrees>30.521059036254883</LatitudeDegrees>
                            <LongitudeDegrees>104.06372833251953</LongitudeDegrees>
                        </Position>
                        <AltitudeMeters>428.79998779296875</AltitudeMeters>
                    </Trackpoint>
                    <Trackpoint>
                        <DistanceMeters>270.958703994751</DistanceMeters>
                        <Time>2022-01-03T11:25:00.457Z</Time>
                        <Position>
                            <LatitudeDegrees>30.52106475830078</LatitudeDegrees>
                            <LongitudeDegrees>104.0637435913086</LongitudeDegrees>
                        </Position>
                        <AltitudeMeters>428.79998779296875</AltitudeMeters>
                    </Trackpoint>
                    <Trackpoint>
                        <DistanceMeters>270.958703994751</DistanceMeters>
                        <Time>2022-01-03T11:25:01.417Z</Time>
                        <Position>
                            <LatitudeDegrees>30.521076202392578</LatitudeDegrees>
                            <LongitudeDegrees>104.06376647949219</LongitudeDegrees>
                        </Position>
                        <AltitudeMeters>428.79998779296875</AltitudeMeters>
                    </Trackpoint>
                    <Trackpoint>
                        <DistanceMeters>270.958703994751</DistanceMeters>
                        <Time>2022-01-03T11:25:02.372Z</Time>
                        <Position>
                            <LatitudeDegrees>30.521089553833008</LatitudeDegrees>
                            <LongitudeDegrees>104.06378936767578</LongitudeDegrees>
                        </Position>
                        <AltitudeMeters>428.79998779296875</AltitudeMeters>
                    </Trackpoint>
                    <Trackpoint>
                        <DistanceMeters>270.958703994751</DistanceMeters>
                        <Time>2022-01-03T11:25:02.882Z</Time>
                        <Position>
                            <LatitudeDegrees>30.521095275878906</LatitudeDegrees>
                            <LongitudeDegrees>104.06380462646484</LongitudeDegrees>
                        </Position>
                        <AltitudeMeters>428.79998779296875</AltitudeMeters>
                    </Trackpoint>
                    <Trackpoint>
                        <DistanceMeters>270.958703994751</DistanceMeters>
                        <Time>2022-01-03T11:25:03.310Z</Time>
                        <Position>
                            <LatitudeDegrees>30.521099090576172</LatitudeDegrees>
                            <LongitudeDegrees>104.06381225585938</LongitudeDegrees>
                        </Position>
                        <AltitudeMeters>428.79998779296875</AltitudeMeters>
                    </Trackpoint>
                    <Trackpoint>
                        <DistanceMeters>270.958703994751</DistanceMeters>
                        <Time>2022-01-03T11:25:04.231Z</Time>
                        <Position>
                            <LatitudeDegrees>30.52110481262207</LatitudeDegrees>
                            <LongitudeDegrees>104.06383514404297</LongitudeDegrees>
                        </Position>
                        <AltitudeMeters>428.79998779296875</AltitudeMeters>
                    </Trackpoint>
                    <Trackpoint>
                        <DistanceMeters>270.958703994751</DistanceMeters>
                        <Time>2022-01-03T11:25:04.575Z</Time>
                        <Position>
                            <LatitudeDegrees>30.52110481262207</LatitudeDegrees>
                            <LongitudeDegrees>104.0638427734375</LongitudeDegrees>
                        </Position>
                        <AltitudeMeters>428.79998779296875</AltitudeMeters>
                    </Trackpoint>
                    <Trackpoint>
                        <DistanceMeters>270.958703994751</DistanceMeters>
                        <Time>2022-01-03T11:25:04.882Z</Time>
                        <Position>
                            <LatitudeDegrees>30.521106719970703</LatitudeDegrees>
                            <LongitudeDegrees>104.06385040283203</LongitudeDegrees>
                        </Position>
                        <AltitudeMeters>428.79998779296875</AltitudeMeters>
                    </Trackpoint>
                    <Trackpoint>
                        <DistanceMeters>270.958703994751</DistanceMeters>
                        <Time>2022-01-03T11:25:05.530Z</Time>
                        <Position>
                            <LatitudeDegrees>30.5211124420166</LatitudeDegrees>
                            <LongitudeDegrees>104.06387329101562</LongitudeDegrees>
                        </Position>
                        <AltitudeMeters>428.79998779296875</AltitudeMeters>
                    </Trackpoint>
                    <Trackpoint>
                        <DistanceMeters>270.958703994751</DistanceMeters>
                        <Time>2022-01-03T11:25:06.173Z</Time>
                        <Position>
                            <LatitudeDegrees>30.5211181640625</LatitudeDegrees>
                            <LongitudeDegrees>104.06388854980469</LongitudeDegrees>
                        </Position>
                        <AltitudeMeters>428.79998779296875</AltitudeMeters>
                    </Trackpoint>
                    <Trackpoint>
                        <DistanceMeters>270.958703994751</DistanceMeters>
                        <Time>2022-01-03T11:25:06.882Z</Time>
                        <Position>
                            <LatitudeDegrees>30.52112579345703</LatitudeDegrees>
                            <LongitudeDegrees>104.06390380859375</LongitudeDegrees>
                        </Position>
                        <AltitudeMeters>428.79998779296875</AltitudeMeters>
                    </Trackpoint>
                    <Trackpoint>
                        <DistanceMeters>270.958703994751</DistanceMeters>
                        <Time>2022-01-03T11:25:07.445Z</Time>
                        <Position>
                            <LatitudeDegrees>30.521129608154297</LatitudeDegrees>
                            <LongitudeDegrees>104.06391906738281</LongitudeDegrees>
                        </Position>
                        <AltitudeMeters>428.79998779296875</AltitudeMeters>
                    </Trackpoint>
                    <Trackpoint>
                        <DistanceMeters>270.958703994751</DistanceMeters>
                        <Time>2022-01-03T11:25:07.882Z</Time>
                        <Position>
                            <LatitudeDegrees>30.521135330200195</LatitudeDegrees>
                            <LongitudeDegrees>104.06392669677734</LongitudeDegrees>
                        </Position>
                        <AltitudeMeters>428.79998779296875</AltitudeMeters>
                    </Trackpoint>
                    <Trackpoint>
                        <DistanceMeters>270.958703994751</DistanceMeters>
                        <Time>2022-01-03T11:25:08.990Z</Time>
                        <Position>
                            <LatitudeDegrees>30.52114486694336</LatitudeDegrees>
                            <LongitudeDegrees>104.06394958496094</LongitudeDegrees>
                        </Position>
                        <AltitudeMeters>428.79998779296875</AltitudeMeters>
                    </Trackpoint>
                    <Trackpoint>
                        <DistanceMeters>270.958703994751</DistanceMeters>
                        <Time>2022-01-03T11:25:09.337Z</Time>
                        <Position>
                            <LatitudeDegrees>30.521148681640625</LatitudeDegrees>
                            <LongitudeDegrees>104.06395721435547</LongitudeDegrees>
                        </Position>
                        <AltitudeMeters>428.79998779296875</AltitudeMeters>
                    </Trackpoint>
                    <Trackpoint>
                        <DistanceMeters>270.958703994751</DistanceMeters>
                        <Time>2022-01-03T11:25:09.885Z</Time>
                        <Position>
                            <LatitudeDegrees>30.521154403686523</LatitudeDegrees>
                            <LongitudeDegrees>104.06397247314453</LongitudeDegrees>
                        </Position>
                        <AltitudeMeters>428.79998779296875</AltitudeMeters>
                    </Trackpoint>
                    <Trackpoint>
                        <DistanceMeters>270.958703994751</DistanceMeters>
                        <Time>2022-01-03T11:25:10.590Z</Time>
                        <Position>
                            <LatitudeDegrees>30.521163940429688</LatitudeDegrees>
                            <LongitudeDegrees>104.06399536132812</LongitudeDegrees>
                        </Position>
                        <AltitudeMeters>428.79998779296875</AltitudeMeters>
                    </Trackpoint>
                    <Trackpoint>
                        <DistanceMeters>270.958703994751</DistanceMeters>
                        <Time>2022-01-03T11:25:11.511Z</Time>
                        <Position>
                            <LatitudeDegrees>30.521181106567383</LatitudeDegrees>
                            <LongitudeDegrees>104.06401824951172</LongitudeDegrees>
                        </Position>
                        <AltitudeMeters>428.79998779296875</AltitudeMeters>
                    </Trackpoint>
                    <Trackpoint>
                        <DistanceMeters>270.958703994751</DistanceMeters>
                        <Time>2022-01-03T11:25:11.853Z</Time>
                        <Position>
                            <LatitudeDegrees>30.52118682861328</LatitudeDegrees>
                            <LongitudeDegrees>104.06402587890625</LongitudeDegrees>
                        </Position>
                        <AltitudeMeters>428.79998779296875</AltitudeMeters>
                    </Trackpoint>
                    <Trackpoint>
                        <DistanceMeters>270.958703994751</DistanceMeters>
                        <Time>2022-01-03T11:25:12.475Z</Time>
                        <Position>
                            <LatitudeDegrees>30.521196365356445</LatitudeDegrees>
                            <LongitudeDegrees>104.06404113769531</LongitudeDegrees>
                        </Position>
                        <AltitudeMeters>428.79998779296875</AltitudeMeters>
                    </Trackpoint>
                    <Trackpoint>
                        <DistanceMeters>270.958703994751</DistanceMeters>
                        <Time>2022-01-03T11:25:13.732Z</Time>
                        <Position>
                            <LatitudeDegrees>30.521215438842773</LatitudeDegrees>
                            <LongitudeDegrees>104.0640640258789</LongitudeDegrees>
                        </Position>
                        <AltitudeMeters>428.79998779296875</AltitudeMeters>
                    </Trackpoint>
                    <Trackpoint>
                        <DistanceMeters>270.958703994751</DistanceMeters>
                        <Time>2022-01-03T11:25:14.375Z</Time>
                        <Position>
                            <LatitudeDegrees>30.521224975585938</LatitudeDegrees>
                            <LongitudeDegrees>104.06407928466797</LongitudeDegrees>
                        </Position>
                        <AltitudeMeters>428.79998779296875</AltitudeMeters>
                    </Trackpoint>
                    <Trackpoint>
                        <DistanceMeters>270.958703994751</DistanceMeters>
                        <Time>2022-01-03T11:25:14.995Z</Time>
                        <Position>
                            <LatitudeDegrees>30.5212345123291</LatitudeDegrees>
                            <LongitudeDegrees>104.0640869140625</LongitudeDegrees>
                        </Position>
                        <AltitudeMeters>428.79998779296875</AltitudeMeters>
                    </Trackpoint>
                    <Trackpoint>
                        <DistanceMeters>270.958703994751</DistanceMeters>
                        <Time>2022-01-03T11:25:15.885Z</Time>
                        <Position>
                            <LatitudeDegrees>30.521251678466797</LatitudeDegrees>
                            <LongitudeDegrees>104.06410217285156</LongitudeDegrees>
                        </Position>
                        <AltitudeMeters>428.79998779296875</AltitudeMeters>
                    </Trackpoint>
                    <Trackpoint>
                        <DistanceMeters>270.958703994751</DistanceMeters>
                        <Time>2022-01-03T11:25:16.875Z</Time>
                        <Position>
                            <LatitudeDegrees>30.521272659301758</LatitudeDegrees>
                            <LongitudeDegrees>104.0641098022461</LongitudeDegrees>
                        </Position>
                        <AltitudeMeters>428.79998779296875</AltitudeMeters>
                    </Trackpoint>
                    <Trackpoint>
                        <DistanceMeters>270.958703994751</DistanceMeters>
                        <Time>2022-01-03T11:25:17.534Z</Time>
                        <Position>
                            <LatitudeDegrees>30.521289825439453</LatitudeDegrees>
                            <LongitudeDegrees>104.06411743164062</LongitudeDegrees>
                        </Position>
                        <AltitudeMeters>428.79998779296875</AltitudeMeters>
                    </Trackpoint>
                    <Trackpoint>
                        <DistanceMeters>270.958703994751</DistanceMeters>
                        <Time>2022-01-03T11:25:17.882Z</Time>
                        <Position>
                            <LatitudeDegrees>30.52130126953125</LatitudeDegrees>
                            <LongitudeDegrees>104.06411743164062</LongitudeDegrees>
                        </Position>
                        <AltitudeMeters>428.79998779296875</AltitudeMeters>
                    </Trackpoint>
                    <Trackpoint>
                        <DistanceMeters>270.958703994751</DistanceMeters>
                        <Time>2022-01-03T11:25:18.453Z</Time>
                        <Position>
                            <LatitudeDegrees>30.521316528320312</LatitudeDegrees>
                            <LongitudeDegrees>104.06412506103516</LongitudeDegrees>
                        </Position>
                        <AltitudeMeters>428.79998779296875</AltitudeMeters>
                    </Trackpoint>
                    <Trackpoint>
                        <DistanceMeters>270.958703994751</DistanceMeters>
                        <Time>2022-01-03T11:25:19.393Z</Time>
                        <Position>
                            <LatitudeDegrees>30.521333694458008</LatitudeDegrees>
                            <LongitudeDegrees>104.06413269042969</LongitudeDegrees>
                        </Position>
                        <AltitudeMeters>428.79998779296875</AltitudeMeters>
                    </Trackpoint>
                    <Trackpoint>
                        <DistanceMeters>270.958703994751</DistanceMeters>
                        <Time>2022-01-03T11:25:19.881Z</Time>
                        <Position>
                            <LatitudeDegrees>30.52134132385254</LatitudeDegrees>
                            <LongitudeDegrees>104.06414031982422</LongitudeDegrees>
                        </Position>
                        <AltitudeMeters>428.79998779296875</AltitudeMeters>
                    </Trackpoint>
                    <Trackpoint>
                        <DistanceMeters>270.958703994751</DistanceMeters>
                        <Time>2022-01-03T11:25:20.674Z</Time>
                        <Position>
                            <LatitudeDegrees>30.521352767944336</LatitudeDegrees>
                            <LongitudeDegrees>104.06415557861328</LongitudeDegrees>
                        </Position>
                        <AltitudeMeters>428.79998779296875</AltitudeMeters>
                    </Trackpoint>
                    <Trackpoint>
                        <DistanceMeters>270.958703994751</DistanceMeters>
                        <Time>2022-01-03T11:25:21.633Z</Time>
                        <Position>
                            <LatitudeDegrees>30.5213623046875</LatitudeDegrees>
                            <LongitudeDegrees>104.06417083740234</LongitudeDegrees>
                        </Position>
                        <AltitudeMeters>428.79998779296875</AltitudeMeters>
                    </Trackpoint>
                    <Trackpoint>
                        <DistanceMeters>270.958703994751</DistanceMeters>
                        <Time>2022-01-03T11:25:22.552Z</Time>
                        <Position>
                            <LatitudeDegrees>30.521373748779297</LatitudeDegrees>
                            <LongitudeDegrees>104.06417846679688</LongitudeDegrees>
                        </Position>
                        <AltitudeMeters>428.79998779296875</AltitudeMeters>
                    </Trackpoint>
                    <Trackpoint>
                        <DistanceMeters>270.958703994751</DistanceMeters>
                        <Time>2022-01-03T11:25:23.195Z</Time>
                        <Position>
                            <LatitudeDegrees>30.521385192871094</LatitudeDegrees>
                            <LongitudeDegrees>104.06419372558594</LongitudeDegrees>
                        </Position>
                        <AltitudeMeters>428.79998779296875</AltitudeMeters>
                    </Trackpoint>
                    <Trackpoint>
                        <DistanceMeters>270.958703994751</DistanceMeters>
                        <Time>2022-01-03T11:25:23.855Z</Time>
                        <Position>
                            <LatitudeDegrees>30.521394729614258</LatitudeDegrees>
                            <LongitudeDegrees>104.064208984375</LongitudeDegrees>
                        </Position>
                        <AltitudeMeters>428.79998779296875</AltitudeMeters>
                    </Trackpoint>
                    <Trackpoint>
                        <DistanceMeters>270.958703994751</DistanceMeters>
                        <Time>2022-01-03T11:25:24.882Z</Time>
                        <Position>
                            <LatitudeDegrees>30.52140998840332</LatitudeDegrees>
                            <LongitudeDegrees>104.06422424316406</LongitudeDegrees>
                        </Position>
                        <AltitudeMeters>428.79998779296875</AltitudeMeters>
                    </Trackpoint>
                    <Trackpoint>
                        <DistanceMeters>270.958703994751</DistanceMeters>
                        <Time>2022-01-03T11:25:25.714Z</Time>
                        <Position>
                            <LatitudeDegrees>30.52141761779785</LatitudeDegrees>
                            <LongitudeDegrees>104.06423950195312</LongitudeDegrees>
                        </Position>
                        <AltitudeMeters>428.79998779296875</AltitudeMeters>
                    </Trackpoint>
                    <Trackpoint>
                        <DistanceMeters>270.958703994751</DistanceMeters>
                        <Time>2022-01-03T11:25:26.357Z</Time>
                        <Position>
                            <LatitudeDegrees>30.52142333984375</LatitudeDegrees>
                            <LongitudeDegrees>104.06425476074219</LongitudeDegrees>
                        </Position>
                        <AltitudeMeters>428.79998779296875</AltitudeMeters>
                    </Trackpoint>
                    <Trackpoint>
                        <DistanceMeters>270.958703994751</DistanceMeters>
                        <Time>2022-01-03T11:25:26.883Z</Time>
                        <Position>
                            <LatitudeDegrees>30.52142906188965</LatitudeDegrees>
                            <LongitudeDegrees>104.06426239013672</LongitudeDegrees>
                        </Position>
                        <AltitudeMeters>428.79998779296875</AltitudeMeters>
                    </Trackpoint>
                    <Trackpoint>
                        <DistanceMeters>270.958703994751</DistanceMeters>
                        <Time>2022-01-03T11:25:27.276Z</Time>
                        <Position>
                            <LatitudeDegrees>30.521432876586914</LatitudeDegrees>
                            <LongitudeDegrees>104.06427764892578</LongitudeDegrees>
                        </Position>
                        <AltitudeMeters>428.79998779296875</AltitudeMeters>
                    </Trackpoint>
                    <Trackpoint>
                        <DistanceMeters>270.958703994751</DistanceMeters>
                        <Time>2022-01-03T11:25:27.890Z</Time>
                        <Position>
                            <LatitudeDegrees>30.521440505981445</LatitudeDegrees>
                            <LongitudeDegrees>104.06429290771484</LongitudeDegrees>
                        </Position>
                        <AltitudeMeters>428.79998779296875</AltitudeMeters>
                    </Trackpoint>
                    <Trackpoint>
                        <DistanceMeters>270.958703994751</DistanceMeters>
                        <Time>2022-01-03T11:25:28.549Z</Time>
                        <Position>
                            <LatitudeDegrees>30.52145004272461</LatitudeDegrees>
                            <LongitudeDegrees>104.0643081665039</LongitudeDegrees>
                        </Position>
                        <AltitudeMeters>428.79998779296875</AltitudeMeters>
                    </Trackpoint>
                    <Trackpoint>
                        <DistanceMeters>270.958703994751</DistanceMeters>
                        <Time>2022-01-03T11:25:28.855Z</Time>
                        <Position>
                            <LatitudeDegrees>30.521455764770508</LatitudeDegrees>
                            <LongitudeDegrees>104.06432342529297</LongitudeDegrees>
                        </Position>
                        <AltitudeMeters>428.79998779296875</AltitudeMeters>
                    </Trackpoint>
                    <Trackpoint>
                        <DistanceMeters>270.958703994751</DistanceMeters>
                        <Time>2022-01-03T11:25:29.458Z</Time>
                        <Position>
                            <LatitudeDegrees>30.52146339416504</LatitudeDegrees>
                            <LongitudeDegrees>104.06434631347656</LongitudeDegrees>
                        </Position>
                        <AltitudeMeters>428.79998779296875</AltitudeMeters>
                    </Trackpoint>
                    <Trackpoint>
                        <DistanceMeters>350.9634952545166</DistanceMeters>
                        <Time>2022-01-03T11:25:30.111Z</Time>
                        <Position>
                            <LatitudeDegrees>30.521467208862305</LatitudeDegrees>
                            <LongitudeDegrees>104.0643539428711</LongitudeDegrees>
                        </Position>
                        <AltitudeMeters>428.79998779296875</AltitudeMeters>
                    </Trackpoint>
                    <Trackpoint>
                        <DistanceMeters>350.9634952545166</DistanceMeters>
                        <Time>2022-01-03T11:25:30.882Z</Time>
                        <Position>
                            <LatitudeDegrees>30.521472930908203</LatitudeDegrees>
                            <LongitudeDegrees>104.06436920166016</LongitudeDegrees>
                        </Position>
                        <AltitudeMeters>428.79998779296875</AltitudeMeters>
                    </Trackpoint>
                    <Trackpoint>
                        <DistanceMeters>350.9634952545166</DistanceMeters>
                        <Time>2022-01-03T11:25:31.692Z</Time>
                        <Position>
                            <LatitudeDegrees>30.52147674560547</LatitudeDegrees>
                            <LongitudeDegrees>104.06439208984375</LongitudeDegrees>
                        </Position>
                        <AltitudeMeters>428.79998779296875</AltitudeMeters>
                    </Trackpoint>
                    <Trackpoint>
                        <DistanceMeters>350.9634952545166</DistanceMeters>
                        <Time>2022-01-03T11:25:32.015Z</Time>
                        <Position>
                            <LatitudeDegrees>30.52147674560547</LatitudeDegrees>
                            <LongitudeDegrees>104.06440734863281</LongitudeDegrees>
                        </Position>
                        <AltitudeMeters>428.79998779296875</AltitudeMeters>
                    </Trackpoint>
                    <Trackpoint>
                        <DistanceMeters>350.9634952545166</DistanceMeters>
                        <Time>2022-01-03T11:25:32.676Z</Time>
                        <Position>
                            <LatitudeDegrees>30.521474838256836</LatitudeDegrees>
                            <LongitudeDegrees>104.06442260742188</LongitudeDegrees>
                        </Position>
                        <AltitudeMeters>428.79998779296875</AltitudeMeters>
                    </Trackpoint>
                    <Trackpoint>
                        <DistanceMeters>350.9634952545166</DistanceMeters>
                        <Time>2022-01-03T11:25:33.570Z</Time>
                        <Position>
                            <LatitudeDegrees>30.521474838256836</LatitudeDegrees>
                            <LongitudeDegrees>104.06444549560547</LongitudeDegrees>
                        </Position>
                        <AltitudeMeters>428.79998779296875</AltitudeMeters>
                    </Trackpoint>
                    <Trackpoint>
                        <DistanceMeters>350.9634952545166</DistanceMeters>
                        <Time>2022-01-03T11:25:33.931Z</Time>
                        <Position>
                            <LatitudeDegrees>30.521474838256836</LatitudeDegrees>
                            <LongitudeDegrees>104.06446075439453</LongitudeDegrees>
                        </Position>
                        <AltitudeMeters>428.79998779296875</AltitudeMeters>
                    </Trackpoint>
                    <Trackpoint>
                        <DistanceMeters>350.9634952545166</DistanceMeters>
                        <Time>2022-01-03T11:25:34.575Z</Time>
                        <Position>
                            <LatitudeDegrees>30.521474838256836</LatitudeDegrees>
                            <LongitudeDegrees>104.0644760131836</LongitudeDegrees>
                        </Position>
                        <AltitudeMeters>428.79998779296875</AltitudeMeters>
                    </Trackpoint>
                    <Trackpoint>
                        <DistanceMeters>350.9634952545166</DistanceMeters>
                        <Time>2022-01-03T11:25:35.857Z</Time>
                        <Position>
                            <LatitudeDegrees>30.521480560302734</LatitudeDegrees>
                            <LongitudeDegrees>104.06450653076172</LongitudeDegrees>
                        </Position>
                        <AltitudeMeters>428.79998779296875</AltitudeMeters>
                    </Trackpoint>
                    <Trackpoint>
                        <DistanceMeters>350.9634952545166</DistanceMeters>
                        <Time>2022-01-03T11:25:36.794Z</Time>
                        <Position>
                            <LatitudeDegrees>30.521482467651367</LatitudeDegrees>
                            <LongitudeDegrees>104.06453704833984</LongitudeDegrees>
                        </Position>
                        <AltitudeMeters>428.79998779296875</AltitudeMeters>
                    </Trackpoint>
                    <Trackpoint>
                        <DistanceMeters>350.9634952545166</DistanceMeters>
                        <Time>2022-01-03T11:25:37.390Z</Time>
                        <Position>
                            <LatitudeDegrees>30.521484375</LatitudeDegrees>
                            <LongitudeDegrees>104.06454467773438</LongitudeDegrees>
                        </Position>
                        <AltitudeMeters>428.79998779296875</AltitudeMeters>
                    </Trackpoint>
                    <Trackpoint>
                        <DistanceMeters>350.9634952545166</DistanceMeters>
                        <Time>2022-01-03T11:25:38.357Z</Time>
                        <Position>
                            <LatitudeDegrees>30.5214900970459</LatitudeDegrees>
                            <LongitudeDegrees>104.06456756591797</LongitudeDegrees>
                        </Position>
                        <AltitudeMeters>428.79998779296875</AltitudeMeters>
                    </Trackpoint>
                    <Trackpoint>
                        <DistanceMeters>350.9634952545166</DistanceMeters>
                        <Time>2022-01-03T11:25:39.334Z</Time>
                        <Position>
                            <LatitudeDegrees>30.521501541137695</LatitudeDegrees>
                            <LongitudeDegrees>104.06459045410156</LongitudeDegrees>
                        </Position>
                        <AltitudeMeters>428.79998779296875</AltitudeMeters>
                    </Trackpoint>
                    <Trackpoint>
                        <DistanceMeters>350.9634952545166</DistanceMeters>
                        <Time>2022-01-03T11:25:39.927Z</Time>
                        <Position>
                            <LatitudeDegrees>30.521509170532227</LatitudeDegrees>
                            <LongitudeDegrees>104.06460571289062</LongitudeDegrees>
                        </Position>
                        <AltitudeMeters>428.79998779296875</AltitudeMeters>
                    </Trackpoint>
                    <Trackpoint>
                        <DistanceMeters>350.9634952545166</DistanceMeters>
                        <Time>2022-01-03T11:25:40.913Z</Time>
                        <Position>
                            <LatitudeDegrees>30.521520614624023</LatitudeDegrees>
                            <LongitudeDegrees>104.06462860107422</LongitudeDegrees>
                        </Position>
                        <AltitudeMeters>428.79998779296875</AltitudeMeters>
                    </Trackpoint>
                    <Trackpoint>
                        <DistanceMeters>350.9634952545166</DistanceMeters>
                        <Time>2022-01-03T11:25:41.506Z</Time>
                        <Position>
                            <LatitudeDegrees>30.521528244018555</LatitudeDegrees>
                            <LongitudeDegrees>104.06464385986328</LongitudeDegrees>
                        </Position>
                        <AltitudeMeters>428.79998779296875</AltitudeMeters>
                    </Trackpoint>
                    <Trackpoint>
                        <DistanceMeters>350.9634952545166</DistanceMeters>
                        <Time>2022-01-03T11:25:41.852Z</Time>
                        <Position>
                            <LatitudeDegrees>30.52153205871582</LatitudeDegrees>
                            <LongitudeDegrees>104.06465148925781</LongitudeDegrees>
                        </Position>
                        <AltitudeMeters>428.79998779296875</AltitudeMeters>
                    </Trackpoint>
                    <Trackpoint>
                        <DistanceMeters>350.9634952545166</DistanceMeters>
                        <Time>2022-01-03T11:25:42.494Z</Time>
                        <Position>
                            <LatitudeDegrees>30.52153968811035</LatitudeDegrees>
                            <LongitudeDegrees>104.0646743774414</LongitudeDegrees>
                        </Position>
                        <AltitudeMeters>428.79998779296875</AltitudeMeters>
                    </Trackpoint>
                    <Trackpoint>
                        <DistanceMeters>350.9634952545166</DistanceMeters>
                        <Time>2022-01-03T11:25:42.882Z</Time>
                        <Position>
                            <LatitudeDegrees>30.52154541015625</LatitudeDegrees>
                            <LongitudeDegrees>104.06468963623047</LongitudeDegrees>
                        </Position>
                        <AltitudeMeters>428.79998779296875</AltitudeMeters>
                    </Trackpoint>
                    <Trackpoint>
                        <DistanceMeters>350.9634952545166</DistanceMeters>
                        <Time>2022-01-03T11:25:43.455Z</Time>
                        <Position>
                            <LatitudeDegrees>30.52155303955078</LatitudeDegrees>
                            <LongitudeDegrees>104.06471252441406</LongitudeDegrees>
                        </Position>
                        <AltitudeMeters>428.79998779296875</AltitudeMeters>
                    </Trackpoint>
                    <Trackpoint>
                        <DistanceMeters>350.9634952545166</DistanceMeters>
                        <Time>2022-01-03T11:25:43.880Z</Time>
                        <Position>
                            <LatitudeDegrees>30.521560668945312</LatitudeDegrees>
                            <LongitudeDegrees>104.06472778320312</LongitudeDegrees>
                        </Position>
                        <AltitudeMeters>428.79998779296875</AltitudeMeters>
                    </Trackpoint>
                    <Trackpoint>
                        <DistanceMeters>350.9634952545166</DistanceMeters>
                        <Time>2022-01-03T11:25:44.697Z</Time>
                        <Position>
                            <LatitudeDegrees>30.521574020385742</LatitudeDegrees>
                            <LongitudeDegrees>104.06474304199219</LongitudeDegrees>
                        </Position>
                        <AltitudeMeters>428.79998779296875</AltitudeMeters>
                    </Trackpoint>
                    <Trackpoint>
                        <DistanceMeters>350.9634952545166</DistanceMeters>
                        <Time>2022-01-03T11:25:45.012Z</Time>
                        <Position>
                            <LatitudeDegrees>30.52157974243164</LatitudeDegrees>
                            <LongitudeDegrees>104.06475830078125</LongitudeDegrees>
                        </Position>
                        <AltitudeMeters>428.79998779296875</AltitudeMeters>
                    </Trackpoint>
                    <Trackpoint>
                        <DistanceMeters>350.9634952545166</DistanceMeters>
                        <Time>2022-01-03T11:25:45.881Z</Time>
                        <Position>
                            <LatitudeDegrees>30.52158546447754</LatitudeDegrees>
                            <LongitudeDegrees>104.06478118896484</LongitudeDegrees>
                        </Position>
                        <AltitudeMeters>428.79998779296875</AltitudeMeters>
                    </Trackpoint>
                    <Trackpoint>
                        <DistanceMeters>350.9634952545166</DistanceMeters>
                        <Time>2022-01-03T11:25:46.610Z</Time>
                        <Position>
                            <LatitudeDegrees>30.52158546447754</LatitudeDegrees>
                            <LongitudeDegrees>104.0647964477539</LongitudeDegrees>
                        </Position>
                        <AltitudeMeters>428.79998779296875</AltitudeMeters>
                    </Trackpoint>
                    <Trackpoint>
                        <DistanceMeters>350.9634952545166</DistanceMeters>
                        <Time>2022-01-03T11:25:47.237Z</Time>
                        <Position>
                            <LatitudeDegrees>30.521587371826172</LatitudeDegrees>
                            <LongitudeDegrees>104.06480407714844</LongitudeDegrees>
                        </Position>
                        <AltitudeMeters>428.79998779296875</AltitudeMeters>
                    </Trackpoint>
                    <Trackpoint>
                        <DistanceMeters>350.9634952545166</DistanceMeters>
                        <Time>2022-01-03T11:25:48.174Z</Time>
                        <Position>
                            <LatitudeDegrees>30.521591186523438</LatitudeDegrees>
                            <LongitudeDegrees>104.0648193359375</LongitudeDegrees>
                        </Position>
                        <AltitudeMeters>428.79998779296875</AltitudeMeters>
                    </Trackpoint>
                    <Trackpoint>
                        <DistanceMeters>350.9634952545166</DistanceMeters>
                        <Time>2022-01-03T11:25:48.815Z</Time>
                        <Position>
                            <LatitudeDegrees>30.521595001220703</LatitudeDegrees>
                            <LongitudeDegrees>104.06483459472656</LongitudeDegrees>
                        </Position>
                        <AltitudeMeters>428.79998779296875</AltitudeMeters>
                    </Trackpoint>
                    <Trackpoint>
                        <DistanceMeters>350.9634952545166</DistanceMeters>
                        <Time>2022-01-03T11:25:49.773Z</Time>
                        <Position>
                            <LatitudeDegrees>30.521604537963867</LatitudeDegrees>
                            <LongitudeDegrees>104.06484985351562</LongitudeDegrees>
                        </Position>
                        <AltitudeMeters>428.79998779296875</AltitudeMeters>
                    </Trackpoint>
                    <Trackpoint>
                        <DistanceMeters>350.9634952545166</DistanceMeters>
                        <Time>2022-01-03T11:25:50.396Z</Time>
                        <Position>
                            <LatitudeDegrees>30.52161407470703</LatitudeDegrees>
                            <LongitudeDegrees>104.06486511230469</LongitudeDegrees>
                        </Position>
                        <AltitudeMeters>428.79998779296875</AltitudeMeters>
                    </Trackpoint>
                    <Trackpoint>
                        <DistanceMeters>350.9634952545166</DistanceMeters>
                        <Time>2022-01-03T11:25:51.037Z</Time>
                        <Position>
                            <LatitudeDegrees>30.521623611450195</LatitudeDegrees>
                            <LongitudeDegrees>104.06488037109375</LongitudeDegrees>
                        </Position>
                        <AltitudeMeters>428.79998779296875</AltitudeMeters>
                    </Trackpoint>
                    <Trackpoint>
                        <DistanceMeters>350.9634952545166</DistanceMeters>
                        <Time>2022-01-03T11:25:51.882Z</Time>
                        <Position>
                            <LatitudeDegrees>30.521636962890625</LatitudeDegrees>
                            <LongitudeDegrees>104.06488800048828</LongitudeDegrees>
                        </Position>
                        <AltitudeMeters>428.79998779296875</AltitudeMeters>
                    </Trackpoint>
                    <Trackpoint>
                        <DistanceMeters>350.9634952545166</DistanceMeters>
                        <Time>2022-01-03T11:25:52.273Z</Time>
                        <Position>
                            <LatitudeDegrees>30.521644592285156</LatitudeDegrees>
                            <LongitudeDegrees>104.06489562988281</LongitudeDegrees>
                        </Position>
                        <AltitudeMeters>428.79998779296875</AltitudeMeters>
                    </Trackpoint>
                    <Trackpoint>
                        <DistanceMeters>350.9634952545166</DistanceMeters>
                        <Time>2022-01-03T11:25:52.917Z</Time>
                        <Position>
                            <LatitudeDegrees>30.52165412902832</LatitudeDegrees>
                            <LongitudeDegrees>104.06491088867188</LongitudeDegrees>
                        </Position>
                        <AltitudeMeters>428.79998779296875</AltitudeMeters>
                    </Trackpoint>
                    <Trackpoint>
                        <DistanceMeters>350.9634952545166</DistanceMeters>
                        <Time>2022-01-03T11:25:53.528Z</Time>
                        <Position>
                            <LatitudeDegrees>30.521665573120117</LatitudeDegrees>
                            <LongitudeDegrees>104.0649185180664</LongitudeDegrees>
                        </Position>
                        <AltitudeMeters>428.79998779296875</AltitudeMeters>
                    </Trackpoint>
                    <Trackpoint>
                        <DistanceMeters>350.9634952545166</DistanceMeters>
                        <Time>2022-01-03T11:25:53.872Z</Time>
                        <Position>
                            <LatitudeDegrees>30.52167320251465</LatitudeDegrees>
                            <LongitudeDegrees>104.06492614746094</LongitudeDegrees>
                        </Position>
                        <AltitudeMeters>428.79998779296875</AltitudeMeters>
                    </Trackpoint>
                    <Trackpoint>
                        <DistanceMeters>350.9634952545166</DistanceMeters>
                        <Time>2022-01-03T11:25:54.828Z</Time>
                        <Position>
                            <LatitudeDegrees>30.52169418334961</LatitudeDegrees>
                            <LongitudeDegrees>104.06493377685547</LongitudeDegrees>
                        </Position>
                        <AltitudeMeters>428.79998779296875</AltitudeMeters>
                    </Trackpoint>
                    <Trackpoint>
                        <DistanceMeters>350.9634952545166</DistanceMeters>
                        <Time>2022-01-03T11:25:55.474Z</Time>
                        <Position>
                            <LatitudeDegrees>30.521709442138672</LatitudeDegrees>
                            <LongitudeDegrees>104.06494903564453</LongitudeDegrees>
                        </Position>
                        <AltitudeMeters>428.79998779296875</AltitudeMeters>
                    </Trackpoint>
                    <Trackpoint>
                        <DistanceMeters>350.9634952545166</DistanceMeters>
                        <Time>2022-01-03T11:25:55.881Z</Time>
                        <Position>
                            <LatitudeDegrees>30.52172088623047</LatitudeDegrees>
                            <LongitudeDegrees>104.06495666503906</LongitudeDegrees>
                        </Position>
                        <AltitudeMeters>428.79998779296875</AltitudeMeters>
                    </Trackpoint>
                    <Trackpoint>
                        <DistanceMeters>350.9634952545166</DistanceMeters>
                        <Time>2022-01-03T11:25:56.410Z</Time>
                        <Position>
                            <LatitudeDegrees>30.521732330322266</LatitudeDegrees>
                            <LongitudeDegrees>104.0649642944336</LongitudeDegrees>
                        </Position>
                        <AltitudeMeters>428.79998779296875</AltitudeMeters>
                    </Trackpoint>
                    <Trackpoint>
                        <DistanceMeters>350.9634952545166</DistanceMeters>
                        <Time>2022-01-03T11:25:56.880Z</Time>
                        <Position>
                            <LatitudeDegrees>30.521743774414062</LatitudeDegrees>
                            <LongitudeDegrees>104.06497192382812</LongitudeDegrees>
                        </Position>
                        <AltitudeMeters>428.79998779296875</AltitudeMeters>
                    </Trackpoint>
                    <Trackpoint>
                        <DistanceMeters>350.9634952545166</DistanceMeters>
                        <Time>2022-01-03T11:25:57.694Z</Time>
                        <Position>
                            <LatitudeDegrees>30.521757125854492</LatitudeDegrees>
                            <LongitudeDegrees>104.06498718261719</LongitudeDegrees>
                        </Position>
                        <AltitudeMeters>428.79998779296875</AltitudeMeters>
                    </Trackpoint>
                    <Trackpoint>
                        <DistanceMeters>350.9634952545166</DistanceMeters>
                        <Time>2022-01-03T11:25:58.881Z</Time>
                        <Position>
                            <LatitudeDegrees>30.52177619934082</LatitudeDegrees>
                            <LongitudeDegrees>104.06501007080078</LongitudeDegrees>
                        </Position>
                        <AltitudeMeters>428.79998779296875</AltitudeMeters>
                    </Trackpoint>
                    <Trackpoint>
                        <DistanceMeters>350.9634952545166</DistanceMeters>
                        <Time>2022-01-03T11:25:59.919Z</Time>
                        <Position>
                            <LatitudeDegrees>30.52179527282715</LatitudeDegrees>
                            <LongitudeDegrees>104.06503295898438</LongitudeDegrees>
                        </Position>
                        <AltitudeMeters>428.79998779296875</AltitudeMeters>
                    </Trackpoint>
                    <Trackpoint>
                        <DistanceMeters>428.68220710754395</DistanceMeters>
                        <Time>2022-01-03T11:26:00.871Z</Time>
                        <Position>
                            <LatitudeDegrees>30.52181053161621</LatitudeDegrees>
                            <LongitudeDegrees>104.06504821777344</LongitudeDegrees>
                        </Position>
                        <AltitudeMeters>428.79998779296875</AltitudeMeters>
                    </Trackpoint>
                    <Trackpoint>
                        <DistanceMeters>428.68220710754395</DistanceMeters>
                        <Time>2022-01-03T11:26:01.188Z</Time>
                        <Position>
                            <LatitudeDegrees>30.52181625366211</LatitudeDegrees>
                            <LongitudeDegrees>104.06505584716797</LongitudeDegrees>
                        </Position>
                        <AltitudeMeters>428.79998779296875</AltitudeMeters>
                    </Trackpoint>
                    <Trackpoint>
                        <DistanceMeters>428.68220710754395</DistanceMeters>
                        <Time>2022-01-03T11:26:01.830Z</Time>
                        <Position>
                            <LatitudeDegrees>30.52182388305664</LatitudeDegrees>
                            <LongitudeDegrees>104.06507873535156</LongitudeDegrees>
                        </Position>
                        <AltitudeMeters>428.79998779296875</AltitudeMeters>
                    </Trackpoint>
                    <Trackpoint>
                        <DistanceMeters>428.68220710754395</DistanceMeters>
                        <Time>2022-01-03T11:26:02.795Z</Time>
                        <Position>
                            <LatitudeDegrees>30.521839141845703</LatitudeDegrees>
                            <LongitudeDegrees>104.06509399414062</LongitudeDegrees>
                        </Position>
                        <AltitudeMeters>428.79998779296875</AltitudeMeters>
                    </Trackpoint>
                    <Trackpoint>
                        <DistanceMeters>428.68220710754395</DistanceMeters>
                        <Time>2022-01-03T11:26:03.440Z</Time>
                        <Position>
                            <LatitudeDegrees>30.5218505859375</LatitudeDegrees>
                            <LongitudeDegrees>104.06510925292969</LongitudeDegrees>
                        </Position>
                        <AltitudeMeters>428.79998779296875</AltitudeMeters>
                    </Trackpoint>
                    <Trackpoint>
                        <DistanceMeters>428.68220710754395</DistanceMeters>
                        <Time>2022-01-03T11:26:04.377Z</Time>
                        <Position>
                            <LatitudeDegrees>30.521867752075195</LatitudeDegrees>
                            <LongitudeDegrees>104.06512451171875</LongitudeDegrees>
                        </Position>
                        <AltitudeMeters>428.79998779296875</AltitudeMeters>
                    </Trackpoint>
                    <Trackpoint>
                        <DistanceMeters>428.68220710754395</DistanceMeters>
                        <Time>2022-01-03T11:26:05.008Z</Time>
                        <Position>
                            <LatitudeDegrees>30.52187728881836</LatitudeDegrees>
                            <LongitudeDegrees>104.06513977050781</LongitudeDegrees>
                        </Position>
                        <AltitudeMeters>428.79998779296875</AltitudeMeters>
                    </Trackpoint>
                    <Trackpoint>
                        <DistanceMeters>428.68220710754395</DistanceMeters>
                        <Time>2022-01-03T11:26:05.929Z</Time>
                        <Position>
                            <LatitudeDegrees>30.521892547607422</LatitudeDegrees>
                            <LongitudeDegrees>104.06515502929688</LongitudeDegrees>
                        </Position>
                        <AltitudeMeters>428.79998779296875</AltitudeMeters>
                    </Trackpoint>
                    <Trackpoint>
                        <DistanceMeters>428.68220710754395</DistanceMeters>
                        <Time>2022-01-03T11:26:06.273Z</Time>
                        <Position>
                            <LatitudeDegrees>30.521900177001953</LatitudeDegrees>
                            <LongitudeDegrees>104.0651626586914</LongitudeDegrees>
                        </Position>
                        <AltitudeMeters>428.79998779296875</AltitudeMeters>
                    </Trackpoint>
                    <Trackpoint>
                        <DistanceMeters>428.68220710754395</DistanceMeters>
                        <Time>2022-01-03T11:26:06.899Z</Time>
                        <Position>
                            <LatitudeDegrees>30.52191162109375</LatitudeDegrees>
                            <LongitudeDegrees>104.06517028808594</LongitudeDegrees>
                        </Position>
                        <AltitudeMeters>428.79998779296875</AltitudeMeters>
                    </Trackpoint>
                    <Trackpoint>
                        <DistanceMeters>428.68220710754395</DistanceMeters>
                        <Time>2022-01-03T11:26:07.528Z</Time>
                        <Position>
                            <LatitudeDegrees>30.521923065185547</LatitudeDegrees>
                            <LongitudeDegrees>104.065185546875</LongitudeDegrees>
                        </Position>
                        <AltitudeMeters>428.79998779296875</AltitudeMeters>
                    </Trackpoint>
                    <Trackpoint>
                        <DistanceMeters>428.68220710754395</DistanceMeters>
                        <Time>2022-01-03T11:26:08.494Z</Time>
                        <Position>
                            <LatitudeDegrees>30.521940231323242</LatitudeDegrees>
                            <LongitudeDegrees>104.06520080566406</LongitudeDegrees>
                        </Position>
                        <AltitudeMeters>428.79998779296875</AltitudeMeters>
                    </Trackpoint>
                    <Trackpoint>
                        <DistanceMeters>428.68220710754395</DistanceMeters>
                        <Time>2022-01-03T11:26:09.109Z</Time>
                        <Position>
                            <LatitudeDegrees>30.521947860717773</LatitudeDegrees>
                            <LongitudeDegrees>104.0652084350586</LongitudeDegrees>
                        </Position>
                        <AltitudeMeters>428.79998779296875</AltitudeMeters>
                    </Trackpoint>
                    <Trackpoint>
                        <DistanceMeters>428.68220710754395</DistanceMeters>
                        <Time>2022-01-03T11:26:09.881Z</Time>
                        <Position>
                            <LatitudeDegrees>30.521963119506836</LatitudeDegrees>
                            <LongitudeDegrees>104.06522369384766</LongitudeDegrees>
                        </Position>
                        <AltitudeMeters>428.79998779296875</AltitudeMeters>
                    </Trackpoint>
                    <Trackpoint>
                        <DistanceMeters>428.68220710754395</DistanceMeters>
                        <Time>2022-01-03T11:26:10.687Z</Time>
                        <Position>
                            <LatitudeDegrees>30.5219783782959</LatitudeDegrees>
                            <LongitudeDegrees>104.06523895263672</LongitudeDegrees>
                        </Position>
                        <AltitudeMeters>428.79998779296875</AltitudeMeters>
                    </Trackpoint>
                    <Trackpoint>
                        <DistanceMeters>428.68220710754395</DistanceMeters>
                        <Time>2022-01-03T11:26:11.881Z</Time>
                        <Position>
                            <LatitudeDegrees>30.521997451782227</LatitudeDegrees>
                            <LongitudeDegrees>104.06525421142578</LongitudeDegrees>
                        </Position>
                        <AltitudeMeters>428.79998779296875</AltitudeMeters>
                    </Trackpoint>
                    <Trackpoint>
                        <DistanceMeters>428.68220710754395</DistanceMeters>
                        <Time>2022-01-03T11:26:12.632Z</Time>
                        <Position>
                            <LatitudeDegrees>30.522010803222656</LatitudeDegrees>
                            <LongitudeDegrees>104.06526947021484</LongitudeDegrees>
                        </Position>
                        <AltitudeMeters>428.79998779296875</AltitudeMeters>
                    </Trackpoint>
                    <Trackpoint>
                        <DistanceMeters>428.68220710754395</DistanceMeters>
                        <Time>2022-01-03T11:26:13.256Z</Time>
                        <Position>
                            <LatitudeDegrees>30.52202033996582</LatitudeDegrees>
                            <LongitudeDegrees>104.06527709960938</LongitudeDegrees>
                        </Position>
                        <AltitudeMeters>428.79998779296875</AltitudeMeters>
                    </Trackpoint>
                    <Trackpoint>
                        <DistanceMeters>428.68220710754395</DistanceMeters>
                        <Time>2022-01-03T11:26:13.849Z</Time>
                        <Position>
                            <LatitudeDegrees>30.522031784057617</LatitudeDegrees>
                            <LongitudeDegrees>104.0652847290039</LongitudeDegrees>
                        </Position>
                        <AltitudeMeters>428.79998779296875</AltitudeMeters>
                    </Trackpoint>
                    <Trackpoint>
                        <DistanceMeters>428.68220710754395</DistanceMeters>
                        <Time>2022-01-03T11:26:14.817Z</Time>
                        <Position>
                            <LatitudeDegrees>30.522050857543945</LatitudeDegrees>
                            <LongitudeDegrees>104.06529998779297</LongitudeDegrees>
                        </Position>
                        <AltitudeMeters>428.79998779296875</AltitudeMeters>
                    </Trackpoint>
                    <Trackpoint>
                        <DistanceMeters>428.68220710754395</DistanceMeters>
                        <Time>2022-01-03T11:26:15.150Z</Time>
                        <Position>
                            <LatitudeDegrees>30.52206039428711</LatitudeDegrees>
                            <LongitudeDegrees>104.06529998779297</LongitudeDegrees>
                        </Position>
                        <AltitudeMeters>428.79998779296875</AltitudeMeters>
                    </Trackpoint>
                    <Trackpoint>
                        <DistanceMeters>428.68220710754395</DistanceMeters>
                        <Time>2022-01-03T11:26:15.774Z</Time>
                        <Position>
                            <LatitudeDegrees>30.522075653076172</LatitudeDegrees>
                            <LongitudeDegrees>104.0653076171875</LongitudeDegrees>
                        </Position>
                        <AltitudeMeters>428.79998779296875</AltitudeMeters>
                    </Trackpoint>
                    <Trackpoint>
                        <DistanceMeters>428.68220710754395</DistanceMeters>
                        <Time>2022-01-03T11:26:16.458Z</Time>
                        <Position>
                            <LatitudeDegrees>30.5220890045166</LatitudeDegrees>
                            <LongitudeDegrees>104.06531524658203</LongitudeDegrees>
                        </Position>
                        <AltitudeMeters>428.79998779296875</AltitudeMeters>
                    </Trackpoint>
                    <Trackpoint>
                        <DistanceMeters>428.68220710754395</DistanceMeters>
                        <Time>2022-01-03T11:26:16.882Z</Time>
                        <Position>
                            <LatitudeDegrees>30.522096633911133</LatitudeDegrees>
                            <LongitudeDegrees>104.06532287597656</LongitudeDegrees>
                        </Position>
                        <AltitudeMeters>428.79998779296875</AltitudeMeters>
                    </Trackpoint>
                    <Trackpoint>
                        <DistanceMeters>428.68220710754395</DistanceMeters>
                        <Time>2022-01-03T11:26:17.373Z</Time>
                        <Position>
                            <LatitudeDegrees>30.52210807800293</LatitudeDegrees>
                            <LongitudeDegrees>104.0653305053711</LongitudeDegrees>
                        </Position>
                        <AltitudeMeters>428.79998779296875</AltitudeMeters>
                    </Trackpoint>
                    <Trackpoint>
                        <DistanceMeters>428.68220710754395</DistanceMeters>
                        <Time>2022-01-03T11:26:17.720Z</Time>
                        <Position>
                            <LatitudeDegrees>30.52211570739746</LatitudeDegrees>
                            <LongitudeDegrees>104.0653305053711</LongitudeDegrees>
                        </Position>
                        <AltitudeMeters>428.79998779296875</AltitudeMeters>
                    </Trackpoint>
                    <Trackpoint>
                        <DistanceMeters>428.68220710754395</DistanceMeters>
                        <Time>2022-01-03T11:26:18.331Z</Time>
                        <Position>
                            <LatitudeDegrees>30.522127151489258</LatitudeDegrees>
                            <LongitudeDegrees>104.06533813476562</LongitudeDegrees>
                        </Position>
                        <AltitudeMeters>428.79998779296875</AltitudeMeters>
                    </Trackpoint>
                    <Trackpoint>
                        <DistanceMeters>428.68220710754395</DistanceMeters>
                        <Time>2022-01-03T11:26:18.887Z</Time>
                        <Position>
                            <LatitudeDegrees>30.522136688232422</LatitudeDegrees>
                            <LongitudeDegrees>104.06534576416016</LongitudeDegrees>
                        </Position>
                        <AltitudeMeters>428.79998779296875</AltitudeMeters>
                    </Trackpoint>
                    <Trackpoint>
                        <DistanceMeters>428.68220710754395</DistanceMeters>
                        <Time>2022-01-03T11:26:19.578Z</Time>
                        <Position>
                            <LatitudeDegrees>30.522151947021484</LatitudeDegrees>
                            <LongitudeDegrees>104.06535339355469</LongitudeDegrees>
                        </Position>
                        <AltitudeMeters>428.79998779296875</AltitudeMeters>
                    </Trackpoint>
                    <Trackpoint>
                        <DistanceMeters>428.68220710754395</DistanceMeters>
                        <Time>2022-01-03T11:26:20.533Z</Time>
                        <Position>
                            <LatitudeDegrees>30.522171020507812</LatitudeDegrees>
                            <LongitudeDegrees>104.06536865234375</LongitudeDegrees>
                        </Position>
                        <AltitudeMeters>428.79998779296875</AltitudeMeters>
                    </Trackpoint>
                    <Trackpoint>
                        <DistanceMeters>428.68220710754395</DistanceMeters>
                        <Time>2022-01-03T11:26:21.510Z</Time>
                        <Position>
                            <LatitudeDegrees>30.522192001342773</LatitudeDegrees>
                            <LongitudeDegrees>104.06538391113281</LongitudeDegrees>
                        </Position>
                        <AltitudeMeters>428.79998779296875</AltitudeMeters>
                    </Trackpoint>
                    <Trackpoint>
                        <DistanceMeters>428.68220710754395</DistanceMeters>
                        <Time>2022-01-03T11:26:21.881Z</Time>
                        <Position>
                            <LatitudeDegrees>30.522199630737305</LatitudeDegrees>
                            <LongitudeDegrees>104.06539154052734</LongitudeDegrees>
                        </Position>
                        <AltitudeMeters>428.79998779296875</AltitudeMeters>
                    </Trackpoint>
                    <Trackpoint>
                        <DistanceMeters>428.68220710754395</DistanceMeters>
                        <Time>2022-01-03T11:26:22.434Z</Time>
                        <Position>
                            <LatitudeDegrees>30.522212982177734</LatitudeDegrees>
                            <LongitudeDegrees>104.06539916992188</LongitudeDegrees>
                        </Position>
                        <AltitudeMeters>428.79998779296875</AltitudeMeters>
                    </Trackpoint>
                    <Trackpoint>
                        <DistanceMeters>428.68220710754395</DistanceMeters>
                        <Time>2022-01-03T11:26:22.879Z</Time>
                        <Position>
                            <LatitudeDegrees>30.5222225189209</LatitudeDegrees>
                            <LongitudeDegrees>104.06539916992188</LongitudeDegrees>
                        </Position>
                        <AltitudeMeters>430.3999938964844</AltitudeMeters>
                    </Trackpoint>
                    <Trackpoint>
                        <DistanceMeters>428.68220710754395</DistanceMeters>
                        <Time>2022-01-03T11:26:24.056Z</Time>
                        <Position>
                            <LatitudeDegrees>30.522245407104492</LatitudeDegrees>
                            <LongitudeDegrees>104.06541442871094</LongitudeDegrees>
                        </Position>
                        <AltitudeMeters>430.3999938964844</AltitudeMeters>
                    </Trackpoint>
                    <Trackpoint>
                        <DistanceMeters>428.68220710754395</DistanceMeters>
                        <Time>2022-01-03T11:26:24.716Z</Time>
                        <Position>
                            <LatitudeDegrees>30.522258758544922</LatitudeDegrees>
                            <LongitudeDegrees>104.06541442871094</LongitudeDegrees>
                        </Position>
                        <AltitudeMeters>430.3999938964844</AltitudeMeters>
                    </Trackpoint>
                    <Trackpoint>
                        <DistanceMeters>428.68220710754395</DistanceMeters>
                        <Time>2022-01-03T11:26:25.656Z</Time>
                        <Position>
                            <LatitudeDegrees>30.522279739379883</LatitudeDegrees>
                            <LongitudeDegrees>104.06542205810547</LongitudeDegrees>
                        </Position>
                        <AltitudeMeters>430.3999938964844</AltitudeMeters>
                    </Trackpoint>
                    <Trackpoint>
                        <DistanceMeters>428.68220710754395</DistanceMeters>
                        <Time>2022-01-03T11:26:26.288Z</Time>
                        <Position>
                            <LatitudeDegrees>30.522293090820312</LatitudeDegrees>
                            <LongitudeDegrees>104.06542205810547</LongitudeDegrees>
                        </Position>
                        <AltitudeMeters>428.79998779296875</AltitudeMeters>
                    </Trackpoint>
                    <Trackpoint>
                        <DistanceMeters>428.68220710754395</DistanceMeters>
                        <Time>2022-01-03T11:26:26.930Z</Time>
                        <Position>
                            <LatitudeDegrees>30.522306442260742</LatitudeDegrees>
                            <LongitudeDegrees>104.06542205810547</LongitudeDegrees>
                        </Position>
                        <AltitudeMeters>428.79998779296875</AltitudeMeters>
                    </Trackpoint>
                    <Trackpoint>
                        <DistanceMeters>428.68220710754395</DistanceMeters>
                        <Time>2022-01-03T11:26:27.918Z</Time>
                        <Position>
                            <LatitudeDegrees>30.52232551574707</LatitudeDegrees>
                            <LongitudeDegrees>104.0654296875</LongitudeDegrees>
                        </Position>
                        <AltitudeMeters>428.79998779296875</AltitudeMeters>
                    </Trackpoint>
                    <Trackpoint>
                        <DistanceMeters>428.68220710754395</DistanceMeters>
                        <Time>2022-01-03T11:26:28.528Z</Time>
                        <Position>
                            <LatitudeDegrees>30.5223388671875</LatitudeDegrees>
                            <LongitudeDegrees>104.0654296875</LongitudeDegrees>
                        </Position>
                        <AltitudeMeters>428.79998779296875</AltitudeMeters>
                    </Trackpoint>
                    <Trackpoint>
                        <DistanceMeters>428.68220710754395</DistanceMeters>
                        <Time>2022-01-03T11:26:29.191Z</Time>
                        <Position>
                            <LatitudeDegrees>30.52235221862793</LatitudeDegrees>
                            <LongitudeDegrees>104.06544494628906</LongitudeDegrees>
                        </Position>
                        <AltitudeMeters>428.79998779296875</AltitudeMeters>
                    </Trackpoint>
                    <Trackpoint>
                        <DistanceMeters>428.68220710754395</DistanceMeters>
                        <Time>2022-01-03T11:26:29.830Z</Time>
                        <Position>
                            <LatitudeDegrees>30.52236557006836</LatitudeDegrees>
                            <LongitudeDegrees>104.0654525756836</LongitudeDegrees>
                        </Position>
                        <AltitudeMeters>428.79998779296875</AltitudeMeters>
                    </Trackpoint>
                    <Trackpoint>
                        <DistanceMeters>499.15498542785645</DistanceMeters>
                        <Time>2022-01-03T11:26:30.490Z</Time>
                        <Position>
                            <LatitudeDegrees>30.522377014160156</LatitudeDegrees>
                            <LongitudeDegrees>104.06546020507812</LongitudeDegrees>
                        </Position>
                        <AltitudeMeters>428.79998779296875</AltitudeMeters>
                    </Trackpoint>
                    <Trackpoint>
                        <DistanceMeters>499.15498542785645</DistanceMeters>
                        <Time>2022-01-03T11:26:31.456Z</Time>
                        <Position>
                            <LatitudeDegrees>30.522396087646484</LatitudeDegrees>
                            <LongitudeDegrees>104.06547546386719</LongitudeDegrees>
                        </Position>
                        <AltitudeMeters>428.79998779296875</AltitudeMeters>
                    </Trackpoint>
                    <Trackpoint>
                        <DistanceMeters>499.15498542785645</DistanceMeters>
                        <Time>2022-01-03T11:26:31.773Z</Time>
                        <Position>
                            <LatitudeDegrees>30.522403717041016</LatitudeDegrees>
                            <LongitudeDegrees>104.06548309326172</LongitudeDegrees>
                        </Position>
                        <AltitudeMeters>428.79998779296875</AltitudeMeters>
                    </Trackpoint>
                    <Trackpoint>
                        <DistanceMeters>499.15498542785645</DistanceMeters>
                        <Time>2022-01-03T11:26:32.435Z</Time>
                        <Position>
                            <LatitudeDegrees>30.522417068481445</LatitudeDegrees>
                            <LongitudeDegrees>104.06549072265625</LongitudeDegrees>
                        </Position>
                        <AltitudeMeters>428.79998779296875</AltitudeMeters>
                    </Trackpoint>
                    <Trackpoint>
                        <DistanceMeters>499.15498542785645</DistanceMeters>
                        <Time>2022-01-03T11:26:32.882Z</Time>
                        <Position>
                            <LatitudeDegrees>30.522428512573242</LatitudeDegrees>
                            <LongitudeDegrees>104.06549072265625</LongitudeDegrees>
                        </Position>
                        <AltitudeMeters>428.79998779296875</AltitudeMeters>
                    </Trackpoint>
                    <Trackpoint>
                        <DistanceMeters>499.15498542785645</DistanceMeters>
                        <Time>2022-01-03T11:26:33.354Z</Time>
                        <Position>
                            <LatitudeDegrees>30.522438049316406</LatitudeDegrees>
                            <LongitudeDegrees>104.06549835205078</LongitudeDegrees>
                        </Position>
                        <AltitudeMeters>428.79998779296875</AltitudeMeters>
                    </Trackpoint>
                    <Trackpoint>
                        <DistanceMeters>499.15498542785645</DistanceMeters>
                        <Time>2022-01-03T11:26:33.997Z</Time>
                        <Position>
                            <LatitudeDegrees>30.522451400756836</LatitudeDegrees>
                            <LongitudeDegrees>104.06549835205078</LongitudeDegrees>
                        </Position>
                        <AltitudeMeters>428.79998779296875</AltitudeMeters>
                    </Trackpoint>
                    <Trackpoint>
                        <DistanceMeters>499.15498542785645</DistanceMeters>
                        <Time>2022-01-03T11:26:34.635Z</Time>
                        <Position>
                            <LatitudeDegrees>30.5224666595459</LatitudeDegrees>
                            <LongitudeDegrees>104.06550598144531</LongitudeDegrees>
                        </Position>
                        <AltitudeMeters>428.79998779296875</AltitudeMeters>
                    </Trackpoint>
                    <Trackpoint>
                        <DistanceMeters>499.15498542785645</DistanceMeters>
                        <Time>2022-01-03T11:26:35.593Z</Time>
                        <Position>
                            <LatitudeDegrees>30.52248764038086</LatitudeDegrees>
                            <LongitudeDegrees>104.06550598144531</LongitudeDegrees>
                        </Position>
                        <AltitudeMeters>428.79998779296875</AltitudeMeters>
                    </Trackpoint>
                    <Trackpoint>
                        <DistanceMeters>499.15498542785645</DistanceMeters>
                        <Time>2022-01-03T11:26:36.253Z</Time>
                        <Position>
                            <LatitudeDegrees>30.52250099182129</LatitudeDegrees>
                            <LongitudeDegrees>104.06550598144531</LongitudeDegrees>
                        </Position>
                        <AltitudeMeters>428.79998779296875</AltitudeMeters>
                    </Trackpoint>
                    <Trackpoint>
                        <DistanceMeters>499.15498542785645</DistanceMeters>
                        <Time>2022-01-03T11:26:36.849Z</Time>
                        <Position>
                            <LatitudeDegrees>30.522512435913086</LatitudeDegrees>
                            <LongitudeDegrees>104.06551361083984</LongitudeDegrees>
                        </Position>
                        <AltitudeMeters>428.79998779296875</AltitudeMeters>
                    </Trackpoint>
                    <Trackpoint>
                        <DistanceMeters>499.15498542785645</DistanceMeters>
                        <Time>2022-01-03T11:26:37.835Z</Time>
                        <Position>
                            <LatitudeDegrees>30.522531509399414</LatitudeDegrees>
                            <LongitudeDegrees>104.06551361083984</LongitudeDegrees>
                        </Position>
                        <AltitudeMeters>428.79998779296875</AltitudeMeters>
                    </Trackpoint>
                    <Trackpoint>
                        <DistanceMeters>499.15498542785645</DistanceMeters>
                        <Time>2022-01-03T11:26:38.772Z</Time>
                        <Position>
                            <LatitudeDegrees>30.522550582885742</LatitudeDegrees>
                            <LongitudeDegrees>104.06552124023438</LongitudeDegrees>
                        </Position>
                        <AltitudeMeters>428.79998779296875</AltitudeMeters>
                    </Trackpoint>
                    <Trackpoint>
                        <DistanceMeters>499.15498542785645</DistanceMeters>
                        <Time>2022-01-03T11:26:39.730Z</Time>
                        <Position>
                            <LatitudeDegrees>30.522571563720703</LatitudeDegrees>
                            <LongitudeDegrees>104.0655288696289</LongitudeDegrees>
                        </Position>
                        <AltitudeMeters>430.3999938964844</AltitudeMeters>
                    </Trackpoint>
                    <Trackpoint>
                        <DistanceMeters>499.15498542785645</DistanceMeters>
                        <Time>2022-01-03T11:26:40.353Z</Time>
                        <Position>
                            <LatitudeDegrees>30.5225830078125</LatitudeDegrees>
                            <LongitudeDegrees>104.06553649902344</LongitudeDegrees>
                        </Position>
                        <AltitudeMeters>430.3999938964844</AltitudeMeters>
                    </Trackpoint>
                    <Trackpoint>
                        <DistanceMeters>499.15498542785645</DistanceMeters>
                        <Time>2022-01-03T11:26:41.311Z</Time>
                        <Position>
                            <LatitudeDegrees>30.52260398864746</LatitudeDegrees>
                            <LongitudeDegrees>104.06553649902344</LongitudeDegrees>
                        </Position>
                        <AltitudeMeters>430.3999938964844</AltitudeMeters>
                    </Trackpoint>
                    <Trackpoint>
                        <DistanceMeters>499.15498542785645</DistanceMeters>
                        <Time>2022-01-03T11:26:41.883Z</Time>
                        <Position>
                            <LatitudeDegrees>30.522615432739258</LatitudeDegrees>
                            <LongitudeDegrees>104.06553649902344</LongitudeDegrees>
                        </Position>
                        <AltitudeMeters>430.3999938964844</AltitudeMeters>
                    </Trackpoint>
                    <Trackpoint>
                        <DistanceMeters>499.15498542785645</DistanceMeters>
                        <Time>2022-01-03T11:26:42.890Z</Time>
                        <Position>
                            <LatitudeDegrees>30.52263641357422</LatitudeDegrees>
                            <LongitudeDegrees>104.06554412841797</LongitudeDegrees>
                        </Position>
                        <AltitudeMeters>430.3999938964844</AltitudeMeters>
                    </Trackpoint>
                    <Trackpoint>
                        <DistanceMeters>499.15498542785645</DistanceMeters>
                        <Time>2022-01-03T11:26:43.515Z</Time>
                        <Position>
                            <LatitudeDegrees>30.522647857666016</LatitudeDegrees>
                            <LongitudeDegrees>104.06554412841797</LongitudeDegrees>
                        </Position>
                        <AltitudeMeters>430.3999938964844</AltitudeMeters>
                    </Trackpoint>
                    <Trackpoint>
                        <DistanceMeters>499.15498542785645</DistanceMeters>
                        <Time>2022-01-03T11:26:44.470Z</Time>
                        <Position>
                            <LatitudeDegrees>30.522668838500977</LatitudeDegrees>
                            <LongitudeDegrees>104.06554412841797</LongitudeDegrees>
                        </Position>
                        <AltitudeMeters>428.79998779296875</AltitudeMeters>
                    </Trackpoint>
                    <Trackpoint>
                        <DistanceMeters>499.15498542785645</DistanceMeters>
                        <Time>2022-01-03T11:26:45.391Z</Time>
                        <Position>
                            <LatitudeDegrees>30.522687911987305</LatitudeDegrees>
                            <LongitudeDegrees>104.06554412841797</LongitudeDegrees>
                        </Position>
                        <AltitudeMeters>428.79998779296875</AltitudeMeters>
                    </Trackpoint>
                    <Trackpoint>
                        <DistanceMeters>499.15498542785645</DistanceMeters>
                        <Time>2022-01-03T11:26:45.881Z</Time>
                        <Position>
                            <LatitudeDegrees>30.5226993560791</LatitudeDegrees>
                            <LongitudeDegrees>104.0655517578125</LongitudeDegrees>
                        </Position>
                        <AltitudeMeters>428.79998779296875</AltitudeMeters>
                    </Trackpoint>
                    <Trackpoint>
                        <DistanceMeters>499.15498542785645</DistanceMeters>
                        <Time>2022-01-03T11:26:46.375Z</Time>
                        <Position>
                            <LatitudeDegrees>30.5227108001709</LatitudeDegrees>
                            <LongitudeDegrees>104.0655517578125</LongitudeDegrees>
                        </Position>
                        <AltitudeMeters>428.79998779296875</AltitudeMeters>
                    </Trackpoint>
                    <Trackpoint>
                        <DistanceMeters>499.15498542785645</DistanceMeters>
                        <Time>2022-01-03T11:26:46.880Z</Time>
                        <Position>
                            <LatitudeDegrees>30.522722244262695</LatitudeDegrees>
                            <LongitudeDegrees>104.0655517578125</LongitudeDegrees>
                        </Position>
                        <AltitudeMeters>428.79998779296875</AltitudeMeters>
                    </Trackpoint>
                    <Trackpoint>
                        <DistanceMeters>499.15498542785645</DistanceMeters>
                        <Time>2022-01-03T11:26:47.649Z</Time>
                        <Position>
                            <LatitudeDegrees>30.52273941040039</LatitudeDegrees>
                            <LongitudeDegrees>104.0655517578125</LongitudeDegrees>
                        </Position>
                        <AltitudeMeters>428.79998779296875</AltitudeMeters>
                    </Trackpoint>
                    <Trackpoint>
                        <DistanceMeters>499.15498542785645</DistanceMeters>
                        <Time>2022-01-03T11:26:48.588Z</Time>
                        <Position>
                            <LatitudeDegrees>30.52275848388672</LatitudeDegrees>
                            <LongitudeDegrees>104.06554412841797</LongitudeDegrees>
                        </Position>
                        <AltitudeMeters>428.79998779296875</AltitudeMeters>
                    </Trackpoint>
                    <Trackpoint>
                        <DistanceMeters>499.15498542785645</DistanceMeters>
                        <Time>2022-01-03T11:26:49.557Z</Time>
                        <Position>
                            <LatitudeDegrees>30.52277374267578</LatitudeDegrees>
                            <LongitudeDegrees>104.06554412841797</LongitudeDegrees>
                        </Position>
                        <AltitudeMeters>428.79998779296875</AltitudeMeters>
                    </Trackpoint>
                    <Trackpoint>
                        <DistanceMeters>499.15498542785645</DistanceMeters>
                        <Time>2022-01-03T11:26:50.187Z</Time>
                        <Position>
                            <LatitudeDegrees>30.522783279418945</LatitudeDegrees>
                            <LongitudeDegrees>104.06554412841797</LongitudeDegrees>
                        </Position>
                        <AltitudeMeters>428.79998779296875</AltitudeMeters>
                    </Trackpoint>
                    <Trackpoint>
                        <DistanceMeters>499.15498542785645</DistanceMeters>
                        <Time>2022-01-03T11:26:51.110Z</Time>
                        <Position>
                            <LatitudeDegrees>30.52280044555664</LatitudeDegrees>
                            <LongitudeDegrees>104.0655517578125</LongitudeDegrees>
                        </Position>
                        <AltitudeMeters>428.79998779296875</AltitudeMeters>
                    </Trackpoint>
                    <Trackpoint>
                        <DistanceMeters>499.15498542785645</DistanceMeters>
                        <Time>2022-01-03T11:26:51.769Z</Time>
                        <Position>
                            <LatitudeDegrees>30.522811889648438</LatitudeDegrees>
                            <LongitudeDegrees>104.0655517578125</LongitudeDegrees>
                        </Position>
                        <AltitudeMeters>428.79998779296875</AltitudeMeters>
                    </Trackpoint>
                    <Trackpoint>
                        <DistanceMeters>499.15498542785645</DistanceMeters>
                        <Time>2022-01-03T11:26:52.716Z</Time>
                        <Position>
                            <LatitudeDegrees>30.522823333740234</LatitudeDegrees>
                            <LongitudeDegrees>104.06554412841797</LongitudeDegrees>
                        </Position>
                        <AltitudeMeters>428.79998779296875</AltitudeMeters>
                    </Trackpoint>
                    <Trackpoint>
                        <DistanceMeters>499.15498542785645</DistanceMeters>
                        <Time>2022-01-03T11:26:53.674Z</Time>
                        <Position>
                            <LatitudeDegrees>30.52283477783203</LatitudeDegrees>
                            <LongitudeDegrees>104.06553649902344</LongitudeDegrees>
                        </Position>
                        <AltitudeMeters>428.79998779296875</AltitudeMeters>
                    </Trackpoint>
                    <Trackpoint>
                        <DistanceMeters>499.15498542785645</DistanceMeters>
                        <Time>2022-01-03T11:26:54.317Z</Time>
                        <Position>
                            <LatitudeDegrees>30.522846221923828</LatitudeDegrees>
                            <LongitudeDegrees>104.06553649902344</LongitudeDegrees>
                        </Position>
                        <AltitudeMeters>428.79998779296875</AltitudeMeters>
                    </Trackpoint>
                    <Trackpoint>
                        <DistanceMeters>499.15498542785645</DistanceMeters>
                        <Time>2022-01-03T11:26:54.947Z</Time>
                        <Position>
                            <LatitudeDegrees>30.522855758666992</LatitudeDegrees>
                            <LongitudeDegrees>104.06553649902344</LongitudeDegrees>
                        </Position>
                        <AltitudeMeters>428.79998779296875</AltitudeMeters>
                    </Trackpoint>
                    <Trackpoint>
                        <DistanceMeters>499.15498542785645</DistanceMeters>
                        <Time>2022-01-03T11:26:55.870Z</Time>
                        <Position>
                            <LatitudeDegrees>30.522872924804688</LatitudeDegrees>
                            <LongitudeDegrees>104.0655288696289</LongitudeDegrees>
                        </Position>
                        <AltitudeMeters>428.79998779296875</AltitudeMeters>
                    </Trackpoint>
                    <Trackpoint>
                        <DistanceMeters>499.15498542785645</DistanceMeters>
                        <Time>2022-01-03T11:26:56.509Z</Time>
                        <Position>
                            <LatitudeDegrees>30.522884368896484</LatitudeDegrees>
                            <LongitudeDegrees>104.0655288696289</LongitudeDegrees>
                        </Position>
                        <AltitudeMeters>428.79998779296875</AltitudeMeters>
                    </Trackpoint>
                    <Trackpoint>
                        <DistanceMeters>499.15498542785645</DistanceMeters>
                        <Time>2022-01-03T11:26:57.498Z</Time>
                        <Position>
                            <LatitudeDegrees>30.522907257080078</LatitudeDegrees>
                            <LongitudeDegrees>104.06552124023438</LongitudeDegrees>
                        </Position>
                        <AltitudeMeters>428.79998779296875</AltitudeMeters>
                    </Trackpoint>
                    <Trackpoint>
                        <DistanceMeters>499.15498542785645</DistanceMeters>
                        <Time>2022-01-03T11:26:57.882Z</Time>
                        <Position>
                            <LatitudeDegrees>30.522918701171875</LatitudeDegrees>
                            <LongitudeDegrees>104.06552124023438</LongitudeDegrees>
                        </Position>
                        <AltitudeMeters>428.79998779296875</AltitudeMeters>
                    </Trackpoint>
                    <Trackpoint>
                        <DistanceMeters>499.15498542785645</DistanceMeters>
                        <Time>2022-01-03T11:26:58.457Z</Time>
                        <Position>
                            <LatitudeDegrees>30.522933959960938</LatitudeDegrees>
                            <LongitudeDegrees>104.06552124023438</LongitudeDegrees>
                        </Position>
                        <AltitudeMeters>428.79998779296875</AltitudeMeters>
                    </Trackpoint>
                    <Trackpoint>
                        <DistanceMeters>499.15498542785645</DistanceMeters>
                        <Time>2022-01-03T11:26:58.882Z</Time>
                        <Position>
                            <LatitudeDegrees>30.522945404052734</LatitudeDegrees>
                            <LongitudeDegrees>104.06552124023438</LongitudeDegrees>
                        </Position>
                        <AltitudeMeters>428.79998779296875</AltitudeMeters>
                    </Trackpoint>
                    <Trackpoint>
                        <DistanceMeters>499.15498542785645</DistanceMeters>
                        <Time>2022-01-03T11:26:59.373Z</Time>
                        <Position>
                            <LatitudeDegrees>30.522958755493164</LatitudeDegrees>
                            <LongitudeDegrees>104.06552124023438</LongitudeDegrees>
                        </Position>
                        <AltitudeMeters>428.79998779296875</AltitudeMeters>
                    </Trackpoint>
                    <Trackpoint>
                        <DistanceMeters>499.15498542785645</DistanceMeters>
                        <Time>2022-01-03T11:26:59.994Z</Time>
                        <Position>
                            <LatitudeDegrees>30.52297019958496</LatitudeDegrees>
                            <LongitudeDegrees>104.06552124023438</LongitudeDegrees>
                        </Position>
                        <AltitudeMeters>428.79998779296875</AltitudeMeters>
                    </Trackpoint>
                    <Trackpoint>
                        <DistanceMeters>570.3381290435791</DistanceMeters>
                        <Time>2022-01-03T11:27:00.881Z</Time>
                        <Position>
                            <LatitudeDegrees>30.52298927307129</LatitudeDegrees>
                            <LongitudeDegrees>104.0655288696289</LongitudeDegrees>
                        </Position>
                        <AltitudeMeters>428.79998779296875</AltitudeMeters>
                    </Trackpoint>
                    <Trackpoint>
                        <DistanceMeters>570.3381290435791</DistanceMeters>
                        <Time>2022-01-03T11:27:02.209Z</Time>
                        <Position>
                            <LatitudeDegrees>30.523014068603516</LatitudeDegrees>
                            <LongitudeDegrees>104.0655288696289</LongitudeDegrees>
                        </Position>
                        <AltitudeMeters>428.79998779296875</AltitudeMeters>
                    </Trackpoint>
                    <Trackpoint>
                        <DistanceMeters>570.3381290435791</DistanceMeters>
                        <Time>2022-01-03T11:27:03.491Z</Time>
                        <Position>
                            <LatitudeDegrees>30.523035049438477</LatitudeDegrees>
                            <LongitudeDegrees>104.0655288696289</LongitudeDegrees>
                        </Position>
                        <AltitudeMeters>428.79998779296875</AltitudeMeters>
                    </Trackpoint>
                    <Trackpoint>
                        <DistanceMeters>570.3381290435791</DistanceMeters>
                        <Time>2022-01-03T11:27:04.445Z</Time>
                        <Position>
                            <LatitudeDegrees>30.523056030273438</LatitudeDegrees>
                            <LongitudeDegrees>104.0655288696289</LongitudeDegrees>
                        </Position>
                        <AltitudeMeters>428.79998779296875</AltitudeMeters>
                    </Trackpoint>
                    <Trackpoint>
                        <DistanceMeters>570.3381290435791</DistanceMeters>
                        <Time>2022-01-03T11:27:05.094Z</Time>
                        <Position>
                            <LatitudeDegrees>30.523069381713867</LatitudeDegrees>
                            <LongitudeDegrees>104.06552124023438</LongitudeDegrees>
                        </Position>
                        <AltitudeMeters>428.79998779296875</AltitudeMeters>
                    </Trackpoint>
                    <Trackpoint>
                        <DistanceMeters>570.3381290435791</DistanceMeters>
                        <Time>2022-01-03T11:27:05.880Z</Time>
                        <Position>
                            <LatitudeDegrees>30.523082733154297</LatitudeDegrees>
                            <LongitudeDegrees>104.06551361083984</LongitudeDegrees>
                        </Position>
                        <AltitudeMeters>428.79998779296875</AltitudeMeters>
                    </Trackpoint>
                    <Trackpoint>
                        <DistanceMeters>570.3381290435791</DistanceMeters>
                        <Time>2022-01-03T11:27:06.353Z</Time>
                        <Position>
                            <LatitudeDegrees>30.523090362548828</LatitudeDegrees>
                            <LongitudeDegrees>104.06551361083984</LongitudeDegrees>
                        </Position>
                        <AltitudeMeters>428.79998779296875</AltitudeMeters>
                    </Trackpoint>
                    <Trackpoint>
                        <DistanceMeters>570.3381290435791</DistanceMeters>
                        <Time>2022-01-03T11:27:07.609Z</Time>
                        <Position>
                            <LatitudeDegrees>30.523113250732422</LatitudeDegrees>
                            <LongitudeDegrees>104.06550598144531</LongitudeDegrees>
                        </Position>
                        <AltitudeMeters>428.79998779296875</AltitudeMeters>
                    </Trackpoint>
                    <Trackpoint>
                        <DistanceMeters>570.3381290435791</DistanceMeters>
                        <Time>2022-01-03T11:27:08.250Z</Time>
                        <Position>
                            <LatitudeDegrees>30.523122787475586</LatitudeDegrees>
                            <LongitudeDegrees>104.06549835205078</LongitudeDegrees>
                        </Position>
                        <AltitudeMeters>428.79998779296875</AltitudeMeters>
                    </Trackpoint>
                    <Trackpoint>
                        <DistanceMeters>570.3381290435791</DistanceMeters>
                        <Time>2022-01-03T11:27:08.891Z</Time>
                        <Position>
                            <LatitudeDegrees>30.523134231567383</LatitudeDegrees>
                            <LongitudeDegrees>104.06549835205078</LongitudeDegrees>
                        </Position>
                        <AltitudeMeters>428.79998779296875</AltitudeMeters>
                    </Trackpoint>
                    <Trackpoint>
                        <DistanceMeters>570.3381290435791</DistanceMeters>
                        <Time>2022-01-03T11:27:09.515Z</Time>
                        <Position>
                            <LatitudeDegrees>30.52314567565918</LatitudeDegrees>
                            <LongitudeDegrees>104.06549072265625</LongitudeDegrees>
                        </Position>
                        <AltitudeMeters>428.79998779296875</AltitudeMeters>
                    </Trackpoint>
                    <Trackpoint>
                        <DistanceMeters>570.3381290435791</DistanceMeters>
                        <Time>2022-01-03T11:27:10.453Z</Time>
                        <Position>
                            <LatitudeDegrees>30.523164749145508</LatitudeDegrees>
                            <LongitudeDegrees>104.06548309326172</LongitudeDegrees>
                        </Position>
                        <AltitudeMeters>428.79998779296875</AltitudeMeters>
                    </Trackpoint>
                    <Trackpoint>
                        <DistanceMeters>570.3381290435791</DistanceMeters>
                        <Time>2022-01-03T11:27:11.708Z</Time>
                        <Position>
                            <LatitudeDegrees>30.52318572998047</LatitudeDegrees>
                            <LongitudeDegrees>104.06547546386719</LongitudeDegrees>
                        </Position>
                        <AltitudeMeters>428.79998779296875</AltitudeMeters>
                    </Trackpoint>
                    <Trackpoint>
                        <DistanceMeters>570.3381290435791</DistanceMeters>
                        <Time>2022-01-03T11:27:12.658Z</Time>
                        <Position>
                            <LatitudeDegrees>30.52320671081543</LatitudeDegrees>
                            <LongitudeDegrees>104.06546783447266</LongitudeDegrees>
                        </Position>
                        <AltitudeMeters>428.79998779296875</AltitudeMeters>
                    </Trackpoint>
                    <Trackpoint>
                        <DistanceMeters>570.3381290435791</DistanceMeters>
                        <Time>2022-01-03T11:27:13.288Z</Time>
                        <Position>
                            <LatitudeDegrees>30.52322006225586</LatitudeDegrees>
                            <LongitudeDegrees>104.06546020507812</LongitudeDegrees>
                        </Position>
                        <AltitudeMeters>428.79998779296875</AltitudeMeters>
                    </Trackpoint>
                    <Trackpoint>
                        <DistanceMeters>570.3381290435791</DistanceMeters>
                        <Time>2022-01-03T11:27:13.885Z</Time>
                        <Position>
                            <LatitudeDegrees>30.523231506347656</LatitudeDegrees>
                            <LongitudeDegrees>104.06546020507812</LongitudeDegrees>
                        </Position>
                        <AltitudeMeters>428.79998779296875</AltitudeMeters>
                    </Trackpoint>
                    <Trackpoint>
                        <DistanceMeters>570.3381290435791</DistanceMeters>
                        <Time>2022-01-03T11:27:14.918Z</Time>
                        <Position>
                            <LatitudeDegrees>30.52325439453125</LatitudeDegrees>
                            <LongitudeDegrees>104.06544494628906</LongitudeDegrees>
                        </Position>
                        <AltitudeMeters>428.79998779296875</AltitudeMeters>
                    </Trackpoint>
                    <Trackpoint>
                        <DistanceMeters>570.3381290435791</DistanceMeters>
                        <Time>2022-01-03T11:27:15.528Z</Time>
                        <Position>
                            <LatitudeDegrees>30.523269653320312</LatitudeDegrees>
                            <LongitudeDegrees>104.06543731689453</LongitudeDegrees>
                        </Position>
                        <AltitudeMeters>428.79998779296875</AltitudeMeters>
                    </Trackpoint>
                    <Trackpoint>
                        <DistanceMeters>570.3381290435791</DistanceMeters>
                        <Time>2022-01-03T11:27:16.169Z</Time>
                        <Position>
                            <LatitudeDegrees>30.523284912109375</LatitudeDegrees>
                            <LongitudeDegrees>104.0654296875</LongitudeDegrees>
                        </Position>
                        <AltitudeMeters>428.79998779296875</AltitudeMeters>
                    </Trackpoint>
                    <Trackpoint>
                        <DistanceMeters>570.3381290435791</DistanceMeters>
                        <Time>2022-01-03T11:27:16.814Z</Time>
                        <Position>
                            <LatitudeDegrees>30.523303985595703</LatitudeDegrees>
                            <LongitudeDegrees>104.0654296875</LongitudeDegrees>
                        </Position>
                        <AltitudeMeters>428.79998779296875</AltitudeMeters>
                    </Trackpoint>
                    <Trackpoint>
                        <DistanceMeters>570.3381290435791</DistanceMeters>
                        <Time>2022-01-03T11:27:17.455Z</Time>
                        <Position>
                            <LatitudeDegrees>30.5233211517334</LatitudeDegrees>
                            <LongitudeDegrees>104.0654296875</LongitudeDegrees>
                        </Position>
                        <AltitudeMeters>428.79998779296875</AltitudeMeters>
                    </Trackpoint>
                    <Trackpoint>
                        <DistanceMeters>570.3381290435791</DistanceMeters>
                        <Time>2022-01-03T11:27:17.882Z</Time>
                        <Position>
                            <LatitudeDegrees>30.523330688476562</LatitudeDegrees>
                            <LongitudeDegrees>104.06542205810547</LongitudeDegrees>
                        </Position>
                        <AltitudeMeters>428.79998779296875</AltitudeMeters>
                    </Trackpoint>
                    <Trackpoint>
                        <DistanceMeters>570.3381290435791</DistanceMeters>
                        <Time>2022-01-03T11:27:18.690Z</Time>
                        <Position>
                            <LatitudeDegrees>30.523351669311523</LatitudeDegrees>
                            <LongitudeDegrees>104.06541442871094</LongitudeDegrees>
                        </Position>
                        <AltitudeMeters>428.79998779296875</AltitudeMeters>
                    </Trackpoint>
                    <Trackpoint>
                        <DistanceMeters>570.3381290435791</DistanceMeters>
                        <Time>2022-01-03T11:27:19.330Z</Time>
                        <Position>
                            <LatitudeDegrees>30.523366928100586</LatitudeDegrees>
                            <LongitudeDegrees>104.06541442871094</LongitudeDegrees>
                        </Position>
                        <AltitudeMeters>428.79998779296875</AltitudeMeters>
                    </Trackpoint>
                    <Trackpoint>
                        <DistanceMeters>570.3381290435791</DistanceMeters>
                        <Time>2022-01-03T11:27:19.881Z</Time>
                        <Position>
                            <LatitudeDegrees>30.523378372192383</LatitudeDegrees>
                            <LongitudeDegrees>104.06541442871094</LongitudeDegrees>
                        </Position>
                        <AltitudeMeters>428.79998779296875</AltitudeMeters>
                    </Trackpoint>
                    <Trackpoint>
                        <DistanceMeters>570.3381290435791</DistanceMeters>
                        <Time>2022-01-03T11:27:20.567Z</Time>
                        <Position>
                            <LatitudeDegrees>30.523393630981445</LatitudeDegrees>
                            <LongitudeDegrees>104.0654067993164</LongitudeDegrees>
                        </Position>
                        <AltitudeMeters>428.79998779296875</AltitudeMeters>
                    </Trackpoint>
                    <Trackpoint>
                        <DistanceMeters>570.3381290435791</DistanceMeters>
                        <Time>2022-01-03T11:27:21.534Z</Time>
                        <Position>
                            <LatitudeDegrees>30.52341651916504</LatitudeDegrees>
                            <LongitudeDegrees>104.0654067993164</LongitudeDegrees>
                        </Position>
                        <AltitudeMeters>428.79998779296875</AltitudeMeters>
                    </Trackpoint>
                    <Trackpoint>
                        <DistanceMeters>570.3381290435791</DistanceMeters>
                        <Time>2022-01-03T11:27:22.492Z</Time>
                        <Position>
                            <LatitudeDegrees>30.523441314697266</LatitudeDegrees>
                            <LongitudeDegrees>104.06539916992188</LongitudeDegrees>
                        </Position>
                        <AltitudeMeters>428.79998779296875</AltitudeMeters>
                    </Trackpoint>
                    <Trackpoint>
                        <DistanceMeters>570.3381290435791</DistanceMeters>
                        <Time>2022-01-03T11:27:22.789Z</Time>
                        <Position>
                            <LatitudeDegrees>30.52345085144043</LatitudeDegrees>
                            <LongitudeDegrees>104.06539154052734</LongitudeDegrees>
                        </Position>
                        <AltitudeMeters>428.79998779296875</AltitudeMeters>
                    </Trackpoint>
                    <Trackpoint>
                        <DistanceMeters>570.3381290435791</DistanceMeters>
                        <Time>2022-01-03T11:27:23.728Z</Time>
                        <Position>
                            <LatitudeDegrees>30.52347183227539</LatitudeDegrees>
                            <LongitudeDegrees>104.06538391113281</LongitudeDegrees>
                        </Position>
                        <AltitudeMeters>428.79998779296875</AltitudeMeters>
                    </Trackpoint>
                    <Trackpoint>
                        <DistanceMeters>570.3381290435791</DistanceMeters>
                        <Time>2022-01-03T11:27:24.388Z</Time>
                        <Position>
                            <LatitudeDegrees>30.523487091064453</LatitudeDegrees>
                            <LongitudeDegrees>104.06537628173828</LongitudeDegrees>
                        </Position>
                        <AltitudeMeters>428.79998779296875</AltitudeMeters>
                    </Trackpoint>
                    <Trackpoint>
                        <DistanceMeters>570.3381290435791</DistanceMeters>
                        <Time>2022-01-03T11:27:25.310Z</Time>
                        <Position>
                            <LatitudeDegrees>30.523502349853516</LatitudeDegrees>
                            <LongitudeDegrees>104.06536865234375</LongitudeDegrees>
                        </Position>
                        <AltitudeMeters>428.79998779296875</AltitudeMeters>
                    </Trackpoint>
                    <Trackpoint>
                        <DistanceMeters>570.3381290435791</DistanceMeters>
                        <Time>2022-01-03T11:27:25.881Z</Time>
                        <Position>
                            <LatitudeDegrees>30.523513793945312</LatitudeDegrees>
                            <LongitudeDegrees>104.06536102294922</LongitudeDegrees>
                        </Position>
                        <AltitudeMeters>428.79998779296875</AltitudeMeters>
                    </Trackpoint>
                    <Trackpoint>
                        <DistanceMeters>570.3381290435791</DistanceMeters>
                        <Time>2022-01-03T11:27:26.592Z</Time>
                        <Position>
                            <LatitudeDegrees>30.52352523803711</LatitudeDegrees>
                            <LongitudeDegrees>104.06535339355469</LongitudeDegrees>
                        </Position>
                        <AltitudeMeters>428.79998779296875</AltitudeMeters>
                    </Trackpoint>
                    <Trackpoint>
                        <DistanceMeters>570.3381290435791</DistanceMeters>
                        <Time>2022-01-03T11:27:27.217Z</Time>
                        <Position>
                            <LatitudeDegrees>30.52353286743164</LatitudeDegrees>
                            <LongitudeDegrees>104.06534576416016</LongitudeDegrees>
                        </Position>
                        <AltitudeMeters>428.79998779296875</AltitudeMeters>
                    </Trackpoint>
                    <Trackpoint>
                        <DistanceMeters>570.3381290435791</DistanceMeters>
                        <Time>2022-01-03T11:27:28.174Z</Time>
                        <Position>
                            <LatitudeDegrees>30.52354621887207</LatitudeDegrees>
                            <LongitudeDegrees>104.06533813476562</LongitudeDegrees>
                        </Position>
                        <AltitudeMeters>428.79998779296875</AltitudeMeters>
                    </Trackpoint>
                    <Trackpoint>
                        <DistanceMeters>570.3381290435791</DistanceMeters>
                        <Time>2022-01-03T11:27:28.795Z</Time>
                        <Position>
                            <LatitudeDegrees>30.523555755615234</LatitudeDegrees>
                            <LongitudeDegrees>104.06532287597656</LongitudeDegrees>
                        </Position>
                        <AltitudeMeters>428.79998779296875</AltitudeMeters>
                    </Trackpoint>
                    <Trackpoint>
                        <DistanceMeters>570.3381290435791</DistanceMeters>
                        <Time>2022-01-03T11:27:29.389Z</Time>
                        <Position>
                            <LatitudeDegrees>30.523563385009766</LatitudeDegrees>
                            <LongitudeDegrees>104.06531524658203</LongitudeDegrees>
                        </Position>
                        <AltitudeMeters>428.79998779296875</AltitudeMeters>
                    </Trackpoint>
                    <Trackpoint>
                        <DistanceMeters>642.7069492340088</DistanceMeters>
                        <Time>2022-01-03T11:27:30.357Z</Time>
                        <Position>
                            <LatitudeDegrees>30.523574829101562</LatitudeDegrees>
                            <LongitudeDegrees>104.06529998779297</LongitudeDegrees>
                        </Position>
                        <AltitudeMeters>428.79998779296875</AltitudeMeters>
                    </Trackpoint>
                    <Trackpoint>
                        <DistanceMeters>642.7069492340088</DistanceMeters>
                        <Time>2022-01-03T11:27:31.295Z</Time>
                        <Position>
                            <LatitudeDegrees>30.523591995239258</LatitudeDegrees>
                            <LongitudeDegrees>104.0652847290039</LongitudeDegrees>
                        </Position>
                        <AltitudeMeters>428.79998779296875</AltitudeMeters>
                    </Trackpoint>
                    <Trackpoint>
                        <DistanceMeters>642.7069492340088</DistanceMeters>
                        <Time>2022-01-03T11:27:31.937Z</Time>
                        <Position>
                            <LatitudeDegrees>30.523603439331055</LatitudeDegrees>
                            <LongitudeDegrees>104.06527709960938</LongitudeDegrees>
                        </Position>
                        <AltitudeMeters>428.79998779296875</AltitudeMeters>
                    </Trackpoint>
                    <Trackpoint>
                        <DistanceMeters>642.7069492340088</DistanceMeters>
                        <Time>2022-01-03T11:27:32.882Z</Time>
                        <Position>
                            <LatitudeDegrees>30.523618698120117</LatitudeDegrees>
                            <LongitudeDegrees>104.06526184082031</LongitudeDegrees>
                        </Position>
                        <AltitudeMeters>428.79998779296875</AltitudeMeters>
                    </Trackpoint>
                    <Trackpoint>
                        <DistanceMeters>642.7069492340088</DistanceMeters>
                        <Time>2022-01-03T11:27:33.851Z</Time>
                        <Position>
                            <LatitudeDegrees>30.523637771606445</LatitudeDegrees>
                            <LongitudeDegrees>104.06524658203125</LongitudeDegrees>
                        </Position>
                        <AltitudeMeters>428.79998779296875</AltitudeMeters>
                    </Trackpoint>
                    <Trackpoint>
                        <DistanceMeters>642.7069492340088</DistanceMeters>
                        <Time>2022-01-03T11:27:34.511Z</Time>
                        <Position>
                            <LatitudeDegrees>30.523649215698242</LatitudeDegrees>
                            <LongitudeDegrees>104.06523895263672</LongitudeDegrees>
                        </Position>
                        <AltitudeMeters>428.79998779296875</AltitudeMeters>
                    </Trackpoint>
                    <Trackpoint>
                        <DistanceMeters>642.7069492340088</DistanceMeters>
                        <Time>2022-01-03T11:27:35.748Z</Time>
                        <Position>
                            <LatitudeDegrees>30.523672103881836</LatitudeDegrees>
                            <LongitudeDegrees>104.06523132324219</LongitudeDegrees>
                        </Position>
                        <AltitudeMeters>428.79998779296875</AltitudeMeters>
                    </Trackpoint>
                    <Trackpoint>
                        <DistanceMeters>642.7069492340088</DistanceMeters>
                        <Time>2022-01-03T11:27:36.371Z</Time>
                        <Position>
                            <LatitudeDegrees>30.5236873626709</LatitudeDegrees>
                            <LongitudeDegrees>104.06522369384766</LongitudeDegrees>
                        </Position>
                        <AltitudeMeters>428.79998779296875</AltitudeMeters>
                    </Trackpoint>
                    <Trackpoint>
                        <DistanceMeters>642.7069492340088</DistanceMeters>
                        <Time>2022-01-03T11:27:37.031Z</Time>
                        <Position>
                            <LatitudeDegrees>30.523700714111328</LatitudeDegrees>
                            <LongitudeDegrees>104.06521606445312</LongitudeDegrees>
                        </Position>
                        <AltitudeMeters>428.79998779296875</AltitudeMeters>
                    </Trackpoint>
                    <Trackpoint>
                        <DistanceMeters>642.7069492340088</DistanceMeters>
                        <Time>2022-01-03T11:27:37.672Z</Time>
                        <Position>
                            <LatitudeDegrees>30.523710250854492</LatitudeDegrees>
                            <LongitudeDegrees>104.0652084350586</LongitudeDegrees>
                        </Position>
                        <AltitudeMeters>428.79998779296875</AltitudeMeters>
                    </Trackpoint>
                    <Trackpoint>
                        <DistanceMeters>642.7069492340088</DistanceMeters>
                        <Time>2022-01-03T11:27:38.936Z</Time>
                        <Position>
                            <LatitudeDegrees>30.523738861083984</LatitudeDegrees>
                            <LongitudeDegrees>104.06520080566406</LongitudeDegrees>
                        </Position>
                        <AltitudeMeters>428.79998779296875</AltitudeMeters>
                    </Trackpoint>
                    <Trackpoint>
                        <DistanceMeters>642.7069492340088</DistanceMeters>
                        <Time>2022-01-03T11:27:39.912Z</Time>
                        <Position>
                            <LatitudeDegrees>30.523757934570312</LatitudeDegrees>
                            <LongitudeDegrees>104.06519317626953</LongitudeDegrees>
                        </Position>
                        <AltitudeMeters>428.79998779296875</AltitudeMeters>
                    </Trackpoint>
                    <Trackpoint>
                        <DistanceMeters>642.7069492340088</DistanceMeters>
                        <Time>2022-01-03T11:27:40.509Z</Time>
                        <Position>
                            <LatitudeDegrees>30.523773193359375</LatitudeDegrees>
                            <LongitudeDegrees>104.06519317626953</LongitudeDegrees>
                        </Position>
                        <AltitudeMeters>428.79998779296875</AltitudeMeters>
                    </Trackpoint>
                    <Trackpoint>
                        <DistanceMeters>642.7069492340088</DistanceMeters>
                        <Time>2022-01-03T11:27:41.476Z</Time>
                        <Position>
                            <LatitudeDegrees>30.52379608154297</LatitudeDegrees>
                            <LongitudeDegrees>104.06519317626953</LongitudeDegrees>
                        </Position>
                        <AltitudeMeters>428.79998779296875</AltitudeMeters>
                    </Trackpoint>
                    <Trackpoint>
                        <DistanceMeters>642.7069492340088</DistanceMeters>
                        <Time>2022-01-03T11:27:41.882Z</Time>
                        <Position>
                            <LatitudeDegrees>30.523805618286133</LatitudeDegrees>
                            <LongitudeDegrees>104.06519317626953</LongitudeDegrees>
                        </Position>
                        <AltitudeMeters>428.79998779296875</AltitudeMeters>
                    </Trackpoint>
                    <Trackpoint>
                        <DistanceMeters>642.7069492340088</DistanceMeters>
                        <Time>2022-01-03T11:27:42.730Z</Time>
                        <Position>
                            <LatitudeDegrees>30.52383041381836</LatitudeDegrees>
                            <LongitudeDegrees>104.06519317626953</LongitudeDegrees>
                        </Position>
                        <AltitudeMeters>428.79998779296875</AltitudeMeters>
                    </Trackpoint>
                    <Trackpoint>
                        <DistanceMeters>642.7069492340088</DistanceMeters>
                        <Time>2022-01-03T11:27:43.370Z</Time>
                        <Position>
                            <LatitudeDegrees>30.52384376525879</LatitudeDegrees>
                            <LongitudeDegrees>104.065185546875</LongitudeDegrees>
                        </Position>
                        <AltitudeMeters>428.79998779296875</AltitudeMeters>
                    </Trackpoint>
                    <Trackpoint>
                        <DistanceMeters>642.7069492340088</DistanceMeters>
                        <Time>2022-01-03T11:27:44.330Z</Time>
                        <Position>
                            <LatitudeDegrees>30.52386474609375</LatitudeDegrees>
                            <LongitudeDegrees>104.06517791748047</LongitudeDegrees>
                        </Position>
                        <AltitudeMeters>428.79998779296875</AltitudeMeters>
                    </Trackpoint>
                    <Trackpoint>
                        <DistanceMeters>642.7069492340088</DistanceMeters>
                        <Time>2022-01-03T11:27:45.296Z</Time>
                        <Position>
                            <LatitudeDegrees>30.52388572692871</LatitudeDegrees>
                            <LongitudeDegrees>104.06517028808594</LongitudeDegrees>
                        </Position>
                        <AltitudeMeters>428.79998779296875</AltitudeMeters>
                    </Trackpoint>
                    <Trackpoint>
                        <DistanceMeters>642.7069492340088</DistanceMeters>
                        <Time>2022-01-03T11:27:45.880Z</Time>
                        <Position>
                            <LatitudeDegrees>30.523897171020508</LatitudeDegrees>
                            <LongitudeDegrees>104.0651626586914</LongitudeDegrees>
                        </Position>
                        <AltitudeMeters>428.79998779296875</AltitudeMeters>
                    </Trackpoint>
                    <Trackpoint>
                        <DistanceMeters>642.7069492340088</DistanceMeters>
                        <Time>2022-01-03T11:27:46.595Z</Time>
                        <Position>
                            <LatitudeDegrees>30.523910522460938</LatitudeDegrees>
                            <LongitudeDegrees>104.06515502929688</LongitudeDegrees>
                        </Position>
                        <AltitudeMeters>428.79998779296875</AltitudeMeters>
                    </Trackpoint>
                    <Trackpoint>
                        <DistanceMeters>642.7069492340088</DistanceMeters>
                        <Time>2022-01-03T11:27:47.275Z</Time>
                        <Position>
                            <LatitudeDegrees>30.523921966552734</LatitudeDegrees>
                            <LongitudeDegrees>104.06513977050781</LongitudeDegrees>
                        </Position>
                        <AltitudeMeters>428.79998779296875</AltitudeMeters>
                    </Trackpoint>
                    <Trackpoint>
                        <DistanceMeters>642.7069492340088</DistanceMeters>
                        <Time>2022-01-03T11:27:47.888Z</Time>
                        <Position>
                            <LatitudeDegrees>30.52393341064453</LatitudeDegrees>
                            <LongitudeDegrees>104.06513214111328</LongitudeDegrees>
                        </Position>
                        <AltitudeMeters>428.79998779296875</AltitudeMeters>
                    </Trackpoint>
                    <Trackpoint>
                        <DistanceMeters>642.7069492340088</DistanceMeters>
                        <Time>2022-01-03T11:27:48.857Z</Time>
                        <Position>
                            <LatitudeDegrees>30.52395248413086</LatitudeDegrees>
                            <LongitudeDegrees>104.06512451171875</LongitudeDegrees>
                        </Position>
                        <AltitudeMeters>428.79998779296875</AltitudeMeters>
                    </Trackpoint>
                    <Trackpoint>
                        <DistanceMeters>642.7069492340088</DistanceMeters>
                        <Time>2022-01-03T11:27:49.487Z</Time>
                        <Position>
                            <LatitudeDegrees>30.52396583557129</LatitudeDegrees>
                            <LongitudeDegrees>104.06511688232422</LongitudeDegrees>
                        </Position>
                        <AltitudeMeters>428.79998779296875</AltitudeMeters>
                    </Trackpoint>
                    <Trackpoint>
                        <DistanceMeters>642.7069492340088</DistanceMeters>
                        <Time>2022-01-03T11:27:50.146Z</Time>
                        <Position>
                            <LatitudeDegrees>30.52397918701172</LatitudeDegrees>
                            <LongitudeDegrees>104.06511688232422</LongitudeDegrees>
                        </Position>
                        <AltitudeMeters>428.79998779296875</AltitudeMeters>
                    </Trackpoint>
                    <Trackpoint>
                        <DistanceMeters>642.7069492340088</DistanceMeters>
                        <Time>2022-01-03T11:27:50.881Z</Time>
                        <Position>
                            <LatitudeDegrees>30.523998260498047</LatitudeDegrees>
                            <LongitudeDegrees>104.06511688232422</LongitudeDegrees>
                        </Position>
                        <AltitudeMeters>428.79998779296875</AltitudeMeters>
                    </Trackpoint>
                    <Trackpoint>
                        <DistanceMeters>642.7069492340088</DistanceMeters>
                        <Time>2022-01-03T11:27:51.756Z</Time>
                        <Position>
                            <LatitudeDegrees>30.52401351928711</LatitudeDegrees>
                            <LongitudeDegrees>104.06512451171875</LongitudeDegrees>
                        </Position>
                        <AltitudeMeters>428.79998779296875</AltitudeMeters>
                    </Trackpoint>
                    <Trackpoint>
                        <DistanceMeters>642.7069492340088</DistanceMeters>
                        <Time>2022-01-03T11:27:52.369Z</Time>
                        <Position>
                            <LatitudeDegrees>30.524023056030273</LatitudeDegrees>
                            <LongitudeDegrees>104.06513214111328</LongitudeDegrees>
                        </Position>
                        <AltitudeMeters>428.79998779296875</AltitudeMeters>
                    </Trackpoint>
                    <Trackpoint>
                        <DistanceMeters>642.7069492340088</DistanceMeters>
                        <Time>2022-01-03T11:27:53.011Z</Time>
                        <Position>
                            <LatitudeDegrees>30.524032592773438</LatitudeDegrees>
                            <LongitudeDegrees>104.06513214111328</LongitudeDegrees>
                        </Position>
                        <AltitudeMeters>428.79998779296875</AltitudeMeters>
                    </Trackpoint>
                    <Trackpoint>
                        <DistanceMeters>642.7069492340088</DistanceMeters>
                        <Time>2022-01-03T11:27:53.671Z</Time>
                        <Position>
                            <LatitudeDegrees>30.524044036865234</LatitudeDegrees>
                            <LongitudeDegrees>104.06513214111328</LongitudeDegrees>
                        </Position>
                        <AltitudeMeters>428.79998779296875</AltitudeMeters>
                    </Trackpoint>
                    <Trackpoint>
                        <DistanceMeters>642.7069492340088</DistanceMeters>
                        <Time>2022-01-03T11:27:54.314Z</Time>
                        <Position>
                            <LatitudeDegrees>30.5240535736084</LatitudeDegrees>
                            <LongitudeDegrees>104.06513214111328</LongitudeDegrees>
                        </Position>
                        <AltitudeMeters>428.79998779296875</AltitudeMeters>
                    </Trackpoint>
                    <Trackpoint>
                        <DistanceMeters>642.7069492340088</DistanceMeters>
                        <Time>2022-01-03T11:27:55.251Z</Time>
                        <Position>
                            <LatitudeDegrees>30.524070739746094</LatitudeDegrees>
                            <LongitudeDegrees>104.06511688232422</LongitudeDegrees>
                        </Position>
                        <AltitudeMeters>428.79998779296875</AltitudeMeters>
                    </Trackpoint>
                    <Trackpoint>
                        <DistanceMeters>642.7069492340088</DistanceMeters>
                        <Time>2022-01-03T11:27:55.882Z</Time>
                        <Position>
                            <LatitudeDegrees>30.52408218383789</LatitudeDegrees>
                            <LongitudeDegrees>104.06511688232422</LongitudeDegrees>
                        </Position>
                        <AltitudeMeters>428.79998779296875</AltitudeMeters>
                    </Trackpoint>
                    <Trackpoint>
                        <DistanceMeters>642.7069492340088</DistanceMeters>
                        <Time>2022-01-03T11:27:56.831Z</Time>
                        <Position>
                            <LatitudeDegrees>30.52410125732422</LatitudeDegrees>
                            <LongitudeDegrees>104.06510925292969</LongitudeDegrees>
                        </Position>
                        <AltitudeMeters>428.79998779296875</AltitudeMeters>
                    </Trackpoint>
                    <Trackpoint>
                        <DistanceMeters>642.7069492340088</DistanceMeters>
                        <Time>2022-01-03T11:27:57.450Z</Time>
                        <Position>
                            <LatitudeDegrees>30.524112701416016</LatitudeDegrees>
                            <LongitudeDegrees>104.06510162353516</LongitudeDegrees>
                        </Position>
                        <AltitudeMeters>428.79998779296875</AltitudeMeters>
                    </Trackpoint>
                    <Trackpoint>
                        <DistanceMeters>642.7069492340088</DistanceMeters>
                        <Time>2022-01-03T11:27:58.711Z</Time>
                        <Position>
                            <LatitudeDegrees>30.52413558959961</LatitudeDegrees>
                            <LongitudeDegrees>104.06507873535156</LongitudeDegrees>
                        </Position>
                        <AltitudeMeters>428.79998779296875</AltitudeMeters>
                    </Trackpoint>
                    <Trackpoint>
                        <DistanceMeters>642.7069492340088</DistanceMeters>
                        <Time>2022-01-03T11:27:59.370Z</Time>
                        <Position>
                            <LatitudeDegrees>30.524147033691406</LatitudeDegrees>
                            <LongitudeDegrees>104.06507110595703</LongitudeDegrees>
                        </Position>
                        <AltitudeMeters>428.79998779296875</AltitudeMeters>
                    </Trackpoint>
                    <Trackpoint>
                        <DistanceMeters>721.6119785308838</DistanceMeters>
                        <Time>2022-01-03T11:28:00.011Z</Time>
                        <Position>
                            <LatitudeDegrees>30.524160385131836</LatitudeDegrees>
                            <LongitudeDegrees>104.0650634765625</LongitudeDegrees>
                        </Position>
                        <AltitudeMeters>428.79998779296875</AltitudeMeters>
                    </Trackpoint>
                    <Trackpoint>
                        <DistanceMeters>721.6119785308838</DistanceMeters>
                        <Time>2022-01-03T11:28:00.881Z</Time>
                        <Position>
                            <LatitudeDegrees>30.524171829223633</LatitudeDegrees>
                            <LongitudeDegrees>104.06504821777344</LongitudeDegrees>
                        </Position>
                        <AltitudeMeters>428.79998779296875</AltitudeMeters>
                    </Trackpoint>
                    <Trackpoint>
                        <DistanceMeters>721.6119785308838</DistanceMeters>
                        <Time>2022-01-03T11:28:01.590Z</Time>
                        <Position>
                            <LatitudeDegrees>30.524181365966797</LatitudeDegrees>
                            <LongitudeDegrees>104.0650405883789</LongitudeDegrees>
                        </Position>
                        <AltitudeMeters>428.79998779296875</AltitudeMeters>
                    </Trackpoint>
                    <Trackpoint>
                        <DistanceMeters>721.6119785308838</DistanceMeters>
                        <Time>2022-01-03T11:28:02.827Z</Time>
                        <Position>
                            <LatitudeDegrees>30.52420425415039</LatitudeDegrees>
                            <LongitudeDegrees>104.06501770019531</LongitudeDegrees>
                        </Position>
                        <AltitudeMeters>428.79998779296875</AltitudeMeters>
                    </Trackpoint>
                    <Trackpoint>
                        <DistanceMeters>721.6119785308838</DistanceMeters>
                        <Time>2022-01-03T11:28:03.468Z</Time>
                        <Position>
                            <LatitudeDegrees>30.524221420288086</LatitudeDegrees>
                            <LongitudeDegrees>104.06500244140625</LongitudeDegrees>
                        </Position>
                        <AltitudeMeters>428.79998779296875</AltitudeMeters>
                    </Trackpoint>
                    <Trackpoint>
                        <DistanceMeters>721.6119785308838</DistanceMeters>
                        <Time>2022-01-03T11:28:03.882Z</Time>
                        <Position>
                            <LatitudeDegrees>30.52423095703125</LatitudeDegrees>
                            <LongitudeDegrees>104.06499481201172</LongitudeDegrees>
                        </Position>
                        <AltitudeMeters>428.79998779296875</AltitudeMeters>
                    </Trackpoint>
                    <Trackpoint>
                        <DistanceMeters>721.6119785308838</DistanceMeters>
                        <Time>2022-01-03T11:28:05.049Z</Time>
                        <Position>
                            <LatitudeDegrees>30.52425765991211</LatitudeDegrees>
                            <LongitudeDegrees>104.06497192382812</LongitudeDegrees>
                        </Position>
                        <AltitudeMeters>428.79998779296875</AltitudeMeters>
                    </Trackpoint>
                    <Trackpoint>
                        <DistanceMeters>721.6119785308838</DistanceMeters>
                        <Time>2022-01-03T11:28:05.708Z</Time>
                        <Position>
                            <LatitudeDegrees>30.52427101135254</LatitudeDegrees>
                            <LongitudeDegrees>104.06495666503906</LongitudeDegrees>
                        </Position>
                        <AltitudeMeters>428.79998779296875</AltitudeMeters>
                    </Trackpoint>
                    <Trackpoint>
                        <DistanceMeters>721.6119785308838</DistanceMeters>
                        <Time>2022-01-03T11:28:06.627Z</Time>
                        <Position>
                            <LatitudeDegrees>30.524290084838867</LatitudeDegrees>
                            <LongitudeDegrees>104.06494140625</LongitudeDegrees>
                        </Position>
                        <AltitudeMeters>428.79998779296875</AltitudeMeters>
                    </Trackpoint>
                    <Trackpoint>
                        <DistanceMeters>721.6119785308838</DistanceMeters>
                        <Time>2022-01-03T11:28:07.271Z</Time>
                        <Position>
                            <LatitudeDegrees>30.524301528930664</LatitudeDegrees>
                            <LongitudeDegrees>104.06492614746094</LongitudeDegrees>
                        </Position>
                        <AltitudeMeters>428.79998779296875</AltitudeMeters>
                    </Trackpoint>
                    <Trackpoint>
                        <DistanceMeters>721.6119785308838</DistanceMeters>
                        <Time>2022-01-03T11:28:07.598Z</Time>
                        <Position>
                            <LatitudeDegrees>30.524309158325195</LatitudeDegrees>
                            <LongitudeDegrees>104.0649185180664</LongitudeDegrees>
                        </Position>
                        <AltitudeMeters>428.79998779296875</AltitudeMeters>
                    </Trackpoint>
                    <Trackpoint>
                        <DistanceMeters>721.6119785308838</DistanceMeters>
                        <Time>2022-01-03T11:28:08.210Z</Time>
                        <Position>
                            <LatitudeDegrees>30.524322509765625</LatitudeDegrees>
                            <LongitudeDegrees>104.06491088867188</LongitudeDegrees>
                        </Position>
                        <AltitudeMeters>428.79998779296875</AltitudeMeters>
                    </Trackpoint>
                    <Trackpoint>
                        <DistanceMeters>721.6119785308838</DistanceMeters>
                        <Time>2022-01-03T11:28:08.833Z</Time>
                        <Position>
                            <LatitudeDegrees>30.524335861206055</LatitudeDegrees>
                            <LongitudeDegrees>104.06489562988281</LongitudeDegrees>
                        </Position>
                        <AltitudeMeters>428.79998779296875</AltitudeMeters>
                    </Trackpoint>
                    <Trackpoint>
                        <DistanceMeters>721.6119785308838</DistanceMeters>
                        <Time>2022-01-03T11:28:09.150Z</Time>
                        <Position>
                            <LatitudeDegrees>30.524343490600586</LatitudeDegrees>
                            <LongitudeDegrees>104.06488800048828</LongitudeDegrees>
                        </Position>
                        <AltitudeMeters>428.79998779296875</AltitudeMeters>
                    </Trackpoint>
                    <Trackpoint>
                        <DistanceMeters>721.6119785308838</DistanceMeters>
                        <Time>2022-01-03T11:28:09.770Z</Time>
                        <Position>
                            <LatitudeDegrees>30.524354934692383</LatitudeDegrees>
                            <LongitudeDegrees>104.06487274169922</LongitudeDegrees>
                        </Position>
                        <AltitudeMeters>428.79998779296875</AltitudeMeters>
                    </Trackpoint>
                    <Trackpoint>
                        <DistanceMeters>721.6119785308838</DistanceMeters>
                        <Time>2022-01-03T11:28:10.395Z</Time>
                        <Position>
                            <LatitudeDegrees>30.524368286132812</LatitudeDegrees>
                            <LongitudeDegrees>104.06486511230469</LongitudeDegrees>
                        </Position>
                        <AltitudeMeters>428.79998779296875</AltitudeMeters>
                    </Trackpoint>
                    <Trackpoint>
                        <DistanceMeters>721.6119785308838</DistanceMeters>
                        <Time>2022-01-03T11:28:10.731Z</Time>
                        <Position>
                            <LatitudeDegrees>30.524375915527344</LatitudeDegrees>
                            <LongitudeDegrees>104.06485748291016</LongitudeDegrees>
                        </Position>
                        <AltitudeMeters>428.79998779296875</AltitudeMeters>
                    </Trackpoint>
                    <Trackpoint>
                        <DistanceMeters>721.6119785308838</DistanceMeters>
                        <Time>2022-01-03T11:28:11.369Z</Time>
                        <Position>
                            <LatitudeDegrees>30.524391174316406</LatitudeDegrees>
                            <LongitudeDegrees>104.06484985351562</LongitudeDegrees>
                        </Position>
                        <AltitudeMeters>428.79998779296875</AltitudeMeters>
                    </Trackpoint>
                    <Trackpoint>
                        <DistanceMeters>721.6119785308838</DistanceMeters>
                        <Time>2022-01-03T11:28:11.993Z</Time>
                        <Position>
                            <LatitudeDegrees>30.524404525756836</LatitudeDegrees>
                            <LongitudeDegrees>104.06483459472656</LongitudeDegrees>
                        </Position>
                        <AltitudeMeters>428.79998779296875</AltitudeMeters>
                    </Trackpoint>
                    <Trackpoint>
                        <DistanceMeters>721.6119785308838</DistanceMeters>
                        <Time>2022-01-03T11:28:12.885Z</Time>
                        <Position>
                            <LatitudeDegrees>30.524423599243164</LatitudeDegrees>
                            <LongitudeDegrees>104.06482696533203</LongitudeDegrees>
                        </Position>
                        <AltitudeMeters>428.79998779296875</AltitudeMeters>
                    </Trackpoint>
                    <Trackpoint>
                        <DistanceMeters>721.6119785308838</DistanceMeters>
                        <Time>2022-01-03T11:28:13.610Z</Time>
                        <Position>
                            <LatitudeDegrees>30.524438858032227</LatitudeDegrees>
                            <LongitudeDegrees>104.06481170654297</LongitudeDegrees>
                        </Position>
                        <AltitudeMeters>428.79998779296875</AltitudeMeters>
                    </Trackpoint>
                    <Trackpoint>
                        <DistanceMeters>721.6119785308838</DistanceMeters>
                        <Time>2022-01-03T11:28:14.196Z</Time>
                        <Position>
                            <LatitudeDegrees>30.524452209472656</LatitudeDegrees>
                            <LongitudeDegrees>104.06480407714844</LongitudeDegrees>
                        </Position>
                        <AltitudeMeters>428.79998779296875</AltitudeMeters>
                    </Trackpoint>
                    <Trackpoint>
                        <DistanceMeters>721.6119785308838</DistanceMeters>
                        <Time>2022-01-03T11:28:14.882Z</Time>
                        <Position>
                            <LatitudeDegrees>30.524459838867188</LatitudeDegrees>
                            <LongitudeDegrees>104.06478881835938</LongitudeDegrees>
                        </Position>
                        <AltitudeMeters>428.79998779296875</AltitudeMeters>
                    </Trackpoint>
                    <Trackpoint>
                        <DistanceMeters>721.6119785308838</DistanceMeters>
                        <Time>2022-01-03T11:28:15.749Z</Time>
                        <Position>
                            <LatitudeDegrees>30.524473190307617</LatitudeDegrees>
                            <LongitudeDegrees>104.06477355957031</LongitudeDegrees>
                        </Position>
                        <AltitudeMeters>428.79998779296875</AltitudeMeters>
                    </Trackpoint>
                    <Trackpoint>
                        <DistanceMeters>721.6119785308838</DistanceMeters>
                        <Time>2022-01-03T11:28:16.412Z</Time>
                        <Position>
                            <LatitudeDegrees>30.524486541748047</LatitudeDegrees>
                            <LongitudeDegrees>104.06476593017578</LongitudeDegrees>
                        </Position>
                        <AltitudeMeters>428.79998779296875</AltitudeMeters>
                    </Trackpoint>
                    <Trackpoint>
                        <DistanceMeters>721.6119785308838</DistanceMeters>
                        <Time>2022-01-03T11:28:17.331Z</Time>
                        <Position>
                            <LatitudeDegrees>30.52450180053711</LatitudeDegrees>
                            <LongitudeDegrees>104.06474304199219</LongitudeDegrees>
                        </Position>
                        <AltitudeMeters>428.79998779296875</AltitudeMeters>
                    </Trackpoint>
                    <Trackpoint>
                        <DistanceMeters>721.6119785308838</DistanceMeters>
                        <Time>2022-01-03T11:28:18.296Z</Time>
                        <Position>
                            <LatitudeDegrees>30.524517059326172</LatitudeDegrees>
                            <LongitudeDegrees>104.06473541259766</LongitudeDegrees>
                        </Position>
                        <AltitudeMeters>428.79998779296875</AltitudeMeters>
                    </Trackpoint>
                    <Trackpoint>
                        <DistanceMeters>721.6119785308838</DistanceMeters>
                        <Time>2022-01-03T11:28:18.910Z</Time>
                        <Position>
                            <LatitudeDegrees>30.524526596069336</LatitudeDegrees>
                            <LongitudeDegrees>104.06472778320312</LongitudeDegrees>
                        </Position>
                        <AltitudeMeters>428.79998779296875</AltitudeMeters>
                    </Trackpoint>
                    <Trackpoint>
                        <DistanceMeters>721.6119785308838</DistanceMeters>
                        <Time>2022-01-03T11:28:19.831Z</Time>
                        <Position>
                            <LatitudeDegrees>30.524538040161133</LatitudeDegrees>
                            <LongitudeDegrees>104.06470489501953</LongitudeDegrees>
                        </Position>
                        <AltitudeMeters>428.79998779296875</AltitudeMeters>
                    </Trackpoint>
                    <Trackpoint>
                        <DistanceMeters>721.6119785308838</DistanceMeters>
                        <Time>2022-01-03T11:28:20.814Z</Time>
                        <Position>
                            <LatitudeDegrees>30.524553298950195</LatitudeDegrees>
                            <LongitudeDegrees>104.064697265625</LongitudeDegrees>
                        </Position>
                        <AltitudeMeters>428.79998779296875</AltitudeMeters>
                    </Trackpoint>
                    <Trackpoint>
                        <DistanceMeters>721.6119785308838</DistanceMeters>
                        <Time>2022-01-03T11:28:21.773Z</Time>
                        <Position>
                            <LatitudeDegrees>30.524568557739258</LatitudeDegrees>
                            <LongitudeDegrees>104.06468200683594</LongitudeDegrees>
                        </Position>
                        <AltitudeMeters>428.79998779296875</AltitudeMeters>
                    </Trackpoint>
                    <Trackpoint>
                        <DistanceMeters>721.6119785308838</DistanceMeters>
                        <Time>2022-01-03T11:28:22.396Z</Time>
                        <Position>
                            <LatitudeDegrees>30.524580001831055</LatitudeDegrees>
                            <LongitudeDegrees>104.0646743774414</LongitudeDegrees>
                        </Position>
                        <AltitudeMeters>428.79998779296875</AltitudeMeters>
                    </Trackpoint>
                    <Trackpoint>
                        <DistanceMeters>721.6119785308838</DistanceMeters>
                        <Time>2022-01-03T11:28:22.880Z</Time>
                        <Position>
                            <LatitudeDegrees>30.52458953857422</LatitudeDegrees>
                            <LongitudeDegrees>104.06466674804688</LongitudeDegrees>
                        </Position>
                        <AltitudeMeters>428.79998779296875</AltitudeMeters>
                    </Trackpoint>
                    <Trackpoint>
                        <DistanceMeters>721.6119785308838</DistanceMeters>
                        <Time>2022-01-03T11:28:23.353Z</Time>
                        <Position>
                            <LatitudeDegrees>30.52459716796875</LatitudeDegrees>
                            <LongitudeDegrees>104.06465911865234</LongitudeDegrees>
                        </Position>
                        <AltitudeMeters>428.79998779296875</AltitudeMeters>
                    </Trackpoint>
                    <Trackpoint>
                        <DistanceMeters>721.6119785308838</DistanceMeters>
                        <Time>2022-01-03T11:28:23.950Z</Time>
                        <Position>
                            <LatitudeDegrees>30.524608612060547</LatitudeDegrees>
                            <LongitudeDegrees>104.06465148925781</LongitudeDegrees>
                        </Position>
                        <AltitudeMeters>428.79998779296875</AltitudeMeters>
                    </Trackpoint>
                    <Trackpoint>
                        <DistanceMeters>721.6119785308838</DistanceMeters>
                        <Time>2022-01-03T11:28:24.609Z</Time>
                        <Position>
                            <LatitudeDegrees>30.52461814880371</LatitudeDegrees>
                            <LongitudeDegrees>104.06464385986328</LongitudeDegrees>
                        </Position>
                        <AltitudeMeters>428.79998779296875</AltitudeMeters>
                    </Trackpoint>
                    <Trackpoint>
                        <DistanceMeters>721.6119785308838</DistanceMeters>
                        <Time>2022-01-03T11:28:25.269Z</Time>
                        <Position>
                            <LatitudeDegrees>30.524629592895508</LatitudeDegrees>
                            <LongitudeDegrees>104.06463623046875</LongitudeDegrees>
                        </Position>
                        <AltitudeMeters>428.79998779296875</AltitudeMeters>
                    </Trackpoint>
                    <Trackpoint>
                        <DistanceMeters>721.6119785308838</DistanceMeters>
                        <Time>2022-01-03T11:28:25.910Z</Time>
                        <Position>
                            <LatitudeDegrees>30.524639129638672</LatitudeDegrees>
                            <LongitudeDegrees>104.06462860107422</LongitudeDegrees>
                        </Position>
                        <AltitudeMeters>428.79998779296875</AltitudeMeters>
                    </Trackpoint>
                    <Trackpoint>
                        <DistanceMeters>721.6119785308838</DistanceMeters>
                        <Time>2022-01-03T11:28:26.552Z</Time>
                        <Position>
                            <LatitudeDegrees>30.524648666381836</LatitudeDegrees>
                            <LongitudeDegrees>104.06461334228516</LongitudeDegrees>
                        </Position>
                        <AltitudeMeters>428.79998779296875</AltitudeMeters>
                    </Trackpoint>
                    <Trackpoint>
                        <DistanceMeters>721.6119785308838</DistanceMeters>
                        <Time>2022-01-03T11:28:27.509Z</Time>
                        <Position>
                            <LatitudeDegrees>30.5246639251709</LatitudeDegrees>
                            <LongitudeDegrees>104.0645980834961</LongitudeDegrees>
                        </Position>
                        <AltitudeMeters>428.79998779296875</AltitudeMeters>
                    </Trackpoint>
                    <Trackpoint>
                        <DistanceMeters>721.6119785308838</DistanceMeters>
                        <Time>2022-01-03T11:28:28.151Z</Time>
                        <Position>
                            <LatitudeDegrees>30.524675369262695</LatitudeDegrees>
                            <LongitudeDegrees>104.06459045410156</LongitudeDegrees>
                        </Position>
                        <AltitudeMeters>428.79998779296875</AltitudeMeters>
                    </Trackpoint>
                    <Trackpoint>
                        <DistanceMeters>721.6119785308838</DistanceMeters>
                        <Time>2022-01-03T11:28:28.880Z</Time>
                        <Position>
                            <LatitudeDegrees>30.524688720703125</LatitudeDegrees>
                            <LongitudeDegrees>104.06458282470703</LongitudeDegrees>
                        </Position>
                        <AltitudeMeters>428.79998779296875</AltitudeMeters>
                    </Trackpoint>
                    <Trackpoint>
                        <DistanceMeters>721.6119785308838</DistanceMeters>
                        <Time>2022-01-03T11:28:29.452Z</Time>
                        <Position>
                            <LatitudeDegrees>30.524700164794922</LatitudeDegrees>
                            <LongitudeDegrees>104.0645751953125</LongitudeDegrees>
                        </Position>
                        <AltitudeMeters>428.79998779296875</AltitudeMeters>
                    </Trackpoint>
                    <Trackpoint>
                        <DistanceMeters>801.9899845123291</DistanceMeters>
                        <Time>2022-01-03T11:28:30.074Z</Time>
                        <Position>
                            <LatitudeDegrees>30.524709701538086</LatitudeDegrees>
                            <LongitudeDegrees>104.06456756591797</LongitudeDegrees>
                        </Position>
                        <AltitudeMeters>428.79998779296875</AltitudeMeters>
                    </Trackpoint>
                    <Trackpoint>
                        <DistanceMeters>801.9899845123291</DistanceMeters>
                        <Time>2022-01-03T11:28:30.715Z</Time>
                        <Position>
                            <LatitudeDegrees>30.524721145629883</LatitudeDegrees>
                            <LongitudeDegrees>104.0645523071289</LongitudeDegrees>
                        </Position>
                        <AltitudeMeters>428.79998779296875</AltitudeMeters>
                    </Trackpoint>
                    <Trackpoint>
                        <DistanceMeters>801.9899845123291</DistanceMeters>
                        <Time>2022-01-03T11:28:31.654Z</Time>
                        <Position>
                            <LatitudeDegrees>30.524738311767578</LatitudeDegrees>
                            <LongitudeDegrees>104.06454467773438</LongitudeDegrees>
                        </Position>
                        <AltitudeMeters>428.79998779296875</AltitudeMeters>
                    </Trackpoint>
                    <Trackpoint>
                        <DistanceMeters>801.9899845123291</DistanceMeters>
                        <Time>2022-01-03T11:28:32.295Z</Time>
                        <Position>
                            <LatitudeDegrees>30.524751663208008</LatitudeDegrees>
                            <LongitudeDegrees>104.06452941894531</LongitudeDegrees>
                        </Position>
                        <AltitudeMeters>428.79998779296875</AltitudeMeters>
                    </Trackpoint>
                    <Trackpoint>
                        <DistanceMeters>801.9899845123291</DistanceMeters>
                        <Time>2022-01-03T11:28:32.880Z</Time>
                        <Position>
                            <LatitudeDegrees>30.524761199951172</LatitudeDegrees>
                            <LongitudeDegrees>104.06452178955078</LongitudeDegrees>
                        </Position>
                        <AltitudeMeters>428.79998779296875</AltitudeMeters>
                    </Trackpoint>
                    <Trackpoint>
                        <DistanceMeters>801.9899845123291</DistanceMeters>
                        <Time>2022-01-03T11:28:34.214Z</Time>
                        <Position>
                            <LatitudeDegrees>30.5247859954834</LatitudeDegrees>
                            <LongitudeDegrees>104.06449890136719</LongitudeDegrees>
                        </Position>
                        <AltitudeMeters>428.79998779296875</AltitudeMeters>
                    </Trackpoint>
                    <Trackpoint>
                        <DistanceMeters>801.9899845123291</DistanceMeters>
                        <Time>2022-01-03T11:28:34.834Z</Time>
                        <Position>
                            <LatitudeDegrees>30.524797439575195</LatitudeDegrees>
                            <LongitudeDegrees>104.06449127197266</LongitudeDegrees>
                        </Position>
                        <AltitudeMeters>428.79998779296875</AltitudeMeters>
                    </Trackpoint>
                    <Trackpoint>
                        <DistanceMeters>801.9899845123291</DistanceMeters>
                        <Time>2022-01-03T11:28:35.459Z</Time>
                        <Position>
                            <LatitudeDegrees>30.524808883666992</LatitudeDegrees>
                            <LongitudeDegrees>104.06448364257812</LongitudeDegrees>
                        </Position>
                        <AltitudeMeters>428.79998779296875</AltitudeMeters>
                    </Trackpoint>
                    <Trackpoint>
                        <DistanceMeters>801.9899845123291</DistanceMeters>
                        <Time>2022-01-03T11:28:36.730Z</Time>
                        <Position>
                            <LatitudeDegrees>30.524831771850586</LatitudeDegrees>
                            <LongitudeDegrees>104.06446075439453</LongitudeDegrees>
                        </Position>
                        <AltitudeMeters>428.79998779296875</AltitudeMeters>
                    </Trackpoint>
                    <Trackpoint>
                        <DistanceMeters>801.9899845123291</DistanceMeters>
                        <Time>2022-01-03T11:28:37.371Z</Time>
                        <Position>
                            <LatitudeDegrees>30.524843215942383</LatitudeDegrees>
                            <LongitudeDegrees>104.064453125</LongitudeDegrees>
                        </Position>
                        <AltitudeMeters>428.79998779296875</AltitudeMeters>
                    </Trackpoint>
                    <Trackpoint>
                        <DistanceMeters>801.9899845123291</DistanceMeters>
                        <Time>2022-01-03T11:28:37.995Z</Time>
                        <Position>
                            <LatitudeDegrees>30.52484703063965</LatitudeDegrees>
                            <LongitudeDegrees>104.06444549560547</LongitudeDegrees>
                        </Position>
                        <AltitudeMeters>428.79998779296875</AltitudeMeters>
                    </Trackpoint>
                    <Trackpoint>
                        <DistanceMeters>801.9899845123291</DistanceMeters>
                        <Time>2022-01-03T11:28:38.636Z</Time>
                        <Position>
                            <LatitudeDegrees>30.52485466003418</LatitudeDegrees>
                            <LongitudeDegrees>104.0644302368164</LongitudeDegrees>
                        </Position>
                        <AltitudeMeters>428.79998779296875</AltitudeMeters>
                    </Trackpoint>
                    <Trackpoint>
                        <DistanceMeters>801.9899845123291</DistanceMeters>
                        <Time>2022-01-03T11:28:39.892Z</Time>
                        <Position>
                            <LatitudeDegrees>30.524877548217773</LatitudeDegrees>
                            <LongitudeDegrees>104.06440734863281</LongitudeDegrees>
                        </Position>
                        <AltitudeMeters>428.79998779296875</AltitudeMeters>
                    </Trackpoint>
                    <Trackpoint>
                        <DistanceMeters>801.9899845123291</DistanceMeters>
                        <Time>2022-01-03T11:28:40.533Z</Time>
                        <Position>
                            <LatitudeDegrees>30.524887084960938</LatitudeDegrees>
                            <LongitudeDegrees>104.06439208984375</LongitudeDegrees>
                        </Position>
                        <AltitudeMeters>428.79998779296875</AltitudeMeters>
                    </Trackpoint>
                    <Trackpoint>
                        <DistanceMeters>801.9899845123291</DistanceMeters>
                        <Time>2022-01-03T11:28:41.155Z</Time>
                        <Position>
                            <LatitudeDegrees>30.52489471435547</LatitudeDegrees>
                            <LongitudeDegrees>104.06437683105469</LongitudeDegrees>
                        </Position>
                        <AltitudeMeters>428.79998779296875</AltitudeMeters>
                    </Trackpoint>
                    <Trackpoint>
                        <DistanceMeters>801.9899845123291</DistanceMeters>
                        <Time>2022-01-03T11:28:41.769Z</Time>
                        <Position>
                            <LatitudeDegrees>30.524904251098633</LatitudeDegrees>
                            <LongitudeDegrees>104.06436920166016</LongitudeDegrees>
                        </Position>
                        <AltitudeMeters>428.79998779296875</AltitudeMeters>
                    </Trackpoint>
                    <Trackpoint>
                        <DistanceMeters>801.9899845123291</DistanceMeters>
                        <Time>2022-01-03T11:28:42.791Z</Time>
                        <Position>
                            <LatitudeDegrees>30.52492332458496</LatitudeDegrees>
                            <LongitudeDegrees>104.06434631347656</LongitudeDegrees>
                        </Position>
                        <AltitudeMeters>428.79998779296875</AltitudeMeters>
                    </Trackpoint>
                    <Trackpoint>
                        <DistanceMeters>801.9899845123291</DistanceMeters>
                        <Time>2022-01-03T11:28:43.351Z</Time>
                        <Position>
                            <LatitudeDegrees>30.524930953979492</LatitudeDegrees>
                            <LongitudeDegrees>104.0643310546875</LongitudeDegrees>
                        </Position>
                        <AltitudeMeters>428.79998779296875</AltitudeMeters>
                    </Trackpoint>
                    <Trackpoint>
                        <DistanceMeters>801.9899845123291</DistanceMeters>
                        <Time>2022-01-03T11:28:43.713Z</Time>
                        <Position>
                            <LatitudeDegrees>30.52493667602539</LatitudeDegrees>
                            <LongitudeDegrees>104.06432342529297</LongitudeDegrees>
                        </Position>
                        <AltitudeMeters>428.79998779296875</AltitudeMeters>
                    </Trackpoint>
                    <Trackpoint>
                        <DistanceMeters>801.9899845123291</DistanceMeters>
                        <Time>2022-01-03T11:28:44.009Z</Time>
                        <Position>
                            <LatitudeDegrees>30.524944305419922</LatitudeDegrees>
                            <LongitudeDegrees>104.06431579589844</LongitudeDegrees>
                        </Position>
                        <AltitudeMeters>428.79998779296875</AltitudeMeters>
                    </Trackpoint>
                    <Trackpoint>
                        <DistanceMeters>801.9899845123291</DistanceMeters>
                        <Time>2022-01-03T11:28:44.612Z</Time>
                        <Position>
                            <LatitudeDegrees>30.52495765686035</LatitudeDegrees>
                            <LongitudeDegrees>104.0643081665039</LongitudeDegrees>
                        </Position>
                        <AltitudeMeters>428.79998779296875</AltitudeMeters>
                    </Trackpoint>
                    <Trackpoint>
                        <DistanceMeters>801.9899845123291</DistanceMeters>
                        <Time>2022-01-03T11:28:45.274Z</Time>
                        <Position>
                            <LatitudeDegrees>30.524974822998047</LatitudeDegrees>
                            <LongitudeDegrees>104.06429290771484</LongitudeDegrees>
                        </Position>
                        <AltitudeMeters>428.79998779296875</AltitudeMeters>
                    </Trackpoint>
                    <Trackpoint>
                        <DistanceMeters>801.9899845123291</DistanceMeters>
                        <Time>2022-01-03T11:28:45.894Z</Time>
                        <Position>
                            <LatitudeDegrees>30.52499008178711</LatitudeDegrees>
                            <LongitudeDegrees>104.06428527832031</LongitudeDegrees>
                        </Position>
                        <AltitudeMeters>428.79998779296875</AltitudeMeters>
                    </Trackpoint>
                    <Trackpoint>
                        <DistanceMeters>801.9899845123291</DistanceMeters>
                        <Time>2022-01-03T11:28:46.509Z</Time>
                        <Position>
                            <LatitudeDegrees>30.525001525878906</LatitudeDegrees>
                            <LongitudeDegrees>104.06427764892578</LongitudeDegrees>
                        </Position>
                        <AltitudeMeters>428.79998779296875</AltitudeMeters>
                    </Trackpoint>
                    <Trackpoint>
                        <DistanceMeters>801.9899845123291</DistanceMeters>
                        <Time>2022-01-03T11:28:47.447Z</Time>
                        <Position>
                            <LatitudeDegrees>30.5250186920166</LatitudeDegrees>
                            <LongitudeDegrees>104.06426239013672</LongitudeDegrees>
                        </Position>
                        <AltitudeMeters>428.79998779296875</AltitudeMeters>
                    </Trackpoint>
                    <Trackpoint>
                        <DistanceMeters>801.9899845123291</DistanceMeters>
                        <Time>2022-01-03T11:28:48.447Z</Time>
                        <Position>
                            <LatitudeDegrees>30.52503776550293</LatitudeDegrees>
                            <LongitudeDegrees>104.06424713134766</LongitudeDegrees>
                        </Position>
                        <AltitudeMeters>428.79998779296875</AltitudeMeters>
                    </Trackpoint>
                    <Trackpoint>
                        <DistanceMeters>801.9899845123291</DistanceMeters>
                        <Time>2022-01-03T11:28:48.885Z</Time>
                        <Position>
                            <LatitudeDegrees>30.525047302246094</LatitudeDegrees>
                            <LongitudeDegrees>104.06423950195312</LongitudeDegrees>
                        </Position>
                        <AltitudeMeters>428.79998779296875</AltitudeMeters>
                    </Trackpoint>
                    <Trackpoint>
                        <DistanceMeters>801.9899845123291</DistanceMeters>
                        <Time>2022-01-03T11:28:49.373Z</Time>
                        <Position>
                            <LatitudeDegrees>30.525056838989258</LatitudeDegrees>
                            <LongitudeDegrees>104.0642318725586</LongitudeDegrees>
                        </Position>
                        <AltitudeMeters>428.79998779296875</AltitudeMeters>
                    </Trackpoint>
                    <Trackpoint>
                        <DistanceMeters>801.9899845123291</DistanceMeters>
                        <Time>2022-01-03T11:28:49.999Z</Time>
                        <Position>
                            <LatitudeDegrees>30.525070190429688</LatitudeDegrees>
                            <LongitudeDegrees>104.06422424316406</LongitudeDegrees>
                        </Position>
                        <AltitudeMeters>428.79998779296875</AltitudeMeters>
                    </Trackpoint>
                    <Trackpoint>
                        <DistanceMeters>801.9899845123291</DistanceMeters>
                        <Time>2022-01-03T11:28:50.935Z</Time>
                        <Position>
                            <LatitudeDegrees>30.525089263916016</LatitudeDegrees>
                            <LongitudeDegrees>104.064208984375</LongitudeDegrees>
                        </Position>
                        <AltitudeMeters>428.79998779296875</AltitudeMeters>
                    </Trackpoint>
                    <Trackpoint>
                        <DistanceMeters>801.9899845123291</DistanceMeters>
                        <Time>2022-01-03T11:28:51.551Z</Time>
                        <Position>
                            <LatitudeDegrees>30.525102615356445</LatitudeDegrees>
                            <LongitudeDegrees>104.06420135498047</LongitudeDegrees>
                        </Position>
                        <AltitudeMeters>428.79998779296875</AltitudeMeters>
                    </Trackpoint>
                    <Trackpoint>
                        <DistanceMeters>801.9899845123291</DistanceMeters>
                        <Time>2022-01-03T11:28:52.467Z</Time>
                        <Position>
                            <LatitudeDegrees>30.525121688842773</LatitudeDegrees>
                            <LongitudeDegrees>104.0641860961914</LongitudeDegrees>
                        </Position>
                        <AltitudeMeters>428.79998779296875</AltitudeMeters>
                    </Trackpoint>
                    <Trackpoint>
                        <DistanceMeters>801.9899845123291</DistanceMeters>
                        <Time>2022-01-03T11:28:52.883Z</Time>
                        <Position>
                            <LatitudeDegrees>30.525129318237305</LatitudeDegrees>
                            <LongitudeDegrees>104.06417846679688</LongitudeDegrees>
                        </Position>
                        <AltitudeMeters>428.79998779296875</AltitudeMeters>
                    </Trackpoint>
                    <Trackpoint>
                        <DistanceMeters>801.9899845123291</DistanceMeters>
                        <Time>2022-01-03T11:28:53.446Z</Time>
                        <Position>
                            <LatitudeDegrees>30.52513885498047</LatitudeDegrees>
                            <LongitudeDegrees>104.06417083740234</LongitudeDegrees>
                        </Position>
                        <AltitudeMeters>428.79998779296875</AltitudeMeters>
                    </Trackpoint>
                    <Trackpoint>
                        <DistanceMeters>801.9899845123291</DistanceMeters>
                        <Time>2022-01-03T11:28:54.047Z</Time>
                        <Position>
                            <LatitudeDegrees>30.525150299072266</LatitudeDegrees>
                            <LongitudeDegrees>104.06415557861328</LongitudeDegrees>
                        </Position>
                        <AltitudeMeters>428.79998779296875</AltitudeMeters>
                    </Trackpoint>
                    <Trackpoint>
                        <DistanceMeters>801.9899845123291</DistanceMeters>
                        <Time>2022-01-03T11:28:54.737Z</Time>
                        <Position>
                            <LatitudeDegrees>30.525163650512695</LatitudeDegrees>
                            <LongitudeDegrees>104.06414794921875</LongitudeDegrees>
                        </Position>
                        <AltitudeMeters>428.79998779296875</AltitudeMeters>
                    </Trackpoint>
                    <Trackpoint>
                        <DistanceMeters>801.9899845123291</DistanceMeters>
                        <Time>2022-01-03T11:28:55.675Z</Time>
                        <Position>
                            <LatitudeDegrees>30.52518081665039</LatitudeDegrees>
                            <LongitudeDegrees>104.06412506103516</LongitudeDegrees>
                        </Position>
                        <AltitudeMeters>428.79998779296875</AltitudeMeters>
                    </Trackpoint>
                    <Trackpoint>
                        <DistanceMeters>801.9899845123291</DistanceMeters>
                        <Time>2022-01-03T11:28:56.595Z</Time>
                        <Position>
                            <LatitudeDegrees>30.525196075439453</LatitudeDegrees>
                            <LongitudeDegrees>104.0641098022461</LongitudeDegrees>
                        </Position>
                        <AltitudeMeters>428.79998779296875</AltitudeMeters>
                    </Trackpoint>
                    <Trackpoint>
                        <DistanceMeters>801.9899845123291</DistanceMeters>
                        <Time>2022-01-03T11:28:57.209Z</Time>
                        <Position>
                            <LatitudeDegrees>30.52520751953125</LatitudeDegrees>
                            <LongitudeDegrees>104.06410217285156</LongitudeDegrees>
                        </Position>
                        <AltitudeMeters>428.79998779296875</AltitudeMeters>
                    </Trackpoint>
                    <Trackpoint>
                        <DistanceMeters>801.9899845123291</DistanceMeters>
                        <Time>2022-01-03T11:28:57.556Z</Time>
                        <Position>
                            <LatitudeDegrees>30.52521324157715</LatitudeDegrees>
                            <LongitudeDegrees>104.06409454345703</LongitudeDegrees>
                        </Position>
                        <AltitudeMeters>428.79998779296875</AltitudeMeters>
                    </Trackpoint>
                    <Trackpoint>
                        <DistanceMeters>801.9899845123291</DistanceMeters>
                        <Time>2022-01-03T11:28:58.177Z</Time>
                        <Position>
                            <LatitudeDegrees>30.525224685668945</LatitudeDegrees>
                            <LongitudeDegrees>104.06407928466797</LongitudeDegrees>
                        </Position>
                        <AltitudeMeters>428.79998779296875</AltitudeMeters>
                    </Trackpoint>
                    <Trackpoint>
                        <DistanceMeters>801.9899845123291</DistanceMeters>
                        <Time>2022-01-03T11:28:58.883Z</Time>
                        <Position>
                            <LatitudeDegrees>30.525239944458008</LatitudeDegrees>
                            <LongitudeDegrees>104.06407165527344</LongitudeDegrees>
                        </Position>
                        <AltitudeMeters>428.79998779296875</AltitudeMeters>
                    </Trackpoint>
                    <Trackpoint>
                        <DistanceMeters>801.9899845123291</DistanceMeters>
                        <Time>2022-01-03T11:28:59.756Z</Time>
                        <Position>
                            <LatitudeDegrees>30.52525520324707</LatitudeDegrees>
                            <LongitudeDegrees>104.06405639648438</LongitudeDegrees>
                        </Position>
                        <AltitudeMeters>428.79998779296875</AltitudeMeters>
                    </Trackpoint>
                    <Trackpoint>
                        <DistanceMeters>880.4294528961182</DistanceMeters>
                        <Time>2022-01-03T11:29:00.667Z</Time>
                        <Position>
                            <LatitudeDegrees>30.5252742767334</LatitudeDegrees>
                            <LongitudeDegrees>104.06404113769531</LongitudeDegrees>
                        </Position>
                        <AltitudeMeters>428.79998779296875</AltitudeMeters>
                    </Trackpoint>
                    <Trackpoint>
                        <DistanceMeters>880.4294528961182</DistanceMeters>
                        <Time>2022-01-03T11:29:01.309Z</Time>
                        <Position>
                            <LatitudeDegrees>30.525287628173828</LatitudeDegrees>
                            <LongitudeDegrees>104.06403350830078</LongitudeDegrees>
                        </Position>
                        <AltitudeMeters>428.79998779296875</AltitudeMeters>
                    </Trackpoint>
                    <Trackpoint>
                        <DistanceMeters>880.4294528961182</DistanceMeters>
                        <Time>2022-01-03T11:29:02.231Z</Time>
                        <Position>
                            <LatitudeDegrees>30.525306701660156</LatitudeDegrees>
                            <LongitudeDegrees>104.06401824951172</LongitudeDegrees>
                        </Position>
                        <AltitudeMeters>428.79998779296875</AltitudeMeters>
                    </Trackpoint>
                    <Trackpoint>
                        <DistanceMeters>880.4294528961182</DistanceMeters>
                        <Time>2022-01-03T11:29:02.883Z</Time>
                        <Position>
                            <LatitudeDegrees>30.52532196044922</LatitudeDegrees>
                            <LongitudeDegrees>104.06400299072266</LongitudeDegrees>
                        </Position>
                        <AltitudeMeters>428.79998779296875</AltitudeMeters>
                    </Trackpoint>
                    <Trackpoint>
                        <DistanceMeters>880.4294528961182</DistanceMeters>
                        <Time>2022-01-03T11:29:03.514Z</Time>
                        <Position>
                            <LatitudeDegrees>30.52533531188965</LatitudeDegrees>
                            <LongitudeDegrees>104.06399536132812</LongitudeDegrees>
                        </Position>
                        <AltitudeMeters>428.79998779296875</AltitudeMeters>
                    </Trackpoint>
                    <Trackpoint>
                        <DistanceMeters>880.4294528961182</DistanceMeters>
                        <Time>2022-01-03T11:29:04.469Z</Time>
                        <Position>
                            <LatitudeDegrees>30.525354385375977</LatitudeDegrees>
                            <LongitudeDegrees>104.06398010253906</LongitudeDegrees>
                        </Position>
                        <AltitudeMeters>428.79998779296875</AltitudeMeters>
                    </Trackpoint>
                    <Trackpoint>
                        <DistanceMeters>880.4294528961182</DistanceMeters>
                        <Time>2022-01-03T11:29:04.883Z</Time>
                        <Position>
                            <LatitudeDegrees>30.525362014770508</LatitudeDegrees>
                            <LongitudeDegrees>104.06397247314453</LongitudeDegrees>
                        </Position>
                        <AltitudeMeters>428.79998779296875</AltitudeMeters>
                    </Trackpoint>
                    <Trackpoint>
                        <DistanceMeters>880.4294528961182</DistanceMeters>
                        <Time>2022-01-03T11:29:05.408Z</Time>
                        <Position>
                            <LatitudeDegrees>30.525371551513672</LatitudeDegrees>
                            <LongitudeDegrees>104.06396484375</LongitudeDegrees>
                        </Position>
                        <AltitudeMeters>428.79998779296875</AltitudeMeters>
                    </Trackpoint>
                    <Trackpoint>
                        <DistanceMeters>880.4294528961182</DistanceMeters>
                        <Time>2022-01-03T11:29:05.881Z</Time>
                        <Position>
                            <LatitudeDegrees>30.525379180908203</LatitudeDegrees>
                            <LongitudeDegrees>104.06395721435547</LongitudeDegrees>
                        </Position>
                        <AltitudeMeters>428.79998779296875</AltitudeMeters>
                    </Trackpoint>
                    <Trackpoint>
                        <DistanceMeters>880.4294528961182</DistanceMeters>
                        <Time>2022-01-03T11:29:06.673Z</Time>
                        <Position>
                            <LatitudeDegrees>30.525392532348633</LatitudeDegrees>
                            <LongitudeDegrees>104.0639419555664</LongitudeDegrees>
                        </Position>
                        <AltitudeMeters>428.79998779296875</AltitudeMeters>
                    </Trackpoint>
                    <Trackpoint>
                        <DistanceMeters>880.4294528961182</DistanceMeters>
                        <Time>2022-01-03T11:29:07.612Z</Time>
                        <Position>
                            <LatitudeDegrees>30.52541160583496</LatitudeDegrees>
                            <LongitudeDegrees>104.06392669677734</LongitudeDegrees>
                        </Position>
                        <AltitudeMeters>428.79998779296875</AltitudeMeters>
                    </Trackpoint>
                    <Trackpoint>
                        <DistanceMeters>880.4294528961182</DistanceMeters>
                        <Time>2022-01-03T11:29:07.888Z</Time>
                        <Position>
                            <LatitudeDegrees>30.525419235229492</LatitudeDegrees>
                            <LongitudeDegrees>104.06391906738281</LongitudeDegrees>
                        </Position>
                        <AltitudeMeters>428.79998779296875</AltitudeMeters>
                    </Trackpoint>
                    <Trackpoint>
                        <DistanceMeters>880.4294528961182</DistanceMeters>
                        <Time>2022-01-03T11:29:08.898Z</Time>
                        <Position>
                            <LatitudeDegrees>30.52543830871582</LatitudeDegrees>
                            <LongitudeDegrees>104.06389617919922</LongitudeDegrees>
                        </Position>
                        <AltitudeMeters>428.79998779296875</AltitudeMeters>
                    </Trackpoint>
                    <Trackpoint>
                        <DistanceMeters>880.4294528961182</DistanceMeters>
                        <Time>2022-01-03T11:29:09.536Z</Time>
                        <Position>
                            <LatitudeDegrees>30.525449752807617</LatitudeDegrees>
                            <LongitudeDegrees>104.06388092041016</LongitudeDegrees>
                        </Position>
                        <AltitudeMeters>428.79998779296875</AltitudeMeters>
                    </Trackpoint>
                    <Trackpoint>
                        <DistanceMeters>880.4294528961182</DistanceMeters>
                        <Time>2022-01-03T11:29:09.882Z</Time>
                        <Position>
                            <LatitudeDegrees>30.525453567504883</LatitudeDegrees>
                            <LongitudeDegrees>104.06387329101562</LongitudeDegrees>
                        </Position>
                        <AltitudeMeters>428.79998779296875</AltitudeMeters>
                    </Trackpoint>
                    <Trackpoint>
                        <DistanceMeters>880.4294528961182</DistanceMeters>
                        <Time>2022-01-03T11:29:10.771Z</Time>
                        <Position>
                            <LatitudeDegrees>30.525468826293945</LatitudeDegrees>
                            <LongitudeDegrees>104.06385040283203</LongitudeDegrees>
                        </Position>
                        <AltitudeMeters>428.79998779296875</AltitudeMeters>
                    </Trackpoint>
                    <Trackpoint>
                        <DistanceMeters>880.4294528961182</DistanceMeters>
                        <Time>2022-01-03T11:29:11.086Z</Time>
                        <Position>
                            <LatitudeDegrees>30.525474548339844</LatitudeDegrees>
                            <LongitudeDegrees>104.0638427734375</LongitudeDegrees>
                        </Position>
                        <AltitudeMeters>428.79998779296875</AltitudeMeters>
                    </Trackpoint>
                    <Trackpoint>
                        <DistanceMeters>880.4294528961182</DistanceMeters>
                        <Time>2022-01-03T11:29:11.711Z</Time>
                        <Position>
                            <LatitudeDegrees>30.52548599243164</LatitudeDegrees>
                            <LongitudeDegrees>104.06383514404297</LongitudeDegrees>
                        </Position>
                        <AltitudeMeters>428.79998779296875</AltitudeMeters>
                    </Trackpoint>
                    <Trackpoint>
                        <DistanceMeters>880.4294528961182</DistanceMeters>
                        <Time>2022-01-03T11:29:12.334Z</Time>
                        <Position>
                            <LatitudeDegrees>30.525497436523438</LatitudeDegrees>
                            <LongitudeDegrees>104.0638198852539</LongitudeDegrees>
                        </Position>
                        <AltitudeMeters>428.79998779296875</AltitudeMeters>
                    </Trackpoint>
                    <Trackpoint>
                        <DistanceMeters>880.4294528961182</DistanceMeters>
                        <Time>2022-01-03T11:29:12.667Z</Time>
                        <Position>
                            <LatitudeDegrees>30.52550506591797</LatitudeDegrees>
                            <LongitudeDegrees>104.06381225585938</LongitudeDegrees>
                        </Position>
                        <AltitudeMeters>428.79998779296875</AltitudeMeters>
                    </Trackpoint>
                    <Trackpoint>
                        <DistanceMeters>880.4294528961182</DistanceMeters>
                        <Time>2022-01-03T11:29:13.310Z</Time>
                        <Position>
                            <LatitudeDegrees>30.525516510009766</LatitudeDegrees>
                            <LongitudeDegrees>104.06380462646484</LongitudeDegrees>
                        </Position>
                        <AltitudeMeters>428.79998779296875</AltitudeMeters>
                    </Trackpoint>
                    <Trackpoint>
                        <DistanceMeters>880.4294528961182</DistanceMeters>
                        <Time>2022-01-03T11:29:13.883Z</Time>
                        <Position>
                            <LatitudeDegrees>30.52552604675293</LatitudeDegrees>
                            <LongitudeDegrees>104.06380462646484</LongitudeDegrees>
                        </Position>
                        <AltitudeMeters>428.79998779296875</AltitudeMeters>
                    </Trackpoint>
                    <Trackpoint>
                        <DistanceMeters>880.4294528961182</DistanceMeters>
                        <Time>2022-01-03T11:29:14.880Z</Time>
                        <Position>
                            <LatitudeDegrees>30.525545120239258</LatitudeDegrees>
                            <LongitudeDegrees>104.06378936767578</LongitudeDegrees>
                        </Position>
                        <AltitudeMeters>428.79998779296875</AltitudeMeters>
                    </Trackpoint>
                    <Trackpoint>
                        <DistanceMeters>880.4294528961182</DistanceMeters>
                        <Time>2022-01-03T11:29:15.550Z</Time>
                        <Position>
                            <LatitudeDegrees>30.525556564331055</LatitudeDegrees>
                            <LongitudeDegrees>104.06378173828125</LongitudeDegrees>
                        </Position>
                        <AltitudeMeters>428.79998779296875</AltitudeMeters>
                    </Trackpoint>
                    <Trackpoint>
                        <DistanceMeters>880.4294528961182</DistanceMeters>
                        <Time>2022-01-03T11:29:16.507Z</Time>
                        <Position>
                            <LatitudeDegrees>30.525575637817383</LatitudeDegrees>
                            <LongitudeDegrees>104.06375885009766</LongitudeDegrees>
                        </Position>
                        <AltitudeMeters>428.79998779296875</AltitudeMeters>
                    </Trackpoint>
                    <Trackpoint>
                        <DistanceMeters>880.4294528961182</DistanceMeters>
                        <Time>2022-01-03T11:29:16.832Z</Time>
                        <Position>
                            <LatitudeDegrees>30.52558135986328</LatitudeDegrees>
                            <LongitudeDegrees>104.06375122070312</LongitudeDegrees>
                        </Position>
                        <AltitudeMeters>428.79998779296875</AltitudeMeters>
                    </Trackpoint>
                    <Trackpoint>
                        <DistanceMeters>880.4294528961182</DistanceMeters>
                        <Time>2022-01-03T11:29:17.456Z</Time>
                        <Position>
                            <LatitudeDegrees>30.525592803955078</LatitudeDegrees>
                            <LongitudeDegrees>104.06373596191406</LongitudeDegrees>
                        </Position>
                        <AltitudeMeters>428.79998779296875</AltitudeMeters>
                    </Trackpoint>
                    <Trackpoint>
                        <DistanceMeters>880.4294528961182</DistanceMeters>
                        <Time>2022-01-03T11:29:17.882Z</Time>
                        <Position>
                            <LatitudeDegrees>30.525598526000977</LatitudeDegrees>
                            <LongitudeDegrees>104.06372833251953</LongitudeDegrees>
                        </Position>
                        <AltitudeMeters>428.79998779296875</AltitudeMeters>
                    </Trackpoint>
                    <Trackpoint>
                        <DistanceMeters>880.4294528961182</DistanceMeters>
                        <Time>2022-01-03T11:29:18.458Z</Time>
                        <Position>
                            <LatitudeDegrees>30.52560806274414</LatitudeDegrees>
                            <LongitudeDegrees>104.063720703125</LongitudeDegrees>
                        </Position>
                        <AltitudeMeters>428.79998779296875</AltitudeMeters>
                    </Trackpoint>
                    <Trackpoint>
                        <DistanceMeters>880.4294528961182</DistanceMeters>
                        <Time>2022-01-03T11:29:19.093Z</Time>
                        <Position>
                            <LatitudeDegrees>30.525617599487305</LatitudeDegrees>
                            <LongitudeDegrees>104.06370544433594</LongitudeDegrees>
                        </Position>
                        <AltitudeMeters>428.79998779296875</AltitudeMeters>
                    </Trackpoint>
                    <Trackpoint>
                        <DistanceMeters>880.4294528961182</DistanceMeters>
                        <Time>2022-01-03T11:29:19.716Z</Time>
                        <Position>
                            <LatitudeDegrees>30.525625228881836</LatitudeDegrees>
                            <LongitudeDegrees>104.0636978149414</LongitudeDegrees>
                        </Position>
                        <AltitudeMeters>428.79998779296875</AltitudeMeters>
                    </Trackpoint>
                    <Trackpoint>
                        <DistanceMeters>880.4294528961182</DistanceMeters>
                        <Time>2022-01-03T11:29:20.988Z</Time>
                        <Position>
                            <LatitudeDegrees>30.525644302368164</LatitudeDegrees>
                            <LongitudeDegrees>104.06367492675781</LongitudeDegrees>
                        </Position>
                        <AltitudeMeters>428.79998779296875</AltitudeMeters>
                    </Trackpoint>
                    <Trackpoint>
                        <DistanceMeters>880.4294528961182</DistanceMeters>
                        <Time>2022-01-03T11:29:21.649Z</Time>
                        <Position>
                            <LatitudeDegrees>30.52565574645996</LatitudeDegrees>
                            <LongitudeDegrees>104.06366729736328</LongitudeDegrees>
                        </Position>
                        <AltitudeMeters>428.79998779296875</AltitudeMeters>
                    </Trackpoint>
                    <Trackpoint>
                        <DistanceMeters>880.4294528961182</DistanceMeters>
                        <Time>2022-01-03T11:29:22.914Z</Time>
                        <Position>
                            <LatitudeDegrees>30.52567481994629</LatitudeDegrees>
                            <LongitudeDegrees>104.06364440917969</LongitudeDegrees>
                        </Position>
                        <AltitudeMeters>428.79998779296875</AltitudeMeters>
                    </Trackpoint>
                    <Trackpoint>
                        <DistanceMeters>880.4294528961182</DistanceMeters>
                        <Time>2022-01-03T11:29:23.554Z</Time>
                        <Position>
                            <LatitudeDegrees>30.52568244934082</LatitudeDegrees>
                            <LongitudeDegrees>104.06362915039062</LongitudeDegrees>
                        </Position>
                        <AltitudeMeters>428.79998779296875</AltitudeMeters>
                    </Trackpoint>
                    <Trackpoint>
                        <DistanceMeters>880.4294528961182</DistanceMeters>
                        <Time>2022-01-03T11:29:24.196Z</Time>
                        <Position>
                            <LatitudeDegrees>30.525691986083984</LatitudeDegrees>
                            <LongitudeDegrees>104.0636215209961</LongitudeDegrees>
                        </Position>
                        <AltitudeMeters>428.79998779296875</AltitudeMeters>
                    </Trackpoint>
                    <Trackpoint>
                        <DistanceMeters>880.4294528961182</DistanceMeters>
                        <Time>2022-01-03T11:29:24.827Z</Time>
                        <Position>
                            <LatitudeDegrees>30.52570343017578</LatitudeDegrees>
                            <LongitudeDegrees>104.0636215209961</LongitudeDegrees>
                        </Position>
                        <AltitudeMeters>428.79998779296875</AltitudeMeters>
                    </Trackpoint>
                    <Trackpoint>
                        <DistanceMeters>880.4294528961182</DistanceMeters>
                        <Time>2022-01-03T11:29:25.796Z</Time>
                        <Position>
                            <LatitudeDegrees>30.525720596313477</LatitudeDegrees>
                            <LongitudeDegrees>104.0635986328125</LongitudeDegrees>
                        </Position>
                        <AltitudeMeters>428.79998779296875</AltitudeMeters>
                    </Trackpoint>
                    <Trackpoint>
                        <DistanceMeters>880.4294528961182</DistanceMeters>
                        <Time>2022-01-03T11:29:26.451Z</Time>
                        <Position>
                            <LatitudeDegrees>30.52573013305664</LatitudeDegrees>
                            <LongitudeDegrees>104.06359100341797</LongitudeDegrees>
                        </Position>
                        <AltitudeMeters>428.79998779296875</AltitudeMeters>
                    </Trackpoint>
                    <Trackpoint>
                        <DistanceMeters>880.4294528961182</DistanceMeters>
                        <Time>2022-01-03T11:29:27.395Z</Time>
                        <Position>
                            <LatitudeDegrees>30.525739669799805</LatitudeDegrees>
                            <LongitudeDegrees>104.0635757446289</LongitudeDegrees>
                        </Position>
                        <AltitudeMeters>428.79998779296875</AltitudeMeters>
                    </Trackpoint>
                    <Trackpoint>
                        <DistanceMeters>880.4294528961182</DistanceMeters>
                        <Time>2022-01-03T11:29:28.611Z</Time>
                        <Position>
                            <LatitudeDegrees>30.52574920654297</LatitudeDegrees>
                            <LongitudeDegrees>104.06356048583984</LongitudeDegrees>
                        </Position>
                        <AltitudeMeters>428.79998779296875</AltitudeMeters>
                    </Trackpoint>
                    <Trackpoint>
                        <DistanceMeters>880.4294528961182</DistanceMeters>
                        <Time>2022-01-03T11:29:28.886Z</Time>
                        <Position>
                            <LatitudeDegrees>30.525754928588867</LatitudeDegrees>
                            <LongitudeDegrees>104.06355285644531</LongitudeDegrees>
                        </Position>
                        <AltitudeMeters>428.79998779296875</AltitudeMeters>
                    </Trackpoint>
                    <Trackpoint>
                        <DistanceMeters>880.4294528961182</DistanceMeters>
                        <Time>2022-01-03T11:29:29.568Z</Time>
                        <Position>
                            <LatitudeDegrees>30.525766372680664</LatitudeDegrees>
                            <LongitudeDegrees>104.06352996826172</LongitudeDegrees>
                        </Position>
                        <AltitudeMeters>428.79998779296875</AltitudeMeters>
                    </Trackpoint>
                    <Trackpoint>
                        <DistanceMeters>880.4294528961182</DistanceMeters>
                        <Time>2022-01-03T11:29:29.885Z</Time>
                        <Position>
                            <LatitudeDegrees>30.525772094726562</LatitudeDegrees>
                            <LongitudeDegrees>104.06352233886719</LongitudeDegrees>
                        </Position>
                        <AltitudeMeters>428.79998779296875</AltitudeMeters>
                    </Trackpoint>
                    <Trackpoint>
                        <DistanceMeters>956.254861831665</DistanceMeters>
                        <Time>2022-01-03T11:29:30.537Z</Time>
                        <Position>
                            <LatitudeDegrees>30.525785446166992</LatitudeDegrees>
                            <LongitudeDegrees>104.0634994506836</LongitudeDegrees>
                        </Position>
                        <AltitudeMeters>428.79998779296875</AltitudeMeters>
                    </Trackpoint>
                    <Trackpoint>
                        <DistanceMeters>956.254861831665</DistanceMeters>
                        <Time>2022-01-03T11:29:31.149Z</Time>
                        <Position>
                            <LatitudeDegrees>30.52579689025879</LatitudeDegrees>
                            <LongitudeDegrees>104.06348419189453</LongitudeDegrees>
                        </Position>
                        <AltitudeMeters>428.79998779296875</AltitudeMeters>
                    </Trackpoint>
                    <Trackpoint>
                        <DistanceMeters>956.254861831665</DistanceMeters>
                        <Time>2022-01-03T11:29:31.475Z</Time>
                        <Position>
                            <LatitudeDegrees>30.52580451965332</LatitudeDegrees>
                            <LongitudeDegrees>104.0634765625</LongitudeDegrees>
                        </Position>
                        <AltitudeMeters>428.79998779296875</AltitudeMeters>
                    </Trackpoint>
                    <Trackpoint>
                        <DistanceMeters>956.254861831665</DistanceMeters>
                        <Time>2022-01-03T11:29:31.883Z</Time>
                        <Position>
                            <LatitudeDegrees>30.525814056396484</LatitudeDegrees>
                            <LongitudeDegrees>104.06346893310547</LongitudeDegrees>
                        </Position>
                        <AltitudeMeters>428.79998779296875</AltitudeMeters>
                    </Trackpoint>
                    <Trackpoint>
                        <DistanceMeters>956.254861831665</DistanceMeters>
                        <Time>2022-01-03T11:29:32.450Z</Time>
                        <Position>
                            <LatitudeDegrees>30.525827407836914</LatitudeDegrees>
                            <LongitudeDegrees>104.0634536743164</LongitudeDegrees>
                        </Position>
                        <AltitudeMeters>428.79998779296875</AltitudeMeters>
                    </Trackpoint>
                    <Trackpoint>
                        <DistanceMeters>956.254861831665</DistanceMeters>
                        <Time>2022-01-03T11:29:32.882Z</Time>
                        <Position>
                            <LatitudeDegrees>30.525836944580078</LatitudeDegrees>
                            <LongitudeDegrees>104.06344604492188</LongitudeDegrees>
                        </Position>
                        <AltitudeMeters>428.79998779296875</AltitudeMeters>
                    </Trackpoint>
                    <Trackpoint>
                        <DistanceMeters>956.254861831665</DistanceMeters>
                        <Time>2022-01-03T11:29:34.014Z</Time>
                        <Position>
                            <LatitudeDegrees>30.52585220336914</LatitudeDegrees>
                            <LongitudeDegrees>104.06342315673828</LongitudeDegrees>
                        </Position>
                        <AltitudeMeters>428.79998779296875</AltitudeMeters>
                    </Trackpoint>
                    <Trackpoint>
                        <DistanceMeters>956.254861831665</DistanceMeters>
                        <Time>2022-01-03T11:29:34.881Z</Time>
                        <Position>
                            <LatitudeDegrees>30.525863647460938</LatitudeDegrees>
                            <LongitudeDegrees>104.06340789794922</LongitudeDegrees>
                        </Position>
                        <AltitudeMeters>428.79998779296875</AltitudeMeters>
                    </Trackpoint>
                    <Trackpoint>
                        <DistanceMeters>956.254861831665</DistanceMeters>
                        <Time>2022-01-03T11:29:35.612Z</Time>
                        <Position>
                            <LatitudeDegrees>30.5258731842041</LatitudeDegrees>
                            <LongitudeDegrees>104.06339263916016</LongitudeDegrees>
                        </Position>
                        <AltitudeMeters>428.79998779296875</AltitudeMeters>
                    </Trackpoint>
                    <Trackpoint>
                        <DistanceMeters>956.254861831665</DistanceMeters>
                        <Time>2022-01-03T11:29:36.255Z</Time>
                        <Position>
                            <LatitudeDegrees>30.525880813598633</LatitudeDegrees>
                            <LongitudeDegrees>104.0633773803711</LongitudeDegrees>
                        </Position>
                        <AltitudeMeters>428.79998779296875</AltitudeMeters>
                    </Trackpoint>
                    <Trackpoint>
                        <DistanceMeters>956.254861831665</DistanceMeters>
                        <Time>2022-01-03T11:29:36.877Z</Time>
                        <Position>
                            <LatitudeDegrees>30.525888442993164</LatitudeDegrees>
                            <LongitudeDegrees>104.06336975097656</LongitudeDegrees>
                        </Position>
                        <AltitudeMeters>428.79998779296875</AltitudeMeters>
                    </Trackpoint>
                    <Trackpoint>
                        <DistanceMeters>956.254861831665</DistanceMeters>
                        <Time>2022-01-03T11:29:37.536Z</Time>
                        <Position>
                            <LatitudeDegrees>30.525897979736328</LatitudeDegrees>
                            <LongitudeDegrees>104.0633544921875</LongitudeDegrees>
                        </Position>
                        <AltitudeMeters>428.79998779296875</AltitudeMeters>
                    </Trackpoint>
                    <Trackpoint>
                        <DistanceMeters>956.254861831665</DistanceMeters>
                        <Time>2022-01-03T11:29:37.880Z</Time>
                        <Position>
                            <LatitudeDegrees>30.525901794433594</LatitudeDegrees>
                            <LongitudeDegrees>104.06334686279297</LongitudeDegrees>
                        </Position>
                        <AltitudeMeters>428.79998779296875</AltitudeMeters>
                    </Trackpoint>
                    <Trackpoint>
                        <DistanceMeters>956.254861831665</DistanceMeters>
                        <Time>2022-01-03T11:29:38.828Z</Time>
                        <Position>
                            <LatitudeDegrees>30.525915145874023</LatitudeDegrees>
                            <LongitudeDegrees>104.06331634521484</LongitudeDegrees>
                        </Position>
                        <AltitudeMeters>428.79998779296875</AltitudeMeters>
                    </Trackpoint>
                    <Trackpoint>
                        <DistanceMeters>956.254861831665</DistanceMeters>
                        <Time>2022-01-03T11:29:39.451Z</Time>
                        <Position>
                            <LatitudeDegrees>30.525922775268555</LatitudeDegrees>
                            <LongitudeDegrees>104.06330871582031</LongitudeDegrees>
                        </Position>
                        <AltitudeMeters>428.79998779296875</AltitudeMeters>
                    </Trackpoint>
                    <Trackpoint>
                        <DistanceMeters>956.254861831665</DistanceMeters>
                        <Time>2022-01-03T11:29:39.794Z</Time>
                        <Position>
                            <LatitudeDegrees>30.525928497314453</LatitudeDegrees>
                            <LongitudeDegrees>104.06329345703125</LongitudeDegrees>
                        </Position>
                        <AltitudeMeters>428.79998779296875</AltitudeMeters>
                    </Trackpoint>
                    <Trackpoint>
                        <DistanceMeters>956.254861831665</DistanceMeters>
                        <Time>2022-01-03T11:29:40.407Z</Time>
                        <Position>
                            <LatitudeDegrees>30.525936126708984</LatitudeDegrees>
                            <LongitudeDegrees>104.06327819824219</LongitudeDegrees>
                        </Position>
                        <AltitudeMeters>428.79998779296875</AltitudeMeters>
                    </Trackpoint>
                    <Trackpoint>
                        <DistanceMeters>956.254861831665</DistanceMeters>
                        <Time>2022-01-03T11:29:40.881Z</Time>
                        <Position>
                            <LatitudeDegrees>30.525943756103516</LatitudeDegrees>
                            <LongitudeDegrees>104.06327056884766</LongitudeDegrees>
                        </Position>
                        <AltitudeMeters>428.79998779296875</AltitudeMeters>
                    </Trackpoint>
                    <Trackpoint>
                        <DistanceMeters>956.254861831665</DistanceMeters>
                        <Time>2022-01-03T11:29:41.393Z</Time>
                        <Position>
                            <LatitudeDegrees>30.525949478149414</LatitudeDegrees>
                            <LongitudeDegrees>104.0632553100586</LongitudeDegrees>
                        </Position>
                        <AltitudeMeters>428.79998779296875</AltitudeMeters>
                    </Trackpoint>
                    <Trackpoint>
                        <DistanceMeters>956.254861831665</DistanceMeters>
                        <Time>2022-01-03T11:29:42.039Z</Time>
                        <Position>
                            <LatitudeDegrees>30.525957107543945</LatitudeDegrees>
                            <LongitudeDegrees>104.06324005126953</LongitudeDegrees>
                        </Position>
                        <AltitudeMeters>428.79998779296875</AltitudeMeters>
                    </Trackpoint>
                    <Trackpoint>
                        <DistanceMeters>956.254861831665</DistanceMeters>
                        <Time>2022-01-03T11:29:42.880Z</Time>
                        <Position>
                            <LatitudeDegrees>30.52597427368164</LatitudeDegrees>
                            <LongitudeDegrees>104.06322479248047</LongitudeDegrees>
                        </Position>
                        <AltitudeMeters>428.79998779296875</AltitudeMeters>
                    </Trackpoint>
                    <Trackpoint>
                        <DistanceMeters>956.254861831665</DistanceMeters>
                        <Time>2022-01-03T11:29:43.635Z</Time>
                        <Position>
                            <LatitudeDegrees>30.525985717773438</LatitudeDegrees>
                            <LongitudeDegrees>104.0632095336914</LongitudeDegrees>
                        </Position>
                        <AltitudeMeters>428.79998779296875</AltitudeMeters>
                    </Trackpoint>
                    <Trackpoint>
                        <DistanceMeters>956.254861831665</DistanceMeters>
                        <Time>2022-01-03T11:29:44.590Z</Time>
                        <Position>
                            <LatitudeDegrees>30.5259952545166</LatitudeDegrees>
                            <LongitudeDegrees>104.06318664550781</LongitudeDegrees>
                        </Position>
                        <AltitudeMeters>428.79998779296875</AltitudeMeters>
                    </Trackpoint>
                    <Trackpoint>
                        <DistanceMeters>956.254861831665</DistanceMeters>
                        <Time>2022-01-03T11:29:45.236Z</Time>
                        <Position>
                            <LatitudeDegrees>30.526004791259766</LatitudeDegrees>
                            <LongitudeDegrees>104.06317138671875</LongitudeDegrees>
                        </Position>
                        <AltitudeMeters>428.79998779296875</AltitudeMeters>
                    </Trackpoint>
                    <Trackpoint>
                        <DistanceMeters>956.254861831665</DistanceMeters>
                        <Time>2022-01-03T11:29:45.875Z</Time>
                        <Position>
                            <LatitudeDegrees>30.526012420654297</LatitudeDegrees>
                            <LongitudeDegrees>104.06315612792969</LongitudeDegrees>
                        </Position>
                        <AltitudeMeters>428.79998779296875</AltitudeMeters>
                    </Trackpoint>
                    <Trackpoint>
                        <DistanceMeters>956.254861831665</DistanceMeters>
                        <Time>2022-01-03T11:29:46.535Z</Time>
                        <Position>
                            <LatitudeDegrees>30.52602195739746</LatitudeDegrees>
                            <LongitudeDegrees>104.06314086914062</LongitudeDegrees>
                        </Position>
                        <AltitudeMeters>428.79998779296875</AltitudeMeters>
                    </Trackpoint>
                    <Trackpoint>
                        <DistanceMeters>956.254861831665</DistanceMeters>
                        <Time>2022-01-03T11:29:47.148Z</Time>
                        <Position>
                            <LatitudeDegrees>30.52602767944336</LatitudeDegrees>
                            <LongitudeDegrees>104.06312561035156</LongitudeDegrees>
                        </Position>
                        <AltitudeMeters>428.79998779296875</AltitudeMeters>
                    </Trackpoint>
                    <Trackpoint>
                        <DistanceMeters>956.254861831665</DistanceMeters>
                        <Time>2022-01-03T11:29:47.791Z</Time>
                        <Position>
                            <LatitudeDegrees>30.526033401489258</LatitudeDegrees>
                            <LongitudeDegrees>104.0631103515625</LongitudeDegrees>
                        </Position>
                        <AltitudeMeters>428.79998779296875</AltitudeMeters>
                    </Trackpoint>
                    <Trackpoint>
                        <DistanceMeters>956.254861831665</DistanceMeters>
                        <Time>2022-01-03T11:29:48.755Z</Time>
                        <Position>
                            <LatitudeDegrees>30.52604103088379</LatitudeDegrees>
                            <LongitudeDegrees>104.0630874633789</LongitudeDegrees>
                        </Position>
                        <AltitudeMeters>428.79998779296875</AltitudeMeters>
                    </Trackpoint>
                    <Trackpoint>
                        <DistanceMeters>956.254861831665</DistanceMeters>
                        <Time>2022-01-03T11:29:49.714Z</Time>
                        <Position>
                            <LatitudeDegrees>30.526046752929688</LatitudeDegrees>
                            <LongitudeDegrees>104.06306457519531</LongitudeDegrees>
                        </Position>
                        <AltitudeMeters>428.79998779296875</AltitudeMeters>
                    </Trackpoint>
                    <Trackpoint>
                        <DistanceMeters>956.254861831665</DistanceMeters>
                        <Time>2022-01-03T11:29:50.354Z</Time>
                        <Position>
                            <LatitudeDegrees>30.526050567626953</LatitudeDegrees>
                            <LongitudeDegrees>104.06304931640625</LongitudeDegrees>
                        </Position>
                        <AltitudeMeters>428.79998779296875</AltitudeMeters>
                    </Trackpoint>
                    <Trackpoint>
                        <DistanceMeters>956.254861831665</DistanceMeters>
                        <Time>2022-01-03T11:29:50.884Z</Time>
                        <Position>
                            <LatitudeDegrees>30.52605438232422</LatitudeDegrees>
                            <LongitudeDegrees>104.06304168701172</LongitudeDegrees>
                        </Position>
                        <AltitudeMeters>428.79998779296875</AltitudeMeters>
                    </Trackpoint>
                    <Trackpoint>
                        <DistanceMeters>956.254861831665</DistanceMeters>
                        <Time>2022-01-03T11:29:51.629Z</Time>
                        <Position>
                            <LatitudeDegrees>30.52605628967285</LatitudeDegrees>
                            <LongitudeDegrees>104.06302642822266</LongitudeDegrees>
                        </Position>
                        <AltitudeMeters>428.79998779296875</AltitudeMeters>
                    </Trackpoint>
                    <Trackpoint>
                        <DistanceMeters>956.254861831665</DistanceMeters>
                        <Time>2022-01-03T11:29:52.271Z</Time>
                        <Position>
                            <LatitudeDegrees>30.526063919067383</LatitudeDegrees>
                            <LongitudeDegrees>104.0630111694336</LongitudeDegrees>
                        </Position>
                        <AltitudeMeters>428.79998779296875</AltitudeMeters>
                    </Trackpoint>
                    <Trackpoint>
                        <DistanceMeters>956.254861831665</DistanceMeters>
                        <Time>2022-01-03T11:29:52.910Z</Time>
                        <Position>
                            <LatitudeDegrees>30.526071548461914</LatitudeDegrees>
                            <LongitudeDegrees>104.06299591064453</LongitudeDegrees>
                        </Position>
                        <AltitudeMeters>428.79998779296875</AltitudeMeters>
                    </Trackpoint>
                    <Trackpoint>
                        <DistanceMeters>956.254861831665</DistanceMeters>
                        <Time>2022-01-03T11:29:53.867Z</Time>
                        <Position>
                            <LatitudeDegrees>30.52608299255371</LatitudeDegrees>
                            <LongitudeDegrees>104.06297302246094</LongitudeDegrees>
                        </Position>
                        <AltitudeMeters>428.79998779296875</AltitudeMeters>
                    </Trackpoint>
                    <Trackpoint>
                        <DistanceMeters>956.254861831665</DistanceMeters>
                        <Time>2022-01-03T11:29:54.510Z</Time>
                        <Position>
                            <LatitudeDegrees>30.52608299255371</LatitudeDegrees>
                            <LongitudeDegrees>104.06295776367188</LongitudeDegrees>
                        </Position>
                        <AltitudeMeters>428.79998779296875</AltitudeMeters>
                    </Trackpoint>
                    <Trackpoint>
                        <DistanceMeters>956.254861831665</DistanceMeters>
                        <Time>2022-01-03T11:29:54.835Z</Time>
                        <Position>
                            <LatitudeDegrees>30.526079177856445</LatitudeDegrees>
                            <LongitudeDegrees>104.06295013427734</LongitudeDegrees>
                        </Position>
                        <AltitudeMeters>428.79998779296875</AltitudeMeters>
                    </Trackpoint>
                    <Trackpoint>
                        <DistanceMeters>956.254861831665</DistanceMeters>
                        <Time>2022-01-03T11:29:55.570Z</Time>
                        <Position>
                            <LatitudeDegrees>30.52606964111328</LatitudeDegrees>
                            <LongitudeDegrees>104.06293487548828</LongitudeDegrees>
                        </Position>
                        <AltitudeMeters>428.79998779296875</AltitudeMeters>
                    </Trackpoint>
                    <Trackpoint>
                        <DistanceMeters>956.254861831665</DistanceMeters>
                        <Time>2022-01-03T11:29:56.276Z</Time>
                        <Position>
                            <LatitudeDegrees>30.52606201171875</LatitudeDegrees>
                            <LongitudeDegrees>104.06291961669922</LongitudeDegrees>
                        </Position>
                        <AltitudeMeters>428.79998779296875</AltitudeMeters>
                    </Trackpoint>
                    <Trackpoint>
                        <DistanceMeters>956.254861831665</DistanceMeters>
                        <Time>2022-01-03T11:29:56.884Z</Time>
                        <Position>
                            <LatitudeDegrees>30.526058197021484</LatitudeDegrees>
                            <LongitudeDegrees>104.06290435791016</LongitudeDegrees>
                        </Position>
                        <AltitudeMeters>428.79998779296875</AltitudeMeters>
                    </Trackpoint>
                    <Trackpoint>
                        <DistanceMeters>956.254861831665</DistanceMeters>
                        <Time>2022-01-03T11:29:57.636Z</Time>
                        <Position>
                            <LatitudeDegrees>30.526050567626953</LatitudeDegrees>
                            <LongitudeDegrees>104.0628890991211</LongitudeDegrees>
                        </Position>
                        <AltitudeMeters>428.79998779296875</AltitudeMeters>
                    </Trackpoint>
                    <Trackpoint>
                        <DistanceMeters>956.254861831665</DistanceMeters>
                        <Time>2022-01-03T11:29:58.610Z</Time>
                        <Position>
                            <LatitudeDegrees>30.52604103088379</LatitudeDegrees>
                            <LongitudeDegrees>104.06287384033203</LongitudeDegrees>
                        </Position>
                        <AltitudeMeters>428.79998779296875</AltitudeMeters>
                    </Trackpoint>
                    <Trackpoint>
                        <DistanceMeters>956.254861831665</DistanceMeters>
                        <Time>2022-01-03T11:29:59.631Z</Time>
                        <Position>
                            <LatitudeDegrees>30.52603530883789</LatitudeDegrees>
                            <LongitudeDegrees>104.0628662109375</LongitudeDegrees>
                        </Position>
                        <AltitudeMeters>428.79998779296875</AltitudeMeters>
                    </Trackpoint>
                    <Trackpoint>
                        <DistanceMeters>1030.9035968780518</DistanceMeters>
                        <Time>2022-01-03T11:30:00.914Z</Time>
                        <Position>
                            <LatitudeDegrees>30.526023864746094</LatitudeDegrees>
                            <LongitudeDegrees>104.06285095214844</LongitudeDegrees>
                        </Position>
                        <AltitudeMeters>428.79998779296875</AltitudeMeters>
                    </Trackpoint>
                    <Trackpoint>
                        <DistanceMeters>1030.9035968780518</DistanceMeters>
                        <Time>2022-01-03T11:30:01.575Z</Time>
                        <Position>
                            <LatitudeDegrees>30.52601432800293</LatitudeDegrees>
                            <LongitudeDegrees>104.06283569335938</LongitudeDegrees>
                        </Position>
                        <AltitudeMeters>428.79998779296875</AltitudeMeters>
                    </Trackpoint>
                    <Trackpoint>
                        <DistanceMeters>1030.9035968780518</DistanceMeters>
                        <Time>2022-01-03T11:30:02.216Z</Time>
                        <Position>
                            <LatitudeDegrees>30.5260066986084</LatitudeDegrees>
                            <LongitudeDegrees>104.06282043457031</LongitudeDegrees>
                        </Position>
                        <AltitudeMeters>428.79998779296875</AltitudeMeters>
                    </Trackpoint>
                    <Trackpoint>
                        <DistanceMeters>1030.9035968780518</DistanceMeters>
                        <Time>2022-01-03T11:30:02.877Z</Time>
                        <Position>
                            <LatitudeDegrees>30.525997161865234</LatitudeDegrees>
                            <LongitudeDegrees>104.06279754638672</LongitudeDegrees>
                        </Position>
                        <AltitudeMeters>428.79998779296875</AltitudeMeters>
                    </Trackpoint>
                    <Trackpoint>
                        <DistanceMeters>1030.9035968780518</DistanceMeters>
                        <Time>2022-01-03T11:30:03.212Z</Time>
                        <Position>
                            <LatitudeDegrees>30.525991439819336</LatitudeDegrees>
                            <LongitudeDegrees>104.06278991699219</LongitudeDegrees>
                        </Position>
                        <AltitudeMeters>428.79998779296875</AltitudeMeters>
                    </Trackpoint>
                    <Trackpoint>
                        <DistanceMeters>1030.9035968780518</DistanceMeters>
                        <Time>2022-01-03T11:30:03.871Z</Time>
                        <Position>
                            <LatitudeDegrees>30.52597999572754</LatitudeDegrees>
                            <LongitudeDegrees>104.06277465820312</LongitudeDegrees>
                        </Position>
                        <AltitudeMeters>428.79998779296875</AltitudeMeters>
                    </Trackpoint>
                    <Trackpoint>
                        <DistanceMeters>1030.9035968780518</DistanceMeters>
                        <Time>2022-01-03T11:30:04.198Z</Time>
                        <Position>
                            <LatitudeDegrees>30.525976181030273</LatitudeDegrees>
                            <LongitudeDegrees>104.06275939941406</LongitudeDegrees>
                        </Position>
                        <AltitudeMeters>428.79998779296875</AltitudeMeters>
                    </Trackpoint>
                    <Trackpoint>
                        <DistanceMeters>1030.9035968780518</DistanceMeters>
                        <Time>2022-01-03T11:30:04.811Z</Time>
                        <Position>
                            <LatitudeDegrees>30.525968551635742</LatitudeDegrees>
                            <LongitudeDegrees>104.062744140625</LongitudeDegrees>
                        </Position>
                        <AltitudeMeters>428.79998779296875</AltitudeMeters>
                    </Trackpoint>
                    <Trackpoint>
                        <DistanceMeters>1030.9035968780518</DistanceMeters>
                        <Time>2022-01-03T11:30:05.516Z</Time>
                        <Position>
                            <LatitudeDegrees>30.52596092224121</LatitudeDegrees>
                            <LongitudeDegrees>104.06272888183594</LongitudeDegrees>
                        </Position>
                        <AltitudeMeters>428.79998779296875</AltitudeMeters>
                    </Trackpoint>
                    <Trackpoint>
                        <DistanceMeters>1030.9035968780518</DistanceMeters>
                        <Time>2022-01-03T11:30:06.669Z</Time>
                        <Position>
                            <LatitudeDegrees>30.525951385498047</LatitudeDegrees>
                            <LongitudeDegrees>104.06270599365234</LongitudeDegrees>
                        </Position>
                        <AltitudeMeters>428.79998779296875</AltitudeMeters>
                    </Trackpoint>
                    <Trackpoint>
                        <DistanceMeters>1030.9035968780518</DistanceMeters>
                        <Time>2022-01-03T11:30:07.590Z</Time>
                        <Position>
                            <LatitudeDegrees>30.525943756103516</LatitudeDegrees>
                            <LongitudeDegrees>104.06269073486328</LongitudeDegrees>
                        </Position>
                        <AltitudeMeters>428.79998779296875</AltitudeMeters>
                    </Trackpoint>
                    <Trackpoint>
                        <DistanceMeters>1030.9035968780518</DistanceMeters>
                        <Time>2022-01-03T11:30:08.575Z</Time>
                        <Position>
                            <LatitudeDegrees>30.52593231201172</LatitudeDegrees>
                            <LongitudeDegrees>104.06267547607422</LongitudeDegrees>
                        </Position>
                        <AltitudeMeters>428.79998779296875</AltitudeMeters>
                    </Trackpoint>
                    <Trackpoint>
                        <DistanceMeters>1030.9035968780518</DistanceMeters>
                        <Time>2022-01-03T11:30:09.572Z</Time>
                        <Position>
                            <LatitudeDegrees>30.525928497314453</LatitudeDegrees>
                            <LongitudeDegrees>104.06265258789062</LongitudeDegrees>
                        </Position>
                        <AltitudeMeters>428.79998779296875</AltitudeMeters>
                    </Trackpoint>
                    <Trackpoint>
                        <DistanceMeters>1030.9035968780518</DistanceMeters>
                        <Time>2022-01-03T11:30:10.211Z</Time>
                        <Position>
                            <LatitudeDegrees>30.525924682617188</LatitudeDegrees>
                            <LongitudeDegrees>104.06263732910156</LongitudeDegrees>
                        </Position>
                        <AltitudeMeters>428.79998779296875</AltitudeMeters>
                    </Trackpoint>
                    <Trackpoint>
                        <DistanceMeters>1030.9035968780518</DistanceMeters>
                        <Time>2022-01-03T11:30:10.882Z</Time>
                        <Position>
                            <LatitudeDegrees>30.525920867919922</LatitudeDegrees>
                            <LongitudeDegrees>104.0626220703125</LongitudeDegrees>
                        </Position>
                        <AltitudeMeters>428.79998779296875</AltitudeMeters>
                    </Trackpoint>
                    <Trackpoint>
                        <DistanceMeters>1030.9035968780518</DistanceMeters>
                        <Time>2022-01-03T11:30:11.550Z</Time>
                        <Position>
                            <LatitudeDegrees>30.525911331176758</LatitudeDegrees>
                            <LongitudeDegrees>104.06261444091797</LongitudeDegrees>
                        </Position>
                        <AltitudeMeters>428.79998779296875</AltitudeMeters>
                    </Trackpoint>
                    <Trackpoint>
                        <DistanceMeters>1030.9035968780518</DistanceMeters>
                        <Time>2022-01-03T11:30:12.533Z</Time>
                        <Position>
                            <LatitudeDegrees>30.525897979736328</LatitudeDegrees>
                            <LongitudeDegrees>104.06259155273438</LongitudeDegrees>
                        </Position>
                        <AltitudeMeters>428.79998779296875</AltitudeMeters>
                    </Trackpoint>
                    <Trackpoint>
                        <DistanceMeters>1030.9035968780518</DistanceMeters>
                        <Time>2022-01-03T11:30:13.195Z</Time>
                        <Position>
                            <LatitudeDegrees>30.525896072387695</LatitudeDegrees>
                            <LongitudeDegrees>104.06257629394531</LongitudeDegrees>
                        </Position>
                        <AltitudeMeters>428.79998779296875</AltitudeMeters>
                    </Trackpoint>
                    <Trackpoint>
                        <DistanceMeters>1030.9035968780518</DistanceMeters>
                        <Time>2022-01-03T11:30:13.809Z</Time>
                        <Position>
                            <LatitudeDegrees>30.525897979736328</LatitudeDegrees>
                            <LongitudeDegrees>104.06256103515625</LongitudeDegrees>
                        </Position>
                        <AltitudeMeters>428.79998779296875</AltitudeMeters>
                    </Trackpoint>
                    <Trackpoint>
                        <DistanceMeters>1030.9035968780518</DistanceMeters>
                        <Time>2022-01-03T11:30:14.831Z</Time>
                        <Position>
                            <LatitudeDegrees>30.525903701782227</LatitudeDegrees>
                            <LongitudeDegrees>104.06254577636719</LongitudeDegrees>
                        </Position>
                        <AltitudeMeters>428.79998779296875</AltitudeMeters>
                    </Trackpoint>
                    <Trackpoint>
                        <DistanceMeters>1030.9035968780518</DistanceMeters>
                        <Time>2022-01-03T11:30:15.491Z</Time>
                        <Position>
                            <LatitudeDegrees>30.52589988708496</LatitudeDegrees>
                            <LongitudeDegrees>104.06253051757812</LongitudeDegrees>
                        </Position>
                        <AltitudeMeters>428.79998779296875</AltitudeMeters>
                    </Trackpoint>
                    <Trackpoint>
                        <DistanceMeters>1030.9035968780518</DistanceMeters>
                        <Time>2022-01-03T11:30:16.448Z</Time>
                        <Position>
                            <LatitudeDegrees>30.525894165039062</LatitudeDegrees>
                            <LongitudeDegrees>104.06250762939453</LongitudeDegrees>
                        </Position>
                        <AltitudeMeters>430.3999938964844</AltitudeMeters>
                    </Trackpoint>
                    <Trackpoint>
                        <DistanceMeters>1030.9035968780518</DistanceMeters>
                        <Time>2022-01-03T11:30:17.453Z</Time>
                        <Position>
                            <LatitudeDegrees>30.525890350341797</LatitudeDegrees>
                            <LongitudeDegrees>104.06248474121094</LongitudeDegrees>
                        </Position>
                        <AltitudeMeters>430.3999938964844</AltitudeMeters>
                    </Trackpoint>
                    <Trackpoint>
                        <DistanceMeters>1030.9035968780518</DistanceMeters>
                        <Time>2022-01-03T11:30:17.882Z</Time>
                        <Position>
                            <LatitudeDegrees>30.525888442993164</LatitudeDegrees>
                            <LongitudeDegrees>104.0624771118164</LongitudeDegrees>
                        </Position>
                        <AltitudeMeters>428.79998779296875</AltitudeMeters>
                    </Trackpoint>
                    <Trackpoint>
                        <DistanceMeters>1030.9035968780518</DistanceMeters>
                        <Time>2022-01-03T11:30:18.452Z</Time>
                        <Position>
                            <LatitudeDegrees>30.525890350341797</LatitudeDegrees>
                            <LongitudeDegrees>104.06246185302734</LongitudeDegrees>
                        </Position>
                        <AltitudeMeters>428.79998779296875</AltitudeMeters>
                    </Trackpoint>
                    <Trackpoint>
                        <DistanceMeters>1030.9035968780518</DistanceMeters>
                        <Time>2022-01-03T11:30:19.395Z</Time>
                        <Position>
                            <LatitudeDegrees>30.52589988708496</LatitudeDegrees>
                            <LongitudeDegrees>104.06243896484375</LongitudeDegrees>
                        </Position>
                        <AltitudeMeters>428.79998779296875</AltitudeMeters>
                    </Trackpoint>
                    <Trackpoint>
                        <DistanceMeters>1030.9035968780518</DistanceMeters>
                        <Time>2022-01-03T11:30:20.056Z</Time>
                        <Position>
                            <LatitudeDegrees>30.525896072387695</LatitudeDegrees>
                            <LongitudeDegrees>104.06242370605469</LongitudeDegrees>
                        </Position>
                        <AltitudeMeters>428.79998779296875</AltitudeMeters>
                    </Trackpoint>
                    <Trackpoint>
                        <DistanceMeters>1030.9035968780518</DistanceMeters>
                        <Time>2022-01-03T11:30:20.687Z</Time>
                        <Position>
                            <LatitudeDegrees>30.52589225769043</LatitudeDegrees>
                            <LongitudeDegrees>104.06240844726562</LongitudeDegrees>
                        </Position>
                        <AltitudeMeters>428.79998779296875</AltitudeMeters>
                    </Trackpoint>
                    <Trackpoint>
                        <DistanceMeters>1030.9035968780518</DistanceMeters>
                        <Time>2022-01-03T11:30:21.351Z</Time>
                        <Position>
                            <LatitudeDegrees>30.525882720947266</LatitudeDegrees>
                            <LongitudeDegrees>104.06238555908203</LongitudeDegrees>
                        </Position>
                        <AltitudeMeters>428.79998779296875</AltitudeMeters>
                    </Trackpoint>
                    <Trackpoint>
                        <DistanceMeters>1030.9035968780518</DistanceMeters>
                        <Time>2022-01-03T11:30:22.008Z</Time>
                        <Position>
                            <LatitudeDegrees>30.525875091552734</LatitudeDegrees>
                            <LongitudeDegrees>104.0623779296875</LongitudeDegrees>
                        </Position>
                        <AltitudeMeters>428.79998779296875</AltitudeMeters>
                    </Trackpoint>
                    <Trackpoint>
                        <DistanceMeters>1030.9035968780518</DistanceMeters>
                        <Time>2022-01-03T11:30:22.648Z</Time>
                        <Position>
                            <LatitudeDegrees>30.52586555480957</LatitudeDegrees>
                            <LongitudeDegrees>104.06236267089844</LongitudeDegrees>
                        </Position>
                        <AltitudeMeters>428.79998779296875</AltitudeMeters>
                    </Trackpoint>
                    <Trackpoint>
                        <DistanceMeters>1030.9035968780518</DistanceMeters>
                        <Time>2022-01-03T11:30:22.881Z</Time>
                        <Position>
                            <LatitudeDegrees>30.525859832763672</LatitudeDegrees>
                            <LongitudeDegrees>104.06234741210938</LongitudeDegrees>
                        </Position>
                        <AltitudeMeters>428.79998779296875</AltitudeMeters>
                    </Trackpoint>
                    <Trackpoint>
                        <DistanceMeters>1030.9035968780518</DistanceMeters>
                        <Time>2022-01-03T11:30:23.711Z</Time>
                        <Position>
                            <LatitudeDegrees>30.525848388671875</LatitudeDegrees>
                            <LongitudeDegrees>104.06232452392578</LongitudeDegrees>
                        </Position>
                        <AltitudeMeters>428.79998779296875</AltitudeMeters>
                    </Trackpoint>
                    <Trackpoint>
                        <DistanceMeters>1030.9035968780518</DistanceMeters>
                        <Time>2022-01-03T11:30:24.648Z</Time>
                        <Position>
                            <LatitudeDegrees>30.525836944580078</LatitudeDegrees>
                            <LongitudeDegrees>104.06230926513672</LongitudeDegrees>
                        </Position>
                        <AltitudeMeters>428.79998779296875</AltitudeMeters>
                    </Trackpoint>
                    <Trackpoint>
                        <DistanceMeters>1030.9035968780518</DistanceMeters>
                        <Time>2022-01-03T11:30:25.308Z</Time>
                        <Position>
                            <LatitudeDegrees>30.525829315185547</LatitudeDegrees>
                            <LongitudeDegrees>104.06230163574219</LongitudeDegrees>
                        </Position>
                        <AltitudeMeters>428.79998779296875</AltitudeMeters>
                    </Trackpoint>
                    <Trackpoint>
                        <DistanceMeters>1030.9035968780518</DistanceMeters>
                        <Time>2022-01-03T11:30:26.295Z</Time>
                        <Position>
                            <LatitudeDegrees>30.52581214904785</LatitudeDegrees>
                            <LongitudeDegrees>104.0622787475586</LongitudeDegrees>
                        </Position>
                        <AltitudeMeters>428.79998779296875</AltitudeMeters>
                    </Trackpoint>
                    <Trackpoint>
                        <DistanceMeters>1030.9035968780518</DistanceMeters>
                        <Time>2022-01-03T11:30:26.627Z</Time>
                        <Position>
                            <LatitudeDegrees>30.525806427001953</LatitudeDegrees>
                            <LongitudeDegrees>104.06227111816406</LongitudeDegrees>
                        </Position>
                        <AltitudeMeters>428.79998779296875</AltitudeMeters>
                    </Trackpoint>
                    <Trackpoint>
                        <DistanceMeters>1030.9035968780518</DistanceMeters>
                        <Time>2022-01-03T11:30:27.251Z</Time>
                        <Position>
                            <LatitudeDegrees>30.525800704956055</LatitudeDegrees>
                            <LongitudeDegrees>104.062255859375</LongitudeDegrees>
                        </Position>
                        <AltitudeMeters>428.79998779296875</AltitudeMeters>
                    </Trackpoint>
                    <Trackpoint>
                        <DistanceMeters>1030.9035968780518</DistanceMeters>
                        <Time>2022-01-03T11:30:27.613Z</Time>
                        <Position>
                            <LatitudeDegrees>30.525798797607422</LatitudeDegrees>
                            <LongitudeDegrees>104.06224060058594</LongitudeDegrees>
                        </Position>
                        <AltitudeMeters>428.79998779296875</AltitudeMeters>
                    </Trackpoint>
                    <Trackpoint>
                        <DistanceMeters>1030.9035968780518</DistanceMeters>
                        <Time>2022-01-03T11:30:28.589Z</Time>
                        <Position>
                            <LatitudeDegrees>30.525794982910156</LatitudeDegrees>
                            <LongitudeDegrees>104.06221771240234</LongitudeDegrees>
                        </Position>
                        <AltitudeMeters>428.79998779296875</AltitudeMeters>
                    </Trackpoint>
                    <Trackpoint>
                        <DistanceMeters>1030.9035968780518</DistanceMeters>
                        <Time>2022-01-03T11:30:29.249Z</Time>
                        <Position>
                            <LatitudeDegrees>30.525794982910156</LatitudeDegrees>
                            <LongitudeDegrees>104.06219482421875</LongitudeDegrees>
                        </Position>
                        <AltitudeMeters>428.79998779296875</AltitudeMeters>
                    </Trackpoint>
                    <Trackpoint>
                        <DistanceMeters>1030.9035968780518</DistanceMeters>
                        <Time>2022-01-03T11:30:29.914Z</Time>
                        <Position>
                            <LatitudeDegrees>30.52579116821289</LatitudeDegrees>
                            <LongitudeDegrees>104.06217956542969</LongitudeDegrees>
                        </Position>
                        <AltitudeMeters>428.79998779296875</AltitudeMeters>
                    </Trackpoint>
                    <Trackpoint>
                        <DistanceMeters>1115.8789234161377</DistanceMeters>
                        <Time>2022-01-03T11:30:30.290Z</Time>
                        <Position>
                            <LatitudeDegrees>30.525787353515625</LatitudeDegrees>
                            <LongitudeDegrees>104.06216430664062</LongitudeDegrees>
                        </Position>
                        <AltitudeMeters>428.79998779296875</AltitudeMeters>
                    </Trackpoint>
                    <Trackpoint>
                        <DistanceMeters>1115.8789234161377</DistanceMeters>
                        <Time>2022-01-03T11:30:30.915Z</Time>
                        <Position>
                            <LatitudeDegrees>30.525787353515625</LatitudeDegrees>
                            <LongitudeDegrees>104.06214904785156</LongitudeDegrees>
                        </Position>
                        <AltitudeMeters>428.79998779296875</AltitudeMeters>
                    </Trackpoint>
                    <Trackpoint>
                        <DistanceMeters>1115.8789234161377</DistanceMeters>
                        <Time>2022-01-03T11:30:31.554Z</Time>
                        <Position>
                            <LatitudeDegrees>30.525785446166992</LatitudeDegrees>
                            <LongitudeDegrees>104.0621337890625</LongitudeDegrees>
                        </Position>
                        <AltitudeMeters>428.79998779296875</AltitudeMeters>
                    </Trackpoint>
                    <Trackpoint>
                        <DistanceMeters>1115.8789234161377</DistanceMeters>
                        <Time>2022-01-03T11:30:32.550Z</Time>
                        <Position>
                            <LatitudeDegrees>30.525775909423828</LatitudeDegrees>
                            <LongitudeDegrees>104.06211853027344</LongitudeDegrees>
                        </Position>
                        <AltitudeMeters>428.79998779296875</AltitudeMeters>
                    </Trackpoint>
                    <Trackpoint>
                        <DistanceMeters>1115.8789234161377</DistanceMeters>
                        <Time>2022-01-03T11:30:32.876Z</Time>
                        <Position>
                            <LatitudeDegrees>30.525772094726562</LatitudeDegrees>
                            <LongitudeDegrees>104.06210327148438</LongitudeDegrees>
                        </Position>
                        <AltitudeMeters>428.79998779296875</AltitudeMeters>
                    </Trackpoint>
                    <Trackpoint>
                        <DistanceMeters>1115.8789234161377</DistanceMeters>
                        <Time>2022-01-03T11:30:33.851Z</Time>
                        <Position>
                            <LatitudeDegrees>30.525766372680664</LatitudeDegrees>
                            <LongitudeDegrees>104.06207275390625</LongitudeDegrees>
                        </Position>
                        <AltitudeMeters>428.79998779296875</AltitudeMeters>
                    </Trackpoint>
                    <Trackpoint>
                        <DistanceMeters>1115.8789234161377</DistanceMeters>
                        <Time>2022-01-03T11:30:34.530Z</Time>
                        <Position>
                            <LatitudeDegrees>30.5257625579834</LatitudeDegrees>
                            <LongitudeDegrees>104.06204223632812</LongitudeDegrees>
                        </Position>
                        <AltitudeMeters>428.79998779296875</AltitudeMeters>
                    </Trackpoint>
                    <Trackpoint>
                        <DistanceMeters>1115.8789234161377</DistanceMeters>
                        <Time>2022-01-03T11:30:35.496Z</Time>
                        <Position>
                            <LatitudeDegrees>30.5257511138916</LatitudeDegrees>
                            <LongitudeDegrees>104.06201934814453</LongitudeDegrees>
                        </Position>
                        <AltitudeMeters>428.79998779296875</AltitudeMeters>
                    </Trackpoint>
                    <Trackpoint>
                        <DistanceMeters>1115.8789234161377</DistanceMeters>
                        <Time>2022-01-03T11:30:36.816Z</Time>
                        <Position>
                            <LatitudeDegrees>30.52573585510254</LatitudeDegrees>
                            <LongitudeDegrees>104.06200408935547</LongitudeDegrees>
                        </Position>
                        <AltitudeMeters>428.79998779296875</AltitudeMeters>
                    </Trackpoint>
                    <Trackpoint>
                        <DistanceMeters>1115.8789234161377</DistanceMeters>
                        <Time>2022-01-03T11:30:37.533Z</Time>
                        <Position>
                            <LatitudeDegrees>30.525728225708008</LatitudeDegrees>
                            <LongitudeDegrees>104.06199645996094</LongitudeDegrees>
                        </Position>
                        <AltitudeMeters>428.79998779296875</AltitudeMeters>
                    </Trackpoint>
                    <Trackpoint>
                        <DistanceMeters>1115.8789234161377</DistanceMeters>
                        <Time>2022-01-03T11:30:38.471Z</Time>
                        <Position>
                            <LatitudeDegrees>30.525724411010742</LatitudeDegrees>
                            <LongitudeDegrees>104.06197357177734</LongitudeDegrees>
                        </Position>
                        <AltitudeMeters>428.79998779296875</AltitudeMeters>
                    </Trackpoint>
                    <Trackpoint>
                        <DistanceMeters>1115.8789234161377</DistanceMeters>
                        <Time>2022-01-03T11:30:38.796Z</Time>
                        <Position>
                            <LatitudeDegrees>30.52572250366211</LatitudeDegrees>
                            <LongitudeDegrees>104.06195831298828</LongitudeDegrees>
                        </Position>
                        <AltitudeMeters>428.79998779296875</AltitudeMeters>
                    </Trackpoint>
                    <Trackpoint>
                        <DistanceMeters>1115.8789234161377</DistanceMeters>
                        <Time>2022-01-03T11:30:39.131Z</Time>
                        <Position>
                            <LatitudeDegrees>30.525718688964844</LatitudeDegrees>
                            <LongitudeDegrees>104.06194305419922</LongitudeDegrees>
                        </Position>
                        <AltitudeMeters>428.79998779296875</AltitudeMeters>
                    </Trackpoint>
                    <Trackpoint>
                        <DistanceMeters>1115.8789234161377</DistanceMeters>
                        <Time>2022-01-03T11:30:39.791Z</Time>
                        <Position>
                            <LatitudeDegrees>30.525714874267578</LatitudeDegrees>
                            <LongitudeDegrees>104.06192016601562</LongitudeDegrees>
                        </Position>
                        <AltitudeMeters>428.79998779296875</AltitudeMeters>
                    </Trackpoint>
                    <Trackpoint>
                        <DistanceMeters>1115.8789234161377</DistanceMeters>
                        <Time>2022-01-03T11:30:40.118Z</Time>
                        <Position>
                            <LatitudeDegrees>30.525712966918945</LatitudeDegrees>
                            <LongitudeDegrees>104.06190490722656</LongitudeDegrees>
                        </Position>
                        <AltitudeMeters>428.79998779296875</AltitudeMeters>
                    </Trackpoint>
                    <Trackpoint>
                        <DistanceMeters>1115.8789234161377</DistanceMeters>
                        <Time>2022-01-03T11:30:40.749Z</Time>
                        <Position>
                            <LatitudeDegrees>30.525712966918945</LatitudeDegrees>
                            <LongitudeDegrees>104.06188201904297</LongitudeDegrees>
                        </Position>
                        <AltitudeMeters>428.79998779296875</AltitudeMeters>
                    </Trackpoint>
                    <Trackpoint>
                        <DistanceMeters>1115.8789234161377</DistanceMeters>
                        <Time>2022-01-03T11:30:41.408Z</Time>
                        <Position>
                            <LatitudeDegrees>30.52570915222168</LatitudeDegrees>
                            <LongitudeDegrees>104.06185913085938</LongitudeDegrees>
                        </Position>
                        <AltitudeMeters>428.79998779296875</AltitudeMeters>
                    </Trackpoint>
                    <Trackpoint>
                        <DistanceMeters>1115.8789234161377</DistanceMeters>
                        <Time>2022-01-03T11:30:42.412Z</Time>
                        <Position>
                            <LatitudeDegrees>30.525697708129883</LatitudeDegrees>
                            <LongitudeDegrees>104.06183624267578</LongitudeDegrees>
                        </Position>
                        <AltitudeMeters>428.79998779296875</AltitudeMeters>
                    </Trackpoint>
                    <Trackpoint>
                        <DistanceMeters>1115.8789234161377</DistanceMeters>
                        <Time>2022-01-03T11:30:43.714Z</Time>
                        <Position>
                            <LatitudeDegrees>30.525684356689453</LatitudeDegrees>
                            <LongitudeDegrees>104.06182098388672</LongitudeDegrees>
                        </Position>
                        <AltitudeMeters>428.79998779296875</AltitudeMeters>
                    </Trackpoint>
                    <Trackpoint>
                        <DistanceMeters>1115.8789234161377</DistanceMeters>
                        <Time>2022-01-03T11:30:44.376Z</Time>
                        <Position>
                            <LatitudeDegrees>30.525676727294922</LatitudeDegrees>
                            <LongitudeDegrees>104.06179809570312</LongitudeDegrees>
                        </Position>
                        <AltitudeMeters>428.79998779296875</AltitudeMeters>
                    </Trackpoint>
                    <Trackpoint>
                        <DistanceMeters>1115.8789234161377</DistanceMeters>
                        <Time>2022-01-03T11:30:45.015Z</Time>
                        <Position>
                            <LatitudeDegrees>30.52566909790039</LatitudeDegrees>
                            <LongitudeDegrees>104.06178283691406</LongitudeDegrees>
                        </Position>
                        <AltitudeMeters>428.79998779296875</AltitudeMeters>
                    </Trackpoint>
                    <Trackpoint>
                        <DistanceMeters>1115.8789234161377</DistanceMeters>
                        <Time>2022-01-03T11:30:45.882Z</Time>
                        <Position>
                            <LatitudeDegrees>30.525650024414062</LatitudeDegrees>
                            <LongitudeDegrees>104.061767578125</LongitudeDegrees>
                        </Position>
                        <AltitudeMeters>428.79998779296875</AltitudeMeters>
                    </Trackpoint>
                    <Trackpoint>
                        <DistanceMeters>1115.8789234161377</DistanceMeters>
                        <Time>2022-01-03T11:30:46.631Z</Time>
                        <Position>
                            <LatitudeDegrees>30.525636672973633</LatitudeDegrees>
                            <LongitudeDegrees>104.06175231933594</LongitudeDegrees>
                        </Position>
                        <AltitudeMeters>428.79998779296875</AltitudeMeters>
                    </Trackpoint>
                    <Trackpoint>
                        <DistanceMeters>1115.8789234161377</DistanceMeters>
                        <Time>2022-01-03T11:30:46.979Z</Time>
                        <Position>
                            <LatitudeDegrees>30.525630950927734</LatitudeDegrees>
                            <LongitudeDegrees>104.06173706054688</LongitudeDegrees>
                        </Position>
                        <AltitudeMeters>428.79998779296875</AltitudeMeters>
                    </Trackpoint>
                    <Trackpoint>
                        <DistanceMeters>1115.8789234161377</DistanceMeters>
                        <Time>2022-01-03T11:30:47.591Z</Time>
                        <Position>
                            <LatitudeDegrees>30.525623321533203</LatitudeDegrees>
                            <LongitudeDegrees>104.06172180175781</LongitudeDegrees>
                        </Position>
                        <AltitudeMeters>428.79998779296875</AltitudeMeters>
                    </Trackpoint>
                    <Trackpoint>
                        <DistanceMeters>1115.8789234161377</DistanceMeters>
                        <Time>2022-01-03T11:30:47.888Z</Time>
                        <Position>
                            <LatitudeDegrees>30.525617599487305</LatitudeDegrees>
                            <LongitudeDegrees>104.06170654296875</LongitudeDegrees>
                        </Position>
                        <AltitudeMeters>428.79998779296875</AltitudeMeters>
                    </Trackpoint>
                    <Trackpoint>
                        <DistanceMeters>1115.8789234161377</DistanceMeters>
                        <Time>2022-01-03T11:30:48.594Z</Time>
                        <Position>
                            <LatitudeDegrees>30.525609970092773</LatitudeDegrees>
                            <LongitudeDegrees>104.06168365478516</LongitudeDegrees>
                        </Position>
                        <AltitudeMeters>428.79998779296875</AltitudeMeters>
                    </Trackpoint>
                    <Trackpoint>
                        <DistanceMeters>1115.8789234161377</DistanceMeters>
                        <Time>2022-01-03T11:30:48.948Z</Time>
                        <Position>
                            <LatitudeDegrees>30.525604248046875</LatitudeDegrees>
                            <LongitudeDegrees>104.0616683959961</LongitudeDegrees>
                        </Position>
                        <AltitudeMeters>428.79998779296875</AltitudeMeters>
                    </Trackpoint>
                    <Trackpoint>
                        <DistanceMeters>1115.8789234161377</DistanceMeters>
                        <Time>2022-01-03T11:30:49.589Z</Time>
                        <Position>
                            <LatitudeDegrees>30.525592803955078</LatitudeDegrees>
                            <LongitudeDegrees>104.06165313720703</LongitudeDegrees>
                        </Position>
                        <AltitudeMeters>428.79998779296875</AltitudeMeters>
                    </Trackpoint>
                    <Trackpoint>
                        <DistanceMeters>1115.8789234161377</DistanceMeters>
                        <Time>2022-01-03T11:30:50.230Z</Time>
                        <Position>
                            <LatitudeDegrees>30.525583267211914</LatitudeDegrees>
                            <LongitudeDegrees>104.06163024902344</LongitudeDegrees>
                        </Position>
                        <AltitudeMeters>428.79998779296875</AltitudeMeters>
                    </Trackpoint>
                    <Trackpoint>
                        <DistanceMeters>1115.8789234161377</DistanceMeters>
                        <Time>2022-01-03T11:30:50.555Z</Time>
                        <Position>
                            <LatitudeDegrees>30.52557945251465</LatitudeDegrees>
                            <LongitudeDegrees>104.0616226196289</LongitudeDegrees>
                        </Position>
                        <AltitudeMeters>428.79998779296875</AltitudeMeters>
                    </Trackpoint>
                    <Trackpoint>
                        <DistanceMeters>1115.8789234161377</DistanceMeters>
                        <Time>2022-01-03T11:30:51.187Z</Time>
                        <Position>
                            <LatitudeDegrees>30.52557373046875</LatitudeDegrees>
                            <LongitudeDegrees>104.06159973144531</LongitudeDegrees>
                        </Position>
                        <AltitudeMeters>428.79998779296875</AltitudeMeters>
                    </Trackpoint>
                    <Trackpoint>
                        <DistanceMeters>1115.8789234161377</DistanceMeters>
                        <Time>2022-01-03T11:30:51.555Z</Time>
                        <Position>
                            <LatitudeDegrees>30.52556800842285</LatitudeDegrees>
                            <LongitudeDegrees>104.06158447265625</LongitudeDegrees>
                        </Position>
                        <AltitudeMeters>428.79998779296875</AltitudeMeters>
                    </Trackpoint>
                    <Trackpoint>
                        <DistanceMeters>1115.8789234161377</DistanceMeters>
                        <Time>2022-01-03T11:30:52.191Z</Time>
                        <Position>
                            <LatitudeDegrees>30.52556037902832</LatitudeDegrees>
                            <LongitudeDegrees>104.06156158447266</LongitudeDegrees>
                        </Position>
                        <AltitudeMeters>428.79998779296875</AltitudeMeters>
                    </Trackpoint>
                    <Trackpoint>
                        <DistanceMeters>1115.8789234161377</DistanceMeters>
                        <Time>2022-01-03T11:30:52.889Z</Time>
                        <Position>
                            <LatitudeDegrees>30.52555274963379</LatitudeDegrees>
                            <LongitudeDegrees>104.06153869628906</LongitudeDegrees>
                        </Position>
                        <AltitudeMeters>428.79998779296875</AltitudeMeters>
                    </Trackpoint>
                    <Trackpoint>
                        <DistanceMeters>1115.8789234161377</DistanceMeters>
                        <Time>2022-01-03T11:30:54.882Z</Time>
                        <Position>
                            <LatitudeDegrees>30.525527954101562</LatitudeDegrees>
                            <LongitudeDegrees>104.0615005493164</LongitudeDegrees>
                        </Position>
                        <AltitudeMeters>428.79998779296875</AltitudeMeters>
                    </Trackpoint>
                    <Trackpoint>
                        <DistanceMeters>1115.8789234161377</DistanceMeters>
                        <Time>2022-01-03T11:30:56.330Z</Time>
                        <Position>
                            <LatitudeDegrees>30.52552032470703</LatitudeDegrees>
                            <LongitudeDegrees>104.06146240234375</LongitudeDegrees>
                        </Position>
                        <AltitudeMeters>428.79998779296875</AltitudeMeters>
                    </Trackpoint>
                    <Trackpoint>
                        <DistanceMeters>1115.8789234161377</DistanceMeters>
                        <Time>2022-01-03T11:30:56.731Z</Time>
                        <Position>
                            <LatitudeDegrees>30.525524139404297</LatitudeDegrees>
                            <LongitudeDegrees>104.06145477294922</LongitudeDegrees>
                        </Position>
                        <AltitudeMeters>428.79998779296875</AltitudeMeters>
                    </Trackpoint>
                    <Trackpoint>
                        <DistanceMeters>1115.8789234161377</DistanceMeters>
                        <Time>2022-01-03T11:30:57.712Z</Time>
                        <Position>
                            <LatitudeDegrees>30.525535583496094</LatitudeDegrees>
                            <LongitudeDegrees>104.06143188476562</LongitudeDegrees>
                        </Position>
                        <AltitudeMeters>428.79998779296875</AltitudeMeters>
                    </Trackpoint>
                    <Trackpoint>
                        <DistanceMeters>1115.8789234161377</DistanceMeters>
                        <Time>2022-01-03T11:30:59.676Z</Time>
                        <Position>
                            <LatitudeDegrees>30.525537490844727</LatitudeDegrees>
                            <LongitudeDegrees>104.06138610839844</LongitudeDegrees>
                        </Position>
                        <AltitudeMeters>428.79998779296875</AltitudeMeters>
                    </Trackpoint>
                    <Trackpoint>
                        <DistanceMeters>1213.5209369659424</DistanceMeters>
                        <Time>2022-01-03T11:31:01.880Z</Time>
                        <Position>
                            <LatitudeDegrees>30.525541305541992</LatitudeDegrees>
                            <LongitudeDegrees>104.06133270263672</LongitudeDegrees>
                        </Position>
                        <AltitudeMeters>413.1835021972656</AltitudeMeters>
                    </Trackpoint>
                    <Trackpoint>
                        <DistanceMeters>1213.5209369659424</DistanceMeters>
                        <Time>2022-01-03T11:31:02.651Z</Time>
                        <Position>
                            <LatitudeDegrees>30.525545120239258</LatitudeDegrees>
                            <LongitudeDegrees>104.06131744384766</LongitudeDegrees>
                        </Position>
                        <AltitudeMeters>413.1835021972656</AltitudeMeters>
                    </Trackpoint>
                    <Trackpoint>
                        <DistanceMeters>1213.5209369659424</DistanceMeters>
                        <Time>2022-01-03T11:31:03.885Z</Time>
                        <Position>
                            <LatitudeDegrees>30.525548934936523</LatitudeDegrees>
                            <LongitudeDegrees>104.06128692626953</LongitudeDegrees>
                        </Position>
                        <AltitudeMeters>413.1835021972656</AltitudeMeters>
                    </Trackpoint>
                    <Trackpoint>
                        <DistanceMeters>1213.5209369659424</DistanceMeters>
                        <Time>2022-01-03T11:31:04.629Z</Time>
                        <Position>
                            <LatitudeDegrees>30.52555274963379</LatitudeDegrees>
                            <LongitudeDegrees>104.06127166748047</LongitudeDegrees>
                        </Position>
                        <AltitudeMeters>413.1835021972656</AltitudeMeters>
                    </Trackpoint>
                    <Trackpoint>
                        <DistanceMeters>1213.5209369659424</DistanceMeters>
                        <Time>2022-01-03T11:31:05.595Z</Time>
                        <Position>
                            <LatitudeDegrees>30.52556037902832</LatitudeDegrees>
                            <LongitudeDegrees>104.0612564086914</LongitudeDegrees>
                        </Position>
                        <AltitudeMeters>413.1835021972656</AltitudeMeters>
                    </Trackpoint>
                    <Trackpoint>
                        <DistanceMeters>1213.5209369659424</DistanceMeters>
                        <Time>2022-01-03T11:31:06.593Z</Time>
                        <Position>
                            <LatitudeDegrees>30.52556800842285</LatitudeDegrees>
                            <LongitudeDegrees>104.06123352050781</LongitudeDegrees>
                        </Position>
                        <AltitudeMeters>428.79998779296875</AltitudeMeters>
                    </Trackpoint>
                    <Trackpoint>
                        <DistanceMeters>1213.5209369659424</DistanceMeters>
                        <Time>2022-01-03T11:31:07.883Z</Time>
                        <Position>
                            <LatitudeDegrees>30.52557945251465</LatitudeDegrees>
                            <LongitudeDegrees>104.06120300292969</LongitudeDegrees>
                        </Position>
                        <AltitudeMeters>413.1541748046875</AltitudeMeters>
                    </Trackpoint>
                    <Trackpoint>
                        <DistanceMeters>1213.5209369659424</DistanceMeters>
                        <Time>2022-01-03T11:31:08.589Z</Time>
                        <Position>
                            <LatitudeDegrees>30.525476455688477</LatitudeDegrees>
                            <LongitudeDegrees>104.06126403808594</LongitudeDegrees>
                        </Position>
                        <AltitudeMeters>413.1541748046875</AltitudeMeters>
                    </Trackpoint>
                    <Trackpoint>
                        <DistanceMeters>1213.5209369659424</DistanceMeters>
                        <Time>2022-01-03T11:31:09.882Z</Time>
                        <Position>
                            <LatitudeDegrees>30.52541732788086</LatitudeDegrees>
                            <LongitudeDegrees>104.061279296875</LongitudeDegrees>
                        </Position>
                        <AltitudeMeters>413.15631103515625</AltitudeMeters>
                    </Trackpoint>
                    <Trackpoint>
                        <DistanceMeters>1213.5209369659424</DistanceMeters>
                        <Time>2022-01-03T11:31:11.880Z</Time>
                        <Position>
                            <LatitudeDegrees>30.525394439697266</LatitudeDegrees>
                            <LongitudeDegrees>104.06124114990234</LongitudeDegrees>
                        </Position>
                        <AltitudeMeters>413.2005920410156</AltitudeMeters>
                    </Trackpoint>
                    <Trackpoint>
                        <DistanceMeters>1213.5209369659424</DistanceMeters>
                        <Time>2022-01-03T11:31:13.881Z</Time>
                        <Position>
                            <LatitudeDegrees>30.525362014770508</LatitudeDegrees>
                            <LongitudeDegrees>104.06119537353516</LongitudeDegrees>
                        </Position>
                        <AltitudeMeters>413.863525390625</AltitudeMeters>
                    </Trackpoint>
                    <Trackpoint>
                        <DistanceMeters>1213.5209369659424</DistanceMeters>
                        <Time>2022-01-03T11:31:15.882Z</Time>
                        <Position>
                            <LatitudeDegrees>30.525320053100586</LatitudeDegrees>
                            <LongitudeDegrees>104.06114196777344</LongitudeDegrees>
                        </Position>
                        <AltitudeMeters>413.93072509765625</AltitudeMeters>
                    </Trackpoint>
                    <Trackpoint>
                        <DistanceMeters>1213.5209369659424</DistanceMeters>
                        <Time>2022-01-03T11:31:17.881Z</Time>
                        <Position>
                            <LatitudeDegrees>30.525300979614258</LatitudeDegrees>
                            <LongitudeDegrees>104.06106567382812</LongitudeDegrees>
                        </Position>
                        <AltitudeMeters>413.1835021972656</AltitudeMeters>
                    </Trackpoint>
                    <Trackpoint>
                        <DistanceMeters>1213.5209369659424</DistanceMeters>
                        <Time>2022-01-03T11:31:19.883Z</Time>
                        <Position>
                            <LatitudeDegrees>30.525278091430664</LatitudeDegrees>
                            <LongitudeDegrees>104.06098175048828</LongitudeDegrees>
                        </Position>
                        <AltitudeMeters>414.2384948730469</AltitudeMeters>
                    </Trackpoint>
                    <Trackpoint>
                        <DistanceMeters>1213.5209369659424</DistanceMeters>
                        <Time>2022-01-03T11:31:21.880Z</Time>
                        <Position>
                            <LatitudeDegrees>30.525249481201172</LatitudeDegrees>
                            <LongitudeDegrees>104.06092071533203</LongitudeDegrees>
                        </Position>
                        <AltitudeMeters>414.2608947753906</AltitudeMeters>
                    </Trackpoint>
                    <Trackpoint>
                        <DistanceMeters>1213.5209369659424</DistanceMeters>
                        <Time>2022-01-03T11:31:23.880Z</Time>
                        <Position>
                            <LatitudeDegrees>30.52523422241211</LatitudeDegrees>
                            <LongitudeDegrees>104.06085968017578</LongitudeDegrees>
                        </Position>
                        <AltitudeMeters>413.98992919921875</AltitudeMeters>
                    </Trackpoint>
                    <Trackpoint>
                        <DistanceMeters>1213.5209369659424</DistanceMeters>
                        <Time>2022-01-03T11:31:25.885Z</Time>
                        <Position>
                            <LatitudeDegrees>30.525232315063477</LatitudeDegrees>
                            <LongitudeDegrees>104.06079864501953</LongitudeDegrees>
                        </Position>
                        <AltitudeMeters>413.97125244140625</AltitudeMeters>
                    </Trackpoint>
                    <Trackpoint>
                        <DistanceMeters>1213.5209369659424</DistanceMeters>
                        <Time>2022-01-03T11:31:27.884Z</Time>
                        <Position>
                            <LatitudeDegrees>30.525232315063477</LatitudeDegrees>
                            <LongitudeDegrees>104.06075286865234</LongitudeDegrees>
                        </Position>
                        <AltitudeMeters>413.97125244140625</AltitudeMeters>
                    </Trackpoint>
                    <Trackpoint>
                        <DistanceMeters>1213.5209369659424</DistanceMeters>
                        <Time>2022-01-03T11:31:29.882Z</Time>
                        <Position>
                            <LatitudeDegrees>30.52522850036621</LatitudeDegrees>
                            <LongitudeDegrees>104.06071472167969</LongitudeDegrees>
                        </Position>
                        <AltitudeMeters>413.7691345214844</AltitudeMeters>
                    </Trackpoint>
                    <Trackpoint>
                        <DistanceMeters>1290.8217334747314</DistanceMeters>
                        <Time>2022-01-03T11:31:31.879Z</Time>
                        <Position>
                            <LatitudeDegrees>30.525211334228516</LatitudeDegrees>
                            <LongitudeDegrees>104.06066131591797</LongitudeDegrees>
                        </Position>
                        <AltitudeMeters>413.7893981933594</AltitudeMeters>
                    </Trackpoint>
                    <Trackpoint>
                        <DistanceMeters>1290.8217334747314</DistanceMeters>
                        <Time>2022-01-03T11:31:33.880Z</Time>
                        <Position>
                            <LatitudeDegrees>30.525205612182617</LatitudeDegrees>
                            <LongitudeDegrees>104.06063842773438</LongitudeDegrees>
                        </Position>
                        <AltitudeMeters>413.8117980957031</AltitudeMeters>
                    </Trackpoint>
                    <Trackpoint>
                        <DistanceMeters>1290.8217334747314</DistanceMeters>
                        <Time>2022-01-03T11:31:35.879Z</Time>
                        <Position>
                            <LatitudeDegrees>30.525197982788086</LatitudeDegrees>
                            <LongitudeDegrees>104.06060028076172</LongitudeDegrees>
                        </Position>
                        <AltitudeMeters>414.0955505371094</AltitudeMeters>
                    </Trackpoint>
                    <Trackpoint>
                        <DistanceMeters>1290.8217334747314</DistanceMeters>
                        <Time>2022-01-03T11:31:37.880Z</Time>
                        <Position>
                            <LatitudeDegrees>30.525175094604492</LatitudeDegrees>
                            <LongitudeDegrees>104.06053924560547</LongitudeDegrees>
                        </Position>
                        <AltitudeMeters>414.1382141113281</AltitudeMeters>
                    </Trackpoint>
                    <Trackpoint>
                        <DistanceMeters>1290.8217334747314</DistanceMeters>
                        <Time>2022-01-03T11:31:39.881Z</Time>
                        <Position>
                            <LatitudeDegrees>30.525157928466797</LatitudeDegrees>
                            <LongitudeDegrees>104.06047821044922</LongitudeDegrees>
                        </Position>
                        <AltitudeMeters>413.3060302734375</AltitudeMeters>
                    </Trackpoint>
                    <Trackpoint>
                        <DistanceMeters>1290.8217334747314</DistanceMeters>
                        <Time>2022-01-03T11:31:40.869Z</Time>
                        <Position>
                            <LatitudeDegrees>30.525144577026367</LatitudeDegrees>
                            <LongitudeDegrees>104.0604476928711</LongitudeDegrees>
                        </Position>
                        <AltitudeMeters>413.04095458984375</AltitudeMeters>
                    </Trackpoint>
                    <Trackpoint>
                        <DistanceMeters>1290.8217334747314</DistanceMeters>
                        <Time>2022-01-03T11:31:41.879Z</Time>
                        <Position>
                            <LatitudeDegrees>30.525123596191406</LatitudeDegrees>
                            <LongitudeDegrees>104.0604248046875</LongitudeDegrees>
                        </Position>
                        <AltitudeMeters>413.1054992675781</AltitudeMeters>
                    </Trackpoint>
                    <Trackpoint>
                        <DistanceMeters>1290.8217334747314</DistanceMeters>
                        <Time>2022-01-03T11:31:43.885Z</Time>
                        <Position>
                            <LatitudeDegrees>30.525083541870117</LatitudeDegrees>
                            <LongitudeDegrees>104.06039428710938</LongitudeDegrees>
                        </Position>
                        <AltitudeMeters>413.0096435546875</AltitudeMeters>
                    </Trackpoint>
                    <Trackpoint>
                        <DistanceMeters>1290.8217334747314</DistanceMeters>
                        <Time>2022-01-03T11:31:45.886Z</Time>
                        <Position>
                            <LatitudeDegrees>30.525049209594727</LatitudeDegrees>
                            <LongitudeDegrees>104.06037902832031</LongitudeDegrees>
                        </Position>
                        <AltitudeMeters>413.0299072265625</AltitudeMeters>
                    </Trackpoint>
                    <Trackpoint>
                        <DistanceMeters>1290.8217334747314</DistanceMeters>
                        <Time>2022-01-03T11:31:46.623Z</Time>
                        <Position>
                            <LatitudeDegrees>30.525035858154297</LatitudeDegrees>
                            <LongitudeDegrees>104.06036376953125</LongitudeDegrees>
                        </Position>
                        <AltitudeMeters>413.380859375</AltitudeMeters>
                    </Trackpoint>
                    <Trackpoint>
                        <DistanceMeters>1290.8217334747314</DistanceMeters>
                        <Time>2022-01-03T11:31:47.884Z</Time>
                        <Position>
                            <LatitudeDegrees>30.525033950805664</LatitudeDegrees>
                            <LongitudeDegrees>104.0603256225586</LongitudeDegrees>
                        </Position>
                        <AltitudeMeters>413.380859375</AltitudeMeters>
                    </Trackpoint>
                    <Trackpoint>
                        <DistanceMeters>1290.8217334747314</DistanceMeters>
                        <Time>2022-01-03T11:31:49.886Z</Time>
                        <Position>
                            <LatitudeDegrees>30.525035858154297</LatitudeDegrees>
                            <LongitudeDegrees>104.0602798461914</LongitudeDegrees>
                        </Position>
                        <AltitudeMeters>413.4053955078125</AltitudeMeters>
                    </Trackpoint>
                    <Trackpoint>
                        <DistanceMeters>1290.8217334747314</DistanceMeters>
                        <Time>2022-01-03T11:31:51.883Z</Time>
                        <Position>
                            <LatitudeDegrees>30.5250244140625</LatitudeDegrees>
                            <LongitudeDegrees>104.06022644042969</LongitudeDegrees>
                        </Position>
                        <AltitudeMeters>414.550537109375</AltitudeMeters>
                    </Trackpoint>
                    <Trackpoint>
                        <DistanceMeters>1290.8217334747314</DistanceMeters>
                        <Time>2022-01-03T11:31:52.285Z</Time>
                        <Position>
                            <LatitudeDegrees>30.525007247924805</LatitudeDegrees>
                            <LongitudeDegrees>104.06019592285156</LongitudeDegrees>
                        </Position>
                        <AltitudeMeters>414.5953369140625</AltitudeMeters>
                    </Trackpoint>
                    <Trackpoint>
                        <DistanceMeters>1290.8217334747314</DistanceMeters>
                        <Time>2022-01-03T11:31:53.884Z</Time>
                        <Position>
                            <LatitudeDegrees>30.524988174438477</LatitudeDegrees>
                            <LongitudeDegrees>104.0601577758789</LongitudeDegrees>
                        </Position>
                        <AltitudeMeters>414.5953369140625</AltitudeMeters>
                    </Trackpoint>
                    <Trackpoint>
                        <DistanceMeters>1290.8217334747314</DistanceMeters>
                        <Time>2022-01-03T11:31:55.881Z</Time>
                        <Position>
                            <LatitudeDegrees>30.524967193603516</LatitudeDegrees>
                            <LongitudeDegrees>104.06012725830078</LongitudeDegrees>
                        </Position>
                        <AltitudeMeters>414.61773681640625</AltitudeMeters>
                    </Trackpoint>
                    <Trackpoint>
                        <DistanceMeters>1290.8217334747314</DistanceMeters>
                        <Time>2022-01-03T11:31:57.881Z</Time>
                        <Position>
                            <LatitudeDegrees>30.524932861328125</LatitudeDegrees>
                            <LongitudeDegrees>104.06008911132812</LongitudeDegrees>
                        </Position>
                        <AltitudeMeters>414.1382141113281</AltitudeMeters>
                    </Trackpoint>
                    <Trackpoint>
                        <DistanceMeters>1290.8217334747314</DistanceMeters>
                        <Time>2022-01-03T11:31:57.998Z</Time>
                        <Position>
                            <LatitudeDegrees>30.524913787841797</LatitudeDegrees>
                            <LongitudeDegrees>104.06006622314453</LongitudeDegrees>
                        </Position>
                        <AltitudeMeters>414.1382141113281</AltitudeMeters>
                    </Trackpoint>
                    <Trackpoint>
                        <DistanceMeters>1290.8217334747314</DistanceMeters>
                        <Time>2022-01-03T11:31:59.883Z</Time>
                        <Position>
                            <LatitudeDegrees>30.524898529052734</LatitudeDegrees>
                            <LongitudeDegrees>104.06005096435547</LongitudeDegrees>
                        </Position>
                        <AltitudeMeters>414.57293701171875</AltitudeMeters>
                    </Trackpoint>
                    <Trackpoint>
                        <DistanceMeters>1354.6399211883545</DistanceMeters>
                        <Time>2022-01-03T11:32:01.888Z</Time>
                        <Position>
                            <LatitudeDegrees>30.524879455566406</LatitudeDegrees>
                            <LongitudeDegrees>104.06002044677734</LongitudeDegrees>
                        </Position>
                        <AltitudeMeters>414.5953369140625</AltitudeMeters>
                    </Trackpoint>
                    <Trackpoint>
                        <DistanceMeters>1354.6399211883545</DistanceMeters>
                        <Time>2022-01-03T11:32:03.880Z</Time>
                        <Position>
                            <LatitudeDegrees>30.52484893798828</LatitudeDegrees>
                            <LongitudeDegrees>104.05998229980469</LongitudeDegrees>
                        </Position>
                        <AltitudeMeters>414.0437927246094</AltitudeMeters>
                    </Trackpoint>
                    <Trackpoint>
                        <DistanceMeters>1354.6399211883545</DistanceMeters>
                        <Time>2022-01-03T11:32:05.883Z</Time>
                        <Position>
                            <LatitudeDegrees>30.524812698364258</LatitudeDegrees>
                            <LongitudeDegrees>104.0599365234375</LongitudeDegrees>
                        </Position>
                        <AltitudeMeters>414.2422180175781</AltitudeMeters>
                    </Trackpoint>
                    <Trackpoint>
                        <DistanceMeters>1354.6399211883545</DistanceMeters>
                        <Time>2022-01-03T11:32:07.880Z</Time>
                        <Position>
                            <LatitudeDegrees>30.524799346923828</LatitudeDegrees>
                            <LongitudeDegrees>104.05992126464844</LongitudeDegrees>
                        </Position>
                        <AltitudeMeters>414.2630310058594</AltitudeMeters>
                    </Trackpoint>
                    <Trackpoint>
                        <DistanceMeters>1354.6399211883545</DistanceMeters>
                        <Time>2022-01-03T11:32:09.882Z</Time>
                        <Position>
                            <LatitudeDegrees>30.524776458740234</LatitudeDegrees>
                            <LongitudeDegrees>104.05987548828125</LongitudeDegrees>
                        </Position>
                        <AltitudeMeters>414.2870178222656</AltitudeMeters>
                    </Trackpoint>
                    <Trackpoint>
                        <DistanceMeters>1354.6399211883545</DistanceMeters>
                        <Time>2022-01-03T11:32:11.885Z</Time>
                        <Position>
                            <LatitudeDegrees>30.524747848510742</LatitudeDegrees>
                            <LongitudeDegrees>104.05982208251953</LongitudeDegrees>
                        </Position>
                        <AltitudeMeters>414.3760986328125</AltitudeMeters>
                    </Trackpoint>
                    <Trackpoint>
                        <DistanceMeters>1354.6399211883545</DistanceMeters>
                        <Time>2022-01-03T11:32:13.884Z</Time>
                        <Position>
                            <LatitudeDegrees>30.52472496032715</LatitudeDegrees>
                            <LongitudeDegrees>104.05977630615234</LongitudeDegrees>
                        </Position>
                        <AltitudeMeters>414.3760986328125</AltitudeMeters>
                    </Trackpoint>
                    <Trackpoint>
                        <DistanceMeters>1354.6399211883545</DistanceMeters>
                        <Time>2022-01-03T11:32:15.881Z</Time>
                        <Position>
                            <LatitudeDegrees>30.52471160888672</LatitudeDegrees>
                            <LongitudeDegrees>104.05976104736328</LongitudeDegrees>
                        </Position>
                        <AltitudeMeters>414.37823486328125</AltitudeMeters>
                    </Trackpoint>
                    <Trackpoint>
                        <DistanceMeters>1354.6399211883545</DistanceMeters>
                        <Time>2022-01-03T11:32:17.885Z</Time>
                        <Position>
                            <LatitudeDegrees>30.52467918395996</LatitudeDegrees>
                            <LongitudeDegrees>104.05976104736328</LongitudeDegrees>
                        </Position>
                        <AltitudeMeters>414.3963623046875</AltitudeMeters>
                    </Trackpoint>
                    <Trackpoint>
                        <DistanceMeters>1354.6399211883545</DistanceMeters>
                        <Time>2022-01-03T11:32:19.886Z</Time>
                        <Position>
                            <LatitudeDegrees>30.52465057373047</LatitudeDegrees>
                            <LongitudeDegrees>104.05976867675781</LongitudeDegrees>
                        </Position>
                        <AltitudeMeters>414.39849853515625</AltitudeMeters>
                    </Trackpoint>
                    <Trackpoint>
                        <DistanceMeters>1354.6399211883545</DistanceMeters>
                        <Time>2022-01-03T11:32:20.918Z</Time>
                        <Position>
                            <LatitudeDegrees>30.524620056152344</LatitudeDegrees>
                            <LongitudeDegrees>104.05975341796875</LongitudeDegrees>
                        </Position>
                        <AltitudeMeters>414.1606140136719</AltitudeMeters>
                    </Trackpoint>
                    <Trackpoint>
                        <DistanceMeters>1354.6399211883545</DistanceMeters>
                        <Time>2022-01-03T11:32:21.884Z</Time>
                        <Position>
                            <LatitudeDegrees>30.524599075317383</LatitudeDegrees>
                            <LongitudeDegrees>104.05973815917969</LongitudeDegrees>
                        </Position>
                        <AltitudeMeters>414.290771484375</AltitudeMeters>
                    </Trackpoint>
                    <Trackpoint>
                        <DistanceMeters>1354.6399211883545</DistanceMeters>
                        <Time>2022-01-03T11:32:23.884Z</Time>
                        <Position>
                            <LatitudeDegrees>30.524564743041992</LatitudeDegrees>
                            <LongitudeDegrees>104.05970764160156</LongitudeDegrees>
                        </Position>
                        <AltitudeMeters>414.31475830078125</AltitudeMeters>
                    </Trackpoint>
                    <Trackpoint>
                        <DistanceMeters>1354.6399211883545</DistanceMeters>
                        <Time>2022-01-03T11:32:25.885Z</Time>
                        <Position>
                            <LatitudeDegrees>30.5245361328125</LatitudeDegrees>
                            <LongitudeDegrees>104.0597152709961</LongitudeDegrees>
                        </Position>
                        <AltitudeMeters>414.31475830078125</AltitudeMeters>
                    </Trackpoint>
                    <Trackpoint>
                        <DistanceMeters>1354.6399211883545</DistanceMeters>
                        <Time>2022-01-03T11:32:27.882Z</Time>
                        <Position>
                            <LatitudeDegrees>30.524503707885742</LatitudeDegrees>
                            <LongitudeDegrees>104.05973052978516</LongitudeDegrees>
                        </Position>
                        <AltitudeMeters>414.31475830078125</AltitudeMeters>
                    </Trackpoint>
                    <Trackpoint>
                        <DistanceMeters>1354.6399211883545</DistanceMeters>
                        <Time>2022-01-03T11:32:29.882Z</Time>
                        <Position>
                            <LatitudeDegrees>30.524473190307617</LatitudeDegrees>
                            <LongitudeDegrees>104.05974578857422</LongitudeDegrees>
                        </Position>
                        <AltitudeMeters>414.31317138671875</AltitudeMeters>
                    </Trackpoint>
                    <Trackpoint>
                        <DistanceMeters>1438.325979232788</DistanceMeters>
                        <Time>2022-01-03T11:32:31.883Z</Time>
                        <Position>
                            <LatitudeDegrees>30.52445411682129</LatitudeDegrees>
                            <LongitudeDegrees>104.05977630615234</LongitudeDegrees>
                        </Position>
                        <AltitudeMeters>414.31317138671875</AltitudeMeters>
                    </Trackpoint>
                    <Trackpoint>
                        <DistanceMeters>1438.325979232788</DistanceMeters>
                        <Time>2022-01-03T11:32:32.296Z</Time>
                        <Position>
                            <LatitudeDegrees>30.524436950683594</LatitudeDegrees>
                            <LongitudeDegrees>104.0597915649414</LongitudeDegrees>
                        </Position>
                        <AltitudeMeters>414.45025634765625</AltitudeMeters>
                    </Trackpoint>
                    <Trackpoint>
                        <DistanceMeters>1438.325979232788</DistanceMeters>
                        <Time>2022-01-03T11:32:33.880Z</Time>
                        <Position>
                            <LatitudeDegrees>30.524412155151367</LatitudeDegrees>
                            <LongitudeDegrees>104.059814453125</LongitudeDegrees>
                        </Position>
                        <AltitudeMeters>414.51531982421875</AltitudeMeters>
                    </Trackpoint>
                    <Trackpoint>
                        <DistanceMeters>1438.325979232788</DistanceMeters>
                        <Time>2022-01-03T11:32:35.884Z</Time>
                        <Position>
                            <LatitudeDegrees>30.524385452270508</LatitudeDegrees>
                            <LongitudeDegrees>104.05984497070312</LongitudeDegrees>
                        </Position>
                        <AltitudeMeters>413.7503356933594</AltitudeMeters>
                    </Trackpoint>
                    <Trackpoint>
                        <DistanceMeters>1438.325979232788</DistanceMeters>
                        <Time>2022-01-03T11:32:37.887Z</Time>
                        <Position>
                            <LatitudeDegrees>30.524330139160156</LatitudeDegrees>
                            <LongitudeDegrees>104.05986022949219</LongitudeDegrees>
                        </Position>
                        <AltitudeMeters>413.0597839355469</AltitudeMeters>
                    </Trackpoint>
                    <Trackpoint>
                        <DistanceMeters>1438.325979232788</DistanceMeters>
                        <Time>2022-01-03T11:32:39.886Z</Time>
                        <Position>
                            <LatitudeDegrees>30.52425765991211</LatitudeDegrees>
                            <LongitudeDegrees>104.05987548828125</LongitudeDegrees>
                        </Position>
                        <AltitudeMeters>413.1472473144531</AltitudeMeters>
                    </Trackpoint>
                    <Trackpoint>
                        <DistanceMeters>1438.325979232788</DistanceMeters>
                        <Time>2022-01-03T11:32:41.886Z</Time>
                        <Position>
                            <LatitudeDegrees>30.524215698242188</LatitudeDegrees>
                            <LongitudeDegrees>104.05992126464844</LongitudeDegrees>
                        </Position>
                        <AltitudeMeters>413.1712341308594</AltitudeMeters>
                    </Trackpoint>
                    <Trackpoint>
                        <DistanceMeters>1438.325979232788</DistanceMeters>
                        <Time>2022-01-03T11:32:42.998Z</Time>
                        <Position>
                            <LatitudeDegrees>30.524179458618164</LatitudeDegrees>
                            <LongitudeDegrees>104.05994415283203</LongitudeDegrees>
                        </Position>
                        <AltitudeMeters>412.4064025878906</AltitudeMeters>
                    </Trackpoint>
                    <Trackpoint>
                        <DistanceMeters>1438.325979232788</DistanceMeters>
                        <Time>2022-01-03T11:32:43.882Z</Time>
                        <Position>
                            <LatitudeDegrees>30.524154663085938</LatitudeDegrees>
                            <LongitudeDegrees>104.0599594116211</LongitudeDegrees>
                        </Position>
                        <AltitudeMeters>412.4064025878906</AltitudeMeters>
                    </Trackpoint>
                    <Trackpoint>
                        <DistanceMeters>1438.325979232788</DistanceMeters>
                        <Time>2022-01-03T11:32:45.885Z</Time>
                        <Position>
                            <LatitudeDegrees>30.52410316467285</LatitudeDegrees>
                            <LongitudeDegrees>104.05997467041016</LongitudeDegrees>
                        </Position>
                        <AltitudeMeters>412.4026794433594</AltitudeMeters>
                    </Trackpoint>
                    <Trackpoint>
                        <DistanceMeters>1438.325979232788</DistanceMeters>
                        <Time>2022-01-03T11:32:47.885Z</Time>
                        <Position>
                            <LatitudeDegrees>30.524070739746094</LatitudeDegrees>
                            <LongitudeDegrees>104.05998992919922</LongitudeDegrees>
                        </Position>
                        <AltitudeMeters>412.4042663574219</AltitudeMeters>
                    </Trackpoint>
                    <Trackpoint>
                        <DistanceMeters>1438.325979232788</DistanceMeters>
                        <Time>2022-01-03T11:32:48.665Z</Time>
                        <Position>
                            <LatitudeDegrees>30.524049758911133</LatitudeDegrees>
                            <LongitudeDegrees>104.06000518798828</LongitudeDegrees>
                        </Position>
                        <AltitudeMeters>412.430419921875</AltitudeMeters>
                    </Trackpoint>
                    <Trackpoint>
                        <DistanceMeters>1438.325979232788</DistanceMeters>
                        <Time>2022-01-03T11:32:49.888Z</Time>
                        <Position>
                            <LatitudeDegrees>30.524024963378906</LatitudeDegrees>
                            <LongitudeDegrees>104.06002044677734</LongitudeDegrees>
                        </Position>
                        <AltitudeMeters>412.4954833984375</AltitudeMeters>
                    </Trackpoint>
                    <Trackpoint>
                        <DistanceMeters>1438.325979232788</DistanceMeters>
                        <Time>2022-01-03T11:32:51.886Z</Time>
                        <Position>
                            <LatitudeDegrees>30.523996353149414</LatitudeDegrees>
                            <LongitudeDegrees>104.06002807617188</LongitudeDegrees>
                        </Position>
                        <AltitudeMeters>413.5125732421875</AltitudeMeters>
                    </Trackpoint>
                    <Trackpoint>
                        <DistanceMeters>1438.325979232788</DistanceMeters>
                        <Time>2022-01-03T11:32:53.885Z</Time>
                        <Position>
                            <LatitudeDegrees>30.523950576782227</LatitudeDegrees>
                            <LongitudeDegrees>104.06002044677734</LongitudeDegrees>
                        </Position>
                        <AltitudeMeters>413.46832275390625</AltitudeMeters>
                    </Trackpoint>
                    <Trackpoint>
                        <DistanceMeters>1438.325979232788</DistanceMeters>
                        <Time>2022-01-03T11:32:54.312Z</Time>
                        <Position>
                            <LatitudeDegrees>30.523929595947266</LatitudeDegrees>
                            <LongitudeDegrees>104.06002044677734</LongitudeDegrees>
                        </Position>
                        <AltitudeMeters>413.4773864746094</AltitudeMeters>
                    </Trackpoint>
                    <Trackpoint>
                        <DistanceMeters>1438.325979232788</DistanceMeters>
                        <Time>2022-01-03T11:32:55.881Z</Time>
                        <Position>
                            <LatitudeDegrees>30.523906707763672</LatitudeDegrees>
                            <LongitudeDegrees>104.06002807617188</LongitudeDegrees>
                        </Position>
                        <AltitudeMeters>413.5200500488281</AltitudeMeters>
                    </Trackpoint>
                    <Trackpoint>
                        <DistanceMeters>1438.325979232788</DistanceMeters>
                        <Time>2022-01-03T11:32:57.882Z</Time>
                        <Position>
                            <LatitudeDegrees>30.523855209350586</LatitudeDegrees>
                            <LongitudeDegrees>104.06004333496094</LongitudeDegrees>
                        </Position>
                        <AltitudeMeters>413.47576904296875</AltitudeMeters>
                    </Trackpoint>
                    <Trackpoint>
                        <DistanceMeters>1438.325979232788</DistanceMeters>
                        <Time>2022-01-03T11:32:59.881Z</Time>
                        <Position>
                            <LatitudeDegrees>30.523826599121094</LatitudeDegrees>
                            <LongitudeDegrees>104.06006622314453</LongitudeDegrees>
                        </Position>
                        <AltitudeMeters>414.1200866699219</AltitudeMeters>
                    </Trackpoint>
                    <Trackpoint>
                        <DistanceMeters>1438.325979232788</DistanceMeters>
                        <Time>2022-01-03T11:32:59.975Z</Time>
                        <Position>
                            <LatitudeDegrees>30.523807525634766</LatitudeDegrees>
                            <LongitudeDegrees>104.0600814819336</LongitudeDegrees>
                        </Position>
                        <AltitudeMeters>413.3936462402344</AltitudeMeters>
                    </Trackpoint>
                    <Trackpoint>
                        <DistanceMeters>1514.536657333374</DistanceMeters>
                        <Time>2022-01-03T11:33:01.882Z</Time>
                        <Position>
                            <LatitudeDegrees>30.523788452148438</LatitudeDegrees>
                            <LongitudeDegrees>104.06009674072266</LongitudeDegrees>
                        </Position>
                        <AltitudeMeters>413.3936462402344</AltitudeMeters>
                    </Trackpoint>
                    <Trackpoint>
                        <DistanceMeters>1514.536657333374</DistanceMeters>
                        <Time>2022-01-03T11:33:03.881Z</Time>
                        <Position>
                            <LatitudeDegrees>30.523746490478516</LatitudeDegrees>
                            <LongitudeDegrees>104.06011199951172</LongitudeDegrees>
                        </Position>
                        <AltitudeMeters>413.37176513671875</AltitudeMeters>
                    </Trackpoint>
                    <Trackpoint>
                        <DistanceMeters>1514.536657333374</DistanceMeters>
                        <Time>2022-01-03T11:33:05.879Z</Time>
                        <Position>
                            <LatitudeDegrees>30.52370262145996</LatitudeDegrees>
                            <LongitudeDegrees>104.06013488769531</LongitudeDegrees>
                        </Position>
                        <AltitudeMeters>413.3381652832031</AltitudeMeters>
                    </Trackpoint>
                    <Trackpoint>
                        <DistanceMeters>1514.536657333374</DistanceMeters>
                        <Time>2022-01-03T11:33:07.886Z</Time>
                        <Position>
                            <LatitudeDegrees>30.523651123046875</LatitudeDegrees>
                            <LongitudeDegrees>104.06016540527344</LongitudeDegrees>
                        </Position>
                        <AltitudeMeters>413.6240539550781</AltitudeMeters>
                    </Trackpoint>
                    <Trackpoint>
                        <DistanceMeters>1514.536657333374</DistanceMeters>
                        <Time>2022-01-03T11:33:09.884Z</Time>
                        <Position>
                            <LatitudeDegrees>30.52362060546875</LatitudeDegrees>
                            <LongitudeDegrees>104.06018829345703</LongitudeDegrees>
                        </Position>
                        <AltitudeMeters>413.6869812011719</AltitudeMeters>
                    </Trackpoint>
                    <Trackpoint>
                        <DistanceMeters>1514.536657333374</DistanceMeters>
                        <Time>2022-01-03T11:33:11.883Z</Time>
                        <Position>
                            <LatitudeDegrees>30.523591995239258</LatitudeDegrees>
                            <LongitudeDegrees>104.0602035522461</LongitudeDegrees>
                        </Position>
                        <AltitudeMeters>413.71685791015625</AltitudeMeters>
                    </Trackpoint>
                    <Trackpoint>
                        <DistanceMeters>1514.536657333374</DistanceMeters>
                        <Time>2022-01-03T11:33:13.884Z</Time>
                        <Position>
                            <LatitudeDegrees>30.5235538482666</LatitudeDegrees>
                            <LongitudeDegrees>104.06022644042969</LongitudeDegrees>
                        </Position>
                        <AltitudeMeters>413.71685791015625</AltitudeMeters>
                    </Trackpoint>
                    <Trackpoint>
                        <DistanceMeters>1514.536657333374</DistanceMeters>
                        <Time>2022-01-03T11:33:15.883Z</Time>
                        <Position>
                            <LatitudeDegrees>30.523509979248047</LatitudeDegrees>
                            <LongitudeDegrees>104.06025695800781</LongitudeDegrees>
                        </Position>
                        <AltitudeMeters>413.71685791015625</AltitudeMeters>
                    </Trackpoint>
                    <Trackpoint>
                        <DistanceMeters>1514.536657333374</DistanceMeters>
                        <Time>2022-01-03T11:33:17.884Z</Time>
                        <Position>
                            <LatitudeDegrees>30.52349090576172</LatitudeDegrees>
                            <LongitudeDegrees>104.06028747558594</LongitudeDegrees>
                        </Position>
                        <AltitudeMeters>413.4363098144531</AltitudeMeters>
                    </Trackpoint>
                    <Trackpoint>
                        <DistanceMeters>1514.536657333374</DistanceMeters>
                        <Time>2022-01-03T11:33:19.884Z</Time>
                        <Position>
                            <LatitudeDegrees>30.523483276367188</LatitudeDegrees>
                            <LongitudeDegrees>104.06033325195312</LongitudeDegrees>
                        </Position>
                        <AltitudeMeters>413.5035095214844</AltitudeMeters>
                    </Trackpoint>
                    <Trackpoint>
                        <DistanceMeters>1514.536657333374</DistanceMeters>
                        <Time>2022-01-03T11:33:21.884Z</Time>
                        <Position>
                            <LatitudeDegrees>30.52349853515625</LatitudeDegrees>
                            <LongitudeDegrees>104.06037902832031</LongitudeDegrees>
                        </Position>
                        <AltitudeMeters>413.71685791015625</AltitudeMeters>
                    </Trackpoint>
                    <Trackpoint>
                        <DistanceMeters>1514.536657333374</DistanceMeters>
                        <Time>2022-01-03T11:33:22.614Z</Time>
                        <Position>
                            <LatitudeDegrees>30.523517608642578</LatitudeDegrees>
                            <LongitudeDegrees>104.0604248046875</LongitudeDegrees>
                        </Position>
                        <AltitudeMeters>413.2432556152344</AltitudeMeters>
                    </Trackpoint>
                    <Trackpoint>
                        <DistanceMeters>1514.536657333374</DistanceMeters>
                        <Time>2022-01-03T11:33:23.884Z</Time>
                        <Position>
                            <LatitudeDegrees>30.523523330688477</LatitudeDegrees>
                            <LongitudeDegrees>104.06045532226562</LongitudeDegrees>
                        </Position>
                        <AltitudeMeters>413.2432556152344</AltitudeMeters>
                    </Trackpoint>
                    <Trackpoint>
                        <DistanceMeters>1514.536657333374</DistanceMeters>
                        <Time>2022-01-03T11:33:25.883Z</Time>
                        <Position>
                            <LatitudeDegrees>30.523542404174805</LatitudeDegrees>
                            <LongitudeDegrees>104.0605239868164</LongitudeDegrees>
                        </Position>
                        <AltitudeMeters>413.2432556152344</AltitudeMeters>
                    </Trackpoint>
                    <Trackpoint>
                        <DistanceMeters>1514.536657333374</DistanceMeters>
                        <Time>2022-01-03T11:33:27.884Z</Time>
                        <Position>
                            <LatitudeDegrees>30.5235595703125</LatitudeDegrees>
                            <LongitudeDegrees>104.0605697631836</LongitudeDegrees>
                        </Position>
                        <AltitudeMeters>413.0224609375</AltitudeMeters>
                    </Trackpoint>
                    <Trackpoint>
                        <DistanceMeters>1514.536657333374</DistanceMeters>
                        <Time>2022-01-03T11:33:28.275Z</Time>
                        <Position>
                            <LatitudeDegrees>30.523576736450195</LatitudeDegrees>
                            <LongitudeDegrees>104.06060028076172</LongitudeDegrees>
                        </Position>
                        <AltitudeMeters>413.15631103515625</AltitudeMeters>
                    </Trackpoint>
                    <Trackpoint>
                        <DistanceMeters>1514.536657333374</DistanceMeters>
                        <Time>2022-01-03T11:33:29.884Z</Time>
                        <Position>
                            <LatitudeDegrees>30.523588180541992</LatitudeDegrees>
                            <LongitudeDegrees>104.06063079833984</LongitudeDegrees>
                        </Position>
                        <AltitudeMeters>413.1355285644531</AltitudeMeters>
                    </Trackpoint>
                    <Trackpoint>
                        <DistanceMeters>1578.0788898468018</DistanceMeters>
                        <Time>2022-01-03T11:33:31.881Z</Time>
                        <Position>
                            <LatitudeDegrees>30.523601531982422</LatitudeDegrees>
                            <LongitudeDegrees>104.0606689453125</LongitudeDegrees>
                        </Position>
                        <AltitudeMeters>413.1355285644531</AltitudeMeters>
                    </Trackpoint>
                    <Trackpoint>
                        <DistanceMeters>1578.0788898468018</DistanceMeters>
                        <Time>2022-01-03T11:33:33.885Z</Time>
                        <Position>
                            <LatitudeDegrees>30.52361297607422</LatitudeDegrees>
                            <LongitudeDegrees>104.06071472167969</LongitudeDegrees>
                        </Position>
                        <AltitudeMeters>415.4741516113281</AltitudeMeters>
                    </Trackpoint>
                    <Trackpoint>
                        <DistanceMeters>1578.0788898468018</DistanceMeters>
                        <Time>2022-01-03T11:33:35.880Z</Time>
                        <Position>
                            <LatitudeDegrees>30.52362060546875</LatitudeDegrees>
                            <LongitudeDegrees>104.06076049804688</LongitudeDegrees>
                        </Position>
                        <AltitudeMeters>414.9429626464844</AltitudeMeters>
                    </Trackpoint>
                    <Trackpoint>
                        <DistanceMeters>1578.0788898468018</DistanceMeters>
                        <Time>2022-01-03T11:33:37.881Z</Time>
                        <Position>
                            <LatitudeDegrees>30.52362823486328</LatitudeDegrees>
                            <LongitudeDegrees>104.06079864501953</LongitudeDegrees>
                        </Position>
                        <AltitudeMeters>414.9429626464844</AltitudeMeters>
                    </Trackpoint>
                    <Trackpoint>
                        <DistanceMeters>1578.0788898468018</DistanceMeters>
                        <Time>2022-01-03T11:33:39.880Z</Time>
                        <Position>
                            <LatitudeDegrees>30.523630142211914</LatitudeDegrees>
                            <LongitudeDegrees>104.06085968017578</LongitudeDegrees>
                        </Position>
                        <AltitudeMeters>412.7440185546875</AltitudeMeters>
                    </Trackpoint>
                    <Trackpoint>
                        <DistanceMeters>1578.0788898468018</DistanceMeters>
                        <Time>2022-01-03T11:33:41.881Z</Time>
                        <Position>
                            <LatitudeDegrees>30.523603439331055</LatitudeDegrees>
                            <LongitudeDegrees>104.0609130859375</LongitudeDegrees>
                        </Position>
                        <AltitudeMeters>412.17388916015625</AltitudeMeters>
                    </Trackpoint>
                    <Trackpoint>
                        <DistanceMeters>1578.0788898468018</DistanceMeters>
                        <Time>2022-01-03T11:33:43.886Z</Time>
                        <Position>
                            <LatitudeDegrees>30.523576736450195</LatitudeDegrees>
                            <LongitudeDegrees>104.06092071533203</LongitudeDegrees>
                        </Position>
                        <AltitudeMeters>412.1296081542969</AltitudeMeters>
                    </Trackpoint>
                    <Trackpoint>
                        <DistanceMeters>1578.0788898468018</DistanceMeters>
                        <Time>2022-01-03T11:33:45.881Z</Time>
                        <Position>
                            <LatitudeDegrees>30.523563385009766</LatitudeDegrees>
                            <LongitudeDegrees>104.06094360351562</LongitudeDegrees>
                        </Position>
                        <AltitudeMeters>412.1072082519531</AltitudeMeters>
                    </Trackpoint>
                    <Trackpoint>
                        <DistanceMeters>1578.0788898468018</DistanceMeters>
                        <Time>2022-01-03T11:33:47.883Z</Time>
                        <Position>
                            <LatitudeDegrees>30.523527145385742</LatitudeDegrees>
                            <LongitudeDegrees>104.06096649169922</LongitudeDegrees>
                        </Position>
                        <AltitudeMeters>412.3093566894531</AltitudeMeters>
                    </Trackpoint>
                    <Trackpoint>
                        <DistanceMeters>1578.0788898468018</DistanceMeters>
                        <Time>2022-01-03T11:33:49.885Z</Time>
                        <Position>
                            <LatitudeDegrees>30.523488998413086</LatitudeDegrees>
                            <LongitudeDegrees>104.06098175048828</LongitudeDegrees>
                        </Position>
                        <AltitudeMeters>412.3541564941406</AltitudeMeters>
                    </Trackpoint>
                    <Trackpoint>
                        <DistanceMeters>1578.0788898468018</DistanceMeters>
                        <Time>2022-01-03T11:33:51.883Z</Time>
                        <Position>
                            <LatitudeDegrees>30.523448944091797</LatitudeDegrees>
                            <LongitudeDegrees>104.06100463867188</LongitudeDegrees>
                        </Position>
                        <AltitudeMeters>412.0906982421875</AltitudeMeters>
                    </Trackpoint>
                    <Trackpoint>
                        <DistanceMeters>1578.0788898468018</DistanceMeters>
                        <Time>2022-01-03T11:33:53.884Z</Time>
                        <Position>
                            <LatitudeDegrees>30.523420333862305</LatitudeDegrees>
                            <LongitudeDegrees>104.06102752685547</LongitudeDegrees>
                        </Position>
                        <AltitudeMeters>412.15521240234375</AltitudeMeters>
                    </Trackpoint>
                    <Trackpoint>
                        <DistanceMeters>1578.0788898468018</DistanceMeters>
                        <Time>2022-01-03T11:33:55.880Z</Time>
                        <Position>
                            <LatitudeDegrees>30.52339744567871</LatitudeDegrees>
                            <LongitudeDegrees>104.06104278564453</LongitudeDegrees>
                        </Position>
                        <AltitudeMeters>412.7440185546875</AltitudeMeters>
                    </Trackpoint>
                    <Trackpoint>
                        <DistanceMeters>1578.0788898468018</DistanceMeters>
                        <Time>2022-01-03T11:33:57.881Z</Time>
                        <Position>
                            <LatitudeDegrees>30.523361206054688</LatitudeDegrees>
                            <LongitudeDegrees>104.06105041503906</LongitudeDegrees>
                        </Position>
                        <AltitudeMeters>412.892333984375</AltitudeMeters>
                    </Trackpoint>
                    <Trackpoint>
                        <DistanceMeters>1578.0788898468018</DistanceMeters>
                        <Time>2022-01-03T11:33:59.881Z</Time>
                        <Position>
                            <LatitudeDegrees>30.523338317871094</LatitudeDegrees>
                            <LongitudeDegrees>104.0610122680664</LongitudeDegrees>
                        </Position>
                        <AltitudeMeters>412.9963073730469</AltitudeMeters>
                    </Trackpoint>
                    <Trackpoint>
                        <DistanceMeters>1656.2749500274658</DistanceMeters>
                        <Time>2022-01-03T11:34:01.881Z</Time>
                        <Position>
                            <LatitudeDegrees>30.52335548400879</LatitudeDegrees>
                            <LongitudeDegrees>104.06095123291016</LongitudeDegrees>
                        </Position>
                        <AltitudeMeters>412.8630065917969</AltitudeMeters>
                    </Trackpoint>
                    <Trackpoint>
                        <DistanceMeters>1656.2749500274658</DistanceMeters>
                        <Time>2022-01-03T11:34:03.879Z</Time>
                        <Position>
                            <LatitudeDegrees>30.523365020751953</LatitudeDegrees>
                            <LongitudeDegrees>104.06089782714844</LongitudeDegrees>
                        </Position>
                        <AltitudeMeters>413.0208435058594</AltitudeMeters>
                    </Trackpoint>
                    <Trackpoint>
                        <DistanceMeters>1656.2749500274658</DistanceMeters>
                        <Time>2022-01-03T11:34:05.884Z</Time>
                        <Position>
                            <LatitudeDegrees>30.523344039916992</LatitudeDegrees>
                            <LongitudeDegrees>104.06085205078125</LongitudeDegrees>
                        </Position>
                        <AltitudeMeters>413.042724609375</AltitudeMeters>
                    </Trackpoint>
                    <Trackpoint>
                        <DistanceMeters>1656.2749500274658</DistanceMeters>
                        <Time>2022-01-03T11:34:07.882Z</Time>
                        <Position>
                            <LatitudeDegrees>30.523313522338867</LatitudeDegrees>
                            <LongitudeDegrees>104.0608139038086</LongitudeDegrees>
                        </Position>
                        <AltitudeMeters>413.0187072753906</AltitudeMeters>
                    </Trackpoint>
                    <Trackpoint>
                        <DistanceMeters>1656.2749500274658</DistanceMeters>
                        <Time>2022-01-03T11:34:08.211Z</Time>
                        <Position>
                            <LatitudeDegrees>30.523298263549805</LatitudeDegrees>
                            <LongitudeDegrees>104.060791015625</LongitudeDegrees>
                        </Position>
                        <AltitudeMeters>412.9168701171875</AltitudeMeters>
                    </Trackpoint>
                    <Trackpoint>
                        <DistanceMeters>1656.2749500274658</DistanceMeters>
                        <Time>2022-01-03T11:34:09.882Z</Time>
                        <Position>
                            <LatitudeDegrees>30.52328872680664</LatitudeDegrees>
                            <LongitudeDegrees>104.0607681274414</LongitudeDegrees>
                        </Position>
                        <AltitudeMeters>412.9168701171875</AltitudeMeters>
                    </Trackpoint>
                    <Trackpoint>
                        <DistanceMeters>1656.2749500274658</DistanceMeters>
                        <Time>2022-01-03T11:34:11.882Z</Time>
                        <Position>
                            <LatitudeDegrees>30.52327537536621</LatitudeDegrees>
                            <LongitudeDegrees>104.06073760986328</LongitudeDegrees>
                        </Position>
                        <AltitudeMeters>412.9168701171875</AltitudeMeters>
                    </Trackpoint>
                    <Trackpoint>
                        <DistanceMeters>1656.2749500274658</DistanceMeters>
                        <Time>2022-01-03T11:34:13.878Z</Time>
                        <Position>
                            <LatitudeDegrees>30.523277282714844</LatitudeDegrees>
                            <LongitudeDegrees>104.0606918334961</LongitudeDegrees>
                        </Position>
                        <AltitudeMeters>413.71685791015625</AltitudeMeters>
                    </Trackpoint>
                    <Trackpoint>
                        <DistanceMeters>1656.2749500274658</DistanceMeters>
                        <Time>2022-01-03T11:34:15.882Z</Time>
                        <Position>
                            <LatitudeDegrees>30.523296356201172</LatitudeDegrees>
                            <LongitudeDegrees>104.06063079833984</LongitudeDegrees>
                        </Position>
                        <AltitudeMeters>412.85711669921875</AltitudeMeters>
                    </Trackpoint>
                    <Trackpoint>
                        <DistanceMeters>1656.2749500274658</DistanceMeters>
                        <Time>2022-01-03T11:34:17.879Z</Time>
                        <Position>
                            <LatitudeDegrees>30.523292541503906</LatitudeDegrees>
                            <LongitudeDegrees>104.06058502197266</LongitudeDegrees>
                        </Position>
                        <AltitudeMeters>412.85711669921875</AltitudeMeters>
                    </Trackpoint>
                    <Trackpoint>
                        <DistanceMeters>1656.2749500274658</DistanceMeters>
                        <Time>2022-01-03T11:34:19.879Z</Time>
                        <Position>
                            <LatitudeDegrees>30.52324676513672</LatitudeDegrees>
                            <LongitudeDegrees>104.06055450439453</LongitudeDegrees>
                        </Position>
                        <AltitudeMeters>413.00592041015625</AltitudeMeters>
                    </Trackpoint>
                    <Trackpoint>
                        <DistanceMeters>1656.2749500274658</DistanceMeters>
                        <Time>2022-01-03T11:34:21.881Z</Time>
                        <Position>
                            <LatitudeDegrees>30.523202896118164</LatitudeDegrees>
                            <LongitudeDegrees>104.06051635742188</LongitudeDegrees>
                        </Position>
                        <AltitudeMeters>412.9760437011719</AltitudeMeters>
                    </Trackpoint>
                    <Trackpoint>
                        <DistanceMeters>1656.2749500274658</DistanceMeters>
                        <Time>2022-01-03T11:34:23.882Z</Time>
                        <Position>
                            <LatitudeDegrees>30.52315902709961</LatitudeDegrees>
                            <LongitudeDegrees>104.06047821044922</LongitudeDegrees>
                        </Position>
                        <AltitudeMeters>412.8869934082031</AltitudeMeters>
                    </Trackpoint>
                    <Trackpoint>
                        <DistanceMeters>1656.2749500274658</DistanceMeters>
                        <Time>2022-01-03T11:34:25.880Z</Time>
                        <Position>
                            <LatitudeDegrees>30.523107528686523</LatitudeDegrees>
                            <LongitudeDegrees>104.06049346923828</LongitudeDegrees>
                        </Position>
                        <AltitudeMeters>413.00006103515625</AltitudeMeters>
                    </Trackpoint>
                    <Trackpoint>
                        <DistanceMeters>1656.2749500274658</DistanceMeters>
                        <Time>2022-01-03T11:34:27.882Z</Time>
                        <Position>
                            <LatitudeDegrees>30.523059844970703</LatitudeDegrees>
                            <LongitudeDegrees>104.0605239868164</LongitudeDegrees>
                        </Position>
                        <AltitudeMeters>412.8683166503906</AltitudeMeters>
                    </Trackpoint>
                    <Trackpoint>
                        <DistanceMeters>1656.2749500274658</DistanceMeters>
                        <Time>2022-01-03T11:34:29.882Z</Time>
                        <Position>
                            <LatitudeDegrees>30.523029327392578</LatitudeDegrees>
                            <LongitudeDegrees>104.0605239868164</LongitudeDegrees>
                        </Position>
                        <AltitudeMeters>412.8240661621094</AltitudeMeters>
                    </Trackpoint>
                    <Trackpoint>
                        <DistanceMeters>1733.8601932525635</DistanceMeters>
                        <Time>2022-01-03T11:34:30.870Z</Time>
                        <Position>
                            <LatitudeDegrees>30.523008346557617</LatitudeDegrees>
                            <LongitudeDegrees>104.0605239868164</LongitudeDegrees>
                        </Position>
                        <AltitudeMeters>414.742431640625</AltitudeMeters>
                    </Trackpoint>
                    <Trackpoint>
                        <DistanceMeters>1733.8601932525635</DistanceMeters>
                        <Time>2022-01-03T11:34:31.885Z</Time>
                        <Position>
                            <LatitudeDegrees>30.522987365722656</LatitudeDegrees>
                            <LongitudeDegrees>104.06053924560547</LongitudeDegrees>
                        </Position>
                        <AltitudeMeters>414.742431640625</AltitudeMeters>
                    </Trackpoint>
                    <Trackpoint>
                        <DistanceMeters>1733.8601932525635</DistanceMeters>
                        <Time>2022-01-03T11:34:33.880Z</Time>
                        <Position>
                            <LatitudeDegrees>30.522951126098633</LatitudeDegrees>
                            <LongitudeDegrees>104.0605697631836</LongitudeDegrees>
                        </Position>
                        <AltitudeMeters>415.0963439941406</AltitudeMeters>
                    </Trackpoint>
                    <Trackpoint>
                        <DistanceMeters>1733.8601932525635</DistanceMeters>
                        <Time>2022-01-03T11:34:35.882Z</Time>
                        <Position>
                            <LatitudeDegrees>30.522933959960938</LatitudeDegrees>
                            <LongitudeDegrees>104.06057739257812</LongitudeDegrees>
                        </Position>
                        <AltitudeMeters>415.0963439941406</AltitudeMeters>
                    </Trackpoint>
                    <Trackpoint>
                        <DistanceMeters>1733.8601932525635</DistanceMeters>
                        <Time>2022-01-03T11:34:36.558Z</Time>
                        <Position>
                            <LatitudeDegrees>30.52292823791504</LatitudeDegrees>
                            <LongitudeDegrees>104.0605697631836</LongitudeDegrees>
                        </Position>
                        <AltitudeMeters>414.9278259277344</AltitudeMeters>
                    </Trackpoint>
                    <Trackpoint>
                        <DistanceMeters>1733.8601932525635</DistanceMeters>
                        <Time>2022-01-03T11:34:37.880Z</Time>
                        <Position>
                            <LatitudeDegrees>30.522911071777344</LatitudeDegrees>
                            <LongitudeDegrees>104.06055450439453</LongitudeDegrees>
                        </Position>
                        <AltitudeMeters>414.9480895996094</AltitudeMeters>
                    </Trackpoint>
                    <Trackpoint>
                        <DistanceMeters>1733.8601932525635</DistanceMeters>
                        <Time>2022-01-03T11:34:39.882Z</Time>
                        <Position>
                            <LatitudeDegrees>30.522855758666992</LatitudeDegrees>
                            <LongitudeDegrees>104.06056213378906</LongitudeDegrees>
                        </Position>
                        <AltitudeMeters>414.66082763671875</AltitudeMeters>
                    </Trackpoint>
                    <Trackpoint>
                        <DistanceMeters>1733.8601932525635</DistanceMeters>
                        <Time>2022-01-03T11:34:41.882Z</Time>
                        <Position>
                            <LatitudeDegrees>30.52280616760254</LatitudeDegrees>
                            <LongitudeDegrees>104.06061553955078</LongitudeDegrees>
                        </Position>
                        <AltitudeMeters>414.9040222167969</AltitudeMeters>
                    </Trackpoint>
                    <Trackpoint>
                        <DistanceMeters>1733.8601932525635</DistanceMeters>
                        <Time>2022-01-03T11:34:42.748Z</Time>
                        <Position>
                            <LatitudeDegrees>30.52277946472168</LatitudeDegrees>
                            <LongitudeDegrees>104.06067657470703</LongitudeDegrees>
                        </Position>
                        <AltitudeMeters>414.80145263671875</AltitudeMeters>
                    </Trackpoint>
                    <Trackpoint>
                        <DistanceMeters>1733.8601932525635</DistanceMeters>
                        <Time>2022-01-03T11:34:43.882Z</Time>
                        <Position>
                            <LatitudeDegrees>30.522762298583984</LatitudeDegrees>
                            <LongitudeDegrees>104.06069946289062</LongitudeDegrees>
                        </Position>
                        <AltitudeMeters>414.80145263671875</AltitudeMeters>
                    </Trackpoint>
                    <Trackpoint>
                        <DistanceMeters>1733.8601932525635</DistanceMeters>
                        <Time>2022-01-03T11:34:45.883Z</Time>
                        <Position>
                            <LatitudeDegrees>30.522735595703125</LatitudeDegrees>
                            <LongitudeDegrees>104.06072998046875</LongitudeDegrees>
                        </Position>
                        <AltitudeMeters>414.84783935546875</AltitudeMeters>
                    </Trackpoint>
                    <Trackpoint>
                        <DistanceMeters>1733.8601932525635</DistanceMeters>
                        <Time>2022-01-03T11:34:47.882Z</Time>
                        <Position>
                            <LatitudeDegrees>30.522701263427734</LatitudeDegrees>
                            <LongitudeDegrees>104.06077575683594</LongitudeDegrees>
                        </Position>
                        <AltitudeMeters>414.80145263671875</AltitudeMeters>
                    </Trackpoint>
                    <Trackpoint>
                        <DistanceMeters>1733.8601932525635</DistanceMeters>
                        <Time>2022-01-03T11:34:49.879Z</Time>
                        <Position>
                            <LatitudeDegrees>30.522686004638672</LatitudeDegrees>
                            <LongitudeDegrees>104.06084442138672</LongitudeDegrees>
                        </Position>
                        <AltitudeMeters>414.6099853515625</AltitudeMeters>
                    </Trackpoint>
                    <Trackpoint>
                        <DistanceMeters>1733.8601932525635</DistanceMeters>
                        <Time>2022-01-03T11:34:51.883Z</Time>
                        <Position>
                            <LatitudeDegrees>30.52267837524414</LatitudeDegrees>
                            <LongitudeDegrees>104.0608901977539</LongitudeDegrees>
                        </Position>
                        <AltitudeMeters>414.675048828125</AltitudeMeters>
                    </Trackpoint>
                    <Trackpoint>
                        <DistanceMeters>1733.8601932525635</DistanceMeters>
                        <Time>2022-01-03T11:34:53.880Z</Time>
                        <Position>
                            <LatitudeDegrees>30.522674560546875</LatitudeDegrees>
                            <LongitudeDegrees>104.0609130859375</LongitudeDegrees>
                        </Position>
                        <AltitudeMeters>414.3764343261719</AltitudeMeters>
                    </Trackpoint>
                    <Trackpoint>
                        <DistanceMeters>1733.8601932525635</DistanceMeters>
                        <Time>2022-01-03T11:34:55.880Z</Time>
                        <Position>
                            <LatitudeDegrees>30.522659301757812</LatitudeDegrees>
                            <LongitudeDegrees>104.06097412109375</LongitudeDegrees>
                        </Position>
                        <AltitudeMeters>414.4505615234375</AltitudeMeters>
                    </Trackpoint>
                    <Trackpoint>
                        <DistanceMeters>1733.8601932525635</DistanceMeters>
                        <Time>2022-01-03T11:34:57.882Z</Time>
                        <Position>
                            <LatitudeDegrees>30.52263641357422</LatitudeDegrees>
                            <LongitudeDegrees>104.06099700927734</LongitudeDegrees>
                        </Position>
                        <AltitudeMeters>414.2404479980469</AltitudeMeters>
                    </Trackpoint>
                    <Trackpoint>
                        <DistanceMeters>1733.8601932525635</DistanceMeters>
                        <Time>2022-01-03T11:34:59.881Z</Time>
                        <Position>
                            <LatitudeDegrees>30.5225887298584</LatitudeDegrees>
                            <LongitudeDegrees>104.06102752685547</LongitudeDegrees>
                        </Position>
                        <AltitudeMeters>413.8236083984375</AltitudeMeters>
                    </Trackpoint>
                    <Trackpoint>
                        <DistanceMeters>1802.5946598052979</DistanceMeters>
                        <Time>2022-01-03T11:35:01.884Z</Time>
                        <Position>
                            <LatitudeDegrees>30.522520065307617</LatitudeDegrees>
                            <LongitudeDegrees>104.06105041503906</LongitudeDegrees>
                        </Position>
                        <AltitudeMeters>414.2702941894531</AltitudeMeters>
                    </Trackpoint>
                    <Trackpoint>
                        <DistanceMeters>1802.5946598052979</DistanceMeters>
                        <Time>2022-01-03T11:35:03.880Z</Time>
                        <Position>
                            <LatitudeDegrees>30.522483825683594</LatitudeDegrees>
                            <LongitudeDegrees>104.06107330322266</LongitudeDegrees>
                        </Position>
                        <AltitudeMeters>414.2702941894531</AltitudeMeters>
                    </Trackpoint>
                    <Trackpoint>
                        <DistanceMeters>1802.5946598052979</DistanceMeters>
                        <Time>2022-01-03T11:35:04.870Z</Time>
                        <Position>
                            <LatitudeDegrees>30.5224609375</LatitudeDegrees>
                            <LongitudeDegrees>104.06108856201172</LongitudeDegrees>
                        </Position>
                        <AltitudeMeters>414.2702941894531</AltitudeMeters>
                    </Trackpoint>
                    <Trackpoint>
                        <DistanceMeters>1802.5946598052979</DistanceMeters>
                        <Time>2022-01-03T11:35:05.878Z</Time>
                        <Position>
                            <LatitudeDegrees>30.522438049316406</LatitudeDegrees>
                            <LongitudeDegrees>104.06111145019531</LongitudeDegrees>
                        </Position>
                        <AltitudeMeters>414.2702941894531</AltitudeMeters>
                    </Trackpoint>
                    <Trackpoint>
                        <DistanceMeters>1802.5946598052979</DistanceMeters>
                        <Time>2022-01-03T11:35:07.885Z</Time>
                        <Position>
                            <LatitudeDegrees>30.522397994995117</LatitudeDegrees>
                            <LongitudeDegrees>104.06112670898438</LongitudeDegrees>
                        </Position>
                        <AltitudeMeters>414.4228210449219</AltitudeMeters>
                    </Trackpoint>
                    <Trackpoint>
                        <DistanceMeters>1802.5946598052979</DistanceMeters>
                        <Time>2022-01-03T11:35:09.880Z</Time>
                        <Position>
                            <LatitudeDegrees>30.522350311279297</LatitudeDegrees>
                            <LongitudeDegrees>104.06111907958984</LongitudeDegrees>
                        </Position>
                        <AltitudeMeters>414.5321350097656</AltitudeMeters>
                    </Trackpoint>
                    <Trackpoint>
                        <DistanceMeters>1802.5946598052979</DistanceMeters>
                        <Time>2022-01-03T11:35:11.878Z</Time>
                        <Position>
                            <LatitudeDegrees>30.522319793701172</LatitudeDegrees>
                            <LongitudeDegrees>104.06110382080078</LongitudeDegrees>
                        </Position>
                        <AltitudeMeters>414.4894714355469</AltitudeMeters>
                    </Trackpoint>
                    <Trackpoint>
                        <DistanceMeters>1802.5946598052979</DistanceMeters>
                        <Time>2022-01-03T11:35:13.880Z</Time>
                        <Position>
                            <LatitudeDegrees>30.522289276123047</LatitudeDegrees>
                            <LongitudeDegrees>104.06108093261719</LongitudeDegrees>
                        </Position>
                        <AltitudeMeters>414.4894714355469</AltitudeMeters>
                    </Trackpoint>
                    <Trackpoint>
                        <DistanceMeters>1802.5946598052979</DistanceMeters>
                        <Time>2022-01-03T11:35:15.881Z</Time>
                        <Position>
                            <LatitudeDegrees>30.52227020263672</LatitudeDegrees>
                            <LongitudeDegrees>104.06108093261719</LongitudeDegrees>
                        </Position>
                        <AltitudeMeters>414.4894714355469</AltitudeMeters>
                    </Trackpoint>
                    <Trackpoint>
                        <DistanceMeters>1802.5946598052979</DistanceMeters>
                        <Time>2022-01-03T11:35:16.194Z</Time>
                        <Position>
                            <LatitudeDegrees>30.522266387939453</LatitudeDegrees>
                            <LongitudeDegrees>104.06109619140625</LongitudeDegrees>
                        </Position>
                        <AltitudeMeters>414.31671142578125</AltitudeMeters>
                    </Trackpoint>
                    <Trackpoint>
                        <DistanceMeters>1802.5946598052979</DistanceMeters>
                        <Time>2022-01-03T11:35:17.879Z</Time>
                        <Position>
                            <LatitudeDegrees>30.52225685119629</LatitudeDegrees>
                            <LongitudeDegrees>104.06109619140625</LongitudeDegrees>
                        </Position>
                        <AltitudeMeters>414.29644775390625</AltitudeMeters>
                    </Trackpoint>
                    <Trackpoint>
                        <DistanceMeters>1802.5946598052979</DistanceMeters>
                        <Time>2022-01-03T11:35:19.880Z</Time>
                        <Position>
                            <LatitudeDegrees>30.522249221801758</LatitudeDegrees>
                            <LongitudeDegrees>104.06111907958984</LongitudeDegrees>
                        </Position>
                        <AltitudeMeters>414.33697509765625</AltitudeMeters>
                    </Trackpoint>
                    <Trackpoint>
                        <DistanceMeters>1802.5946598052979</DistanceMeters>
                        <Time>2022-01-03T11:35:21.879Z</Time>
                        <Position>
                            <LatitudeDegrees>30.52222442626953</LatitudeDegrees>
                            <LongitudeDegrees>104.06114959716797</LongitudeDegrees>
                        </Position>
                        <AltitudeMeters>414.31671142578125</AltitudeMeters>
                    </Trackpoint>
                    <Trackpoint>
                        <DistanceMeters>1802.5946598052979</DistanceMeters>
                        <Time>2022-01-03T11:35:23.881Z</Time>
                        <Position>
                            <LatitudeDegrees>30.52219581604004</LatitudeDegrees>
                            <LongitudeDegrees>104.06117248535156</LongitudeDegrees>
                        </Position>
                        <AltitudeMeters>414.4521484375</AltitudeMeters>
                    </Trackpoint>
                    <Trackpoint>
                        <DistanceMeters>1802.5946598052979</DistanceMeters>
                        <Time>2022-01-03T11:35:25.878Z</Time>
                        <Position>
                            <LatitudeDegrees>30.52215576171875</LatitudeDegrees>
                            <LongitudeDegrees>104.06120300292969</LongitudeDegrees>
                        </Position>
                        <AltitudeMeters>414.4521484375</AltitudeMeters>
                    </Trackpoint>
                    <Trackpoint>
                        <DistanceMeters>1802.5946598052979</DistanceMeters>
                        <Time>2022-01-03T11:35:27.881Z</Time>
                        <Position>
                            <LatitudeDegrees>30.522117614746094</LatitudeDegrees>
                            <LongitudeDegrees>104.06124877929688</LongitudeDegrees>
                        </Position>
                        <AltitudeMeters>414.39080810546875</AltitudeMeters>
                    </Trackpoint>
                    <Trackpoint>
                        <DistanceMeters>1802.5946598052979</DistanceMeters>
                        <Time>2022-01-03T11:35:29.884Z</Time>
                        <Position>
                            <LatitudeDegrees>30.522083282470703</LatitudeDegrees>
                            <LongitudeDegrees>104.06129455566406</LongitudeDegrees>
                        </Position>
                        <AltitudeMeters>418.2078857421875</AltitudeMeters>
                    </Trackpoint>
                    <Trackpoint>
                        <DistanceMeters>1870.7238483428955</DistanceMeters>
                        <Time>2022-01-03T11:35:31.881Z</Time>
                        <Position>
                            <LatitudeDegrees>30.522056579589844</LatitudeDegrees>
                            <LongitudeDegrees>104.06132507324219</LongitudeDegrees>
                        </Position>
                        <AltitudeMeters>418.2078857421875</AltitudeMeters>
                    </Trackpoint>
                    <Trackpoint>
                        <DistanceMeters>1870.7238483428955</DistanceMeters>
                        <Time>2022-01-03T11:35:33.879Z</Time>
                        <Position>
                            <LatitudeDegrees>30.52202606201172</LatitudeDegrees>
                            <LongitudeDegrees>104.06134796142578</LongitudeDegrees>
                        </Position>
                        <AltitudeMeters>418.2334899902344</AltitudeMeters>
                    </Trackpoint>
                    <Trackpoint>
                        <DistanceMeters>1870.7238483428955</DistanceMeters>
                        <Time>2022-01-03T11:35:35.880Z</Time>
                        <Position>
                            <LatitudeDegrees>30.52198028564453</LatitudeDegrees>
                            <LongitudeDegrees>104.06139373779297</LongitudeDegrees>
                        </Position>
                        <AltitudeMeters>414.61212158203125</AltitudeMeters>
                    </Trackpoint>
                    <Trackpoint>
                        <DistanceMeters>1870.7238483428955</DistanceMeters>
                        <Time>2022-01-03T11:35:37.879Z</Time>
                        <Position>
                            <LatitudeDegrees>30.521944046020508</LatitudeDegrees>
                            <LongitudeDegrees>104.0614013671875</LongitudeDegrees>
                        </Position>
                        <AltitudeMeters>418.0824890136719</AltitudeMeters>
                    </Trackpoint>
                    <Trackpoint>
                        <DistanceMeters>1870.7238483428955</DistanceMeters>
                        <Time>2022-01-03T11:35:38.882Z</Time>
                        <Position>
                            <LatitudeDegrees>30.521913528442383</LatitudeDegrees>
                            <LongitudeDegrees>104.06140899658203</LongitudeDegrees>
                        </Position>
                        <AltitudeMeters>417.9433288574219</AltitudeMeters>
                    </Trackpoint>
                    <Trackpoint>
                        <DistanceMeters>1870.7238483428955</DistanceMeters>
                        <Time>2022-01-03T11:35:39.879Z</Time>
                        <Position>
                            <LatitudeDegrees>30.521883010864258</LatitudeDegrees>
                            <LongitudeDegrees>104.06141662597656</LongitudeDegrees>
                        </Position>
                        <AltitudeMeters>417.911865234375</AltitudeMeters>
                    </Trackpoint>
                    <Trackpoint>
                        <DistanceMeters>1870.7238483428955</DistanceMeters>
                        <Time>2022-01-03T11:35:41.882Z</Time>
                        <Position>
                            <LatitudeDegrees>30.521841049194336</LatitudeDegrees>
                            <LongitudeDegrees>104.06143188476562</LongitudeDegrees>
                        </Position>
                        <AltitudeMeters>418.1929626464844</AltitudeMeters>
                    </Trackpoint>
                    <Trackpoint>
                        <DistanceMeters>1870.7238483428955</DistanceMeters>
                        <Time>2022-01-03T11:35:43.881Z</Time>
                        <Position>
                            <LatitudeDegrees>30.521799087524414</LatitudeDegrees>
                            <LongitudeDegrees>104.06144714355469</LongitudeDegrees>
                        </Position>
                        <AltitudeMeters>418.0059814453125</AltitudeMeters>
                    </Trackpoint>
                    <Trackpoint>
                        <DistanceMeters>1870.7238483428955</DistanceMeters>
                        <Time>2022-01-03T11:35:44.536Z</Time>
                        <Position>
                            <LatitudeDegrees>30.521774291992188</LatitudeDegrees>
                            <LongitudeDegrees>104.06145477294922</LongitudeDegrees>
                        </Position>
                        <AltitudeMeters>418.29766845703125</AltitudeMeters>
                    </Trackpoint>
                    <Trackpoint>
                        <DistanceMeters>1870.7238483428955</DistanceMeters>
                        <Time>2022-01-03T11:35:45.880Z</Time>
                        <Position>
                            <LatitudeDegrees>30.521751403808594</LatitudeDegrees>
                            <LongitudeDegrees>104.06146240234375</LongitudeDegrees>
                        </Position>
                        <AltitudeMeters>418.29766845703125</AltitudeMeters>
                    </Trackpoint>
                    <Trackpoint>
                        <DistanceMeters>1870.7238483428955</DistanceMeters>
                        <Time>2022-01-03T11:35:47.882Z</Time>
                        <Position>
                            <LatitudeDegrees>30.521717071533203</LatitudeDegrees>
                            <LongitudeDegrees>104.06147766113281</LongitudeDegrees>
                        </Position>
                        <AltitudeMeters>418.29766845703125</AltitudeMeters>
                    </Trackpoint>
                    <Trackpoint>
                        <DistanceMeters>1870.7238483428955</DistanceMeters>
                        <Time>2022-01-03T11:35:49.883Z</Time>
                        <Position>
                            <LatitudeDegrees>30.52170181274414</LatitudeDegrees>
                            <LongitudeDegrees>104.06148529052734</LongitudeDegrees>
                        </Position>
                        <AltitudeMeters>418.27740478515625</AltitudeMeters>
                    </Trackpoint>
                    <Trackpoint>
                        <DistanceMeters>1870.7238483428955</DistanceMeters>
                        <Time>2022-01-03T11:35:50.184Z</Time>
                        <Position>
                            <LatitudeDegrees>30.521690368652344</LatitudeDegrees>
                            <LongitudeDegrees>104.06148529052734</LongitudeDegrees>
                        </Position>
                        <AltitudeMeters>418.4571228027344</AltitudeMeters>
                    </Trackpoint>
                    <Trackpoint>
                        <DistanceMeters>1870.7238483428955</DistanceMeters>
                        <Time>2022-01-03T11:35:51.881Z</Time>
                        <Position>
                            <LatitudeDegrees>30.521677017211914</LatitudeDegrees>
                            <LongitudeDegrees>104.0615005493164</LongitudeDegrees>
                        </Position>
                        <AltitudeMeters>418.5445861816406</AltitudeMeters>
                    </Trackpoint>
                    <Trackpoint>
                        <DistanceMeters>1870.7238483428955</DistanceMeters>
                        <Time>2022-01-03T11:35:53.883Z</Time>
                        <Position>
                            <LatitudeDegrees>30.52164649963379</LatitudeDegrees>
                            <LongitudeDegrees>104.06153869628906</LongitudeDegrees>
                        </Position>
                        <AltitudeMeters>418.5445861816406</AltitudeMeters>
                    </Trackpoint>
                    <Trackpoint>
                        <DistanceMeters>1870.7238483428955</DistanceMeters>
                        <Time>2022-01-03T11:35:55.881Z</Time>
                        <Position>
                            <LatitudeDegrees>30.521621704101562</LatitudeDegrees>
                            <LongitudeDegrees>104.06156158447266</LongitudeDegrees>
                        </Position>
                        <AltitudeMeters>418.29766845703125</AltitudeMeters>
                    </Trackpoint>
                    <Trackpoint>
                        <DistanceMeters>1870.7238483428955</DistanceMeters>
                        <Time>2022-01-03T11:35:57.881Z</Time>
                        <Position>
                            <LatitudeDegrees>30.5216007232666</LatitudeDegrees>
                            <LongitudeDegrees>104.06159210205078</LongitudeDegrees>
                        </Position>
                        <AltitudeMeters>418.5669860839844</AltitudeMeters>
                    </Trackpoint>
                    <Trackpoint>
                        <DistanceMeters>1870.7238483428955</DistanceMeters>
                        <Time>2022-01-03T11:35:59.885Z</Time>
                        <Position>
                            <LatitudeDegrees>30.52158546447754</LatitudeDegrees>
                            <LongitudeDegrees>104.0616455078125</LongitudeDegrees>
                        </Position>
                        <AltitudeMeters>418.5909729003906</AltitudeMeters>
                    </Trackpoint>
                    <Trackpoint>
                        <DistanceMeters>1932.5966091156006</DistanceMeters>
                        <Time>2022-01-03T11:36:01.879Z</Time>
                        <Position>
                            <LatitudeDegrees>30.52157974243164</LatitudeDegrees>
                            <LongitudeDegrees>104.06170654296875</LongitudeDegrees>
                        </Position>
                        <AltitudeMeters>418.57232666015625</AltitudeMeters>
                    </Trackpoint>
                    <Trackpoint>
                        <DistanceMeters>1932.5966091156006</DistanceMeters>
                        <Time>2022-01-03T11:36:03.881Z</Time>
                        <Position>
                            <LatitudeDegrees>30.521564483642578</LatitudeDegrees>
                            <LongitudeDegrees>104.06172180175781</LongitudeDegrees>
                        </Position>
                        <AltitudeMeters>418.68218994140625</AltitudeMeters>
                    </Trackpoint>
                    <Trackpoint>
                        <DistanceMeters>1932.5966091156006</DistanceMeters>
                        <Time>2022-01-03T11:36:05.882Z</Time>
                        <Position>
                            <LatitudeDegrees>30.521530151367188</LatitudeDegrees>
                            <LongitudeDegrees>104.06172943115234</LongitudeDegrees>
                        </Position>
                        <AltitudeMeters>418.68218994140625</AltitudeMeters>
                    </Trackpoint>
                    <Trackpoint>
                        <DistanceMeters>1932.5966091156006</DistanceMeters>
                        <Time>2022-01-03T11:36:07.880Z</Time>
                        <Position>
                            <LatitudeDegrees>30.521507263183594</LatitudeDegrees>
                            <LongitudeDegrees>104.06172180175781</LongitudeDegrees>
                        </Position>
                        <AltitudeMeters>419.0997619628906</AltitudeMeters>
                    </Trackpoint>
                    <Trackpoint>
                        <DistanceMeters>1932.5966091156006</DistanceMeters>
                        <Time>2022-01-03T11:36:09.882Z</Time>
                        <Position>
                            <LatitudeDegrees>30.521493911743164</LatitudeDegrees>
                            <LongitudeDegrees>104.0617446899414</LongitudeDegrees>
                        </Position>
                        <AltitudeMeters>418.9659118652344</AltitudeMeters>
                    </Trackpoint>
                    <Trackpoint>
                        <DistanceMeters>1932.5966091156006</DistanceMeters>
                        <Time>2022-01-03T11:36:11.881Z</Time>
                        <Position>
                            <LatitudeDegrees>30.521480560302734</LatitudeDegrees>
                            <LongitudeDegrees>104.0617904663086</LongitudeDegrees>
                        </Position>
                        <AltitudeMeters>418.9456481933594</AltitudeMeters>
                    </Trackpoint>
                    <Trackpoint>
                        <DistanceMeters>1932.5966091156006</DistanceMeters>
                        <Time>2022-01-03T11:36:12.904Z</Time>
                        <Position>
                            <LatitudeDegrees>30.521472930908203</LatitudeDegrees>
                            <LongitudeDegrees>104.06182098388672</LongitudeDegrees>
                        </Position>
                        <AltitudeMeters>418.90509033203125</AltitudeMeters>
                    </Trackpoint>
                    <Trackpoint>
                        <DistanceMeters>1932.5966091156006</DistanceMeters>
                        <Time>2022-01-03T11:36:13.880Z</Time>
                        <Position>
                            <LatitudeDegrees>30.521465301513672</LatitudeDegrees>
                            <LongitudeDegrees>104.06184387207031</LongitudeDegrees>
                        </Position>
                        <AltitudeMeters>418.9029541015625</AltitudeMeters>
                    </Trackpoint>
                    <Trackpoint>
                        <DistanceMeters>1932.5966091156006</DistanceMeters>
                        <Time>2022-01-03T11:36:15.881Z</Time>
                        <Position>
                            <LatitudeDegrees>30.52144432067871</LatitudeDegrees>
                            <LongitudeDegrees>104.0618667602539</LongitudeDegrees>
                        </Position>
                        <AltitudeMeters>418.95684814453125</AltitudeMeters>
                    </Trackpoint>
                    <Trackpoint>
                        <DistanceMeters>1932.5966091156006</DistanceMeters>
                        <Time>2022-01-03T11:36:17.880Z</Time>
                        <Position>
                            <LatitudeDegrees>30.521413803100586</LatitudeDegrees>
                            <LongitudeDegrees>104.06190490722656</LongitudeDegrees>
                        </Position>
                        <AltitudeMeters>419.0107116699219</AltitudeMeters>
                    </Trackpoint>
                    <Trackpoint>
                        <DistanceMeters>1932.5966091156006</DistanceMeters>
                        <Time>2022-01-03T11:36:19.883Z</Time>
                        <Position>
                            <LatitudeDegrees>30.521377563476562</LatitudeDegrees>
                            <LongitudeDegrees>104.06188201904297</LongitudeDegrees>
                        </Position>
                        <AltitudeMeters>418.6986999511719</AltitudeMeters>
                    </Trackpoint>
                    <Trackpoint>
                        <DistanceMeters>1932.5966091156006</DistanceMeters>
                        <Time>2022-01-03T11:36:21.880Z</Time>
                        <Position>
                            <LatitudeDegrees>30.521326065063477</LatitudeDegrees>
                            <LongitudeDegrees>104.06182098388672</LongitudeDegrees>
                        </Position>
                        <AltitudeMeters>418.7664489746094</AltitudeMeters>
                    </Trackpoint>
                    <Trackpoint>
                        <DistanceMeters>1932.5966091156006</DistanceMeters>
                        <Time>2022-01-03T11:36:23.883Z</Time>
                        <Position>
                            <LatitudeDegrees>30.521284103393555</LatitudeDegrees>
                            <LongitudeDegrees>104.06179809570312</LongitudeDegrees>
                        </Position>
                        <AltitudeMeters>418.7451171875</AltitudeMeters>
                    </Trackpoint>
                    <Trackpoint>
                        <DistanceMeters>1932.5966091156006</DistanceMeters>
                        <Time>2022-01-03T11:36:24.285Z</Time>
                        <Position>
                            <LatitudeDegrees>30.521270751953125</LatitudeDegrees>
                            <LongitudeDegrees>104.0617904663086</LongitudeDegrees>
                        </Position>
                        <AltitudeMeters>418.8490905761719</AltitudeMeters>
                    </Trackpoint>
                    <Trackpoint>
                        <DistanceMeters>1932.5966091156006</DistanceMeters>
                        <Time>2022-01-03T11:36:25.878Z</Time>
                        <Position>
                            <LatitudeDegrees>30.521282196044922</LatitudeDegrees>
                            <LongitudeDegrees>104.06178283691406</LongitudeDegrees>
                        </Position>
                        <AltitudeMeters>418.8453674316406</AltitudeMeters>
                    </Trackpoint>
                    <Trackpoint>
                        <DistanceMeters>1932.5966091156006</DistanceMeters>
                        <Time>2022-01-03T11:36:27.885Z</Time>
                        <Position>
                            <LatitudeDegrees>30.52130126953125</LatitudeDegrees>
                            <LongitudeDegrees>104.061767578125</LongitudeDegrees>
                        </Position>
                        <AltitudeMeters>418.80804443359375</AltitudeMeters>
                    </Trackpoint>
                    <Trackpoint>
                        <DistanceMeters>1932.5966091156006</DistanceMeters>
                        <Time>2022-01-03T11:36:29.885Z</Time>
                        <Position>
                            <LatitudeDegrees>30.521316528320312</LatitudeDegrees>
                            <LongitudeDegrees>104.0617446899414</LongitudeDegrees>
                        </Position>
                        <AltitudeMeters>418.80804443359375</AltitudeMeters>
                    </Trackpoint>
                    <Trackpoint>
                        <DistanceMeters>1975.6886005401611</DistanceMeters>
                        <Time>2022-01-03T11:36:37.883Z</Time>
                        <Position>
                            <LatitudeDegrees>30.52132225036621</LatitudeDegrees>
                            <LongitudeDegrees>104.06175994873047</LongitudeDegrees>
                        </Position>
                        <AltitudeMeters>430.0</AltitudeMeters>
                    </Trackpoint>
                    <Trackpoint>
                        <DistanceMeters>1975.6886005401611</DistanceMeters>
                        <Time>2022-01-03T11:36:43.884Z</Time>
                        <Position>
                            <LatitudeDegrees>30.521310806274414</LatitudeDegrees>
                            <LongitudeDegrees>104.06177520751953</LongitudeDegrees>
                        </Position>
                        <AltitudeMeters>418.5248718261719</AltitudeMeters>
                    </Trackpoint>
                    <Trackpoint>
                        <DistanceMeters>1975.6886005401611</DistanceMeters>
                        <Time>2022-01-03T11:36:45.883Z</Time>
                        <Position>
                            <LatitudeDegrees>30.521286010742188</LatitudeDegrees>
                            <LongitudeDegrees>104.0617904663086</LongitudeDegrees>
                        </Position>
                        <AltitudeMeters>418.5248718261719</AltitudeMeters>
                    </Trackpoint>
                    <Trackpoint>
                        <DistanceMeters>1975.6886005401611</DistanceMeters>
                        <Time>2022-01-03T11:36:46.908Z</Time>
                        <Position>
                            <LatitudeDegrees>30.52126121520996</LatitudeDegrees>
                            <LongitudeDegrees>104.06179809570312</LongitudeDegrees>
                        </Position>
                        <AltitudeMeters>418.8293762207031</AltitudeMeters>
                    </Trackpoint>
                    <Trackpoint>
                        <DistanceMeters>1975.6886005401611</DistanceMeters>
                        <Time>2022-01-03T11:36:47.880Z</Time>
                        <Position>
                            <LatitudeDegrees>30.521251678466797</LatitudeDegrees>
                            <LongitudeDegrees>104.06178283691406</LongitudeDegrees>
                        </Position>
                        <AltitudeMeters>418.8293762207031</AltitudeMeters>
                    </Trackpoint>
                    <Trackpoint>
                        <DistanceMeters>1975.6886005401611</DistanceMeters>
                        <Time>2022-01-03T11:36:49.887Z</Time>
                        <Position>
                            <LatitudeDegrees>30.521236419677734</LatitudeDegrees>
                            <LongitudeDegrees>104.06172180175781</LongitudeDegrees>
                        </Position>
                        <AltitudeMeters>418.8901672363281</AltitudeMeters>
                    </Trackpoint>
                    <Trackpoint>
                        <DistanceMeters>1975.6886005401611</DistanceMeters>
                        <Time>2022-01-03T11:36:51.882Z</Time>
                        <Position>
                            <LatitudeDegrees>30.521242141723633</LatitudeDegrees>
                            <LongitudeDegrees>104.06166076660156</LongitudeDegrees>
                        </Position>
                        <AltitudeMeters>430.0</AltitudeMeters>
                    </Trackpoint>
                    <Trackpoint>
                        <DistanceMeters>1975.6886005401611</DistanceMeters>
                        <Time>2022-01-03T11:36:52.568Z</Time>
                        <Position>
                            <LatitudeDegrees>30.52125358581543</LatitudeDegrees>
                            <LongitudeDegrees>104.06163024902344</LongitudeDegrees>
                        </Position>
                        <AltitudeMeters>430.0</AltitudeMeters>
                    </Trackpoint>
                    <Trackpoint>
                        <DistanceMeters>1975.6886005401611</DistanceMeters>
                        <Time>2022-01-03T11:36:53.881Z</Time>
                        <Position>
                            <LatitudeDegrees>30.52126693725586</LatitudeDegrees>
                            <LongitudeDegrees>104.06161499023438</LongitudeDegrees>
                        </Position>
                        <AltitudeMeters>430.0</AltitudeMeters>
                    </Trackpoint>
                    <Trackpoint>
                        <DistanceMeters>1975.6886005401611</DistanceMeters>
                        <Time>2022-01-03T11:36:55.884Z</Time>
                        <Position>
                            <LatitudeDegrees>30.521299362182617</LatitudeDegrees>
                            <LongitudeDegrees>104.06158447265625</LongitudeDegrees>
                        </Position>
                        <AltitudeMeters>430.0</AltitudeMeters>
                    </Trackpoint>
                    <Trackpoint>
                        <DistanceMeters>1975.6886005401611</DistanceMeters>
                        <Time>2022-01-03T11:36:57.883Z</Time>
                        <Position>
                            <LatitudeDegrees>30.52130699157715</LatitudeDegrees>
                            <LongitudeDegrees>104.06153869628906</LongitudeDegrees>
                        </Position>
                        <AltitudeMeters>430.0</AltitudeMeters>
                    </Trackpoint>
                    <Trackpoint>
                        <DistanceMeters>1975.6886005401611</DistanceMeters>
                        <Time>2022-01-03T11:36:58.285Z</Time>
                        <Position>
                            <LatitudeDegrees>30.521297454833984</LatitudeDegrees>
                            <LongitudeDegrees>104.06150817871094</LongitudeDegrees>
                        </Position>
                        <AltitudeMeters>430.0</AltitudeMeters>
                    </Trackpoint>
                    <Trackpoint>
                        <DistanceMeters>1975.6886005401611</DistanceMeters>
                        <Time>2022-01-03T11:36:59.882Z</Time>
                        <Position>
                            <LatitudeDegrees>30.521289825439453</LatitudeDegrees>
                            <LongitudeDegrees>104.06148529052734</LongitudeDegrees>
                        </Position>
                        <AltitudeMeters>430.0</AltitudeMeters>
                    </Trackpoint>
                    <Trackpoint>
                        <DistanceMeters>2050.0162830352783</DistanceMeters>
                        <Time>2022-01-03T11:37:01.884Z</Time>
                        <Position>
                            <LatitudeDegrees>30.521249771118164</LatitudeDegrees>
                            <LongitudeDegrees>104.0614242553711</LongitudeDegrees>
                        </Position>
                        <AltitudeMeters>430.0</AltitudeMeters>
                    </Trackpoint>
                    <Trackpoint>
                        <DistanceMeters>2050.0162830352783</DistanceMeters>
                        <Time>2022-01-03T11:37:03.879Z</Time>
                        <Position>
                            <LatitudeDegrees>30.521209716796875</LatitudeDegrees>
                            <LongitudeDegrees>104.06139373779297</LongitudeDegrees>
                        </Position>
                        <AltitudeMeters>428.8999938964844</AltitudeMeters>
                    </Trackpoint>
                    <Trackpoint>
                        <DistanceMeters>2050.0162830352783</DistanceMeters>
                        <Time>2022-01-03T11:37:05.880Z</Time>
                        <Position>
                            <LatitudeDegrees>30.52117156982422</LatitudeDegrees>
                            <LongitudeDegrees>104.06136322021484</LongitudeDegrees>
                        </Position>
                        <AltitudeMeters>428.8999938964844</AltitudeMeters>
                    </Trackpoint>
                    <Trackpoint>
                        <DistanceMeters>2050.0162830352783</DistanceMeters>
                        <Time>2022-01-03T11:37:07.882Z</Time>
                        <Position>
                            <LatitudeDegrees>30.521160125732422</LatitudeDegrees>
                            <LongitudeDegrees>104.06130981445312</LongitudeDegrees>
                        </Position>
                        <AltitudeMeters>428.8999938964844</AltitudeMeters>
                    </Trackpoint>
                    <Trackpoint>
                        <DistanceMeters>2050.0162830352783</DistanceMeters>
                        <Time>2022-01-03T11:37:09.880Z</Time>
                        <Position>
                            <LatitudeDegrees>30.521156311035156</LatitudeDegrees>
                            <LongitudeDegrees>104.06126403808594</LongitudeDegrees>
                        </Position>
                        <AltitudeMeters>417.7052307128906</AltitudeMeters>
                    </Trackpoint>
                    <Trackpoint>
                        <DistanceMeters>2050.0162830352783</DistanceMeters>
                        <Time>2022-01-03T11:37:11.881Z</Time>
                        <Position>
                            <LatitudeDegrees>30.52114486694336</LatitudeDegrees>
                            <LongitudeDegrees>104.06122589111328</LongitudeDegrees>
                        </Position>
                        <AltitudeMeters>430.0</AltitudeMeters>
                    </Trackpoint>
                    <Trackpoint>
                        <DistanceMeters>2050.0162830352783</DistanceMeters>
                        <Time>2022-01-03T11:37:13.881Z</Time>
                        <Position>
                            <LatitudeDegrees>30.52112579345703</LatitudeDegrees>
                            <LongitudeDegrees>104.06118774414062</LongitudeDegrees>
                        </Position>
                        <AltitudeMeters>430.0</AltitudeMeters>
                    </Trackpoint>
                    <Trackpoint>
                        <DistanceMeters>2050.0162830352783</DistanceMeters>
                        <Time>2022-01-03T11:37:15.880Z</Time>
                        <Position>
                            <LatitudeDegrees>30.521089553833008</LatitudeDegrees>
                            <LongitudeDegrees>104.06114196777344</LongitudeDegrees>
                        </Position>
                        <AltitudeMeters>430.0</AltitudeMeters>
                    </Trackpoint>
                    <Trackpoint>
                        <DistanceMeters>2050.0162830352783</DistanceMeters>
                        <Time>2022-01-03T11:37:17.884Z</Time>
                        <Position>
                            <LatitudeDegrees>30.521059036254883</LatitudeDegrees>
                            <LongitudeDegrees>104.06111907958984</LongitudeDegrees>
                        </Position>
                        <AltitudeMeters>430.0</AltitudeMeters>
                    </Trackpoint>
                    <Trackpoint>
                        <DistanceMeters>2050.0162830352783</DistanceMeters>
                        <Time>2022-01-03T11:37:19.880Z</Time>
                        <Position>
                            <LatitudeDegrees>30.521015167236328</LatitudeDegrees>
                            <LongitudeDegrees>104.06108856201172</LongitudeDegrees>
                        </Position>
                        <AltitudeMeters>430.0</AltitudeMeters>
                    </Trackpoint>
                    <Trackpoint>
                        <DistanceMeters>2050.0162830352783</DistanceMeters>
                        <Time>2022-01-03T11:37:20.961Z</Time>
                        <Position>
                            <LatitudeDegrees>30.52098846435547</LatitudeDegrees>
                            <LongitudeDegrees>104.06108093261719</LongitudeDegrees>
                        </Position>
                        <AltitudeMeters>430.0</AltitudeMeters>
                    </Trackpoint>
                    <Trackpoint>
                        <DistanceMeters>2050.0162830352783</DistanceMeters>
                        <Time>2022-01-03T11:37:21.881Z</Time>
                        <Position>
                            <LatitudeDegrees>30.520957946777344</LatitudeDegrees>
                            <LongitudeDegrees>104.06108093261719</LongitudeDegrees>
                        </Position>
                        <AltitudeMeters>430.0</AltitudeMeters>
                    </Trackpoint>
                    <Trackpoint>
                        <DistanceMeters>2050.0162830352783</DistanceMeters>
                        <Time>2022-01-03T11:37:23.881Z</Time>
                        <Position>
                            <LatitudeDegrees>30.52092933654785</LatitudeDegrees>
                            <LongitudeDegrees>104.06108093261719</LongitudeDegrees>
                        </Position>
                        <AltitudeMeters>430.0</AltitudeMeters>
                    </Trackpoint>
                    <Trackpoint>
                        <DistanceMeters>2050.0162830352783</DistanceMeters>
                        <Time>2022-01-03T11:37:25.881Z</Time>
                        <Position>
                            <LatitudeDegrees>30.52092933654785</LatitudeDegrees>
                            <LongitudeDegrees>104.06102752685547</LongitudeDegrees>
                        </Position>
                        <AltitudeMeters>430.0</AltitudeMeters>
                    </Trackpoint>
                    <Trackpoint>
                        <DistanceMeters>2050.0162830352783</DistanceMeters>
                        <Time>2022-01-03T11:37:26.658Z</Time>
                        <Position>
                            <LatitudeDegrees>30.52094078063965</LatitudeDegrees>
                            <LongitudeDegrees>104.06099700927734</LongitudeDegrees>
                        </Position>
                        <AltitudeMeters>428.8999938964844</AltitudeMeters>
                    </Trackpoint>
                    <Trackpoint>
                        <DistanceMeters>2050.0162830352783</DistanceMeters>
                        <Time>2022-01-03T11:37:27.884Z</Time>
                        <Position>
                            <LatitudeDegrees>30.52094078063965</LatitudeDegrees>
                            <LongitudeDegrees>104.06096649169922</LongitudeDegrees>
                        </Position>
                        <AltitudeMeters>428.8999938964844</AltitudeMeters>
                    </Trackpoint>
                    <Trackpoint>
                        <DistanceMeters>2050.0162830352783</DistanceMeters>
                        <Time>2022-01-03T11:37:29.884Z</Time>
                        <Position>
                            <LatitudeDegrees>30.520936965942383</LatitudeDegrees>
                            <LongitudeDegrees>104.06094360351562</LongitudeDegrees>
                        </Position>
                        <AltitudeMeters>428.8999938964844</AltitudeMeters>
                    </Trackpoint>
                    <Trackpoint>
                        <DistanceMeters>2116.426378250122</DistanceMeters>
                        <Time>2022-01-03T11:37:31.886Z</Time>
                        <Position>
                            <LatitudeDegrees>30.520912170410156</LatitudeDegrees>
                            <LongitudeDegrees>104.06092071533203</LongitudeDegrees>
                        </Position>
                        <AltitudeMeters>428.8999938964844</AltitudeMeters>
                    </Trackpoint>
                    <Trackpoint>
                        <DistanceMeters>2116.426378250122</DistanceMeters>
                        <Time>2022-01-03T11:37:32.324Z</Time>
                        <Position>
                            <LatitudeDegrees>30.520896911621094</LatitudeDegrees>
                            <LongitudeDegrees>104.0609130859375</LongitudeDegrees>
                        </Position>
                        <AltitudeMeters>428.8999938964844</AltitudeMeters>
                    </Trackpoint>
                    <Trackpoint>
                        <DistanceMeters>2116.426378250122</DistanceMeters>
                        <Time>2022-01-03T11:37:33.884Z</Time>
                        <Position>
                            <LatitudeDegrees>30.520872116088867</LatitudeDegrees>
                            <LongitudeDegrees>104.06089782714844</LongitudeDegrees>
                        </Position>
                        <AltitudeMeters>431.79998779296875</AltitudeMeters>
                    </Trackpoint>
                    <Trackpoint>
                        <DistanceMeters>2116.426378250122</DistanceMeters>
                        <Time>2022-01-03T11:37:35.885Z</Time>
                        <Position>
                            <LatitudeDegrees>30.52086067199707</LatitudeDegrees>
                            <LongitudeDegrees>104.06087493896484</LongitudeDegrees>
                        </Position>
                        <AltitudeMeters>431.79998779296875</AltitudeMeters>
                    </Trackpoint>
                    <Trackpoint>
                        <DistanceMeters>2116.426378250122</DistanceMeters>
                        <Time>2022-01-03T11:37:37.885Z</Time>
                        <Position>
                            <LatitudeDegrees>30.520845413208008</LatitudeDegrees>
                            <LongitudeDegrees>104.06085205078125</LongitudeDegrees>
                        </Position>
                        <AltitudeMeters>430.0</AltitudeMeters>
                    </Trackpoint>
                    <Trackpoint>
                        <DistanceMeters>2116.426378250122</DistanceMeters>
                        <Time>2022-01-03T11:37:39.883Z</Time>
                        <Position>
                            <LatitudeDegrees>30.520828247070312</LatitudeDegrees>
                            <LongitudeDegrees>104.06084442138672</LongitudeDegrees>
                        </Position>
                        <AltitudeMeters>430.0</AltitudeMeters>
                    </Trackpoint>
                    <Trackpoint>
                        <DistanceMeters>2116.426378250122</DistanceMeters>
                        <Time>2022-01-03T11:37:41.883Z</Time>
                        <Position>
                            <LatitudeDegrees>30.520816802978516</LatitudeDegrees>
                            <LongitudeDegrees>104.060791015625</LongitudeDegrees>
                        </Position>
                        <AltitudeMeters>430.0</AltitudeMeters>
                    </Trackpoint>
                    <Trackpoint>
                        <DistanceMeters>2116.426378250122</DistanceMeters>
                        <Time>2022-01-03T11:37:43.884Z</Time>
                        <Position>
                            <LatitudeDegrees>30.520811080932617</LatitudeDegrees>
                            <LongitudeDegrees>104.06072235107422</LongitudeDegrees>
                        </Position>
                        <AltitudeMeters>430.0</AltitudeMeters>
                    </Trackpoint>
                    <Trackpoint>
                        <DistanceMeters>2116.426378250122</DistanceMeters>
                        <Time>2022-01-03T11:37:45.882Z</Time>
                        <Position>
                            <LatitudeDegrees>30.520797729492188</LatitudeDegrees>
                            <LongitudeDegrees>104.06063842773438</LongitudeDegrees>
                        </Position>
                        <AltitudeMeters>430.0501403808594</AltitudeMeters>
                    </Trackpoint>
                    <Trackpoint>
                        <DistanceMeters>2116.426378250122</DistanceMeters>
                        <Time>2022-01-03T11:37:47.885Z</Time>
                        <Position>
                            <LatitudeDegrees>30.52080535888672</LatitudeDegrees>
                            <LongitudeDegrees>104.06058502197266</LongitudeDegrees>
                        </Position>
                        <AltitudeMeters>429.95892333984375</AltitudeMeters>
                    </Trackpoint>
                    <Trackpoint>
                        <DistanceMeters>2116.426378250122</DistanceMeters>
                        <Time>2022-01-03T11:37:49.883Z</Time>
                        <Position>
                            <LatitudeDegrees>30.52079963684082</LatitudeDegrees>
                            <LongitudeDegrees>104.0605239868164</LongitudeDegrees>
                        </Position>
                        <AltitudeMeters>431.79998779296875</AltitudeMeters>
                    </Trackpoint>
                    <Trackpoint>
                        <DistanceMeters>2116.426378250122</DistanceMeters>
                        <Time>2022-01-03T11:37:51.884Z</Time>
                        <Position>
                            <LatitudeDegrees>30.52078628540039</LatitudeDegrees>
                            <LongitudeDegrees>104.06047821044922</LongitudeDegrees>
                        </Position>
                        <AltitudeMeters>431.79998779296875</AltitudeMeters>
                    </Trackpoint>
                    <Trackpoint>
                        <DistanceMeters>2116.426378250122</DistanceMeters>
                        <Time>2022-01-03T11:37:53.882Z</Time>
                        <Position>
                            <LatitudeDegrees>30.520761489868164</LatitudeDegrees>
                            <LongitudeDegrees>104.06046295166016</LongitudeDegrees>
                        </Position>
                        <AltitudeMeters>431.79998779296875</AltitudeMeters>
                    </Trackpoint>
                    <Trackpoint>
                        <DistanceMeters>2116.426378250122</DistanceMeters>
                        <Time>2022-01-03T11:37:55.882Z</Time>
                        <Position>
                            <LatitudeDegrees>30.52073097229004</LatitudeDegrees>
                            <LongitudeDegrees>104.06048583984375</LongitudeDegrees>
                        </Position>
                        <AltitudeMeters>431.79998779296875</AltitudeMeters>
                    </Trackpoint>
                    <Trackpoint>
                        <DistanceMeters>2116.426378250122</DistanceMeters>
                        <Time>2022-01-03T11:37:57.882Z</Time>
                        <Position>
                            <LatitudeDegrees>30.520708084106445</LatitudeDegrees>
                            <LongitudeDegrees>104.06049346923828</LongitudeDegrees>
                        </Position>
                        <AltitudeMeters>431.79998779296875</AltitudeMeters>
                    </Trackpoint>
                    <Trackpoint>
                        <DistanceMeters>2116.426378250122</DistanceMeters>
                        <Time>2022-01-03T11:37:59.881Z</Time>
                        <Position>
                            <LatitudeDegrees>30.520668029785156</LatitudeDegrees>
                            <LongitudeDegrees>104.06051635742188</LongitudeDegrees>
                        </Position>
                        <AltitudeMeters>431.79998779296875</AltitudeMeters>
                    </Trackpoint>
                    <Trackpoint>
                        <DistanceMeters>2181.9418201446533</DistanceMeters>
                        <Time>2022-01-03T11:38:00.794Z</Time>
                        <Position>
                            <LatitudeDegrees>30.520641326904297</LatitudeDegrees>
                            <LongitudeDegrees>104.06053924560547</LongitudeDegrees>
                        </Position>
                        <AltitudeMeters>431.1000061035156</AltitudeMeters>
                    </Trackpoint>
                    <Trackpoint>
                        <DistanceMeters>2181.9418201446533</DistanceMeters>
                        <Time>2022-01-03T11:38:01.882Z</Time>
                        <Position>
                            <LatitudeDegrees>30.520618438720703</LatitudeDegrees>
                            <LongitudeDegrees>104.060546875</LongitudeDegrees>
                        </Position>
                        <AltitudeMeters>431.1000061035156</AltitudeMeters>
                    </Trackpoint>
                    <Trackpoint>
                        <DistanceMeters>2181.9418201446533</DistanceMeters>
                        <Time>2022-01-03T11:38:03.881Z</Time>
                        <Position>
                            <LatitudeDegrees>30.52059555053711</LatitudeDegrees>
                            <LongitudeDegrees>104.06053924560547</LongitudeDegrees>
                        </Position>
                        <AltitudeMeters>431.1000061035156</AltitudeMeters>
                    </Trackpoint>
                    <Trackpoint>
                        <DistanceMeters>2181.9418201446533</DistanceMeters>
                        <Time>2022-01-03T11:38:05.880Z</Time>
                        <Position>
                            <LatitudeDegrees>30.520565032958984</LatitudeDegrees>
                            <LongitudeDegrees>104.06053161621094</LongitudeDegrees>
                        </Position>
                        <AltitudeMeters>431.1000061035156</AltitudeMeters>
                    </Trackpoint>
                    <Trackpoint>
                        <DistanceMeters>2181.9418201446533</DistanceMeters>
                        <Time>2022-01-03T11:38:06.423Z</Time>
                        <Position>
                            <LatitudeDegrees>30.52054786682129</LatitudeDegrees>
                            <LongitudeDegrees>104.06053161621094</LongitudeDegrees>
                        </Position>
                        <AltitudeMeters>431.1000061035156</AltitudeMeters>
                    </Trackpoint>
                    <Trackpoint>
                        <DistanceMeters>2181.9418201446533</DistanceMeters>
                        <Time>2022-01-03T11:38:07.882Z</Time>
                        <Position>
                            <LatitudeDegrees>30.520523071289062</LatitudeDegrees>
                            <LongitudeDegrees>104.06053161621094</LongitudeDegrees>
                        </Position>
                        <AltitudeMeters>431.1000061035156</AltitudeMeters>
                    </Trackpoint>
                    <Trackpoint>
                        <DistanceMeters>2181.9418201446533</DistanceMeters>
                        <Time>2022-01-03T11:38:09.885Z</Time>
                        <Position>
                            <LatitudeDegrees>30.5205020904541</LatitudeDegrees>
                            <LongitudeDegrees>104.06053161621094</LongitudeDegrees>
                        </Position>
                        <AltitudeMeters>431.1000061035156</AltitudeMeters>
                    </Trackpoint>
                    <Trackpoint>
                        <DistanceMeters>2181.9418201446533</DistanceMeters>
                        <Time>2022-01-03T11:38:11.881Z</Time>
                        <Position>
                            <LatitudeDegrees>30.520469665527344</LatitudeDegrees>
                            <LongitudeDegrees>104.0605239868164</LongitudeDegrees>
                        </Position>
                        <AltitudeMeters>431.1000061035156</AltitudeMeters>
                    </Trackpoint>
                    <Trackpoint>
                        <DistanceMeters>2181.9418201446533</DistanceMeters>
                        <Time>2022-01-03T11:38:12.157Z</Time>
                        <Position>
                            <LatitudeDegrees>30.520456314086914</LatitudeDegrees>
                            <LongitudeDegrees>104.0605239868164</LongitudeDegrees>
                        </Position>
                        <AltitudeMeters>431.79998779296875</AltitudeMeters>
                    </Trackpoint>
                    <Trackpoint>
                        <DistanceMeters>2181.9418201446533</DistanceMeters>
                        <Time>2022-01-03T11:38:13.879Z</Time>
                        <Position>
                            <LatitudeDegrees>30.520423889160156</LatitudeDegrees>
                            <LongitudeDegrees>104.06053161621094</LongitudeDegrees>
                        </Position>
                        <AltitudeMeters>431.79998779296875</AltitudeMeters>
                    </Trackpoint>
                    <Trackpoint>
                        <DistanceMeters>2181.9418201446533</DistanceMeters>
                        <Time>2022-01-03T11:38:15.880Z</Time>
                        <Position>
                            <LatitudeDegrees>30.520397186279297</LatitudeDegrees>
                            <LongitudeDegrees>104.06053924560547</LongitudeDegrees>
                        </Position>
                        <AltitudeMeters>431.79998779296875</AltitudeMeters>
                    </Trackpoint>
                    <Trackpoint>
                        <DistanceMeters>2181.9418201446533</DistanceMeters>
                        <Time>2022-01-03T11:38:17.878Z</Time>
                        <Position>
                            <LatitudeDegrees>30.520355224609375</LatitudeDegrees>
                            <LongitudeDegrees>104.060546875</LongitudeDegrees>
                        </Position>
                        <AltitudeMeters>431.79998779296875</AltitudeMeters>
                    </Trackpoint>
                    <Trackpoint>
                        <DistanceMeters>2181.9418201446533</DistanceMeters>
                        <Time>2022-01-03T11:38:19.881Z</Time>
                        <Position>
                            <LatitudeDegrees>30.520299911499023</LatitudeDegrees>
                            <LongitudeDegrees>104.06055450439453</LongitudeDegrees>
                        </Position>
                        <AltitudeMeters>431.79998779296875</AltitudeMeters>
                    </Trackpoint>
                    <Trackpoint>
                        <DistanceMeters>2181.9418201446533</DistanceMeters>
                        <Time>2022-01-03T11:38:21.879Z</Time>
                        <Position>
                            <LatitudeDegrees>30.520254135131836</LatitudeDegrees>
                            <LongitudeDegrees>104.06056213378906</LongitudeDegrees>
                        </Position>
                        <AltitudeMeters>431.79998779296875</AltitudeMeters>
                    </Trackpoint>
                    <Trackpoint>
                        <DistanceMeters>2181.9418201446533</DistanceMeters>
                        <Time>2022-01-03T11:38:23.882Z</Time>
                        <Position>
                            <LatitudeDegrees>30.520212173461914</LatitudeDegrees>
                            <LongitudeDegrees>104.06056213378906</LongitudeDegrees>
                        </Position>
                        <AltitudeMeters>431.79998779296875</AltitudeMeters>
                    </Trackpoint>
                    <Trackpoint>
                        <DistanceMeters>2181.9418201446533</DistanceMeters>
                        <Time>2022-01-03T11:38:25.881Z</Time>
                        <Position>
                            <LatitudeDegrees>30.520179748535156</LatitudeDegrees>
                            <LongitudeDegrees>104.06053161621094</LongitudeDegrees>
                        </Position>
                        <AltitudeMeters>431.1000061035156</AltitudeMeters>
                    </Trackpoint>
                    <Trackpoint>
                        <DistanceMeters>2181.9418201446533</DistanceMeters>
                        <Time>2022-01-03T11:38:27.883Z</Time>
                        <Position>
                            <LatitudeDegrees>30.520153045654297</LatitudeDegrees>
                            <LongitudeDegrees>104.06050872802734</LongitudeDegrees>
                        </Position>
                        <AltitudeMeters>431.1000061035156</AltitudeMeters>
                    </Trackpoint>
                    <Trackpoint>
                        <DistanceMeters>2181.9418201446533</DistanceMeters>
                        <Time>2022-01-03T11:38:29.882Z</Time>
                        <Position>
                            <LatitudeDegrees>30.52010726928711</LatitudeDegrees>
                            <LongitudeDegrees>104.06050109863281</LongitudeDegrees>
                        </Position>
                        <AltitudeMeters>431.1000061035156</AltitudeMeters>
                    </Trackpoint>
                    <Trackpoint>
                        <DistanceMeters>2238.6612300872803</DistanceMeters>
                        <Time>2022-01-03T11:38:31.884Z</Time>
                        <Position>
                            <LatitudeDegrees>30.520065307617188</LatitudeDegrees>
                            <LongitudeDegrees>104.06050872802734</LongitudeDegrees>
                        </Position>
                        <AltitudeMeters>431.1000061035156</AltitudeMeters>
                    </Trackpoint>
                    <Trackpoint>
                        <DistanceMeters>2238.6612300872803</DistanceMeters>
                        <Time>2022-01-03T11:38:33.884Z</Time>
                        <Position>
                            <LatitudeDegrees>30.5200252532959</LatitudeDegrees>
                            <LongitudeDegrees>104.06053161621094</LongitudeDegrees>
                        </Position>
                        <AltitudeMeters>431.1000061035156</AltitudeMeters>
                    </Trackpoint>
                    <Trackpoint>
                        <DistanceMeters>2238.6612300872803</DistanceMeters>
                        <Time>2022-01-03T11:38:35.884Z</Time>
                        <Position>
                            <LatitudeDegrees>30.51998519897461</LatitudeDegrees>
                            <LongitudeDegrees>104.06053161621094</LongitudeDegrees>
                        </Position>
                        <AltitudeMeters>431.1000061035156</AltitudeMeters>
                    </Trackpoint>
                    <Trackpoint>
                        <DistanceMeters>2238.6612300872803</DistanceMeters>
                        <Time>2022-01-03T11:38:37.881Z</Time>
                        <Position>
                            <LatitudeDegrees>30.519943237304688</LatitudeDegrees>
                            <LongitudeDegrees>104.06049346923828</LongitudeDegrees>
                        </Position>
                        <AltitudeMeters>431.79998779296875</AltitudeMeters>
                    </Trackpoint>
                    <Trackpoint>
                        <DistanceMeters>2238.6612300872803</DistanceMeters>
                        <Time>2022-01-03T11:38:39.885Z</Time>
                        <Position>
                            <LatitudeDegrees>30.519927978515625</LatitudeDegrees>
                            <LongitudeDegrees>104.06047058105469</LongitudeDegrees>
                        </Position>
                        <AltitudeMeters>431.79998779296875</AltitudeMeters>
                    </Trackpoint>
                    <Trackpoint>
                        <DistanceMeters>2238.6612300872803</DistanceMeters>
                        <Time>2022-01-03T11:38:40.590Z</Time>
                        <Position>
                            <LatitudeDegrees>30.519920349121094</LatitudeDegrees>
                            <LongitudeDegrees>104.06045532226562</LongitudeDegrees>
                        </Position>
                        <AltitudeMeters>431.79998779296875</AltitudeMeters>
                    </Trackpoint>
                    <Trackpoint>
                        <DistanceMeters>2238.6612300872803</DistanceMeters>
                        <Time>2022-01-03T11:38:41.882Z</Time>
                        <Position>
                            <LatitudeDegrees>30.519914627075195</LatitudeDegrees>
                            <LongitudeDegrees>104.06044006347656</LongitudeDegrees>
                        </Position>
                        <AltitudeMeters>431.79998779296875</AltitudeMeters>
                    </Trackpoint>
                    <Trackpoint>
                        <DistanceMeters>2238.6612300872803</DistanceMeters>
                        <Time>2022-01-03T11:38:43.886Z</Time>
                        <Position>
                            <LatitudeDegrees>30.519908905029297</LatitudeDegrees>
                            <LongitudeDegrees>104.06040954589844</LongitudeDegrees>
                        </Position>
                        <AltitudeMeters>431.79998779296875</AltitudeMeters>
                    </Trackpoint>
                    <Trackpoint>
                        <DistanceMeters>2238.6612300872803</DistanceMeters>
                        <Time>2022-01-03T11:38:45.881Z</Time>
                        <Position>
                            <LatitudeDegrees>30.51988983154297</LatitudeDegrees>
                            <LongitudeDegrees>104.06035614013672</LongitudeDegrees>
                        </Position>
                        <AltitudeMeters>431.79998779296875</AltitudeMeters>
                    </Trackpoint>
                    <Trackpoint>
                        <DistanceMeters>2238.6612300872803</DistanceMeters>
                        <Time>2022-01-03T11:38:47.881Z</Time>
                        <Position>
                            <LatitudeDegrees>30.51987075805664</LatitudeDegrees>
                            <LongitudeDegrees>104.06031799316406</LongitudeDegrees>
                        </Position>
                        <AltitudeMeters>431.79998779296875</AltitudeMeters>
                    </Trackpoint>
                    <Trackpoint>
                        <DistanceMeters>2238.6612300872803</DistanceMeters>
                        <Time>2022-01-03T11:38:49.885Z</Time>
                        <Position>
                            <LatitudeDegrees>30.51984405517578</LatitudeDegrees>
                            <LongitudeDegrees>104.06027221679688</LongitudeDegrees>
                        </Position>
                        <AltitudeMeters>431.79998779296875</AltitudeMeters>
                    </Trackpoint>
                    <Trackpoint>
                        <DistanceMeters>2238.6612300872803</DistanceMeters>
                        <Time>2022-01-03T11:38:51.882Z</Time>
                        <Position>
                            <LatitudeDegrees>30.51983642578125</LatitudeDegrees>
                            <LongitudeDegrees>104.06026458740234</LongitudeDegrees>
                        </Position>
                        <AltitudeMeters>431.79998779296875</AltitudeMeters>
                    </Trackpoint>
                    <Trackpoint>
                        <DistanceMeters>2238.6612300872803</DistanceMeters>
                        <Time>2022-01-03T11:38:53.879Z</Time>
                        <Position>
                            <LatitudeDegrees>30.519821166992188</LatitudeDegrees>
                            <LongitudeDegrees>104.06025695800781</LongitudeDegrees>
                        </Position>
                        <AltitudeMeters>431.1000061035156</AltitudeMeters>
                    </Trackpoint>
                    <Trackpoint>
                        <DistanceMeters>2238.6612300872803</DistanceMeters>
                        <Time>2022-01-03T11:38:55.879Z</Time>
                        <Position>
                            <LatitudeDegrees>30.519805908203125</LatitudeDegrees>
                            <LongitudeDegrees>104.06024932861328</LongitudeDegrees>
                        </Position>
                        <AltitudeMeters>431.1000061035156</AltitudeMeters>
                    </Trackpoint>
                    <Trackpoint>
                        <DistanceMeters>2238.6612300872803</DistanceMeters>
                        <Time>2022-01-03T11:38:57.880Z</Time>
                        <Position>
                            <LatitudeDegrees>30.519773483276367</LatitudeDegrees>
                            <LongitudeDegrees>104.06025695800781</LongitudeDegrees>
                        </Position>
                        <AltitudeMeters>431.1000061035156</AltitudeMeters>
                    </Trackpoint>
                    <Trackpoint>
                        <DistanceMeters>2238.6612300872803</DistanceMeters>
                        <Time>2022-01-03T11:38:59.882Z</Time>
                        <Position>
                            <LatitudeDegrees>30.519739151000977</LatitudeDegrees>
                            <LongitudeDegrees>104.06027221679688</LongitudeDegrees>
                        </Position>
                        <AltitudeMeters>431.1000061035156</AltitudeMeters>
                    </Trackpoint>
                    <Trackpoint>
                        <DistanceMeters>2300.2215061187744</DistanceMeters>
                        <Time>2022-01-03T11:39:01.881Z</Time>
                        <Position>
                            <LatitudeDegrees>30.51971435546875</LatitudeDegrees>
                            <LongitudeDegrees>104.06031036376953</LongitudeDegrees>
                        </Position>
                        <AltitudeMeters>431.1000061035156</AltitudeMeters>
                    </Trackpoint>
                    <Trackpoint>
                        <DistanceMeters>2300.2215061187744</DistanceMeters>
                        <Time>2022-01-03T11:39:03.882Z</Time>
                        <Position>
                            <LatitudeDegrees>30.519699096679688</LatitudeDegrees>
                            <LongitudeDegrees>104.06033325195312</LongitudeDegrees>
                        </Position>
                        <AltitudeMeters>431.1000061035156</AltitudeMeters>
                    </Trackpoint>
                    <Trackpoint>
                        <DistanceMeters>2300.2215061187744</DistanceMeters>
                        <Time>2022-01-03T11:39:05.881Z</Time>
                        <Position>
                            <LatitudeDegrees>30.51970672607422</LatitudeDegrees>
                            <LongitudeDegrees>104.06031036376953</LongitudeDegrees>
                        </Position>
                        <AltitudeMeters>431.1264343261719</AltitudeMeters>
                    </Trackpoint>
                    <Trackpoint>
                        <DistanceMeters>2300.2215061187744</DistanceMeters>
                        <Time>2022-01-03T11:39:07.881Z</Time>
                        <Position>
                            <LatitudeDegrees>30.51973533630371</LatitudeDegrees>
                            <LongitudeDegrees>104.06027221679688</LongitudeDegrees>
                        </Position>
                        <AltitudeMeters>431.15789794921875</AltitudeMeters>
                    </Trackpoint>
                    <Trackpoint>
                        <DistanceMeters>2300.2215061187744</DistanceMeters>
                        <Time>2022-01-03T11:39:09.885Z</Time>
                        <Position>
                            <LatitudeDegrees>30.51975440979004</LatitudeDegrees>
                            <LongitudeDegrees>104.06024932861328</LongitudeDegrees>
                        </Position>
                        <AltitudeMeters>431.025634765625</AltitudeMeters>
                    </Trackpoint>
                    <Trackpoint>
                        <DistanceMeters>2300.2215061187744</DistanceMeters>
                        <Time>2022-01-03T11:39:11.878Z</Time>
                        <Position>
                            <LatitudeDegrees>30.519765853881836</LatitudeDegrees>
                            <LongitudeDegrees>104.06021881103516</LongitudeDegrees>
                        </Position>
                        <AltitudeMeters>419.947265625</AltitudeMeters>
                    </Trackpoint>
                    <Trackpoint>
                        <DistanceMeters>2300.2215061187744</DistanceMeters>
                        <Time>2022-01-03T11:39:13.884Z</Time>
                        <Position>
                            <LatitudeDegrees>30.519752502441406</LatitudeDegrees>
                            <LongitudeDegrees>104.06018829345703</LongitudeDegrees>
                        </Position>
                        <AltitudeMeters>419.94940185546875</AltitudeMeters>
                    </Trackpoint>
                    <Trackpoint>
                        <DistanceMeters>2300.2215061187744</DistanceMeters>
                        <Time>2022-01-03T11:39:15.890Z</Time>
                        <Position>
                            <LatitudeDegrees>30.51972007751465</LatitudeDegrees>
                            <LongitudeDegrees>104.06016540527344</LongitudeDegrees>
                        </Position>
                        <AltitudeMeters>419.7803039550781</AltitudeMeters>
                    </Trackpoint>
                    <Trackpoint>
                        <DistanceMeters>2300.2215061187744</DistanceMeters>
                        <Time>2022-01-03T11:39:17.900Z</Time>
                        <Position>
                            <LatitudeDegrees>30.51966667175293</LatitudeDegrees>
                            <LongitudeDegrees>104.0601577758789</LongitudeDegrees>
                        </Position>
                        <AltitudeMeters>430.60906982421875</AltitudeMeters>
                    </Trackpoint>
                    <Trackpoint>
                        <DistanceMeters>2300.2215061187744</DistanceMeters>
                        <Time>2022-01-03T11:39:19.884Z</Time>
                        <Position>
                            <LatitudeDegrees>30.519622802734375</LatitudeDegrees>
                            <LongitudeDegrees>104.06014251708984</LongitudeDegrees>
                        </Position>
                        <AltitudeMeters>420.66949462890625</AltitudeMeters>
                    </Trackpoint>
                    <Trackpoint>
                        <DistanceMeters>2300.2215061187744</DistanceMeters>
                        <Time>2022-01-03T11:39:21.900Z</Time>
                        <Position>
                            <LatitudeDegrees>30.519590377807617</LatitudeDegrees>
                            <LongitudeDegrees>104.06011962890625</LongitudeDegrees>
                        </Position>
                        <AltitudeMeters>430.85546875</AltitudeMeters>
                    </Trackpoint>
                    <Trackpoint>
                        <DistanceMeters>2300.2215061187744</DistanceMeters>
                        <Time>2022-01-03T11:39:23.887Z</Time>
                        <Position>
                            <LatitudeDegrees>30.519563674926758</LatitudeDegrees>
                            <LongitudeDegrees>104.06008911132812</LongitudeDegrees>
                        </Position>
                        <AltitudeMeters>430.71466064453125</AltitudeMeters>
                    </Trackpoint>
                    <Trackpoint>
                        <DistanceMeters>2300.2215061187744</DistanceMeters>
                        <Time>2022-01-03T11:39:25.889Z</Time>
                        <Position>
                            <LatitudeDegrees>30.5195369720459</LatitudeDegrees>
                            <LongitudeDegrees>104.06006622314453</LongitudeDegrees>
                        </Position>
                        <AltitudeMeters>430.70880126953125</AltitudeMeters>
                    </Trackpoint>
                    <Trackpoint>
                        <DistanceMeters>2300.2215061187744</DistanceMeters>
                        <Time>2022-01-03T11:39:27.881Z</Time>
                        <Position>
                            <LatitudeDegrees>30.519502639770508</LatitudeDegrees>
                            <LongitudeDegrees>104.06004333496094</LongitudeDegrees>
                        </Position>
                        <AltitudeMeters>430.61065673828125</AltitudeMeters>
                    </Trackpoint>
                    <Trackpoint>
                        <DistanceMeters>2300.2215061187744</DistanceMeters>
                        <Time>2022-01-03T11:39:29.881Z</Time>
                        <Position>
                            <LatitudeDegrees>30.51946258544922</LatitudeDegrees>
                            <LongitudeDegrees>104.06000518798828</LongitudeDegrees>
                        </Position>
                        <AltitudeMeters>431.5293273925781</AltitudeMeters>
                    </Trackpoint>
                    <Trackpoint>
                        <DistanceMeters>2358.9999141693115</DistanceMeters>
                        <Time>2022-01-03T11:39:31.883Z</Time>
                        <Position>
                            <LatitudeDegrees>30.519439697265625</LatitudeDegrees>
                            <LongitudeDegrees>104.05998229980469</LongitudeDegrees>
                        </Position>
                        <AltitudeMeters>430.9290771484375</AltitudeMeters>
                    </Trackpoint>
                    <Trackpoint>
                        <DistanceMeters>2358.9999141693115</DistanceMeters>
                        <Time>2022-01-03T11:39:33.882Z</Time>
                        <Position>
                            <LatitudeDegrees>30.51941680908203</LatitudeDegrees>
                            <LongitudeDegrees>104.0599594116211</LongitudeDegrees>
                        </Position>
                        <AltitudeMeters>431.07257080078125</AltitudeMeters>
                    </Trackpoint>
                    <Trackpoint>
                        <DistanceMeters>2358.9999141693115</DistanceMeters>
                        <Time>2022-01-03T11:39:35.882Z</Time>
                        <Position>
                            <LatitudeDegrees>30.51938819885254</LatitudeDegrees>
                            <LongitudeDegrees>104.0599365234375</LongitudeDegrees>
                        </Position>
                        <AltitudeMeters>430.7365417480469</AltitudeMeters>
                    </Trackpoint>
                    <Trackpoint>
                        <DistanceMeters>2358.9999141693115</DistanceMeters>
                        <Time>2022-01-03T11:39:37.884Z</Time>
                        <Position>
                            <LatitudeDegrees>30.519357681274414</LatitudeDegrees>
                            <LongitudeDegrees>104.05990600585938</LongitudeDegrees>
                        </Position>
                        <AltitudeMeters>430.7104187011719</AltitudeMeters>
                    </Trackpoint>
                    <Trackpoint>
                        <DistanceMeters>2358.9999141693115</DistanceMeters>
                        <Time>2022-01-03T11:39:39.883Z</Time>
                        <Position>
                            <LatitudeDegrees>30.519332885742188</LatitudeDegrees>
                            <LongitudeDegrees>104.05986785888672</LongitudeDegrees>
                        </Position>
                        <AltitudeMeters>430.7082824707031</AltitudeMeters>
                    </Trackpoint>
                    <Trackpoint>
                        <DistanceMeters>2358.9999141693115</DistanceMeters>
                        <Time>2022-01-03T11:39:41.884Z</Time>
                        <Position>
                            <LatitudeDegrees>30.519315719604492</LatitudeDegrees>
                            <LongitudeDegrees>104.05982208251953</LongitudeDegrees>
                        </Position>
                        <AltitudeMeters>430.7082824707031</AltitudeMeters>
                    </Trackpoint>
                    <Trackpoint>
                        <DistanceMeters>2358.9999141693115</DistanceMeters>
                        <Time>2022-01-03T11:39:43.889Z</Time>
                        <Position>
                            <LatitudeDegrees>30.519323348999023</LatitudeDegrees>
                            <LongitudeDegrees>104.05977630615234</LongitudeDegrees>
                        </Position>
                        <AltitudeMeters>419.7563171386719</AltitudeMeters>
                    </Trackpoint>
                    <Trackpoint>
                        <DistanceMeters>2358.9999141693115</DistanceMeters>
                        <Time>2022-01-03T11:39:45.879Z</Time>
                        <Position>
                            <LatitudeDegrees>30.519332885742188</LatitudeDegrees>
                            <LongitudeDegrees>104.05973052978516</LongitudeDegrees>
                        </Position>
                        <AltitudeMeters>419.8992614746094</AltitudeMeters>
                    </Trackpoint>
                    <Trackpoint>
                        <DistanceMeters>2358.9999141693115</DistanceMeters>
                        <Time>2022-01-03T11:39:47.885Z</Time>
                        <Position>
                            <LatitudeDegrees>30.51932716369629</LatitudeDegrees>
                            <LongitudeDegrees>104.05967712402344</LongitudeDegrees>
                        </Position>
                        <AltitudeMeters>432.0</AltitudeMeters>
                    </Trackpoint>
                    <Trackpoint>
                        <DistanceMeters>2358.9999141693115</DistanceMeters>
                        <Time>2022-01-03T11:39:49.881Z</Time>
                        <Position>
                            <LatitudeDegrees>30.519323348999023</LatitudeDegrees>
                            <LongitudeDegrees>104.05964660644531</LongitudeDegrees>
                        </Position>
                        <AltitudeMeters>432.0</AltitudeMeters>
                    </Trackpoint>
                    <Trackpoint>
                        <DistanceMeters>2358.9999141693115</DistanceMeters>
                        <Time>2022-01-03T11:39:50.867Z</Time>
                        <Position>
                            <LatitudeDegrees>30.519325256347656</LatitudeDegrees>
                            <LongitudeDegrees>104.05963134765625</LongitudeDegrees>
                        </Position>
                        <AltitudeMeters>432.0</AltitudeMeters>
                    </Trackpoint>
                    <Trackpoint>
                        <DistanceMeters>2358.9999141693115</DistanceMeters>
                        <Time>2022-01-03T11:39:51.878Z</Time>
                        <Position>
                            <LatitudeDegrees>30.519315719604492</LatitudeDegrees>
                            <LongitudeDegrees>104.05960845947266</LongitudeDegrees>
                        </Position>
                        <AltitudeMeters>432.0</AltitudeMeters>
                    </Trackpoint>
                    <Trackpoint>
                        <DistanceMeters>2358.9999141693115</DistanceMeters>
                        <Time>2022-01-03T11:39:53.887Z</Time>
                        <Position>
                            <LatitudeDegrees>30.519298553466797</LatitudeDegrees>
                            <LongitudeDegrees>104.0595932006836</LongitudeDegrees>
                        </Position>
                        <AltitudeMeters>432.0</AltitudeMeters>
                    </Trackpoint>
                    <Trackpoint>
                        <DistanceMeters>2358.9999141693115</DistanceMeters>
                        <Time>2022-01-03T11:39:55.882Z</Time>
                        <Position>
                            <LatitudeDegrees>30.519269943237305</LatitudeDegrees>
                            <LongitudeDegrees>104.0595703125</LongitudeDegrees>
                        </Position>
                        <AltitudeMeters>432.0</AltitudeMeters>
                    </Trackpoint>
                    <Trackpoint>
                        <DistanceMeters>2358.9999141693115</DistanceMeters>
                        <Time>2022-01-03T11:39:57.881Z</Time>
                        <Position>
                            <LatitudeDegrees>30.519241333007812</LatitudeDegrees>
                            <LongitudeDegrees>104.05956268310547</LongitudeDegrees>
                        </Position>
                        <AltitudeMeters>432.0</AltitudeMeters>
                    </Trackpoint>
                    <Trackpoint>
                        <DistanceMeters>2358.9999141693115</DistanceMeters>
                        <Time>2022-01-03T11:39:59.883Z</Time>
                        <Position>
                            <LatitudeDegrees>30.51921272277832</LatitudeDegrees>
                            <LongitudeDegrees>104.05953979492188</LongitudeDegrees>
                        </Position>
                        <AltitudeMeters>432.0</AltitudeMeters>
                    </Trackpoint>
                    <Trackpoint>
                        <DistanceMeters>2392.643358230591</DistanceMeters>
                        <Time>2022-01-03T11:40:01.880Z</Time>
                        <Position>
                            <LatitudeDegrees>30.519195556640625</LatitudeDegrees>
                            <LongitudeDegrees>104.05952453613281</LongitudeDegrees>
                        </Position>
                        <AltitudeMeters>432.0</AltitudeMeters>
                    </Trackpoint>
                    <Trackpoint>
                        <DistanceMeters>2392.643358230591</DistanceMeters>
                        <Time>2022-01-03T11:40:03.879Z</Time>
                        <Position>
                            <LatitudeDegrees>30.519182205200195</LatitudeDegrees>
                            <LongitudeDegrees>104.05950927734375</LongitudeDegrees>
                        </Position>
                        <AltitudeMeters>432.0</AltitudeMeters>
                    </Trackpoint>
                    <Trackpoint>
                        <DistanceMeters>2392.643358230591</DistanceMeters>
                        <Time>2022-01-03T11:40:05.879Z</Time>
                        <Position>
                            <LatitudeDegrees>30.5191707611084</LatitudeDegrees>
                            <LongitudeDegrees>104.05950164794922</LongitudeDegrees>
                        </Position>
                        <AltitudeMeters>432.0</AltitudeMeters>
                    </Trackpoint>
                    <Trackpoint>
                        <DistanceMeters>2392.643358230591</DistanceMeters>
                        <Time>2022-01-03T11:40:07.883Z</Time>
                        <Position>
                            <LatitudeDegrees>30.519163131713867</LatitudeDegrees>
                            <LongitudeDegrees>104.05948638916016</LongitudeDegrees>
                        </Position>
                        <AltitudeMeters>432.0</AltitudeMeters>
                    </Trackpoint>
                    <Trackpoint>
                        <DistanceMeters>2392.643358230591</DistanceMeters>
                        <Time>2022-01-03T11:40:09.883Z</Time>
                        <Position>
                            <LatitudeDegrees>30.51915168762207</LatitudeDegrees>
                            <LongitudeDegrees>104.0594711303711</LongitudeDegrees>
                        </Position>
                        <AltitudeMeters>432.0</AltitudeMeters>
                    </Trackpoint>
                    <Trackpoint>
                        <DistanceMeters>2392.643358230591</DistanceMeters>
                        <Time>2022-01-03T11:40:11.888Z</Time>
                        <Position>
                            <LatitudeDegrees>30.519134521484375</LatitudeDegrees>
                            <LongitudeDegrees>104.05946350097656</LongitudeDegrees>
                        </Position>
                        <AltitudeMeters>432.0</AltitudeMeters>
                    </Trackpoint>
                    <Trackpoint>
                        <DistanceMeters>2392.643358230591</DistanceMeters>
                        <Time>2022-01-03T11:40:13.881Z</Time>
                        <Position>
                            <LatitudeDegrees>30.519123077392578</LatitudeDegrees>
                            <LongitudeDegrees>104.0594482421875</LongitudeDegrees>
                        </Position>
                        <AltitudeMeters>432.0</AltitudeMeters>
                    </Trackpoint>
                    <Trackpoint>
                        <DistanceMeters>2392.643358230591</DistanceMeters>
                        <Time>2022-01-03T11:40:15.882Z</Time>
                        <Position>
                            <LatitudeDegrees>30.519123077392578</LatitudeDegrees>
                            <LongitudeDegrees>104.0594253540039</LongitudeDegrees>
                        </Position>
                        <AltitudeMeters>432.0</AltitudeMeters>
                    </Trackpoint>
                    <Trackpoint>
                        <DistanceMeters>2392.643358230591</DistanceMeters>
                        <Time>2022-01-03T11:40:17.885Z</Time>
                        <Position>
                            <LatitudeDegrees>30.519121170043945</LatitudeDegrees>
                            <LongitudeDegrees>104.05940246582031</LongitudeDegrees>
                        </Position>
                        <AltitudeMeters>432.0</AltitudeMeters>
                    </Trackpoint>
                    <Trackpoint>
                        <DistanceMeters>2392.643358230591</DistanceMeters>
                        <Time>2022-01-03T11:40:19.882Z</Time>
                        <Position>
                            <LatitudeDegrees>30.519121170043945</LatitudeDegrees>
                            <LongitudeDegrees>104.05937194824219</LongitudeDegrees>
                        </Position>
                        <AltitudeMeters>432.0</AltitudeMeters>
                    </Trackpoint>
                    <Trackpoint>
                        <DistanceMeters>2392.643358230591</DistanceMeters>
                        <Time>2022-01-03T11:40:21.883Z</Time>
                        <Position>
                            <LatitudeDegrees>30.519119262695312</LatitudeDegrees>
                            <LongitudeDegrees>104.0593490600586</LongitudeDegrees>
                        </Position>
                        <AltitudeMeters>432.0</AltitudeMeters>
                    </Trackpoint>
                    <Trackpoint>
                        <DistanceMeters>2392.643358230591</DistanceMeters>
                        <Time>2022-01-03T11:40:23.882Z</Time>
                        <Position>
                            <LatitudeDegrees>30.519113540649414</LatitudeDegrees>
                            <LongitudeDegrees>104.05931854248047</LongitudeDegrees>
                        </Position>
                        <AltitudeMeters>432.0</AltitudeMeters>
                    </Trackpoint>
                    <Trackpoint>
                        <DistanceMeters>2392.643358230591</DistanceMeters>
                        <Time>2022-01-03T11:40:25.882Z</Time>
                        <Position>
                            <LatitudeDegrees>30.519102096557617</LatitudeDegrees>
                            <LongitudeDegrees>104.05929565429688</LongitudeDegrees>
                        </Position>
                        <AltitudeMeters>432.0</AltitudeMeters>
                    </Trackpoint>
                    <Trackpoint>
                        <DistanceMeters>2392.643358230591</DistanceMeters>
                        <Time>2022-01-03T11:40:27.879Z</Time>
                        <Position>
                            <LatitudeDegrees>30.519084930419922</LatitudeDegrees>
                            <LongitudeDegrees>104.05928039550781</LongitudeDegrees>
                        </Position>
                        <AltitudeMeters>432.0</AltitudeMeters>
                    </Trackpoint>
                    <Trackpoint>
                        <DistanceMeters>2392.643358230591</DistanceMeters>
                        <Time>2022-01-03T11:40:29.881Z</Time>
                        <Position>
                            <LatitudeDegrees>30.519071578979492</LatitudeDegrees>
                            <LongitudeDegrees>104.05925750732422</LongitudeDegrees>
                        </Position>
                        <AltitudeMeters>432.0</AltitudeMeters>
                    </Trackpoint>
                    <Trackpoint>
                        <DistanceMeters>2434.568037033081</DistanceMeters>
                        <Time>2022-01-03T11:40:31.884Z</Time>
                        <Position>
                            <LatitudeDegrees>30.51905059814453</LatitudeDegrees>
                            <LongitudeDegrees>104.05924224853516</LongitudeDegrees>
                        </Position>
                        <AltitudeMeters>432.0</AltitudeMeters>
                    </Trackpoint>
                    <Trackpoint>
                        <DistanceMeters>2434.568037033081</DistanceMeters>
                        <Time>2022-01-03T11:40:33.884Z</Time>
                        <Position>
                            <LatitudeDegrees>30.519031524658203</LatitudeDegrees>
                            <LongitudeDegrees>104.0592269897461</LongitudeDegrees>
                        </Position>
                        <AltitudeMeters>432.0</AltitudeMeters>
                    </Trackpoint>
                    <Trackpoint>
                        <DistanceMeters>2434.568037033081</DistanceMeters>
                        <Time>2022-01-03T11:40:35.892Z</Time>
                        <Position>
                            <LatitudeDegrees>30.519020080566406</LatitudeDegrees>
                            <LongitudeDegrees>104.05921173095703</LongitudeDegrees>
                        </Position>
                        <AltitudeMeters>432.0</AltitudeMeters>
                    </Trackpoint>
                    <Trackpoint>
                        <DistanceMeters>2434.568037033081</DistanceMeters>
                        <Time>2022-01-03T11:40:37.880Z</Time>
                        <Position>
                            <LatitudeDegrees>30.519012451171875</LatitudeDegrees>
                            <LongitudeDegrees>104.05918884277344</LongitudeDegrees>
                        </Position>
                        <AltitudeMeters>432.0</AltitudeMeters>
                    </Trackpoint>
                    <Trackpoint>
                        <DistanceMeters>2434.568037033081</DistanceMeters>
                        <Time>2022-01-03T11:40:39.885Z</Time>
                        <Position>
                            <LatitudeDegrees>30.51900863647461</LatitudeDegrees>
                            <LongitudeDegrees>104.05916595458984</LongitudeDegrees>
                        </Position>
                        <AltitudeMeters>432.1000061035156</AltitudeMeters>
                    </Trackpoint>
                    <Trackpoint>
                        <DistanceMeters>2434.568037033081</DistanceMeters>
                        <Time>2022-01-03T11:40:41.331Z</Time>
                        <Position>
                            <LatitudeDegrees>30.519001007080078</LatitudeDegrees>
                            <LongitudeDegrees>104.05915069580078</LongitudeDegrees>
                        </Position>
                        <AltitudeMeters>432.1000061035156</AltitudeMeters>
                    </Trackpoint>
                    <Trackpoint>
                        <DistanceMeters>2434.568037033081</DistanceMeters>
                        <Time>2022-01-03T11:40:43.883Z</Time>
                        <Position>
                            <LatitudeDegrees>30.51898765563965</LatitudeDegrees>
                            <LongitudeDegrees>104.05912017822266</LongitudeDegrees>
                        </Position>
                        <AltitudeMeters>432.1000061035156</AltitudeMeters>
                    </Trackpoint>
                    <Trackpoint>
                        <DistanceMeters>2434.568037033081</DistanceMeters>
                        <Time>2022-01-03T11:40:45.882Z</Time>
                        <Position>
                            <LatitudeDegrees>30.518972396850586</LatitudeDegrees>
                            <LongitudeDegrees>104.05908203125</LongitudeDegrees>
                        </Position>
                        <AltitudeMeters>432.1000061035156</AltitudeMeters>
                    </Trackpoint>
                    <Trackpoint>
                        <DistanceMeters>2434.568037033081</DistanceMeters>
                        <Time>2022-01-03T11:40:47.883Z</Time>
                        <Position>
                            <LatitudeDegrees>30.518966674804688</LatitudeDegrees>
                            <LongitudeDegrees>104.05905151367188</LongitudeDegrees>
                        </Position>
                        <AltitudeMeters>432.1000061035156</AltitudeMeters>
                    </Trackpoint>
                    <Trackpoint>
                        <DistanceMeters>2434.568037033081</DistanceMeters>
                        <Time>2022-01-03T11:40:48.368Z</Time>
                        <Position>
                            <LatitudeDegrees>30.518966674804688</LatitudeDegrees>
                            <LongitudeDegrees>104.05903625488281</LongitudeDegrees>
                        </Position>
                        <AltitudeMeters>432.1000061035156</AltitudeMeters>
                    </Trackpoint>
                    <Trackpoint>
                        <DistanceMeters>2434.568037033081</DistanceMeters>
                        <Time>2022-01-03T11:40:49.455Z</Time>
                        <Position>
                            <LatitudeDegrees>30.51896858215332</LatitudeDegrees>
                            <LongitudeDegrees>104.05902099609375</LongitudeDegrees>
                        </Position>
                        <AltitudeMeters>432.1000061035156</AltitudeMeters>
                    </Trackpoint>
                    <Trackpoint>
                        <DistanceMeters>2434.568037033081</DistanceMeters>
                        <Time>2022-01-03T11:40:50.457Z</Time>
                        <Position>
                            <LatitudeDegrees>30.51897621154785</LatitudeDegrees>
                            <LongitudeDegrees>104.05900573730469</LongitudeDegrees>
                        </Position>
                        <AltitudeMeters>432.1000061035156</AltitudeMeters>
                    </Trackpoint>
                    <Trackpoint>
                        <DistanceMeters>2434.568037033081</DistanceMeters>
                        <Time>2022-01-03T11:40:51.461Z</Time>
                        <Position>
                            <LatitudeDegrees>30.518980026245117</LatitudeDegrees>
                            <LongitudeDegrees>104.05899810791016</LongitudeDegrees>
                        </Position>
                        <AltitudeMeters>432.1000061035156</AltitudeMeters>
                    </Trackpoint>
                    <Trackpoint>
                        <DistanceMeters>2434.568037033081</DistanceMeters>
                        <Time>2022-01-03T11:40:51.885Z</Time>
                        <Position>
                            <LatitudeDegrees>30.51898765563965</LatitudeDegrees>
                            <LongitudeDegrees>104.05897521972656</LongitudeDegrees>
                        </Position>
                        <AltitudeMeters>431.8999938964844</AltitudeMeters>
                    </Trackpoint>
                    <Trackpoint>
                        <DistanceMeters>2434.568037033081</DistanceMeters>
                        <Time>2022-01-03T11:40:52.913Z</Time>
                        <Position>
                            <LatitudeDegrees>30.518997192382812</LatitudeDegrees>
                            <LongitudeDegrees>104.05897521972656</LongitudeDegrees>
                        </Position>
                        <AltitudeMeters>431.8999938964844</AltitudeMeters>
                    </Trackpoint>
                    <Trackpoint>
                        <DistanceMeters>2434.568037033081</DistanceMeters>
                        <Time>2022-01-03T11:40:53.974Z</Time>
                        <Position>
                            <LatitudeDegrees>30.51900291442871</LatitudeDegrees>
                            <LongitudeDegrees>104.0589599609375</LongitudeDegrees>
                        </Position>
                        <AltitudeMeters>431.8999938964844</AltitudeMeters>
                    </Trackpoint>
                    <Trackpoint>
                        <DistanceMeters>2434.568037033081</DistanceMeters>
                        <Time>2022-01-03T11:40:55.535Z</Time>
                        <Position>
                            <LatitudeDegrees>30.51900863647461</LatitudeDegrees>
                            <LongitudeDegrees>104.05894470214844</LongitudeDegrees>
                        </Position>
                        <AltitudeMeters>431.8999938964844</AltitudeMeters>
                    </Trackpoint>
                    <Trackpoint>
                        <DistanceMeters>2434.568037033081</DistanceMeters>
                        <Time>2022-01-03T11:40:56.231Z</Time>
                        <Position>
                            <LatitudeDegrees>30.519012451171875</LatitudeDegrees>
                            <LongitudeDegrees>104.05892944335938</LongitudeDegrees>
                        </Position>
                        <AltitudeMeters>432.29998779296875</AltitudeMeters>
                    </Trackpoint>
                    <Trackpoint>
                        <DistanceMeters>2434.568037033081</DistanceMeters>
                        <Time>2022-01-03T11:40:57.882Z</Time>
                        <Position>
                            <LatitudeDegrees>30.51900863647461</LatitudeDegrees>
                            <LongitudeDegrees>104.05890655517578</LongitudeDegrees>
                        </Position>
                        <AltitudeMeters>432.29998779296875</AltitudeMeters>
                    </Trackpoint>
                    <Trackpoint>
                        <DistanceMeters>2434.568037033081</DistanceMeters>
                        <Time>2022-01-03T11:40:58.575Z</Time>
                        <Position>
                            <LatitudeDegrees>30.519004821777344</LatitudeDegrees>
                            <LongitudeDegrees>104.05889129638672</LongitudeDegrees>
                        </Position>
                        <AltitudeMeters>432.29998779296875</AltitudeMeters>
                    </Trackpoint>
                    <Trackpoint>
                        <DistanceMeters>2434.568037033081</DistanceMeters>
                        <Time>2022-01-03T11:40:59.570Z</Time>
                        <Position>
                            <LatitudeDegrees>30.51900291442871</LatitudeDegrees>
                            <LongitudeDegrees>104.05888366699219</LongitudeDegrees>
                        </Position>
                        <AltitudeMeters>432.29998779296875</AltitudeMeters>
                    </Trackpoint>
                    <Trackpoint>
                        <DistanceMeters>2476.405382156372</DistanceMeters>
                        <Time>2022-01-03T11:41:01.634Z</Time>
                        <Position>
                            <LatitudeDegrees>30.518997192382812</LatitudeDegrees>
                            <LongitudeDegrees>104.05885314941406</LongitudeDegrees>
                        </Position>
                        <AltitudeMeters>432.29998779296875</AltitudeMeters>
                    </Trackpoint>
                    <Trackpoint>
                        <DistanceMeters>2476.405382156372</DistanceMeters>
                        <Time>2022-01-03T11:41:03.630Z</Time>
                        <Position>
                            <LatitudeDegrees>30.51898193359375</LatitudeDegrees>
                            <LongitudeDegrees>104.0588150024414</LongitudeDegrees>
                        </Position>
                        <AltitudeMeters>432.1000061035156</AltitudeMeters>
                    </Trackpoint>
                    <Trackpoint>
                        <DistanceMeters>2476.405382156372</DistanceMeters>
                        <Time>2022-01-03T11:41:05.879Z</Time>
                        <Position>
                            <LatitudeDegrees>30.51896858215332</LatitudeDegrees>
                            <LongitudeDegrees>104.05878448486328</LongitudeDegrees>
                        </Position>
                        <AltitudeMeters>432.1000061035156</AltitudeMeters>
                    </Trackpoint>
                    <Trackpoint>
                        <DistanceMeters>2476.405382156372</DistanceMeters>
                        <Time>2022-01-03T11:41:06.673Z</Time>
                        <Position>
                            <LatitudeDegrees>30.518957138061523</LatitudeDegrees>
                            <LongitudeDegrees>104.05877685546875</LongitudeDegrees>
                        </Position>
                        <AltitudeMeters>432.1000061035156</AltitudeMeters>
                    </Trackpoint>
                    <Trackpoint>
                        <DistanceMeters>2476.405382156372</DistanceMeters>
                        <Time>2022-01-03T11:41:08.651Z</Time>
                        <Position>
                            <LatitudeDegrees>30.518938064575195</LatitudeDegrees>
                            <LongitudeDegrees>104.05876159667969</LongitudeDegrees>
                        </Position>
                        <AltitudeMeters>432.1000061035156</AltitudeMeters>
                    </Trackpoint>
                    <Trackpoint>
                        <DistanceMeters>2476.405382156372</DistanceMeters>
                        <Time>2022-01-03T11:41:09.710Z</Time>
                        <Position>
                            <LatitudeDegrees>30.51892852783203</LatitudeDegrees>
                            <LongitudeDegrees>104.05874633789062</LongitudeDegrees>
                        </Position>
                        <AltitudeMeters>432.1000061035156</AltitudeMeters>
                    </Trackpoint>
                    <Trackpoint>
                        <DistanceMeters>2476.405382156372</DistanceMeters>
                        <Time>2022-01-03T11:41:10.713Z</Time>
                        <Position>
                            <LatitudeDegrees>30.518917083740234</LatitudeDegrees>
                            <LongitudeDegrees>104.0587387084961</LongitudeDegrees>
                        </Position>
                        <AltitudeMeters>432.1000061035156</AltitudeMeters>
                    </Trackpoint>
                    <Trackpoint>
                        <DistanceMeters>2476.405382156372</DistanceMeters>
                        <Time>2022-01-03T11:41:11.757Z</Time>
                        <Position>
                            <LatitudeDegrees>30.518909454345703</LatitudeDegrees>
                            <LongitudeDegrees>104.05873107910156</LongitudeDegrees>
                        </Position>
                        <AltitudeMeters>432.1000061035156</AltitudeMeters>
                    </Trackpoint>
                    <Trackpoint>
                        <DistanceMeters>2476.405382156372</DistanceMeters>
                        <Time>2022-01-03T11:41:14.749Z</Time>
                        <Position>
                            <LatitudeDegrees>30.5189151763916</LatitudeDegrees>
                            <LongitudeDegrees>104.0587158203125</LongitudeDegrees>
                        </Position>
                        <AltitudeMeters>432.1000061035156</AltitudeMeters>
                    </Trackpoint>
                    <Trackpoint>
                        <DistanceMeters>2476.405382156372</DistanceMeters>
                        <Time>2022-01-03T11:41:15.885Z</Time>
                        <Position>
                            <LatitudeDegrees>30.518917083740234</LatitudeDegrees>
                            <LongitudeDegrees>104.05870056152344</LongitudeDegrees>
                        </Position>
                        <AltitudeMeters>432.1000061035156</AltitudeMeters>
                    </Trackpoint>
                    <Trackpoint>
                        <DistanceMeters>2476.405382156372</DistanceMeters>
                        <Time>2022-01-03T11:41:17.232Z</Time>
                        <Position>
                            <LatitudeDegrees>30.518917083740234</LatitudeDegrees>
                            <LongitudeDegrees>104.05868530273438</LongitudeDegrees>
                        </Position>
                        <AltitudeMeters>432.1000061035156</AltitudeMeters>
                    </Trackpoint>
                    <Trackpoint>
                        <DistanceMeters>2476.405382156372</DistanceMeters>
                        <Time>2022-01-03T11:41:18.272Z</Time>
                        <Position>
                            <LatitudeDegrees>30.518917083740234</LatitudeDegrees>
                            <LongitudeDegrees>104.05867004394531</LongitudeDegrees>
                        </Position>
                        <AltitudeMeters>432.1000061035156</AltitudeMeters>
                    </Trackpoint>
                    <Trackpoint>
                        <DistanceMeters>2476.405382156372</DistanceMeters>
                        <Time>2022-01-03T11:41:19.787Z</Time>
                        <Position>
                            <LatitudeDegrees>30.5189208984375</LatitudeDegrees>
                            <LongitudeDegrees>104.05863952636719</LongitudeDegrees>
                        </Position>
                        <AltitudeMeters>432.1000061035156</AltitudeMeters>
                    </Trackpoint>
                    <Trackpoint>
                        <DistanceMeters>2476.405382156372</DistanceMeters>
                        <Time>2022-01-03T11:41:20.893Z</Time>
                        <Position>
                            <LatitudeDegrees>30.5189266204834</LatitudeDegrees>
                            <LongitudeDegrees>104.05862426757812</LongitudeDegrees>
                        </Position>
                        <AltitudeMeters>432.1000061035156</AltitudeMeters>
                    </Trackpoint>
                    <Trackpoint>
                        <DistanceMeters>2476.405382156372</DistanceMeters>
                        <Time>2022-01-03T11:41:21.888Z</Time>
                        <Position>
                            <LatitudeDegrees>30.518930435180664</LatitudeDegrees>
                            <LongitudeDegrees>104.05860900878906</LongitudeDegrees>
                        </Position>
                        <AltitudeMeters>432.1000061035156</AltitudeMeters>
                    </Trackpoint>
                    <Trackpoint>
                        <DistanceMeters>2476.405382156372</DistanceMeters>
                        <Time>2022-01-03T11:41:22.857Z</Time>
                        <Position>
                            <LatitudeDegrees>30.518932342529297</LatitudeDegrees>
                            <LongitudeDegrees>104.05859375</LongitudeDegrees>
                        </Position>
                        <AltitudeMeters>432.1000061035156</AltitudeMeters>
                    </Trackpoint>
                    <Trackpoint>
                        <DistanceMeters>2476.405382156372</DistanceMeters>
                        <Time>2022-01-03T11:41:23.886Z</Time>
                        <Position>
                            <LatitudeDegrees>30.518932342529297</LatitudeDegrees>
                            <LongitudeDegrees>104.05858612060547</LongitudeDegrees>
                        </Position>
                        <AltitudeMeters>432.1000061035156</AltitudeMeters>
                    </Trackpoint>
                    <Trackpoint>
                        <DistanceMeters>2476.405382156372</DistanceMeters>
                        <Time>2022-01-03T11:41:24.891Z</Time>
                        <Position>
                            <LatitudeDegrees>30.51893424987793</LatitudeDegrees>
                            <LongitudeDegrees>104.05856323242188</LongitudeDegrees>
                        </Position>
                        <AltitudeMeters>432.1000061035156</AltitudeMeters>
                    </Trackpoint>
                    <Trackpoint>
                        <DistanceMeters>2476.405382156372</DistanceMeters>
                        <Time>2022-01-03T11:41:25.892Z</Time>
                        <Position>
                            <LatitudeDegrees>30.518936157226562</LatitudeDegrees>
                            <LongitudeDegrees>104.05854797363281</LongitudeDegrees>
                        </Position>
                        <AltitudeMeters>432.1000061035156</AltitudeMeters>
                    </Trackpoint>
                    <Trackpoint>
                        <DistanceMeters>2476.405382156372</DistanceMeters>
                        <Time>2022-01-03T11:41:26.906Z</Time>
                        <Position>
                            <LatitudeDegrees>30.518938064575195</LatitudeDegrees>
                            <LongitudeDegrees>104.05853271484375</LongitudeDegrees>
                        </Position>
                        <AltitudeMeters>432.1000061035156</AltitudeMeters>
                    </Trackpoint>
                    <Trackpoint>
                        <DistanceMeters>2476.405382156372</DistanceMeters>
                        <Time>2022-01-03T11:41:27.884Z</Time>
                        <Position>
                            <LatitudeDegrees>30.518939971923828</LatitudeDegrees>
                            <LongitudeDegrees>104.05852508544922</LongitudeDegrees>
                        </Position>
                        <AltitudeMeters>432.1000061035156</AltitudeMeters>
                    </Trackpoint>
                    <Trackpoint>
                        <DistanceMeters>2476.405382156372</DistanceMeters>
                        <Time>2022-01-03T11:41:28.914Z</Time>
                        <Position>
                            <LatitudeDegrees>30.51894187927246</LatitudeDegrees>
                            <LongitudeDegrees>104.05850982666016</LongitudeDegrees>
                        </Position>
                        <AltitudeMeters>432.1000061035156</AltitudeMeters>
                    </Trackpoint>
                    <Trackpoint>
                        <DistanceMeters>2476.405382156372</DistanceMeters>
                        <Time>2022-01-03T11:41:29.882Z</Time>
                        <Position>
                            <LatitudeDegrees>30.51894187927246</LatitudeDegrees>
                            <LongitudeDegrees>104.0584945678711</LongitudeDegrees>
                        </Position>
                        <AltitudeMeters>432.1000061035156</AltitudeMeters>
                    </Trackpoint>
                    <Trackpoint>
                        <DistanceMeters>2522.6456508636475</DistanceMeters>
                        <Time>2022-01-03T11:41:31.039Z</Time>
                        <Position>
                            <LatitudeDegrees>30.51894187927246</LatitudeDegrees>
                            <LongitudeDegrees>104.0584716796875</LongitudeDegrees>
                        </Position>
                        <AltitudeMeters>432.3999938964844</AltitudeMeters>
                    </Trackpoint>
                    <Trackpoint>
                        <DistanceMeters>2522.6456508636475</DistanceMeters>
                        <Time>2022-01-03T11:41:31.884Z</Time>
                        <Position>
                            <LatitudeDegrees>30.518943786621094</LatitudeDegrees>
                            <LongitudeDegrees>104.05846405029297</LongitudeDegrees>
                        </Position>
                        <AltitudeMeters>432.3999938964844</AltitudeMeters>
                    </Trackpoint>
                    <Trackpoint>
                        <DistanceMeters>2522.6456508636475</DistanceMeters>
                        <Time>2022-01-03T11:41:33.014Z</Time>
                        <Position>
                            <LatitudeDegrees>30.51894760131836</LatitudeDegrees>
                            <LongitudeDegrees>104.0584487915039</LongitudeDegrees>
                        </Position>
                        <AltitudeMeters>432.3999938964844</AltitudeMeters>
                    </Trackpoint>
                    <Trackpoint>
                        <DistanceMeters>2522.6456508636475</DistanceMeters>
                        <Time>2022-01-03T11:41:35.072Z</Time>
                        <Position>
                            <LatitudeDegrees>30.518936157226562</LatitudeDegrees>
                            <LongitudeDegrees>104.05844116210938</LongitudeDegrees>
                        </Position>
                        <AltitudeMeters>432.3999938964844</AltitudeMeters>
                    </Trackpoint>
                    <Trackpoint>
                        <DistanceMeters>2522.6456508636475</DistanceMeters>
                        <Time>2022-01-03T11:41:35.793Z</Time>
                        <Position>
                            <LatitudeDegrees>30.518930435180664</LatitudeDegrees>
                            <LongitudeDegrees>104.05843353271484</LongitudeDegrees>
                        </Position>
                        <AltitudeMeters>432.3999938964844</AltitudeMeters>
                    </Trackpoint>
                    <Trackpoint>
                        <DistanceMeters>2522.6456508636475</DistanceMeters>
                        <Time>2022-01-03T11:41:37.114Z</Time>
                        <Position>
                            <LatitudeDegrees>30.5189151763916</LatitudeDegrees>
                            <LongitudeDegrees>104.05842590332031</LongitudeDegrees>
                        </Position>
                        <AltitudeMeters>432.3999938964844</AltitudeMeters>
                    </Trackpoint>
                    <Trackpoint>
                        <DistanceMeters>2522.6456508636475</DistanceMeters>
                        <Time>2022-01-03T11:41:38.712Z</Time>
                        <Position>
                            <LatitudeDegrees>30.518898010253906</LatitudeDegrees>
                            <LongitudeDegrees>104.05841827392578</LongitudeDegrees>
                        </Position>
                        <AltitudeMeters>432.3999938964844</AltitudeMeters>
                    </Trackpoint>
                    <Trackpoint>
                        <DistanceMeters>2522.6456508636475</DistanceMeters>
                        <Time>2022-01-03T11:41:39.691Z</Time>
                        <Position>
                            <LatitudeDegrees>30.51888084411621</LatitudeDegrees>
                            <LongitudeDegrees>104.05841827392578</LongitudeDegrees>
                        </Position>
                        <AltitudeMeters>432.3999938964844</AltitudeMeters>
                    </Trackpoint>
                    <Trackpoint>
                        <DistanceMeters>2522.6456508636475</DistanceMeters>
                        <Time>2022-01-03T11:41:40.571Z</Time>
                        <Position>
                            <LatitudeDegrees>30.51886558532715</LatitudeDegrees>
                            <LongitudeDegrees>104.05841827392578</LongitudeDegrees>
                        </Position>
                        <AltitudeMeters>432.3999938964844</AltitudeMeters>
                    </Trackpoint>
                    <Trackpoint>
                        <DistanceMeters>2522.6456508636475</DistanceMeters>
                        <Time>2022-01-03T11:41:41.883Z</Time>
                        <Position>
                            <LatitudeDegrees>30.518842697143555</LatitudeDegrees>
                            <LongitudeDegrees>104.05843353271484</LongitudeDegrees>
                        </Position>
                        <AltitudeMeters>431.8999938964844</AltitudeMeters>
                    </Trackpoint>
                    <Trackpoint>
                        <DistanceMeters>2522.6456508636475</DistanceMeters>
                        <Time>2022-01-03T11:41:42.775Z</Time>
                        <Position>
                            <LatitudeDegrees>30.51883316040039</LatitudeDegrees>
                            <LongitudeDegrees>104.05844116210938</LongitudeDegrees>
                        </Position>
                        <AltitudeMeters>431.8999938964844</AltitudeMeters>
                    </Trackpoint>
                    <Trackpoint>
                        <DistanceMeters>2522.6456508636475</DistanceMeters>
                        <Time>2022-01-03T11:41:43.885Z</Time>
                        <Position>
                            <LatitudeDegrees>30.518821716308594</LatitudeDegrees>
                            <LongitudeDegrees>104.05845642089844</LongitudeDegrees>
                        </Position>
                        <AltitudeMeters>431.8999938964844</AltitudeMeters>
                    </Trackpoint>
                    <Trackpoint>
                        <DistanceMeters>2522.6456508636475</DistanceMeters>
                        <Time>2022-01-03T11:41:45.887Z</Time>
                        <Position>
                            <LatitudeDegrees>30.518802642822266</LatitudeDegrees>
                            <LongitudeDegrees>104.05847930908203</LongitudeDegrees>
                        </Position>
                        <AltitudeMeters>431.8999938964844</AltitudeMeters>
                    </Trackpoint>
                    <Trackpoint>
                        <DistanceMeters>2522.6456508636475</DistanceMeters>
                        <Time>2022-01-03T11:41:46.423Z</Time>
                        <Position>
                            <LatitudeDegrees>30.518795013427734</LatitudeDegrees>
                            <LongitudeDegrees>104.05848693847656</LongitudeDegrees>
                        </Position>
                        <AltitudeMeters>432.1000061035156</AltitudeMeters>
                    </Trackpoint>
                    <Trackpoint>
                        <DistanceMeters>2522.6456508636475</DistanceMeters>
                        <Time>2022-01-03T11:41:49.884Z</Time>
                        <Position>
                            <LatitudeDegrees>30.518762588500977</LatitudeDegrees>
                            <LongitudeDegrees>104.05850219726562</LongitudeDegrees>
                        </Position>
                        <AltitudeMeters>432.1000061035156</AltitudeMeters>
                    </Trackpoint>
                    <Trackpoint>
                        <DistanceMeters>2522.6456508636475</DistanceMeters>
                        <Time>2022-01-03T11:41:51.882Z</Time>
                        <Position>
                            <LatitudeDegrees>30.51873779296875</LatitudeDegrees>
                            <LongitudeDegrees>104.05850982666016</LongitudeDegrees>
                        </Position>
                        <AltitudeMeters>432.1000061035156</AltitudeMeters>
                    </Trackpoint>
                    <Trackpoint>
                        <DistanceMeters>2522.6456508636475</DistanceMeters>
                        <Time>2022-01-03T11:41:53.881Z</Time>
                        <Position>
                            <LatitudeDegrees>30.518709182739258</LatitudeDegrees>
                            <LongitudeDegrees>104.05850219726562</LongitudeDegrees>
                        </Position>
                        <AltitudeMeters>432.0</AltitudeMeters>
                    </Trackpoint>
                    <Trackpoint>
                        <DistanceMeters>2522.6456508636475</DistanceMeters>
                        <Time>2022-01-03T11:41:55.880Z</Time>
                        <Position>
                            <LatitudeDegrees>30.518686294555664</LatitudeDegrees>
                            <LongitudeDegrees>104.0584945678711</LongitudeDegrees>
                        </Position>
                        <AltitudeMeters>432.0</AltitudeMeters>
                    </Trackpoint>
                    <Trackpoint>
                        <DistanceMeters>2522.6456508636475</DistanceMeters>
                        <Time>2022-01-03T11:41:57.882Z</Time>
                        <Position>
                            <LatitudeDegrees>30.5186710357666</LatitudeDegrees>
                            <LongitudeDegrees>104.05846405029297</LongitudeDegrees>
                        </Position>
                        <AltitudeMeters>432.0</AltitudeMeters>
                    </Trackpoint>
                    <Trackpoint>
                        <DistanceMeters>2522.6456508636475</DistanceMeters>
                        <Time>2022-01-03T11:41:58.148Z</Time>
                        <Position>
                            <LatitudeDegrees>30.51866912841797</LatitudeDegrees>
                            <LongitudeDegrees>104.05845642089844</LongitudeDegrees>
                        </Position>
                        <AltitudeMeters>432.0</AltitudeMeters>
                    </Trackpoint>
                    <Trackpoint>
                        <DistanceMeters>2522.6456508636475</DistanceMeters>
                        <Time>2022-01-03T11:41:59.155Z</Time>
                        <Position>
                            <LatitudeDegrees>30.518661499023438</LatitudeDegrees>
                            <LongitudeDegrees>104.05844116210938</LongitudeDegrees>
                        </Position>
                        <AltitudeMeters>432.0</AltitudeMeters>
                    </Trackpoint>
                    <Trackpoint>
                        <DistanceMeters>2522.6456508636475</DistanceMeters>
                        <Time>2022-01-03T11:41:59.794Z</Time>
                        <Position>
                            <LatitudeDegrees>30.518653869628906</LatitudeDegrees>
                            <LongitudeDegrees>104.05841064453125</LongitudeDegrees>
                        </Position>
                        <AltitudeMeters>431.8999938964844</AltitudeMeters>
                    </Trackpoint>
                    <Trackpoint>
                        <DistanceMeters>2530.937099456787</DistanceMeters>
                        <Time>2022-01-03T11:42:01.170Z</Time>
                        <Position>
                            <LatitudeDegrees>30.51865577697754</LatitudeDegrees>
                            <LongitudeDegrees>104.05838775634766</LongitudeDegrees>
                        </Position>
                        <AltitudeMeters>431.8999938964844</AltitudeMeters>
                    </Trackpoint>
                    <Trackpoint>
                        <DistanceMeters>2530.937099456787</DistanceMeters>
                        <Time>2022-01-03T11:42:02.698Z</Time>
                        <Position>
                            <LatitudeDegrees>30.518665313720703</LatitudeDegrees>
                            <LongitudeDegrees>104.05839538574219</LongitudeDegrees>
                        </Position>
                        <AltitudeMeters>431.8999938964844</AltitudeMeters>
                    </Trackpoint>
                    <Trackpoint>
                        <DistanceMeters>2530.937099456787</DistanceMeters>
                        <Time>2022-01-03T11:42:03.443Z</Time>
                        <Position>
                            <LatitudeDegrees>30.51866912841797</LatitudeDegrees>
                            <LongitudeDegrees>104.05841064453125</LongitudeDegrees>
                        </Position>
                        <AltitudeMeters>432.3999938964844</AltitudeMeters>
                    </Trackpoint>
                    <Trackpoint>
                        <DistanceMeters>2530.937099456787</DistanceMeters>
                        <Time>2022-01-03T11:42:05.708Z</Time>
                        <Position>
                            <LatitudeDegrees>30.5186767578125</LatitudeDegrees>
                            <LongitudeDegrees>104.05842590332031</LongitudeDegrees>
                        </Position>
                        <AltitudeMeters>432.3999938964844</AltitudeMeters>
                    </Trackpoint>
                    <Trackpoint>
                        <DistanceMeters>2530.937099456787</DistanceMeters>
                        <Time>2022-01-03T11:42:06.710Z</Time>
                        <Position>
                            <LatitudeDegrees>30.5186824798584</LatitudeDegrees>
                            <LongitudeDegrees>104.05844116210938</LongitudeDegrees>
                        </Position>
                        <AltitudeMeters>432.3999938964844</AltitudeMeters>
                    </Trackpoint>
                    <Trackpoint>
                        <DistanceMeters>2559.480625152588</DistanceMeters>
                        <Time>2022-01-03T11:42:07.687Z</Time>
                        <Position>
                            <LatitudeDegrees>30.518680572509766</LatitudeDegrees>
                            <LongitudeDegrees>104.0584487915039</LongitudeDegrees>
                        </Position>
                        <AltitudeMeters>432.3999938964844</AltitudeMeters>
                    </Trackpoint>
                    <Trackpoint>
                        <DistanceMeters>2559.480625152588</DistanceMeters>
                        <Time>2022-01-03T11:42:08.672Z</Time>
                        <Position>
                            <LatitudeDegrees>30.518674850463867</LatitudeDegrees>
                            <LongitudeDegrees>104.05846405029297</LongitudeDegrees>
                        </Position>
                        <AltitudeMeters>432.3999938964844</AltitudeMeters>
                    </Trackpoint>
                    <Trackpoint>
                        <DistanceMeters>2559.480625152588</DistanceMeters>
                        <Time>2022-01-03T11:42:09.666Z</Time>
                        <Position>
                            <LatitudeDegrees>30.518667221069336</LatitudeDegrees>
                            <LongitudeDegrees>104.0584716796875</LongitudeDegrees>
                        </Position>
                        <AltitudeMeters>432.3999938964844</AltitudeMeters>
                    </Trackpoint>
                    <Trackpoint>
                        <DistanceMeters>2559.480625152588</DistanceMeters>
                        <Time>2022-01-03T11:42:11.879Z</Time>
                        <Position>
                            <LatitudeDegrees>30.51865005493164</LatitudeDegrees>
                            <LongitudeDegrees>104.0584945678711</LongitudeDegrees>
                        </Position>
                        <AltitudeMeters>432.0</AltitudeMeters>
                    </Trackpoint>
                    <Trackpoint>
                        <DistanceMeters>2559.480625152588</DistanceMeters>
                        <Time>2022-01-03T11:42:13.879Z</Time>
                        <Position>
                            <LatitudeDegrees>30.518638610839844</LatitudeDegrees>
                            <LongitudeDegrees>104.05850982666016</LongitudeDegrees>
                        </Position>
                        <AltitudeMeters>432.0</AltitudeMeters>
                    </Trackpoint>
                    <Trackpoint>
                        <DistanceMeters>2559.480625152588</DistanceMeters>
                        <Time>2022-01-03T11:42:14.748Z</Time>
                        <Position>
                            <LatitudeDegrees>30.51862907409668</LatitudeDegrees>
                            <LongitudeDegrees>104.05851745605469</LongitudeDegrees>
                        </Position>
                        <AltitudeMeters>432.1000061035156</AltitudeMeters>
                    </Trackpoint>
                    <Trackpoint>
                        <DistanceMeters>2559.480625152588</DistanceMeters>
                        <Time>2022-01-03T11:42:15.880Z</Time>
                        <Position>
                            <LatitudeDegrees>30.518619537353516</LatitudeDegrees>
                            <LongitudeDegrees>104.05852508544922</LongitudeDegrees>
                        </Position>
                        <AltitudeMeters>432.1000061035156</AltitudeMeters>
                    </Trackpoint>
                    <Trackpoint>
                        <DistanceMeters>2559.480625152588</DistanceMeters>
                        <Time>2022-01-03T11:42:17.886Z</Time>
                        <Position>
                            <LatitudeDegrees>30.51860237121582</LatitudeDegrees>
                            <LongitudeDegrees>104.05853271484375</LongitudeDegrees>
                        </Position>
                        <AltitudeMeters>432.1000061035156</AltitudeMeters>
                    </Trackpoint>
                    <Trackpoint>
                        <DistanceMeters>2559.480625152588</DistanceMeters>
                        <Time>2022-01-03T11:42:18.899Z</Time>
                        <Position>
                            <LatitudeDegrees>30.51858901977539</LatitudeDegrees>
                            <LongitudeDegrees>104.05854034423828</LongitudeDegrees>
                        </Position>
                        <AltitudeMeters>432.1000061035156</AltitudeMeters>
                    </Trackpoint>
                    <Trackpoint>
                        <DistanceMeters>2559.480625152588</DistanceMeters>
                        <Time>2022-01-03T11:42:20.818Z</Time>
                        <Position>
                            <LatitudeDegrees>30.51856803894043</LatitudeDegrees>
                            <LongitudeDegrees>104.05854797363281</LongitudeDegrees>
                        </Position>
                        <AltitudeMeters>432.1000061035156</AltitudeMeters>
                    </Trackpoint>
                    <Trackpoint>
                        <DistanceMeters>2559.480625152588</DistanceMeters>
                        <Time>2022-01-03T11:42:22.824Z</Time>
                        <Position>
                            <LatitudeDegrees>30.51854705810547</LatitudeDegrees>
                            <LongitudeDegrees>104.05855560302734</LongitudeDegrees>
                        </Position>
                        <AltitudeMeters>432.1000061035156</AltitudeMeters>
                    </Trackpoint>
                    <Trackpoint>
                        <DistanceMeters>2559.480625152588</DistanceMeters>
                        <Time>2022-01-03T11:42:23.878Z</Time>
                        <Position>
                            <LatitudeDegrees>30.518537521362305</LatitudeDegrees>
                            <LongitudeDegrees>104.05855560302734</LongitudeDegrees>
                        </Position>
                        <AltitudeMeters>432.1000061035156</AltitudeMeters>
                    </Trackpoint>
                    <Trackpoint>
                        <DistanceMeters>2559.480625152588</DistanceMeters>
                        <Time>2022-01-03T11:42:25.879Z</Time>
                        <Position>
                            <LatitudeDegrees>30.518518447875977</LatitudeDegrees>
                            <LongitudeDegrees>104.05855560302734</LongitudeDegrees>
                        </Position>
                        <AltitudeMeters>432.1000061035156</AltitudeMeters>
                    </Trackpoint>
                    <Trackpoint>
                        <DistanceMeters>2559.480625152588</DistanceMeters>
                        <Time>2022-01-03T11:42:27.878Z</Time>
                        <Position>
                            <LatitudeDegrees>30.518503189086914</LatitudeDegrees>
                            <LongitudeDegrees>104.05854797363281</LongitudeDegrees>
                        </Position>
                        <AltitudeMeters>432.1000061035156</AltitudeMeters>
                    </Trackpoint>
                    <Trackpoint>
                        <DistanceMeters>2559.480625152588</DistanceMeters>
                        <Time>2022-01-03T11:42:28.894Z</Time>
                        <Position>
                            <LatitudeDegrees>30.518522262573242</LatitudeDegrees>
                            <LongitudeDegrees>104.05854034423828</LongitudeDegrees>
                        </Position>
                        <AltitudeMeters>431.8999938964844</AltitudeMeters>
                    </Trackpoint>
                    <Trackpoint>
                        <DistanceMeters>2559.480625152588</DistanceMeters>
                        <Time>2022-01-03T11:42:29.881Z</Time>
                        <Position>
                            <LatitudeDegrees>30.518512725830078</LatitudeDegrees>
                            <LongitudeDegrees>104.05852508544922</LongitudeDegrees>
                        </Position>
                        <AltitudeMeters>431.8999938964844</AltitudeMeters>
                    </Trackpoint>
                    <Trackpoint>
                        <DistanceMeters>2600.2250022888184</DistanceMeters>
                        <Time>2022-01-03T11:42:31.883Z</Time>
                        <Position>
                            <LatitudeDegrees>30.518495559692383</LatitudeDegrees>
                            <LongitudeDegrees>104.05850219726562</LongitudeDegrees>
                        </Position>
                        <AltitudeMeters>431.8999938964844</AltitudeMeters>
                    </Trackpoint>
                    <Trackpoint>
                        <DistanceMeters>2600.2250022888184</DistanceMeters>
                        <Time>2022-01-03T11:42:33.888Z</Time>
                        <Position>
                            <LatitudeDegrees>30.518478393554688</LatitudeDegrees>
                            <LongitudeDegrees>104.05847930908203</LongitudeDegrees>
                        </Position>
                        <AltitudeMeters>431.8999938964844</AltitudeMeters>
                    </Trackpoint>
                    <Trackpoint>
                        <DistanceMeters>2600.2250022888184</DistanceMeters>
                        <Time>2022-01-03T11:42:35.883Z</Time>
                        <Position>
                            <LatitudeDegrees>30.51847267150879</LatitudeDegrees>
                            <LongitudeDegrees>104.0584487915039</LongitudeDegrees>
                        </Position>
                        <AltitudeMeters>432.6000061035156</AltitudeMeters>
                    </Trackpoint>
                    <Trackpoint>
                        <DistanceMeters>2600.2250022888184</DistanceMeters>
                        <Time>2022-01-03T11:42:37.883Z</Time>
                        <Position>
                            <LatitudeDegrees>30.518474578857422</LatitudeDegrees>
                            <LongitudeDegrees>104.05841827392578</LongitudeDegrees>
                        </Position>
                        <AltitudeMeters>432.6000061035156</AltitudeMeters>
                    </Trackpoint>
                    <Trackpoint>
                        <DistanceMeters>2600.2250022888184</DistanceMeters>
                        <Time>2022-01-03T11:42:39.883Z</Time>
                        <Position>
                            <LatitudeDegrees>30.518482208251953</LatitudeDegrees>
                            <LongitudeDegrees>104.05838775634766</LongitudeDegrees>
                        </Position>
                        <AltitudeMeters>432.6000061035156</AltitudeMeters>
                    </Trackpoint>
                    <Trackpoint>
                        <DistanceMeters>2600.2250022888184</DistanceMeters>
                        <Time>2022-01-03T11:42:41.881Z</Time>
                        <Position>
                            <LatitudeDegrees>30.518495559692383</LatitudeDegrees>
                            <LongitudeDegrees>104.05835723876953</LongitudeDegrees>
                        </Position>
                        <AltitudeMeters>432.29998779296875</AltitudeMeters>
                    </Trackpoint>
                    <Trackpoint>
                        <DistanceMeters>2600.2250022888184</DistanceMeters>
                        <Time>2022-01-03T11:42:43.882Z</Time>
                        <Position>
                            <LatitudeDegrees>30.518510818481445</LatitudeDegrees>
                            <LongitudeDegrees>104.05834197998047</LongitudeDegrees>
                        </Position>
                        <AltitudeMeters>432.29998779296875</AltitudeMeters>
                    </Trackpoint>
                    <Trackpoint>
                        <DistanceMeters>2600.2250022888184</DistanceMeters>
                        <Time>2022-01-03T11:42:45.882Z</Time>
                        <Position>
                            <LatitudeDegrees>30.518518447875977</LatitudeDegrees>
                            <LongitudeDegrees>104.05831909179688</LongitudeDegrees>
                        </Position>
                        <AltitudeMeters>432.29998779296875</AltitudeMeters>
                    </Trackpoint>
                    <Trackpoint>
                        <DistanceMeters>2600.2250022888184</DistanceMeters>
                        <Time>2022-01-03T11:42:47.880Z</Time>
                        <Position>
                            <LatitudeDegrees>30.518518447875977</LatitudeDegrees>
                            <LongitudeDegrees>104.05831146240234</LongitudeDegrees>
                        </Position>
                        <AltitudeMeters>432.6000061035156</AltitudeMeters>
                    </Trackpoint>
                    <Trackpoint>
                        <DistanceMeters>2600.2250022888184</DistanceMeters>
                        <Time>2022-01-03T11:42:49.883Z</Time>
                        <Position>
                            <LatitudeDegrees>30.51851463317871</LatitudeDegrees>
                            <LongitudeDegrees>104.05828857421875</LongitudeDegrees>
                        </Position>
                        <AltitudeMeters>432.6000061035156</AltitudeMeters>
                    </Trackpoint>
                    <Trackpoint>
                        <DistanceMeters>2600.2250022888184</DistanceMeters>
                        <Time>2022-01-03T11:42:51.880Z</Time>
                        <Position>
                            <LatitudeDegrees>30.518508911132812</LatitudeDegrees>
                            <LongitudeDegrees>104.05826568603516</LongitudeDegrees>
                        </Position>
                        <AltitudeMeters>432.6000061035156</AltitudeMeters>
                    </Trackpoint>
                    <Trackpoint>
                        <DistanceMeters>2600.2250022888184</DistanceMeters>
                        <Time>2022-01-03T11:42:53.878Z</Time>
                        <Position>
                            <LatitudeDegrees>30.518495559692383</LatitudeDegrees>
                            <LongitudeDegrees>104.05823516845703</LongitudeDegrees>
                        </Position>
                        <AltitudeMeters>432.6000061035156</AltitudeMeters>
                    </Trackpoint>
                    <Trackpoint>
                        <DistanceMeters>2600.2250022888184</DistanceMeters>
                        <Time>2022-01-03T11:42:55.882Z</Time>
                        <Position>
                            <LatitudeDegrees>30.518482208251953</LatitudeDegrees>
                            <LongitudeDegrees>104.05821228027344</LongitudeDegrees>
                        </Position>
                        <AltitudeMeters>432.6000061035156</AltitudeMeters>
                    </Trackpoint>
                    <Trackpoint>
                        <DistanceMeters>2600.2250022888184</DistanceMeters>
                        <Time>2022-01-03T11:42:57.881Z</Time>
                        <Position>
                            <LatitudeDegrees>30.518465042114258</LatitudeDegrees>
                            <LongitudeDegrees>104.05818939208984</LongitudeDegrees>
                        </Position>
                        <AltitudeMeters>432.6000061035156</AltitudeMeters>
                    </Trackpoint>
                    <Trackpoint>
                        <DistanceMeters>2600.2250022888184</DistanceMeters>
                        <Time>2022-01-03T11:42:59.883Z</Time>
                        <Position>
                            <LatitudeDegrees>30.518434524536133</LatitudeDegrees>
                            <LongitudeDegrees>104.05816650390625</LongitudeDegrees>
                        </Position>
                        <AltitudeMeters>432.6000061035156</AltitudeMeters>
                    </Trackpoint>
                    <Trackpoint>
                        <DistanceMeters>2642.980499267578</DistanceMeters>
                        <Time>2022-01-03T11:43:01.883Z</Time>
                        <Position>
                            <LatitudeDegrees>30.518402099609375</LatitudeDegrees>
                            <LongitudeDegrees>104.05815124511719</LongitudeDegrees>
                        </Position>
                        <AltitudeMeters>432.6000061035156</AltitudeMeters>
                    </Trackpoint>
                    <Trackpoint>
                        <DistanceMeters>2642.980499267578</DistanceMeters>
                        <Time>2022-01-03T11:43:03.882Z</Time>
                        <Position>
                            <LatitudeDegrees>30.51837921142578</LatitudeDegrees>
                            <LongitudeDegrees>104.05813598632812</LongitudeDegrees>
                        </Position>
                        <AltitudeMeters>432.6000061035156</AltitudeMeters>
                    </Trackpoint>
                    <Trackpoint>
                        <DistanceMeters>2642.980499267578</DistanceMeters>
                        <Time>2022-01-03T11:43:05.884Z</Time>
                        <Position>
                            <LatitudeDegrees>30.51835823059082</LatitudeDegrees>
                            <LongitudeDegrees>104.05811309814453</LongitudeDegrees>
                        </Position>
                        <AltitudeMeters>432.6000061035156</AltitudeMeters>
                    </Trackpoint>
                    <Trackpoint>
                        <DistanceMeters>2642.980499267578</DistanceMeters>
                        <Time>2022-01-03T11:43:07.882Z</Time>
                        <Position>
                            <LatitudeDegrees>30.518341064453125</LatitudeDegrees>
                            <LongitudeDegrees>104.05809783935547</LongitudeDegrees>
                        </Position>
                        <AltitudeMeters>432.6000061035156</AltitudeMeters>
                    </Trackpoint>
                    <Trackpoint>
                        <DistanceMeters>2642.980499267578</DistanceMeters>
                        <Time>2022-01-03T11:43:09.881Z</Time>
                        <Position>
                            <LatitudeDegrees>30.518321990966797</LatitudeDegrees>
                            <LongitudeDegrees>104.05807495117188</LongitudeDegrees>
                        </Position>
                        <AltitudeMeters>432.6000061035156</AltitudeMeters>
                    </Trackpoint>
                    <Trackpoint>
                        <DistanceMeters>2642.980499267578</DistanceMeters>
                        <Time>2022-01-03T11:43:11.883Z</Time>
                        <Position>
                            <LatitudeDegrees>30.51830291748047</LatitudeDegrees>
                            <LongitudeDegrees>104.05805969238281</LongitudeDegrees>
                        </Position>
                        <AltitudeMeters>432.6000061035156</AltitudeMeters>
                    </Trackpoint>
                    <Trackpoint>
                        <DistanceMeters>2642.980499267578</DistanceMeters>
                        <Time>2022-01-03T11:43:13.883Z</Time>
                        <Position>
                            <LatitudeDegrees>30.518285751342773</LatitudeDegrees>
                            <LongitudeDegrees>104.05803680419922</LongitudeDegrees>
                        </Position>
                        <AltitudeMeters>432.6000061035156</AltitudeMeters>
                    </Trackpoint>
                    <Trackpoint>
                        <DistanceMeters>2642.980499267578</DistanceMeters>
                        <Time>2022-01-03T11:43:15.886Z</Time>
                        <Position>
                            <LatitudeDegrees>30.518272399902344</LatitudeDegrees>
                            <LongitudeDegrees>104.0580062866211</LongitudeDegrees>
                        </Position>
                        <AltitudeMeters>432.6000061035156</AltitudeMeters>
                    </Trackpoint>
                    <Trackpoint>
                        <DistanceMeters>2642.980499267578</DistanceMeters>
                        <Time>2022-01-03T11:43:17.883Z</Time>
                        <Position>
                            <LatitudeDegrees>30.518264770507812</LatitudeDegrees>
                            <LongitudeDegrees>104.0579833984375</LongitudeDegrees>
                        </Position>
                        <AltitudeMeters>432.6000061035156</AltitudeMeters>
                    </Trackpoint>
                    <Trackpoint>
                        <DistanceMeters>2642.980499267578</DistanceMeters>
                        <Time>2022-01-03T11:43:19.885Z</Time>
                        <Position>
                            <LatitudeDegrees>30.51825523376465</LatitudeDegrees>
                            <LongitudeDegrees>104.05795288085938</LongitudeDegrees>
                        </Position>
                        <AltitudeMeters>432.6000061035156</AltitudeMeters>
                    </Trackpoint>
                    <Trackpoint>
                        <DistanceMeters>2642.980499267578</DistanceMeters>
                        <Time>2022-01-03T11:43:21.883Z</Time>
                        <Position>
                            <LatitudeDegrees>30.518245697021484</LatitudeDegrees>
                            <LongitudeDegrees>104.05792999267578</LongitudeDegrees>
                        </Position>
                        <AltitudeMeters>432.5</AltitudeMeters>
                    </Trackpoint>
                    <Trackpoint>
                        <DistanceMeters>2642.980499267578</DistanceMeters>
                        <Time>2022-01-03T11:43:23.884Z</Time>
                        <Position>
                            <LatitudeDegrees>30.518238067626953</LatitudeDegrees>
                            <LongitudeDegrees>104.05790710449219</LongitudeDegrees>
                        </Position>
                        <AltitudeMeters>432.5</AltitudeMeters>
                    </Trackpoint>
                    <Trackpoint>
                        <DistanceMeters>2642.980499267578</DistanceMeters>
                        <Time>2022-01-03T11:43:25.881Z</Time>
                        <Position>
                            <LatitudeDegrees>30.51822853088379</LatitudeDegrees>
                            <LongitudeDegrees>104.05787658691406</LongitudeDegrees>
                        </Position>
                        <AltitudeMeters>432.5</AltitudeMeters>
                    </Trackpoint>
                    <Trackpoint>
                        <DistanceMeters>2642.980499267578</DistanceMeters>
                        <Time>2022-01-03T11:43:27.883Z</Time>
                        <Position>
                            <LatitudeDegrees>30.51821517944336</LatitudeDegrees>
                            <LongitudeDegrees>104.05785369873047</LongitudeDegrees>
                        </Position>
                        <AltitudeMeters>432.5</AltitudeMeters>
                    </Trackpoint>
                    <Trackpoint>
                        <DistanceMeters>2642.980499267578</DistanceMeters>
                        <Time>2022-01-03T11:43:29.882Z</Time>
                        <Position>
                            <LatitudeDegrees>30.518203735351562</LatitudeDegrees>
                            <LongitudeDegrees>104.05783081054688</LongitudeDegrees>
                        </Position>
                        <AltitudeMeters>432.5</AltitudeMeters>
                    </Trackpoint>
                    <Trackpoint>
                        <DistanceMeters>2682.707878112793</DistanceMeters>
                        <Time>2022-01-03T11:43:31.882Z</Time>
                        <Position>
                            <LatitudeDegrees>30.5181941986084</LatitudeDegrees>
                            <LongitudeDegrees>104.05780029296875</LongitudeDegrees>
                        </Position>
                        <AltitudeMeters>432.5</AltitudeMeters>
                    </Trackpoint>
                    <Trackpoint>
                        <DistanceMeters>2682.707878112793</DistanceMeters>
                        <Time>2022-01-03T11:43:33.882Z</Time>
                        <Position>
                            <LatitudeDegrees>30.5181884765625</LatitudeDegrees>
                            <LongitudeDegrees>104.05776977539062</LongitudeDegrees>
                        </Position>
                        <AltitudeMeters>432.5</AltitudeMeters>
                    </Trackpoint>
                    <Trackpoint>
                        <DistanceMeters>2682.707878112793</DistanceMeters>
                        <Time>2022-01-03T11:43:35.880Z</Time>
                        <Position>
                            <LatitudeDegrees>30.51819610595703</LatitudeDegrees>
                            <LongitudeDegrees>104.0577392578125</LongitudeDegrees>
                        </Position>
                        <AltitudeMeters>432.5</AltitudeMeters>
                    </Trackpoint>
                    <Trackpoint>
                        <DistanceMeters>2682.707878112793</DistanceMeters>
                        <Time>2022-01-03T11:43:37.884Z</Time>
                        <Position>
                            <LatitudeDegrees>30.51820945739746</LatitudeDegrees>
                            <LongitudeDegrees>104.0577163696289</LongitudeDegrees>
                        </Position>
                        <AltitudeMeters>432.5</AltitudeMeters>
                    </Trackpoint>
                    <Trackpoint>
                        <DistanceMeters>2682.707878112793</DistanceMeters>
                        <Time>2022-01-03T11:43:39.880Z</Time>
                        <Position>
                            <LatitudeDegrees>30.518230438232422</LatitudeDegrees>
                            <LongitudeDegrees>104.05768585205078</LongitudeDegrees>
                        </Position>
                        <AltitudeMeters>432.5</AltitudeMeters>
                    </Trackpoint>
                    <Trackpoint>
                        <DistanceMeters>2682.707878112793</DistanceMeters>
                        <Time>2022-01-03T11:43:41.881Z</Time>
                        <Position>
                            <LatitudeDegrees>30.518245697021484</LatitudeDegrees>
                            <LongitudeDegrees>104.05767822265625</LongitudeDegrees>
                        </Position>
                        <AltitudeMeters>432.5</AltitudeMeters>
                    </Trackpoint>
                    <Trackpoint>
                        <DistanceMeters>2682.707878112793</DistanceMeters>
                        <Time>2022-01-03T11:43:43.882Z</Time>
                        <Position>
                            <LatitudeDegrees>30.51827049255371</LatitudeDegrees>
                            <LongitudeDegrees>104.05767059326172</LongitudeDegrees>
                        </Position>
                        <AltitudeMeters>432.5</AltitudeMeters>
                    </Trackpoint>
                    <Trackpoint>
                        <DistanceMeters>2682.707878112793</DistanceMeters>
                        <Time>2022-01-03T11:43:45.884Z</Time>
                        <Position>
                            <LatitudeDegrees>30.518291473388672</LatitudeDegrees>
                            <LongitudeDegrees>104.05765533447266</LongitudeDegrees>
                        </Position>
                        <AltitudeMeters>432.5</AltitudeMeters>
                    </Trackpoint>
                    <Trackpoint>
                        <DistanceMeters>2682.707878112793</DistanceMeters>
                        <Time>2022-01-03T11:43:47.884Z</Time>
                        <Position>
                            <LatitudeDegrees>30.518308639526367</LatitudeDegrees>
                            <LongitudeDegrees>104.0576400756836</LongitudeDegrees>
                        </Position>
                        <AltitudeMeters>432.5</AltitudeMeters>
                    </Trackpoint>
                    <Trackpoint>
                        <DistanceMeters>2682.707878112793</DistanceMeters>
                        <Time>2022-01-03T11:43:49.885Z</Time>
                        <Position>
                            <LatitudeDegrees>30.518321990966797</LatitudeDegrees>
                            <LongitudeDegrees>104.0576171875</LongitudeDegrees>
                        </Position>
                        <AltitudeMeters>432.5</AltitudeMeters>
                    </Trackpoint>
                    <Trackpoint>
                        <DistanceMeters>2682.707878112793</DistanceMeters>
                        <Time>2022-01-03T11:43:51.883Z</Time>
                        <Position>
                            <LatitudeDegrees>30.518341064453125</LatitudeDegrees>
                            <LongitudeDegrees>104.05760192871094</LongitudeDegrees>
                        </Position>
                        <AltitudeMeters>432.5</AltitudeMeters>
                    </Trackpoint>
                    <Trackpoint>
                        <DistanceMeters>2682.707878112793</DistanceMeters>
                        <Time>2022-01-03T11:43:53.884Z</Time>
                        <Position>
                            <LatitudeDegrees>30.51835823059082</LatitudeDegrees>
                            <LongitudeDegrees>104.0575942993164</LongitudeDegrees>
                        </Position>
                        <AltitudeMeters>432.5</AltitudeMeters>
                    </Trackpoint>
                    <Trackpoint>
                        <DistanceMeters>2682.707878112793</DistanceMeters>
                        <Time>2022-01-03T11:43:55.884Z</Time>
                        <Position>
                            <LatitudeDegrees>30.51837730407715</LatitudeDegrees>
                            <LongitudeDegrees>104.05760955810547</LongitudeDegrees>
                        </Position>
                        <AltitudeMeters>432.5</AltitudeMeters>
                    </Trackpoint>
                    <Trackpoint>
                        <DistanceMeters>2682.707878112793</DistanceMeters>
                        <Time>2022-01-03T11:43:57.883Z</Time>
                        <Position>
                            <LatitudeDegrees>30.518390655517578</LatitudeDegrees>
                            <LongitudeDegrees>104.05762481689453</LongitudeDegrees>
                        </Position>
                        <AltitudeMeters>432.5</AltitudeMeters>
                    </Trackpoint>
                    <Trackpoint>
                        <DistanceMeters>2682.707878112793</DistanceMeters>
                        <Time>2022-01-03T11:43:59.881Z</Time>
                        <Position>
                            <LatitudeDegrees>30.518400192260742</LatitudeDegrees>
                            <LongitudeDegrees>104.05764770507812</LongitudeDegrees>
                        </Position>
                        <AltitudeMeters>432.5</AltitudeMeters>
                    </Trackpoint>
                    <Trackpoint>
                        <DistanceMeters>2711.967353820801</DistanceMeters>
                        <Time>2022-01-03T11:44:01.883Z</Time>
                        <Position>
                            <LatitudeDegrees>30.518407821655273</LatitudeDegrees>
                            <LongitudeDegrees>104.05767059326172</LongitudeDegrees>
                        </Position>
                        <AltitudeMeters>432.5</AltitudeMeters>
                    </Trackpoint>
                    <Trackpoint>
                        <DistanceMeters>2711.967353820801</DistanceMeters>
                        <Time>2022-01-03T11:44:03.883Z</Time>
                        <Position>
                            <LatitudeDegrees>30.518417358398438</LatitudeDegrees>
                            <LongitudeDegrees>104.05769348144531</LongitudeDegrees>
                        </Position>
                        <AltitudeMeters>432.5</AltitudeMeters>
                    </Trackpoint>
                    <Trackpoint>
                        <DistanceMeters>2711.967353820801</DistanceMeters>
                        <Time>2022-01-03T11:44:05.883Z</Time>
                        <Position>
                            <LatitudeDegrees>30.5184268951416</LatitudeDegrees>
                            <LongitudeDegrees>104.0577163696289</LongitudeDegrees>
                        </Position>
                        <AltitudeMeters>432.5</AltitudeMeters>
                    </Trackpoint>
                    <Trackpoint>
                        <DistanceMeters>2711.967353820801</DistanceMeters>
                        <Time>2022-01-03T11:44:07.882Z</Time>
                        <Position>
                            <LatitudeDegrees>30.518434524536133</LatitudeDegrees>
                            <LongitudeDegrees>104.05774688720703</LongitudeDegrees>
                        </Position>
                        <AltitudeMeters>432.5</AltitudeMeters>
                    </Trackpoint>
                    <Trackpoint>
                        <DistanceMeters>2711.967353820801</DistanceMeters>
                        <Time>2022-01-03T11:44:09.883Z</Time>
                        <Position>
                            <LatitudeDegrees>30.518447875976562</LatitudeDegrees>
                            <LongitudeDegrees>104.0577621459961</LongitudeDegrees>
                        </Position>
                        <AltitudeMeters>432.5</AltitudeMeters>
                    </Trackpoint>
                    <Trackpoint>
                        <DistanceMeters>2711.967353820801</DistanceMeters>
                        <Time>2022-01-03T11:44:11.881Z</Time>
                        <Position>
                            <LatitudeDegrees>30.518455505371094</LatitudeDegrees>
                            <LongitudeDegrees>104.05779266357422</LongitudeDegrees>
                        </Position>
                        <AltitudeMeters>432.5</AltitudeMeters>
                    </Trackpoint>
                    <Trackpoint>
                        <DistanceMeters>2711.967353820801</DistanceMeters>
                        <Time>2022-01-03T11:44:13.884Z</Time>
                        <Position>
                            <LatitudeDegrees>30.518465042114258</LatitudeDegrees>
                            <LongitudeDegrees>104.05782318115234</LongitudeDegrees>
                        </Position>
                        <AltitudeMeters>432.5</AltitudeMeters>
                    </Trackpoint>
                    <Trackpoint>
                        <DistanceMeters>2711.967353820801</DistanceMeters>
                        <Time>2022-01-03T11:44:15.883Z</Time>
                        <Position>
                            <LatitudeDegrees>30.518470764160156</LatitudeDegrees>
                            <LongitudeDegrees>104.05784606933594</LongitudeDegrees>
                        </Position>
                        <AltitudeMeters>432.5</AltitudeMeters>
                    </Trackpoint>
                    <Trackpoint>
                        <DistanceMeters>2711.967353820801</DistanceMeters>
                        <Time>2022-01-03T11:44:17.880Z</Time>
                        <Position>
                            <LatitudeDegrees>30.518476486206055</LatitudeDegrees>
                            <LongitudeDegrees>104.057861328125</LongitudeDegrees>
                        </Position>
                        <AltitudeMeters>432.5</AltitudeMeters>
                    </Trackpoint>
                    <Trackpoint>
                        <DistanceMeters>2711.967353820801</DistanceMeters>
                        <Time>2022-01-03T11:44:19.879Z</Time>
                        <Position>
                            <LatitudeDegrees>30.518489837646484</LatitudeDegrees>
                            <LongitudeDegrees>104.05789947509766</LongitudeDegrees>
                        </Position>
                        <AltitudeMeters>432.5</AltitudeMeters>
                    </Trackpoint>
                    <Trackpoint>
                        <DistanceMeters>2711.967353820801</DistanceMeters>
                        <Time>2022-01-03T11:44:20.566Z</Time>
                    </Trackpoint>
                </Track>
                <DistanceMeters>2711.967353820801</DistanceMeters>
                <TotalTimeSeconds>1236.17</TotalTimeSeconds>
                <Calories>196.72653198242188</Calories>
                <Intensity>Active</Intensity>
                <TriggerMethod>Manual</TriggerMethod>
            </Lap>
        </Activity>
    </Activities>
    <Author xsi:type="Application_t">
        <Name>Google Fit</Name>
        <Build>
            <Version>
                <VersionMajor>0</VersionMajor>
                <VersionMinor>0</VersionMinor>
                <BuildMajor>0</BuildMajor>
                <BuildMinor>0</BuildMinor>
            </Version>
        </Build>
        <LangID>en</LangID>
        <PartNumber>000-00000-00</PartNumber>
    </Author>
</TrainingCenterDatabase>
